gnrh_hypo_max,gnrh_syn,gnrh_release_scale,hm_e2_1_threshold,hm_p4_1_threshold,hm_p4_2_scale,hm_p4_2_threshold,hp_e2_1_scale,hp_e2_1_threshold,gnrh_clearance,fsh_syn_scale,hm_ih_2_threshold,hp_p4_fsh_scale,hp_p4_fsh_threshold,hm_e2_fsh_scale,hm_e2_fsh_threshold,hp_gnrh_fsh_scale,hp_gnrh_fsh_threshold,fsh_clearance,fsh_basal_release,hp_e2_lh_scale,hp_e2_lh_threshold,hm_p4_lh_scale,hm_p4_lh_threshold,hp_gnrh_lh_scale,hp_gnrh_lh_threshold,lh_basal_release,lh_clearance,hp_fsh_follicle_scale,hp_fsh_follicle_threshold,hm_follicle_threshold,hp_p4_follicle_scale,hp_p4_follicle_threshold,hp_lh_follicle_scale,hp_lh_follicle_threshold,hp_enz_pg_scale,hp_enz_pg_threshold,hp_oxt_pg_threshold,pg_clearance,cl_formation_scale,hp_cl_self_scale,hp_cl_self_threshold,hp_iof_scale,hp_iof_threshold,cl_to_p4_scale,p4_clearance,p4_baseline,follicle_to_e2_scale,e2_clearance,follicle_to_inhibin_scale,inhibin_clearance,hp_p4_enz_scale,hp_p4_enz_threshold,enz_clearance,hp_e2_oxt_scale,hp_e2_oxt_threshold,oxt_clearance,lactation_oxt_scale,fat_mobilization_storage_threshold,lactation_oxt_decay,hp_pg_iof_scale,hp_pg_iof_threshold,hp_cl_iof_threshold,iof_clearance,hm_p4_igf_scale,hm_p4_igf_threshold,igf_clearance,igf_basal_release,igf_lh_sensitivity_scale,igf_lh_sensitivity_threshold,insulin_fsh_scale,insulin_fsh_threshold,insulin_lh_scale,insulin_lh_threshold,insulin_igf_scale,insulin_igf_threshold,feed_direct_blood_fraction,fat_to_liver_max,storage_to_liver_threshold,storage_to_liver_max,milk_storage_threshold,liver_to_storage_max,blood_to_liver_glucose_threshold,glucagon_secretion_max,glucagon_clearance,glucagon_glucose_threshold,hepatic_glucose_release,blood_to_liver_max,milk_fat_threshold,storage_fat_threshold,insulin_glucose_threshold,blood_usage_glucose_threshold,blood_usage_max,liver_usage_rate,milk_glucose_requirement,insulin_secretion_max,insulin_clearance,fat_glucose_transfer_threshold
16.043832967768953,2.748319157093181,2.057351257358183,0.0973918417242457,0.34857962071760673,1.9190843869162617,0.2526580720490157,0.9928320366222418,0.6455901763397375,1.6291912907876975,4.204560596820191,0.11850358268684133,0.2934215248018363,0.15249059765217166,0.39577592022735625,0.3111489848119685,1.2306713928802948,0.07049118261732175,2.7389443309953974,0.9492481785036772,0.37697040990272096,0.24264649810255556,2.722755916461102,0.02700574958163567,2.2261801136350376,0.6878930070841786,0.014095307661525511,1.9908760753157446,0.5600571069454197,1.4997402428300395,0.3227881341420232,1.1051426070567762,0.12578053995125407,3.485479043740617,0.09996955581127581,53.742594009682335,1.4247078775262971,1.0867359125480758,1.226640984993326,0.40067925597873,0.03347894589282223,0.2816338276963343,41.47288972571873,1.816585072873153,2.257475845531392,1.4142971774407047,0.09988747837903017,2.1853643854760723,1.2322446946988923,1.4049205100188913,0.47357456396175673,3.5623635692570863,0.7722093177067664,2.9849125555264426,1.5932621295201588,0.1434014425143614,0.643735417594467,1.5010311179392932,9.963979699812766,0.0006973017105147517,39.74682229523845,1.2196473737149462,0.6003914166388872,0.29878969659509974,2.5033679580000143,0.300160738201974,1.701006521732672,0.39921580039225046,0.9953081783456794,0.4996835869461618,2.991437540184586,14.986279296558696,1.0537107322693158,15.957430317738455,0.3982332109667563,14.9672075838033,0.07983487500621335,8.01295332117815,10.005703215234128,1353.8326258229365,10.016431354032738,179.83149635059212,0.4514130917309972,69948.27493464963,349.19533985100475,0.4979502393038782,0.06855209379580797,49.980938615125694,9.96612717790336,1000.0104477510337,0.49826156051356585,0.5009816018753886,999.4615627557403,4.994051061304824,71.85708870418647,84320.71227449135,2102.091155452149,149381.47487897414
15.938880944339282,2.762702185775111,2.0583759041595053,0.09739411533406404,0.3491805448651083,1.9189612688073412,0.25270245227799376,0.9921472128726739,0.6476718625338918,1.6262875374580759,4.1930080595066626,0.11847507082792172,0.29287042452921247,0.15154759231448875,0.39523158823163657,0.31224716505509864,1.2260243052301525,0.0710524829131374,2.7370575831645008,0.9500805088224147,0.37574466982955435,0.24330936048290694,2.712279054957535,0.026940308735818246,2.2107746639293056,0.6894190710749771,0.014035367598514526,1.9998798163848903,0.5610438200133103,1.4916785271073247,0.3207229575560666,1.100964090293955,0.12558494714035648,3.50483669213135,0.10008106113970039,53.827447511624726,1.4313000915281842,1.0818128780780927,1.2356402783228695,0.39992921374777163,0.03359471630112885,0.2795287231097823,41.38447788313391,1.8198308672972523,2.259851095236937,1.4110113655385026,0.09997348940105695,2.1848967670217125,1.2279282986673132,1.4102914808748483,0.47470982943644896,3.562873712459716,0.7725124478162966,2.9918055910008245,1.584279960515078,0.14307727168526083,0.6414792277729122,1.5025836013955969,9.9781233783839,0.0007011159584428432,39.77007146294903,1.223277499401395,0.5976464456757353,0.29923971529851,2.493255349772372,0.2986122376685285,1.7009324919796551,0.3994836891354498,1.003297897431324,0.5015412573603215,2.9945141667846813,15.067934909260462,1.0478046373004712,16.002409140677074,0.39902386036227044,15.065406535507345,0.07973168625406561,7.963592849551386,9.993509706000303,1356.647070114754,10.039167726625491,180.4474944350225,0.4517585662089534,70458.12872067274,350.93616832908793,0.49907964525915394,0.06858605650356392,50.08083063158387,9.98736577288737,995.9446666806151,0.501233948056745,0.4988123025796143,1004.3681315053377,4.987048528750284,71.72838571133627,84489.83329232309,2097.7016348649454,149518.90246223658
16.015901246643335,2.76030045612303,2.0437769106471486,0.09701563461005888,0.3509709169338441,1.9190118847377642,0.2520018677892299,0.9864745852752573,0.6448503071443492,1.625593393288981,4.194499715368813,0.11820963723486316,0.2918919692385616,0.15200962149606334,0.3967692792451459,0.3122530838207692,1.2263072405154185,0.07101532016453703,2.735880614638511,0.9502655683571192,0.37461277714585545,0.24208572174287032,2.721586945132276,0.026872448534138907,2.215581060957537,0.6899212299129255,0.014122963853999663,2.009112465140939,0.5607998277950772,1.5033593821868008,0.3204700475622637,1.100607178465595,0.12616880864071817,3.4762458193909014,0.09964033959706392,53.86639452954341,1.4366671163436473,1.0880439825536574,1.2353261856256823,0.4012174436624519,0.03348907283652102,0.2814993310020509,41.19043264488808,1.8128864207411364,2.2574121438348613,1.4141851209453846,0.09973264074196643,2.190673854034119,1.23130399459461,1.4151851192482414,0.4754897589973589,3.5768700621799976,0.7690312171342353,2.9777912861739306,1.5924157033067217,0.14352551160340582,0.6437030959205714,1.4962175934442703,9.973666236299758,0.0007017220999617041,39.8056144853266,1.2151843925742203,0.5973993531417311,0.2982814123179942,2.491154331104817,0.300973992571369,1.6967756894567092,0.39857548773188456,1.0042097047248744,0.4983276586136764,2.993541602470138,14.948042009278808,1.0459626456684863,15.92338368261383,0.39822158163665705,14.951196220640378,0.07964270554610174,8.007291505288878,10.018071452679951,1348.5640111672324,9.981799109695205,180.00814722664,0.45168752224005565,70428.43119833634,349.26819095008426,0.4984074920479826,0.0682199334918354,49.8746937879161,10.007123265174275,999.1626242570319,0.49774627059963794,0.4993680706922978,1000.2375294871764,4.980083595145185,72.24009015872775,83833.70260736892,2113.9429213428302,149398.66971236982
16.054971992255638,2.761072961458009,2.0598311989520246,0.09749356915562593,0.35097817139269955,1.9127214305715146,0.2527030708135369,0.9863820668632901,0.6482337208729406,1.6302318327841037,4.2250537872675595,0.11795610325140034,0.292663312223574,0.15221213617228038,0.39507519473730335,0.3108760774421763,1.229727890470492,0.07074115767296518,2.7226991593764382,0.9467440119598913,0.3754976356113467,0.24258081422152247,2.7067334765605997,0.026949964959927648,2.2154906577354825,0.6930971196943357,0.01415870507075488,1.9996182085660015,0.5610353899721264,1.497530458803755,0.32312236477385103,1.1016784607461612,0.12638353370321329,3.4911420074346946,0.10013291762926763,53.795794691605764,1.4333589722210371,1.0837651379272766,1.2323960169844674,0.40144287627330355,0.03337675445049602,0.2810210639317012,41.22241013019237,1.82410802443454,2.2406510974235294,1.4161467515000787,0.09963740793003781,2.200049477385409,1.2337008753658467,1.4113209162629756,0.47634246449699025,3.5905651112355943,0.7734344083836933,2.9726508239444076,1.591432206736197,0.14242092035251708,0.6447481071081552,1.495069369561392,10.006495061147243,0.000700507013598237,39.666502908702945,1.22027610766126,0.6015835403400395,0.2988917492552059,2.4998038303893857,0.30029878032456786,1.7073310160067316,0.3984789343540045,0.9961710356590011,0.4979385450595538,3.004735898551216,14.987791245118556,1.0528803748694893,16.027397026129375,0.39933455103331295,15.059754982104227,0.08021002571765651,7.981642795272814,9.986419201777204,1347.4949397327575,9.9657611648625,179.36601007057592,0.4519625735851908,70138.41981138682,350.46060426217906,0.5011484285433868,0.06843624725663298,50.21806999341922,10.028030149390938,999.7936956412453,0.4993817973674041,0.5024331577246216,1002.1776023600364,5.022559733000191,71.72530457559627,84506.18791658335,2107.885405258015,149432.88251750267
16.014121279995074,2.7551176500404,2.0400022050607163,0.09715559705891016,0.3511388982891871,1.906091357384072,0.25189554116613233,0.989428909857972,0.6467164894965474,1.6368206028969032,4.221842478891666,0.1175404943249754,0.29445631154746404,0.15257638403694776,0.3951442774139416,0.31305111732854213,1.2251589602420179,0.07115336614917575,2.734523193295708,0.9494231851474974,0.3744600571334603,0.24396479115931874,2.6972358865368413,0.02683028274761307,2.2120750856286997,0.6919096987907761,0.014057446796037017,2.0082127645426175,0.5628782320010205,1.4900563557761057,0.3204074840658944,1.0950682370871585,0.12613346572383613,3.5005217151989934,0.0997385528206274,54.09836630721983,1.4236684167441915,1.090271477089085,1.235261883791119,0.4010884335964175,0.03356637046263284,0.2816487104737656,41.19966862288253,1.8145724344150869,2.241560782784377,1.4100638869617208,0.10024518812832883,2.192847259396223,1.2343189125270717,1.4051385031934194,0.47611445018669196,3.569010885373107,0.768234842385147,2.986255159978983,1.597635256079889,0.1431595073565472,0.6411309820285439,1.501744634548913,9.954235055158016,0.0007026890199795676,39.76316066352793,1.2160121597263545,0.5975503260349452,0.2970569290220633,2.5120006794888545,0.29987568192737546,1.7048293761218039,0.40054563336843113,1.0007241314995863,0.49822565127332524,3.013380733606742,14.970201394877206,1.0508191807659792,16.03196415113425,0.4005969326209813,15.066089161454325,0.07971875119193604,8.000668219075754,9.990403439074075,1349.6512778480153,9.961921752619775,179.34137029777096,0.44900133995601565,70044.93778501143,350.6170340058437,0.5005549377351831,0.0684920863163141,49.95590544829278,9.990878310942868,997.1762852669696,0.500441531242045,0.49908520455658617,995.3605983427736,4.995920002207843,71.98137552606492,83979.91901024344,2106.5252394922204,150098.65785064787
16.03232034897766,2.7540685832605334,2.053124877658681,0.09702136015557296,0.3510060127769508,1.9109386577267535,0.2518271738518533,0.9912475235613163,0.6470970595272376,1.63020764968709,4.219965309485102,0.11845595540633395,0.2942336975880748,0.1520055220462783,0.3960802894543727,0.31293559568158313,1.2277177435084536,0.07103886671254031,2.7298400669499254,0.9443583217466983,0.37439094239299425,0.24383104350282586,2.6979558905481764,0.02684098447631995,2.2163176868991346,0.6877436616718219,0.01407375896514208,2.0048538513345013,0.5592725175808076,1.5018977861650749,0.32314808463591005,1.098594877305107,0.1255635522528164,3.493519330237283,0.0996196725558649,53.837178027557286,1.4365555372868837,1.092385698816984,1.2333468901636613,0.39924384603968305,0.033562867791470635,0.2812765756679136,41.34357767762823,1.822564173149468,2.2389913720119528,1.4058977129862915,0.10002508830296726,2.182636153563257,1.2258906544748813,1.4147418904967581,0.477323381762747,3.582003705523418,0.7726108369277892,2.9946115855969224,1.5843013746282435,0.1429259912269537,0.643308168290022,1.4937007392546928,10.025533017279473,0.0006995364531912581,39.667828927486745,1.2157382102805214,0.5980855599133852,0.2992131687940255,2.488616227224357,0.2991985568548311,1.6964650086153468,0.39996079016960634,1.000864451730148,0.4999664498792533,2.9875234600367064,14.961550118108356,1.0536076780400068,16.02201419207655,0.40059659620053706,15.025530488302703,0.08021032241523163,7.964648678537715,9.986660838493261,1350.5336203760326,9.983845648329732,180.6200619719169,0.4499215762886428,70370.52821483438,352.1051168440809,0.5000239574145174,0.068680133734808,50.04356197026849,10.035027429883371,998.4059079559153,0.4999940847926574,0.5001570552050228,996.0497971589607,4.994927625335077,72.3004831242372,84321.17513793355,2098.211513560298,149758.2834534144
15.950656481546032,2.7369326361244606,2.0587629393993323,0.09714965752306567,0.3493263727534727,1.9118809143587525,0.2507584324298584,0.9878024188553479,0.6493156568577287,1.6321804473010286,4.23028403039154,0.11814202209739648,0.2929340922097292,0.15239737749603968,0.39759717837297764,0.3126885713537612,1.2356974980496573,0.07099965966088263,2.74001367926455,0.9443417065948209,0.37687387477125667,0.2428544155398515,2.711439113045345,0.02694145354815075,2.2304298955908637,0.6933435887618781,0.014070140182613794,2.004675069948758,0.5634049074831963,1.4947019981338563,0.3207888606750628,1.094950416563143,0.12634945234068676,3.48964052098941,0.10048554016949492,53.89111719023399,1.4368342128007556,1.0860388311438494,1.2336122904518876,0.3983392770892473,0.03351857967289615,0.2815478818220689,41.56578402006231,1.825871012249237,2.239581841362026,1.4082051030124247,0.09954869847231385,2.1814432821754086,1.2321562592326099,1.4130069405679946,0.47630017324307017,3.5930833444203922,0.771843622307269,2.9889659734447775,1.5828285229861903,0.14262038526513104,0.6447850216605365,1.5053718795693722,9.950450012493965,0.0007001024053948144,39.750347640067794,1.214261208927369,0.5994081333453203,0.29917899194652336,2.504290320221396,0.29921297509008177,1.7059972792037423,0.3993921256936381,1.0035334467114405,0.4989947182555945,3.0027096075264943,14.984541010162175,1.0476356630329282,16.061849209947496,0.398750374727758,14.937721738685365,0.07987354155083652,8.017411131811325,10.030743160597629,1356.733035495901,9.979636205701116,179.8342955120363,0.4483656957511333,70234.54661764804,352.61585907674436,0.5010044050506033,0.06846512558284275,49.94618454646089,10.041529876028555,999.9691659613035,0.4981718345665653,0.49932689231599564,995.6716666884777,4.985098951884439,71.65272152231994,84171.65655048395,2107.832072577235,149764.93869356837
15.987261083440844,2.762628255003226,2.0551652439922856,0.09723971265111049,0.3492458930628914,1.917582638856564,0.25133244473453925,0.9882708930321151,0.6506507399974606,1.6304815355011466,4.220201585670496,0.11810707885711322,0.2934495768823978,0.15169506260310253,0.39497583336404163,0.3114461761231662,1.2257619312382262,0.07106501457062589,2.724082641277728,0.9485829194590482,0.3770978238385316,0.24368969258578296,2.7083302676076313,0.02689361321600983,2.230982378826358,0.6912047225911551,0.014144364020479621,2.0080510793843844,0.563616254879609,1.492287134793955,0.322200189762635,1.09562083573046,0.12619268187947064,3.505891695043754,0.10001273206430011,53.87386547090501,1.4233625513452797,1.0919977490577186,1.2251169330148008,0.39816431637321936,0.03341493231485416,0.2794804439280089,41.37142327497423,1.8202927979828794,2.245782823853143,1.4036685428043059,0.09961160036824923,2.1874706458779793,1.2245944999451663,1.4127944751310995,0.4736083475722428,3.572914162162454,0.7691847684842713,2.9775149670654604,1.5820764052520293,0.14244526063052812,0.6463362037904912,1.4925184959376785,10.000816735581285,0.0006999265140455504,39.61377176308902,1.2191621896457865,0.6016834868251595,0.29901678704452056,2.494008713585381,0.2994674713229032,1.6956222085014814,0.39991945360220427,1.001832583576588,0.4986412643773171,2.994922072261646,15.06455769263837,1.045259977543393,15.99372313683833,0.40084623216638704,14.947568101733621,0.07963789921600439,7.971056429731083,10.041882319353068,1343.3750070545852,9.968832197481134,179.15631032322295,0.44824783260402995,70266.32317234146,349.9634884390928,0.5003460602521533,0.06846169364181202,50.174717666544886,9.950474139291188,1003.5336945934237,0.5005955954321348,0.49831371743052477,1002.7293738813528,5.017774577089529,71.823069708303,84563.67034662495,2104.0413289077865,150155.13668149998
16.077543925378823,2.7461922421625777,2.056419766589312,0.09702348394252926,0.3510472473278452,1.911924017850276,0.251285216351968,0.9891488583285134,0.6468182789106759,1.62312316680721,4.190206043821197,0.11781884481338047,0.29159077005310524,0.1514915413915243,0.39689172595056943,0.3126492446553327,1.2329345387534256,0.07067054444516002,2.740647531179313,0.9488895135953097,0.3745938590449673,0.2421342363473369,2.7152328860697947,0.026812021918902917,2.2201618979751214,0.693393243883908,0.0140300650722674,1.990331596037951,0.5647711353504494,1.4982670433469885,0.3207986501211696,1.104370324197295,0.12647927917816087,3.491263394417587,0.10012179202986077,53.78772521493812,1.4235724316581198,1.0880279499086436,1.227475488876394,0.4006544841866414,0.03361264213424227,0.2793474766467676,41.42961593134242,1.8151093058223007,2.258412491202835,1.4065266695425216,0.10011077013323542,2.1911725443979626,1.2287228479507286,1.412504452766757,0.4760724057648983,3.582396373072434,0.7719898512263226,2.9944058288645894,1.588716430967623,0.1430208537641963,0.6408603060139414,1.5044404283446555,10.002023006704599,0.0006993557300125239,39.51892775495387,1.2247538083444398,0.5993700434402434,0.29854409316266345,2.4912343539092037,0.30138464888862304,1.6945335099509709,0.39879816797159795,1.003589828605577,0.5020629137207097,2.9913644222256988,14.995470133226224,1.0524516964979096,16.060538517409725,0.3995162107801492,15.002552923027414,0.08019337312841579,8.018490878132223,10.028296013002606,1350.9441065516603,9.960461509680478,180.72715192358044,0.45164507642694457,70391.21074240601,349.4660374736138,0.49852198683540716,0.06856662264973364,49.761570047290974,10.047922463370726,998.7714468035567,0.501096562668454,0.5019378554424402,998.9462988815008,4.990956624429983,72.07829361280673,84279.20196152697,2103.087396529002,150152.66213380155
16.06966101913064,2.749110107057231,2.0437832147053876,0.09708064421536226,0.3496293744390759,1.9029541760368007,0.2511504361813975,0.9918271645265974,0.6469598158472737,1.6374148437872493,4.199205422979597,0.11752673091602368,0.2937427683695907,0.15257917479891514,0.3951213288932111,0.3110705148771339,1.2261349234589143,0.0708155847093675,2.7291377743060368,0.945719489681821,0.37428985091988026,0.24295502395699284,2.722447906620925,0.026941027665002466,2.2199002455571555,0.6873137753108043,0.01406509351696749,1.995895478991491,0.5634881959656527,1.5026393606350512,0.32329328676848396,1.1053302546907584,0.1266077820207117,3.5058096697336025,0.09957182214050289,53.71473449521867,1.4272038713286073,1.0875750040216805,1.2250428280310772,0.4013831878312085,0.0335391133199909,0.2808189168772623,41.25147235674172,1.8155092496340837,2.2423570205621006,1.4149622575249063,0.10008422786006121,2.1951493344626796,1.2274912042137933,1.4081846621829446,0.474548061081026,3.589308535988436,0.7720971180050942,2.971263043119918,1.5970204678221358,0.14245753713254447,0.6465510262108081,1.4940059346847472,9.976453981115132,0.0007024253497524757,39.55282245430693,1.2189455287619815,0.5996991557996647,0.29724087173960917,2.5052561300333993,0.3010540039482066,1.7063677773775447,0.3993572885829462,1.000308503942878,0.49874203201932826,2.992343895046504,14.949188109427789,1.0546201996134787,16.062078212576893,0.40110943485331074,15.002649228193158,0.07999248633240949,8.0023796532946,10.003656801357707,1349.1166016434188,9.963175483289206,179.32619493516336,0.45203512372130555,70169.38882769289,352.4601622252348,0.4983178843885505,0.06843722092159531,49.853858626675766,9.97531846061266,995.3005457876118,0.49809476655370105,0.502084242038146,998.2153299148233,5.005406460595729,71.97481017503227,84127.1689981335,2105.6712022228344,149530.858416923
16.07817662376313,2.758753466389356,2.0549530999709957,0.09716963403669755,0.3487850699274422,1.918034717893025,0.25160029540980194,0.9855460562279996,0.6469787758257328,1.6347996495970825,4.2151660381640035,0.11829598952999892,0.29386035167471675,0.15156217100884242,0.39767818193172894,0.31180652756111155,1.2317098678859493,0.07044763461099142,2.743468960006625,0.9459228977389401,0.374353357280591,0.2428985767609337,2.6999467145496334,0.026806475885032387,2.2229366784492703,0.6892611990018346,0.014159481195471852,1.9963831298921613,0.5632711323215175,1.4964176584694189,0.32251504318963625,1.101096648923876,0.12596570780567634,3.5057071322023927,0.09984271364275496,53.73599765872348,1.4325467450705816,1.0907611021914168,1.224345121001261,0.3997985307536907,0.033631483376045254,0.2814006794633164,41.59355921385836,1.8205717313710699,2.2535999036730257,1.4072149719640448,0.10044753559966597,2.1870727471993883,1.2329336817660452,1.4086342768780789,0.47529363991779916,3.5878682147537706,0.7700687929684853,2.9921311725419026,1.5887168857080523,0.14321031267134496,0.6429848140704523,1.498622350023465,9.994005010823354,0.000697380649128186,39.517995955850616,1.2220433770623902,0.6009331064300582,0.29848547094834604,2.4879941611335674,0.2994796405280153,1.6948627674034062,0.401112605690176,1.0036063040139611,0.49873340188613074,3.0050354747654393,14.944404420518742,1.047639101518818,15.942184719397346,0.3991340830663969,15.02621048210239,0.08032826152814819,7.976201792633935,10.00420790349507,1352.7187798667862,10.045292246848556,180.19810886919691,0.4488979811896232,70270.06308008534,350.24015733897966,0.5023806419534584,0.06833137847645192,50.0927138603805,9.952322758234676,999.0006144613475,0.5018755380666126,0.5005511372221662,999.4394288639597,5.021796874971786,72.254868750826,84061.28604108303,2105.93774386297,149984.73638413867
16.021152400018376,2.7454380598413657,2.0447562025157007,0.09760111702386837,0.3514835607482447,1.9165574671180536,0.2532050751655267,0.9924254161052188,0.6497150436410818,1.6342802184989909,4.20918358126267,0.11794861358952682,0.29223886298911655,0.15222012517542613,0.39516570773896526,0.31124436223827134,1.2310573249013814,0.07073626753086333,2.7223247854200934,0.9509962110388167,0.37735574289654683,0.24219250983281698,2.69665344058888,0.026855918961534404,2.226604740552113,0.6923402996770167,0.014049004398886364,2.005486718023661,0.559840257420279,1.4953542369746433,0.32360552263833836,1.09661849905554,0.1255639941140478,3.487305731605883,0.10011966852596986,54.14337681179898,1.4368757423811223,1.0823219937197484,1.2255473694633792,0.40116295189558393,0.03342316177101074,0.28178027131003436,41.45765330316712,1.8129355754033285,2.25748190891079,1.4054366249581136,0.09992349539467965,2.191142849935449,1.2300094236336874,1.4126248971101736,0.4757252619906289,3.597615103797904,0.7738455487010263,2.980490490198542,1.5835636654826777,0.14332581591752522,0.6470697166637148,1.4972748958144353,9.996120888583757,0.0006994734384737081,39.50200312052819,1.222101626060926,0.5991200261704108,0.29885664234640186,2.50830300188205,0.3009636923597935,1.698583321966678,0.3992861827289636,1.0024882077966704,0.5015069471692136,2.999737723391741,15.058954652930444,1.046261041308825,16.06065100474543,0.39838438093188755,14.94802882830819,0.08002707201061916,7.965401478414993,9.955280710140011,1343.257003046237,9.993631665969426,180.494322986326,0.44790677257625966,70288.85743336986,352.0037568186181,0.4983400042428893,0.06815845479461784,50.180400486810264,10.032312460995009,1000.3894176626418,0.5015959993964698,0.49796378038712247,998.9448151793875,5.011889877805318,71.82536541071325,84423.48870213363,2105.0879596224268,150375.39898192234
15.994348742057172,2.7463673693560997,2.0442433789378116,0.09691654471987483,0.35088021783699985,1.9027211876474486,0.25095667552227957,0.9867952845137191,0.6458962453942214,1.6352666542517522,4.205727128848264,0.11857865837968534,0.2919370289853265,0.15223338053505434,0.39579696884851695,0.31166590471129485,1.2346135356483652,0.07113672171724651,2.7401790495745346,0.945083010437253,0.3749502001837456,0.24337925952620101,2.704284165062395,0.026963141060179975,2.2214745384479744,0.6903512705025836,0.014146325116402266,2.0042106554348535,0.5593393670392849,1.490255403283076,0.32232701821690835,1.0998481128318451,0.12569783266573217,3.4871610974472866,0.10025791031873287,54.086076251379076,1.4308754898708276,1.0857539662569167,1.2271795701663897,0.400087673883077,0.03343794112221907,0.28087991504969156,41.46311642112074,1.812102641638733,2.238774017963012,1.4059431076576545,0.10039451149771877,2.1932037677147056,1.2259651123288253,1.4155027218617127,0.47485729071636484,3.579144084889096,0.7733536729675885,2.9668727034270637,1.5854713345665967,0.14312265299497123,0.6420389331217081,1.5026929051381344,9.971409228933672,0.0006971940987941916,39.56373171134548,1.219057355218119,0.5980568297950385,0.29691138223427155,2.5090070471554733,0.2994611916107919,1.6976328976708102,0.39822108163800496,0.9985736962350205,0.4988240358866079,3.003314552020254,14.95580854465086,1.0540778372571598,16.068746659347127,0.39839932422870716,14.941110443443286,0.07969226115048879,8.009565540504825,9.962196896420961,1354.7571612920585,10.025427151493789,180.5756559448284,0.45011727237098703,70530.57800058836,349.2706471837002,0.49950632482093055,0.06827957268155334,50.22432274935632,10.00768609584976,1003.061909654447,0.4983517059682926,0.5023931707195022,999.9863954687631,4.999683603813533,72.33903700455292,84110.56352870456,2102.8429017668827,150127.12905420738
15.940488417687646,2.7450798547263258,2.043710770610125,0.09681439154169205,0.3512815061221585,1.9117062252730344,0.25164385543465034,0.9890958268359304,0.647556243143894,1.6321703316689586,4.227966991381686,0.11851067995119523,0.2926820715000248,0.1517404789385886,0.3958061441407336,0.3122119547989369,1.2295303603108318,0.07091239741415023,2.7314850933382675,0.9463003833826598,0.3754199478296675,0.24270498047377012,2.6990147377195584,0.02681017084811936,2.224953126407627,0.6892347673095023,0.01405974999513098,2.001253448211497,0.5634361322287007,1.4933686127643102,0.3230522634197944,1.1047025534558754,0.12612271710663303,3.4958962732988064,0.09955257599032306,54.1501797732499,1.4284625316999886,1.0916077973539289,1.2309714235544278,0.3980184751953733,0.03334541156977335,0.28120643558751546,41.415938290925034,1.8113828903571505,2.2554778491275034,1.4149652492526752,0.09999641748243931,2.1892500879438237,1.2239173192386659,1.4140417609461595,0.474195901317044,3.5935597375882145,0.769022566524197,2.981939321736795,1.5863484344323693,0.14251464128699642,0.6457704068977757,1.4999488571826942,10.003648792375223,0.0007032579116743721,39.863948509169745,1.2243388338847694,0.5981256557565902,0.29828093262901867,2.509453685616388,0.2996233918093468,1.693218804820905,0.40124385160895965,0.9998176355136217,0.5003219634017959,3.014464328889535,15.016081714574108,1.0492122835494941,15.979197498855552,0.39967047717061616,14.9427598624768,0.08023580044673405,8.027017348654963,9.978439713457341,1347.3512543485342,10.03743342563348,179.14314663995032,0.4500920584969525,70156.50689007777,351.5370977964199,0.49831695850074725,0.06851513822670388,49.93836700393744,10.011871477816962,995.4009500987278,0.4998086359859225,0.5001112544699118,997.1432640285498,4.981981182708956,71.77570149816886,84079.74964324792,2096.5128536428697,150670.9796935944
15.98479904983933,2.7584966640689355,2.059725551023731,0.09679247469216266,0.35053084313777244,1.9170939135567568,0.2523382707735961,0.9892973586014384,0.6475533747974939,1.6224351518419198,4.211456691629278,0.11858238073620846,0.2943440130510977,0.15130140682784007,0.3968149561343728,0.3113815063840944,1.2349567665868955,0.07047794123996216,2.741899362984902,0.951199270051108,0.37456181647726977,0.24193037313968102,2.7190705777032598,0.026807398813492162,2.2207747389960644,0.692868639519363,0.014109510184010451,1.9979446660294564,0.5616909902282795,1.4904598640454372,0.32350938247478433,1.097917196035892,0.1256085979995078,3.4825330508342303,0.10046437319489149,53.69127961143538,1.4352524334791665,1.0892592631321438,1.234059235903656,0.40190359016147154,0.03361462180959815,0.2819445742600369,41.23558850278576,1.8253833518860387,2.2510277031168235,1.410613287890626,0.10039892157632052,2.200332503628363,1.2325195113734309,1.409759431291552,0.47479291832503373,3.57593102416859,0.7689343125277095,2.976766903882196,1.5834770764404942,0.14239573360192243,0.6458023617945375,1.4991910933938033,10.043068448854463,0.0007007855470601576,39.49555782973078,1.215821784764073,0.598234918758078,0.2994176933526811,2.492967605653791,0.30004726702886414,1.707415007837883,0.40190877091965743,0.9973636043538354,0.4977455882187502,2.9896080549761326,14.934499271805384,1.0467988045314696,16.010971154352596,0.4016497951851825,15.005582832554149,0.08010079164535926,7.9761493801287635,10.030058362067384,1351.5901502648253,10.036413682919271,180.80791759261038,0.4493155534909047,69894.66019486134,349.9083669346426,0.49968920782837917,0.06870485445784792,49.939154911186705,10.027077321366535,1000.4047669217075,0.4984140438521549,0.49910367059476723,1001.5319188502281,5.008642669734245,71.95302701770251,83982.4897484578,2109.6711377087413,149503.30956241908
16.069867150698418,2.741417348423503,2.0419499034380664,0.09719771356669914,0.35006842359338386,1.9101564846722645,0.25184040207313385,0.9948986674390129,0.6479110983701053,1.6296405292660592,4.206706351240283,0.11748885439054772,0.29327236292926834,0.15158651101377923,0.39654493156170706,0.31059860040127923,1.2359210613454117,0.07077805559594097,2.740831421644426,0.9477683199222481,0.37434684387783906,0.24378297891700795,2.714015779073979,0.02697579264579739,2.218405370969897,0.6909517635353019,0.01415022828953532,2.002621308857438,0.5611439258277778,1.4994330680276622,0.32255337048733723,1.105066456587573,0.1258373495251425,3.487385353686243,0.10031212296118706,53.91310646387781,1.4333829952315549,1.0865620418786104,1.226500590244296,0.400980815371124,0.03337643698167688,0.2798539243435324,41.44249286037438,1.8245003103634954,2.2588804774545257,1.406793469613564,0.09961072425860057,2.199987421843545,1.2257494039826722,1.4057371044497904,0.47400881490440266,3.5810522104741414,0.7729477568584623,2.9877642714773502,1.5933097051060978,0.14253550821203406,0.6430834761470272,1.4996760738913002,9.964742595348557,0.0006984140079148867,39.60394661532848,1.2154527696196142,0.6003014381514494,0.29861098402564207,2.4892482907869216,0.2999433693052894,1.7047975903195525,0.4009919605158098,1.0031507309621874,0.499741203165853,3.0096167124791955,14.96111296068214,1.048538510894884,15.948216892226847,0.39986993815771427,14.983809003362316,0.07979274169313146,8.020142456738462,9.981384677211164,1346.9328584569687,9.96308903308505,179.88987906324348,0.44911334082976784,70090.25306550991,349.9436935953567,0.5013157774490995,0.06869412228959061,49.99896592639444,10.014299842334083,1003.671722766067,0.5024941481866683,0.5005675824236492,1003.8977946653986,5.020430412327782,72.20984507122148,84178.09993373658,2096.183291708923,149273.7083331602
15.996352101325266,2.7498436496722016,2.0481009289511904,0.0972662586654552,0.35018256946156545,1.9164293090837239,0.2510138159002209,0.9872792588944449,0.6498986722636584,1.6356697409357452,4.230832099393438,0.11844003617933674,0.29414240409072184,0.15171780887279745,0.3956105800706771,0.3112764255270401,1.2313074825977703,0.07111067419077859,2.7257586962017673,0.948540376892236,0.37523408661050506,0.24219761393626768,2.7017395278580856,0.026781087297680757,2.2299743162108054,0.6893298692987025,0.014147111045772298,2.0036265894537935,0.5602685969271303,1.492141669831289,0.3230046020088639,1.0974118288168149,0.12652073933146446,3.4774379336236634,0.10017770861445446,54.079532866568265,1.4262141663543435,1.0845673740407729,1.235713582299512,0.39905839042138463,0.03347653561171652,0.2805105712702313,41.2877810829959,1.8250193977731548,2.256116610222656,1.4082842840005552,0.10033512579108073,2.183716341063338,1.2239029610407124,1.4110034598049856,0.47734686941914867,3.5634834662918027,0.7677515851675552,2.9805636563461153,1.5949280577094733,0.14241233006725731,0.6433253111702073,1.5037061370094482,9.987154320840636,0.0006978218549433294,39.55917274431096,1.2189025952003627,0.5998765024488353,0.2990782069650917,2.5035563104641994,0.30057120586354646,1.7082107819161103,0.3996473737612039,0.9990335440324912,0.5021167348386291,2.9923762676101515,15.034472286945428,1.0526730179512904,15.93564607959127,0.3998729256227743,14.955084370698232,0.07974830021824199,7.99710624883703,9.978942970750806,1353.9968160429491,10.040760489139046,180.54489708951903,0.4489471389267975,70023.48300017854,350.00941536205715,0.4981751904802812,0.06870355808378294,49.951023899078535,9.972468947454587,1003.4667105050823,0.4994959765132889,0.49767558405554835,996.6194157024962,5.006962517017808,72.20369179740364,83967.57495789023,2113.786177154052,150526.49568007822
16.05574092064977,2.742510681536978,2.040785987767326,0.09755713568037706,0.34932030080058496,1.9122713028804141,0.2526551165469258,0.98632010325926,0.6498198325372834,1.6371477367810652,4.219614586057923,0.11793064284320705,0.29410366694654244,0.15204173559771028,0.39696929287415433,0.3129999785448388,1.2330670401988977,0.0706498012522421,2.719567138494729,0.9455194492583523,0.3760108097630461,0.24301282292117218,2.7122396618664237,0.02687178239430038,2.2263689886681908,0.6928507608773957,0.014064288232540604,2.004730464354038,0.5630002018113032,1.4973456647742114,0.3209970673530748,1.1032475548444098,0.1265803891198923,3.4977420879949532,0.10041785999662572,54.171024276333455,1.427884324641621,1.088502490020309,1.2296793726729482,0.40194651498745293,0.03336392562104259,0.2804540363844323,41.54543561052982,1.8160697338515825,2.2564753391393744,1.4083472425952015,0.10047997853989016,2.1983993034176788,1.2275562403992502,1.4138097229008835,0.47422506858320795,3.583807789679716,0.7712203019166284,2.989821943190754,1.582438768370024,0.14259982578434777,0.6453647507001905,1.500952848554543,9.999560507820114,0.0006968864696969559,39.6197958705575,1.2244542228293096,0.5971853570222162,0.2976913799813871,2.5111287071917694,0.298652642203635,1.7042449977677587,0.3990304504647282,1.0036660883215367,0.5012303398947968,3.011571155125751,14.95738871856469,1.0503285739255952,16.044683190971966,0.3989827989719799,14.959611945790082,0.07962174570679807,8.036681223518036,10.021001688005462,1351.8300647791373,10.024399472269499,180.05690325365177,0.44989260219490684,70146.5807174653,351.362759063508,0.4985076748769619,0.06866543214739017,50.15587618560963,9.984956361145203,1000.7860929681251,0.49820513649975007,0.502361731239668,1004.0289268763028,5.02109487532496,71.87915739434648,83932.37502843418,2098.932804040966,149385.00208656763
15.93921770081622,2.738210874690083,2.0600413729186995,0.09678598406823474,0.3487138972833299,1.9162505627757829,0.2522022053461922,0.9927167303252363,0.6488483098103668,1.6362294536463615,4.215829482918895,0.11802610760962569,0.29362335660272054,0.151920036982724,0.39539041273870273,0.31189907565164465,1.2259374834927124,0.07100997278470031,2.7234672132304714,0.9447154790592752,0.3750462844291049,0.24383123046880653,2.7053984551106987,0.026950047414897087,2.2279122938005576,0.6870864382017827,0.014137368441130104,1.9961533093275805,0.5604074176867143,1.499827854743221,0.32331954512520095,1.0977452112958364,0.12608673059478423,3.482665210573347,0.10005428558572643,53.975695820725754,1.4315777960596994,1.0883429490380165,1.2255114814442754,0.40077416187834686,0.03355854136938737,0.2812125248590628,41.21370780177855,1.8190324669319375,2.247953290471029,1.404172631919369,0.09972236792789681,2.1887070816363767,1.2329877476112543,1.4062925752854836,0.4765663120730933,3.5816395786294724,0.7720052469759215,2.979182168303438,1.5899871881842134,0.14317119872681286,0.6467561307165879,1.4998771887211937,10.002865753810827,0.0007007139787446927,39.774246006479736,1.214776574092932,0.6000941246311318,0.297945142935834,2.510542124605939,0.29998051974130896,1.6994614490898035,0.4018487999541388,0.9995057646360088,0.49840442215161046,2.9915074836841735,14.939278130750546,1.044755965357219,15.989111305760076,0.40107697032519285,15.035019966419974,0.07962571927024228,8.005598632287523,9.965428312541349,1355.9545298443234,9.966736499964417,180.22795059185543,0.44921807262973823,70281.3505697883,350.56214173741347,0.501298215261532,0.06821578452172426,50.202895926457124,10.000020964931336,1002.5609314771284,0.501748650957006,0.502494143054774,997.2394566559396,4.989344620678173,71.82031182244695,84011.31157752506,2106.735461809404,150740.28378471875
16.07844449393484,2.7507362638624633,2.0528500578104256,0.09754989136847796,0.35151526710458725,1.9043437379819943,0.25207192515693494,0.9932950868411488,0.6467247494565922,1.6290188873924314,4.2304446483736555,0.11857235510213061,0.29418989295554193,0.15245364148413862,0.39508575678286234,0.3114410522310896,1.23058157894682,0.0708430303811899,2.7301502269684477,0.9492956342536065,0.3756552945651,0.24360549320227676,2.7054892030075632,0.026854452112178566,2.2117244163539986,0.6878521142491995,0.014149423443927911,1.9989256467716088,0.560470616960427,1.500882336267335,0.3221738192251303,1.0947327161256564,0.12576861543624426,3.478727349248135,0.10015587286098285,53.788719234003764,1.4237787389427021,1.0821621433325785,1.231005245764892,0.39808689382281637,0.03361684535790059,0.27973269971375514,41.43410780613738,1.8189933221097956,2.248714159227718,1.4039623397072765,0.10030275225021222,2.198607849416096,1.223985505008826,1.4054683188773294,0.4769185448967785,3.581771871338242,0.7673053047525112,2.971143155487753,1.59254378128337,0.14332148805581302,0.6446403086472547,1.5067972256986875,9.999406360366178,0.0006986019033849976,39.67096601867839,1.2182879287827326,0.598346495356048,0.2966469704830336,2.496305312339128,0.30063422804312917,1.6918134426488782,0.39975671405282376,1.0014400940144985,0.5005520205458716,3.008299453076661,15.046577957348967,1.0522229111196535,15.93644763138316,0.39990008977601743,15.015510893623143,0.07979645283104757,7.963404145411742,9.972359032087605,1349.3910744233906,9.99139303190546,179.41800056638888,0.45145986994207565,70480.75541785281,349.82212084706026,0.5021478645778361,0.06807021689607583,50.21248123635347,10.04519287900809,995.1205186301593,0.5013150964838837,0.5023510078628491,1004.0590221881778,5.02353550805981,72.0362329241023,83855.76106695889,2112.3630626137956,150170.7423837135
16.018357879070127,2.7477244742711138,2.051472760518682,0.0968632795452717,0.3508391950929815,1.9018828305704143,0.25257904753295035,0.9934548863839859,0.6478215970306179,1.6301602349667297,4.202094220890019,0.11855396112879618,0.29368305471045947,0.15180086260101652,0.3947122372494827,0.3111250883276705,1.2295562441191534,0.07111333842742255,2.7363921952392727,0.9453005107327382,0.377351949861655,0.2427040272709135,2.7195316711525925,0.026830517191856924,2.2226342655849862,0.6929440263677608,0.014065863055289838,2.003858531811717,0.5647386969241591,1.4917694563600277,0.32067465537605616,1.101916147116893,0.1257980672941638,3.475036432260094,0.0999753056178836,54.04680777339605,1.4269272503259371,1.0852069595584808,1.2342521026279578,0.4000802876490459,0.03361481520955016,0.2805495153044474,41.57748641936972,1.822744461532863,2.241357724469683,1.4154298111339978,0.09998926519083079,2.1821518933986064,1.2257280886462494,1.412644228485049,0.4728500194069651,3.5723600567839147,0.767226364446618,2.978244107402595,1.5886382249747104,0.14303128330160506,0.6425808579594203,1.4929806538406725,10.011438610653517,0.0006991160260201764,39.74004972750005,1.215225737043812,0.5970826641317643,0.29724991685869817,2.4989136830748513,0.2996822159225054,1.705275143439649,0.39951135057677134,1.0003044117960307,0.500467577962211,2.9856549417493743,15.002270006526926,1.0483707282236878,15.98740482042932,0.398401149593981,15.042423084847295,0.0803539234006468,7.961781505650368,10.010137276281135,1353.5618949083926,9.978480758864988,180.51760005275375,0.45059559772844837,70483.19491858048,352.5577015815969,0.4977117305699935,0.06836233742854247,50.02349389378911,9.964674323320764,998.3628583042736,0.5024382372387822,0.49758115228171235,999.5250793152438,5.017132731085909,71.87320890915788,84193.98811715514,2115.062862948837,149962.31525471355
15.940947409943439,2.7376723410208257,2.0591310397350187,0.09697236674970336,0.3500142236729759,1.9021824037323183,0.2518076109037875,0.9942580446405761,0.6480156361987285,1.6376795029743778,4.1998469803276945,0.11800536338285063,0.29405342522000133,0.15192134357892167,0.39512676999933793,0.31310908313386376,1.228645640467133,0.07082175209007063,2.7430091889131334,0.9450278616342854,0.37525326639406786,0.2418604991281697,2.7070688019385623,0.026819349342827325,2.223996775566055,0.6878011180654843,0.014124648598089228,1.9952695085637864,0.5611863242277612,1.4947374439611345,0.3226979406355268,1.0996316018945218,0.12582523661255438,3.502306532894477,0.10007195062564121,53.75572619575096,1.4357213052774545,1.0852896087178856,1.2243294463437089,0.3999784008958978,0.03337401924823769,0.27996587530751005,41.492279190205316,1.813279683003449,2.2569062450479653,1.4161603927626463,0.10010653210040794,2.1946068663052998,1.232627115301861,1.416948592197513,0.4742473067454577,3.5679302645344886,0.7701475877088402,2.9809908443329847,1.5848788085639087,0.1431617464691616,0.6408709632835908,1.5064150260368132,9.976457427782126,0.0006967769214587313,39.52455337837723,1.2168310371690116,0.5986434370116362,0.2966077737985032,2.494483870304843,0.2990788252094804,1.6979365557663868,0.39954067094942386,0.9983900774060287,0.4991396194176535,2.9876919383322376,14.928780742068925,1.0468722001516428,16.041063908386658,0.4019632390622045,15.064278926258597,0.0800033754844302,8.002545908462235,9.981458156903585,1353.6981824216082,10.026475668793264,180.61969024364836,0.451779770597386,70135.92498938947,351.8063863058177,0.5015319936439794,0.06826898638178847,50.21462112200307,9.959434150263965,1004.9426917916327,0.5013504535907943,0.49796635452662164,1001.56229648105,4.976708970546413,72.1945346035998,84462.9786145583,2107.1557358275745,150535.29058787483
15.935661324834378,2.7438379056561226,2.0482406391926493,0.09675526913014891,0.34981875630649906,1.90551557701175,0.2517296922304964,0.9892585160567238,0.6504585880330002,1.6262565578196004,4.226576585718955,0.11791264573847915,0.29249547662163333,0.1520038183149894,0.39567426341399686,0.3112430016167321,1.2300329556949914,0.07055347562701982,2.725957687444527,0.9486236912796662,0.37567441499890586,0.2437871070373534,2.703407159737603,0.027026368554705537,2.2263208288629,0.6932263918793824,0.014147677254231073,1.9928420785170329,0.5621487057093688,1.492059578462301,0.32302469207545975,1.1009257836410165,0.1257019461360897,3.50499300412305,0.09961518605331426,53.944428221711384,1.433160879931734,1.0822046836008035,1.2312036292084363,0.4012636048618523,0.03335512165033005,0.2807343660198963,41.29006681603576,1.822965225017972,2.241420240759274,1.416162425172454,0.10039472858171472,2.183122839795278,1.2278261703776907,1.4112356531426076,0.4760357960990126,3.5779470853427373,0.7673534431790996,2.9682037145153255,1.5979462688569381,0.14293615353366418,0.6463991044645163,1.4997356400694368,10.042235763854599,0.0006971143156794008,39.52684281512155,1.2252415126902352,0.6026849582702686,0.29744785799344675,2.4963791221748464,0.29985735070450426,1.6985747485611438,0.3987601808638384,1.0039837538393936,0.4987665380035282,3.0061581722843296,14.935073351660247,1.0451568889810485,16.024596875612307,0.39935606343029306,15.023318908908,0.07967521696173506,8.035988110393268,10.02485144668931,1355.0796076458482,9.96364705540445,179.67628974400716,0.4494075487389285,70208.08850804872,350.1572724550998,0.497803153710947,0.06831031281242443,49.87727465731364,9.98859212914632,996.9695954262003,0.49880948187282365,0.5006347617021613,998.8815383457807,4.992269169658474,72.0244120555601,84439.93648005006,2102.450170481124,150131.27923883375
16.074592420058906,2.750604453138246,2.058400850318609,0.09748544979077722,0.3484555153857755,1.9086457884450627,0.2524997623878288,0.9948184479332369,0.6477302783667266,1.6233624029022657,4.212610586255411,0.11755934527470627,0.29373695231161856,0.1520116690361419,0.39688478821877404,0.313152408899861,1.231586060611102,0.07087960704511125,2.7369497690655016,0.9512464734137712,0.3773876422364015,0.24187352537550938,2.7115227570432197,0.02682367644433554,2.2279996787753555,0.6910239440279031,0.014088751369543573,1.9937620845624269,0.5610953127776694,1.5000505520872671,0.3210480377355815,1.095529412398722,0.1264889162353667,3.499220941200346,0.09969979493065813,53.798035153063104,1.4367506035329713,1.0892629653710715,1.23135942065183,0.3992305139416965,0.03343270692329579,0.2794074427976635,41.484568644710706,1.8116857890960352,2.2388592900999886,1.4132358807388394,0.10044887375714912,2.195617416745228,1.2296511743446799,1.4098032380188081,0.4746966480075832,3.57372224328255,0.770167199449231,2.977948298522805,1.5915608692926484,0.14356931171511653,0.6471878606475654,1.4936811493482438,9.988468347266133,0.0006977649433703676,39.62132140405365,1.2174071708262908,0.5980472227897606,0.2987869466391954,2.4999072185707307,0.3012577367466516,1.6920540715351993,0.398267912052528,0.9990327358293034,0.49790138660202016,2.992881887892445,15.07290446146149,1.0469440758785884,15.951698838625934,0.4002945626751828,14.999699743618974,0.08006435063776227,7.990138822256683,10.032676235989493,1345.1208374444732,9.992839264584145,180.34157132719935,0.45165706398127303,70090.4627447733,351.1076989835402,0.4978456997250363,0.06817449825626849,49.78456908123305,10.022788089199853,997.8805996872214,0.5011187264509591,0.4978319913952164,1003.6254780040832,5.016776509905554,71.70402869499621,83809.95059165265,2095.659879513271,150530.44525972012
15.957552558248302,2.7513275162410995,2.048488006165191,0.09748725081149419,0.3499611440551473,1.91001262205663,0.25323251168753974,0.9865362826118176,0.6501429615230736,1.622693520853343,4.209059013199022,0.11845587509224095,0.29348407691922,0.15228152622143654,0.3950627364377357,0.3117459533490477,1.2283589470810383,0.07081518179279185,2.7289688224929223,0.9463589963757937,0.3752686071025156,0.24239457252672192,2.706342780390577,0.026805834257564262,2.2282607155044794,0.6907046238036506,0.014048363886008733,2.00387718668418,0.5639538855501486,1.4930709090106224,0.320874933913766,1.0945947898284714,0.12542953542695917,3.4991525720557926,0.10048718633204168,53.664644981846955,1.4335474147148421,1.0823461417426912,1.231133233746315,0.401024301129713,0.03345283347308469,0.27932719376215764,41.429398872844715,1.8289406522321483,2.244546392013866,1.4056218270083396,0.09962392589275353,2.191210098075811,1.2311862747221312,1.4141210188041022,0.4762020980496973,3.594052985513664,0.7723544497772357,2.972468559075767,1.5908884507375247,0.1427102991015038,0.6429038178443116,1.50647916553845,10.018189590506708,0.0007033221328927576,39.647030894569994,1.2204567383949185,0.5999226925194985,0.2968297154314207,2.4934175498631648,0.3000829090818134,1.692645363187261,0.4017258477172355,0.9962384368194337,0.4984899037320845,3.0079596367181587,14.939540181268397,1.0542029200459617,16.036112155315603,0.39827448342843547,15.028777059192848,0.08010530283373704,8.020587954619193,10.032819785248932,1352.9477326028375,10.008617629527096,179.6804339734472,0.45088773147823463,70502.71179752557,351.1770876713416,0.5008217243421712,0.06835699558086467,50.12806040487153,10.049766739233863,996.6038932406773,0.4985120263975188,0.5001971887933219,999.8137539726165,5.003578489225335,71.67533331436148,84130.39024664043,2106.74669241648,150127.78702695743
16.025173433882937,2.756055940797573,2.052901717668487,0.09748211634703853,0.350436662221396,1.9107163963544607,0.25226761500079725,0.986051814330858,0.6465300543839013,1.6304466164247275,4.225702761768411,0.11821128083641982,0.29179989566992265,0.15214025792467548,0.3948980824310429,0.3127301316665408,1.2340275224858575,0.0708661670409937,2.7324941992462217,0.9464698468816385,0.37579790007956654,0.24388478329977123,2.7160519809692096,0.026905313734458182,2.217074758974714,0.686897620194191,0.01404966404358702,1.9938605037907873,0.5612884155131138,1.5036488303967317,0.32201659393144516,1.0970832417958516,0.1255032451732015,3.484356862808643,0.10031573063555105,53.8471100999276,1.4338968330261204,1.0902904030904992,1.225213095467294,0.40043463901050713,0.033653797181229315,0.2804253015762543,41.204135758438355,1.8277041089626933,2.258632491335381,1.410312194405647,0.100052253120344,2.1836871301507967,1.2339292442931988,1.4099802605413287,0.4727859195269271,3.586551935440874,0.7734688212774807,2.9898086846123033,1.5864574504293476,0.14236125487145468,0.6468358630967459,1.5065559408731954,10.003241531971286,0.0007009962218817007,39.665159704090044,1.2190211374786049,0.5977166906155722,0.29679832363711606,2.4933183036669044,0.3010099222392196,1.6939791491125065,0.3989067946076588,1.000486140593222,0.49857565609039134,2.9898962005415335,15.009497436254692,1.0486149793454644,16.020185485734473,0.4016488213616347,14.94764896971526,0.08033074692785044,8.032199197393833,10.03290875833359,1351.772359883632,10.012014665746554,180.25058278788572,0.4508572299804801,69842.6575380224,352.47730943250093,0.5004280188073279,0.06859252263415125,49.93864091953068,9.951239721391579,1000.0973465987644,0.5000359505965796,0.49968494644155725,998.3971705416207,4.9874913043904865,72.01983230963798,84105.97047421729,2114.8920661381985,149509.3909616504
15.971146490820333,2.7443339129504256,2.050887838112837,0.09719930040977887,0.3505030916289849,1.918595033817967,0.2514587571354446,0.9919084385356244,0.6449222605154736,1.6261269321055578,4.208472600548657,0.11744657385040773,0.2933447715194221,0.15227103212477058,0.3969770575907587,0.31205171245511015,1.231278519379237,0.07072641419790517,2.717476207787429,0.9442075435927424,0.37658278467499745,0.2442041993779934,2.696878267781325,0.0269154899606463,2.2255723943139927,0.6922547463132956,0.014106373891072391,2.002398319603682,0.563105594192443,1.5023737247579108,0.32078377230979305,1.1046880041590235,0.12540278192847498,3.5017333713084264,0.0995767404265597,53.74537406887621,1.42290568629325,1.0864049403891767,1.2279626184886239,0.39866397164594813,0.03348361520386931,0.2804259550690643,41.500784901434,1.8271549715704745,2.253432763164759,1.404704186481044,0.09979539079470985,2.1990516707006265,1.224941434263997,1.4086866673354104,0.47710189694135896,3.596133801324607,0.7693162644632765,2.984988427265344,1.5893122550138286,0.14336244857139394,0.6409833837696629,1.4946623572338202,10.01141988035436,0.0006981278658371014,39.74588955234999,1.2181849197150276,0.6023198733487669,0.29895139296896867,2.4998209450017193,0.3008186852612845,1.6961093440659964,0.39997703910724747,0.9969748205186327,0.501804430842605,3.009692028497052,15.06032245026135,1.0539635083028547,16.07353540192952,0.3989133449265277,15.064773643619297,0.0800569705530816,7.993799606713452,10.006037389596788,1347.8751318147788,9.978855300696095,179.53436580835955,0.44812092595255704,70179.58917611583,352.2305393915773,0.5006507598463719,0.06841434733280494,49.96429645912546,9.99644016263172,997.0927734757195,0.5016146793859655,0.49849191481640764,1002.1662275672732,5.012999250574808,72.05390571025997,84516.6239296132,2100.601609919086,150572.4258318643
16.036705673535888,2.758215620263448,2.0533738840453095,0.09753664541251425,0.3517258460195117,1.9084751105214204,0.25279106752294805,0.9924213396192283,0.6476945986738138,1.6369592686956396,4.205555331635006,0.11807724978120594,0.2918454111059835,0.15158317829498072,0.3973491568353137,0.311677244495226,1.2286972342998077,0.07062015456087896,2.7297709621263206,0.9508991447936038,0.37748581708282924,0.24195537806986736,2.7120276418166065,0.026891196535963037,2.2225370570804692,0.6896362022396669,0.014085708919740331,1.9994376142485897,0.5624608351036111,1.4970147186691456,0.32191030513228647,1.103496188409539,0.1263095164689597,3.4844641094469235,0.10030057711751533,54.100653075660325,1.4250449385368507,1.0878987583590132,1.2273593375212704,0.4009566892877069,0.03341249308533516,0.28118112969235365,41.288646095142255,1.820202816494425,2.260094545528114,1.4083264362922356,0.1003757384859632,2.200664086328365,1.2346106654403033,1.405288711019099,0.47651837654279194,3.5632509483445998,0.7691784245044847,2.991047854524872,1.5930011601828826,0.14304681881109316,0.6432778443215321,1.5046844541970543,10.020955840394821,0.0006997788372373097,39.83573778500479,1.2167053658173872,0.5980223490549517,0.298425555217714,2.511799858567544,0.2992417697199203,1.6957443964418748,0.3985579953918488,1.0036056355527363,0.49863198770205663,3.0000953558017467,15.07363087170033,1.0448774794596816,16.009037774481726,0.40004915617081976,15.046117106461523,0.07988422523164222,7.992827308711923,9.966793798059886,1353.2510056270828,10.028470890918815,179.3459939774019,0.4495205568329474,70457.74858384543,349.1251490111462,0.49899379535311317,0.06843764892297594,49.91704692982997,9.977204518917768,999.600374849032,0.49840761554054847,0.5001481262047974,1002.0669592131321,5.0037647476314255,71.70703871821814,84501.02993807496,2098.1582834791116,150397.21800091668
15.977690417724135,2.7577759370715427,2.0439785945198095,0.09689543556479195,0.34998959046176115,1.9010790778807385,0.25130774929373145,0.9922177212966249,0.6501862449394191,1.623166801432186,4.226085471567344,0.11835107030078275,0.2940831749864214,0.15230161140295984,0.3966896461464841,0.31207829088803596,1.231879282861243,0.07109672964251315,2.719094250638676,0.946253447249981,0.3743924307007205,0.24408087656782398,2.708516694128583,0.02694716766261189,2.2275728654319957,0.6933879017117276,0.014052311326548708,2.005990252114364,0.5641773166875285,1.4902466643914578,0.32281817160379755,1.098401978533162,0.12618723195725276,3.490490282041756,0.09975974225208664,53.71334783625635,1.4245223454331755,1.0826881194632911,1.231694817493655,0.39940564340559814,0.03340507220179897,0.28123862145522543,41.46733703527074,1.8207128629208973,2.2597865508794817,1.4083843406633239,0.10033586297126929,2.1806955530337153,1.2329499224566733,1.4168871085350299,0.476646341527367,3.5828519969512995,0.7709760986953191,2.9756280285732206,1.592853814970304,0.14338666539794928,0.6472085914183989,1.4998869437550064,9.956130406577344,0.0007006710056551168,39.52882878271293,1.2168861335313845,0.5989726794678344,0.2986884690219822,2.4920952030969628,0.298997258840527,1.69226439212248,0.40149295974541555,1.0019350542435606,0.4976997323280881,2.9858487691691433,15.008801144471258,1.0477166112135103,16.015476216069107,0.39973841670272386,15.063496884346538,0.07983024721196909,8.01433162947511,9.95540543116186,1356.1541172115503,10.048075746790834,180.4303343322295,0.4498434561220361,69985.48579558865,351.96652608302804,0.5011817704857351,0.06820981656305969,49.97560764707863,9.996279893781677,1003.2641054997271,0.5009192234216704,0.5007158377177002,1001.4982742256326,4.988523503969124,71.90763210707726,83828.39766718911,2111.040110908845,149899.4973227547
15.990118137134012,2.7429972972856747,2.0440432592699183,0.09728536291554109,0.34906393555321286,1.9016763890649002,0.25267411868827183,0.9887770474006229,0.6472239265836675,1.6288804879887073,4.22326338706548,0.11778858753720897,0.29375604609898537,0.15266810815798487,0.39663703805586226,0.3117868449732723,1.2330478135947038,0.07077019133778398,2.727663864501252,0.9482396843906691,0.3753146359788829,0.24203832802556038,2.7076924893497587,0.026798817501023784,2.2180118007129312,0.6903928426763727,0.014160730276549995,1.990724446620906,0.5626825962445409,1.4963672957441518,0.32045524083281735,1.097245029935326,0.12551929141796705,3.4801161156860276,0.09977457024346092,53.85679424540454,1.430415263326891,1.0815757612339798,1.2258409931357335,0.3983742655424352,0.03351664058875302,0.28022021316121637,41.41003182294477,1.8149371840995792,2.2392951604669706,1.4162232733079103,0.099608308121189,2.1818282065803616,1.2256525259660747,1.416785998988305,0.47555888614080744,3.5839483802709973,0.7737475761516927,2.9677354753243845,1.5975445641914223,0.14257673879957225,0.6447925804829395,1.4988012534795419,9.988395181347718,0.0007030187032993562,39.54081356264509,1.22606424193513,0.5992747503665492,0.29844334921358784,2.511697668287084,0.2986728031511369,1.707188694169728,0.4002712455414174,1.0020439687897744,0.4982459209194317,3.001001622924931,15.026027057208784,1.0495405967275706,15.94479762849697,0.3989764763003423,15.053158918649025,0.07962757679426621,8.016708966275264,10.04993900365145,1343.3510204474414,9.966104568281994,180.31345974160763,0.44801995875563405,70245.01640646972,351.5156011633647,0.5004407317405704,0.0683077863368664,50.09864114799332,10.00942944280138,997.0763717209392,0.5003156777179255,0.5019095360856946,1001.6683328569045,4.998589575369692,71.871540554066,83862.27063582947,2099.6244011445774,149266.78012963032
16.077860146803992,2.7423682619335406,2.0564549568250494,0.09687792282511444,0.3492426040236195,1.9084390967972618,0.2515575022736368,0.9929536730463226,0.6509658532839399,1.6361173000835085,4.1954156281985,0.11832649263809215,0.2919684844559828,0.15262833928197436,0.39607079915964755,0.31148950899473693,1.2257814136172105,0.07045436083443074,2.7231189528723423,0.9519249101999068,0.3771177058429435,0.2441415987098342,2.699180637222389,0.026924796082003023,2.2146087405234836,0.6902962977698295,0.014074684138864446,1.995669311004867,0.5624150105973782,1.4922592728831872,0.3219006096670502,1.1016589349154844,0.12553150941221033,3.5050277400536043,0.10000572469945412,54.08225752964284,1.4322008476578811,1.089282710231089,1.2326584105742118,0.40150039958824585,0.03353805782074072,0.28007745554488195,41.224237041182015,1.8219337612739925,2.240242938084838,1.4063522376688222,0.09956070718460192,2.1910706381992435,1.2258221589367972,1.4115567432040117,0.4763816093716004,3.591523329803633,0.7685334850126597,2.981458845074296,1.591001871085373,0.14296122867048044,0.6449989334607754,1.495651306857353,10.047924323958679,0.0006971865587896366,39.810634948829396,1.2211479710408044,0.5984691284831622,0.29873211150196766,2.4896120223919267,0.3008232535033463,1.7015297487781311,0.3984430012735856,0.9957950556309237,0.5012541816671823,2.993788077195115,15.05839527761508,1.0527517667208168,16.031710439154832,0.3991144242105338,15.031341677853241,0.08035851814761186,7.9673247867496455,9.982616264200356,1346.4180755837315,9.989325013440066,180.4361987787371,0.4498840916164142,70231.6401539873,350.2179252558005,0.4982064463354355,0.0682405826158734,50.17984015062099,10.01024169621534,998.7798867319723,0.5014495299086779,0.49782228716227456,997.5389108792239,4.986505157702867,72.34946248476112,84384.55767721876,2107.4793939609785,149257.47744794172
15.949489600334378,2.7537273855567594,2.047534246192874,0.09761240053293603,0.3509265347669961,1.9089950357905585,0.2526287777433964,0.9947065028058794,0.6477471557440655,1.6323231719725828,4.22762578029408,0.11770343610120268,0.29413261468704216,0.15138826795429491,0.39658785475552705,0.31288245504377404,1.2314096564968047,0.07079683864134,2.733203575827971,0.9446977719592291,0.3749305458708416,0.2424408554058139,2.7126498201310736,0.02688437138883742,2.2143273637031857,0.6926413843917975,0.014082222979481343,1.9989206343845978,0.5614925200502053,1.492238686040493,0.32274583898968534,1.0994330408849575,0.12539048395846483,3.5061940782123564,0.1003157636115954,54.03052084779088,1.435278013748415,1.0914219948466921,1.2280011233885284,0.40044383471366674,0.033536450616083874,0.2800468101703513,41.27491603687394,1.8129731120377062,2.25358456940812,1.413960957773534,0.10026095297951701,2.1859764307603506,1.226374696160722,1.4093459599162101,0.4752223639361424,3.595003319181274,0.7728861382879101,2.9923985382727945,1.5955691719236622,0.1436643511223439,0.6437778199817686,1.4932121024614964,9.958356203214848,0.0006992319329924063,39.583850237817124,1.2159732752146049,0.6027192226470518,0.2970923503734636,2.511484481807881,0.3007825165209636,1.7023960764261286,0.4007040758403575,0.9983147432365912,0.5007321351902914,2.990600763548438,15.065655814880394,1.0479188300695863,15.960829841966966,0.4008446511927766,15.023467307709925,0.07996103913467464,8.010595698775262,9.965949307176086,1352.3399321499264,9.97706106951952,179.59110475801762,0.44847980970724705,70064.35892091108,350.2779105953143,0.4997708950585113,0.06818824694119179,49.84650376807938,10.004173857166323,996.2887740467047,0.5009444850399442,0.5022197356293129,999.2679562166438,5.0200552656575335,71.71078794561062,83826.1200475893,2109.659814871666,150391.53235947224
16.05488931855452,2.7378124861559994,2.0556765946266147,0.09707999564827827,0.3493116817143877,1.903754756897657,0.25324995970285835,0.9856802695342567,0.6501190119346598,1.6322737592984955,4.219896886703424,0.1182498262015077,0.2940502130412644,0.15151936394618126,0.39402326548266536,0.312307408885815,1.228202461263677,0.07053364143043094,2.7214315879870457,0.9464049834821133,0.374384077474534,0.24192329908117213,2.721274311505959,0.026849455639576143,2.2307055214839133,0.6932041323574797,0.014049602550808123,2.0042984860579236,0.5625665234768942,1.499853986684384,0.3206997350200466,1.0965741608649802,0.1254665647134281,3.4936342837620757,0.10048659107584908,54.0027168642514,1.4330138899508136,1.0922674394015754,1.232189542116313,0.3981607262905139,0.03362294687628696,0.2803201519610933,41.18485610294494,1.8201316620316068,2.2598328375197156,1.406578362689449,0.09999151317305284,2.182855713842434,1.2245596198614972,1.4040856837486548,0.4760783018033164,3.5930338660525685,0.7672534010622442,2.9736918933207517,1.5851509685355527,0.14232340376100477,0.6443440980220722,1.5029988325520647,10.014787748088507,0.0006992163748311157,39.701828065588955,1.2150480115409619,0.597925822312336,0.29928674796626786,2.506537693695497,0.30126821728747544,1.7070835648364888,0.400597570468431,1.0042823864811214,0.49958352051541227,2.985108487343548,14.934385667376922,1.0458996169198587,15.935256552509257,0.3994068095634011,15.030190621066401,0.08023251904528038,8.00721706194757,9.964643617455698,1353.3466716290002,9.985480191913759,179.12338802760922,0.4490126487923974,70063.11208090722,350.0778953094197,0.5015593507659379,0.06857778965595436,50.09777601520632,9.963900507851227,1003.0783390970628,0.5008858798083166,0.49847418843240693,1001.480939302815,4.999175582050183,71.95633204453648,83884.36503719173,2105.3853050065404,149399.89771345854
15.946280541960682,2.739895023642556,2.0593092197209346,0.09699088847911146,0.34949321513258597,1.9066017395802541,0.2530035911218489,0.9906233625222153,0.6507161561450878,1.6267387759649947,4.193784539793585,0.1180663377742145,0.29254742338594475,0.15245889838690593,0.3975025166992901,0.3119144293540301,1.2357977159962517,0.07083753320849183,2.7237461267394463,0.9478954878854636,0.374260286699435,0.24373872281943923,2.6991988898781547,0.026848553343407307,2.22145002734351,0.6868465283669635,0.014040683682784584,2.00392232715226,0.5595933872630016,1.4966569305077233,0.3214805999396148,1.0970088734875207,0.12560786141130822,3.499193054151267,0.10045154219315028,53.716020899021814,1.43657344143419,1.0880300684127742,1.231742422985968,0.4008397055125703,0.03356837982826878,0.2815977097806772,41.38315767479281,1.8206071262927677,2.246036107555427,1.404434132072342,0.10016464019092622,2.179786058325179,1.2272403111283254,1.40427864108869,0.47353095399728284,3.584966566681726,0.7709892700525779,2.9776474364072723,1.583483734426183,0.14290472470053692,0.6430516769747674,1.503306887292839,10.007902660819905,0.000699940960371359,39.67483449025862,1.225688822024577,0.6015377653302206,0.2979909990901711,2.4994805653222243,0.2985794373039149,1.7075226574764364,0.3992766958870693,0.9975593908188074,0.5024970446269383,3.006560690145135,14.932104565994894,1.0453997975087685,15.924080250233631,0.4003984755980515,14.935734675009293,0.08034671068547594,8.034952523201813,10.004605406674807,1351.5746255738454,9.979189440152524,179.2151505763349,0.4510685720033632,69902.52544262384,349.4158460950413,0.4990561155460211,0.0680665265113291,49.96701780787816,10.020768091008009,1003.0134893142193,0.5005215365189946,0.5017343710155695,999.065022037671,5.017438604253024,72.00466078355882,83977.76595374863,2114.3492658622026,149662.45631075566
15.924192237470047,2.742923536181263,2.047267095005777,0.09705551189215715,0.35008633628305247,1.9173177234468861,0.25147669233231645,0.9902056290187956,0.6469641004199014,1.635244900867783,4.1955850237094445,0.11753214211660586,0.2930087760919861,0.15226126913036356,0.3971702797963194,0.3122796295410646,1.2333683520642236,0.07072403872146113,2.7172472873982745,0.9443606214389066,0.374265596980621,0.24258433307065785,2.709877815348381,0.026861349403103713,2.221345308346474,0.6898662031246001,0.014125089935062816,2.003339243271268,0.5609775205067508,1.4946978303967557,0.32227417598568503,1.1010607571467994,0.1257665218911828,3.4840780942135625,0.10019404501318614,53.98946917461248,1.4247812265069206,1.0863591252320715,1.23483028476814,0.39814522270441793,0.03361897992207221,0.279754541086879,41.3930002089759,1.8186229230063988,2.238977910090183,1.4158570968129638,0.0999549252273343,2.199948475261057,1.2273769499820444,1.415164488405165,0.4770063504764792,3.582034600506074,0.7677106189665814,2.98552037347675,1.5907787512578184,0.14363567742216923,0.6436089120780596,1.4965277047145973,9.96382870014941,0.0007013904349808068,39.868126696811494,1.214245794000971,0.6014426721286686,0.29927225248042777,2.489369538355684,0.29883051013531836,1.7032632706736448,0.4005918535035831,0.9956882741531624,0.5016721137607557,3.0007027154353465,15.061079606000492,1.0539689042504232,16.050001243048026,0.4000635955849777,14.962756596262414,0.0800047804031289,7.968064910224142,10.01588461484734,1345.0586924595916,10.001117296250072,179.19788755350027,0.4490978062062359,69993.96870890727,351.29115467391244,0.5014339335601125,0.06809719522090572,50.17514184257769,10.036076769495459,998.4226907428801,0.5007950203298516,0.49951306515851723,996.5419088218963,5.001433120928155,71.70217896564114,84529.7151867805,2113.9312994355723,150482.4197055171
16.010004499320956,2.7515839612559496,2.0599344512203186,0.09695496044251589,0.3485158192806682,1.9111830716407823,0.25156853970648146,0.9882411538507996,0.6448059130950212,1.6315687023756311,4.200065818865803,0.11763167308686735,0.2916534655589815,0.1517938295962429,0.3975007167346503,0.3114904129197038,1.2322026127844707,0.07098163525008855,2.7253071520908927,0.9510491541679141,0.3767214675203477,0.2431439586157433,2.696476895775772,0.026774939416033237,2.2308972217391543,0.6919477590721745,0.014161696701486984,2.00804606409836,0.5593048895652624,1.5013689539281723,0.3218426892957159,1.1031851402440072,0.12537846188804586,3.4826081556118997,0.1002513237757913,54.06796750713511,1.431711918797369,1.084839654779281,1.2276674598728408,0.4018670558545681,0.03347963608004346,0.28055158141953446,41.41166052532463,1.818352942530932,2.2511851102034415,1.4090459294610223,0.10032671491960217,2.198958217333582,1.2353149561957288,1.410906576502194,0.47472520564795634,3.587347594104748,0.7726050916529785,2.981876870813578,1.593179698246974,0.14335711297153136,0.6451359759220593,1.5036920033359396,9.9708645332556,0.0006999886218291525,39.7150249624673,1.2139302307564557,0.602135775052882,0.2983278730351658,2.490728408292455,0.30094907121772746,1.7036899684294893,0.4010331981738546,0.9989204246186185,0.5017710125334749,2.9974208274639706,15.010576372941836,1.0447567441888488,16.023179698348457,0.40087270316851176,15.01006640482332,0.0799972470536349,8.024794917896935,10.018137271716522,1347.0039995362204,10.045907333807998,180.3730809495516,0.45219572518010587,70512.74061698382,352.33982854442377,0.5012768577061265,0.06847484968805193,49.83608533184146,10.004335141742375,1002.6537652239431,0.5001042857935278,0.5018411956420282,996.0965589919169,4.994047017402432,72.00429438138744,84154.01045490433,2096.7607468316437,149480.29244106694
16.054018766856878,2.7495705671280395,2.0407488097484308,0.09673002950372626,0.34990716390698007,1.9035896336651568,0.252516917383918,0.9929237022790246,0.6462393626708021,1.6315024842015728,4.195452119490735,0.11776822752888136,0.29413917079795154,0.15206702909905312,0.39752811923277104,0.31114277314904004,1.2279092994219585,0.07077943411402743,2.729456186052811,0.9527177027289014,0.3745503143993314,0.24385527503651183,2.7198557832683323,0.026914310431883665,2.2165376251353535,0.6901326601195891,0.014070737946377726,2.0059821489687986,0.5619903288719521,1.5033748574177954,0.3223950661288264,1.1001575126642618,0.12626594738601185,3.490137260458615,0.10040450635041945,53.73988481751409,1.436768886177566,1.0903935112986223,1.2344370203509378,0.3999316313294843,0.033612962519028095,0.2801576148526012,41.49842035110771,1.8134561928826802,2.2456586681091566,1.4092348305533722,0.09982231971814343,2.1875256748321696,1.2339372883608395,1.4065691300792045,0.4761650855677342,3.5647388920741974,0.772046191127866,2.988702292636327,1.5884370105304895,0.14331814328712947,0.6466734913201184,1.5045106946033178,9.989044651039695,0.0006998894945999605,39.79084907377101,1.2174696539961591,0.6018232964418532,0.29748765200483157,2.5076497645596385,0.29876040133005216,1.69225475404748,0.40199070178947927,1.0036945712323468,0.501914237517331,3.0135383984281985,14.990747446412174,1.0477617733241416,15.940803999202863,0.4000048365341538,14.95800724807149,0.08034844068539146,7.960320252995422,9.964319673774312,1346.5774240166263,9.96989567115932,179.50640118584346,0.45070221422277523,70060.94452680173,351.27358604878435,0.5019512896682314,0.06847014882761956,50.09726639564319,9.986550329822135,996.5973846762271,0.4991029203122495,0.5023214132435205,1001.2181138445313,4.988875555971701,71.96465899235672,84493.538883951,2108.545737163356,150090.97926109374
16.061626060261414,2.7547420882359615,2.052925959481217,0.09689845462936886,0.3486223603905434,1.918884214435796,0.2522491230926529,0.9891652657505496,0.6485768549194981,1.6228575349654688,4.223561558231363,0.1176656417319659,0.2938923197985115,0.15205225523376065,0.3951152251740813,0.31053425503851523,1.233884750270517,0.07057093378016027,2.7177642796569685,0.9504257208882292,0.3754361625161224,0.2427310816335877,2.7031455316153075,0.02699661901076946,2.215500715479565,0.688000328731282,0.014073104211413398,1.9940629915033479,0.5609752223409253,1.4907565552563367,0.32090046669376465,1.0990875817173575,0.12647812823804325,3.4745494470606078,0.09971267470676004,54.13013915368446,1.4355772098404866,1.0889506305579268,1.2268078247153713,0.39967924224422313,0.03340325903313672,0.27965744794511443,41.3403313354893,1.82137995321228,2.246848485197958,1.41156262616157,0.0997962547353793,2.186624126557961,1.2335752851772286,1.415334237705603,0.47415466188727246,3.582560265688161,0.7682918495859705,2.966689372322881,1.5937819291836304,0.1425295349810277,0.6435215886529302,1.4998056824006873,9.96844715841791,0.0006971618874546438,39.619691564221476,1.2255178880721138,0.6006908135399305,0.2976466024806406,2.4884727705193557,0.30030081984417323,1.6930683798959012,0.40017017628419005,1.0025195050827174,0.49961792674147393,2.993982344844496,14.932107635072638,1.0450101676891967,15.988804251143282,0.4015333810828119,14.961609416818979,0.08005924440462545,8.014744465574381,9.956082986750136,1345.3168550733456,9.983127679341957,180.3061677134674,0.4497256580050264,70346.36278277692,352.15979063093664,0.5012918613829926,0.06873669708980226,50.12718053436582,10.035217919500745,1003.3236635846498,0.5011513288114002,0.5015090090832794,1004.3468322786739,4.998760368926314,72.09956665721703,84223.58088893363,2112.389328580393,149897.03940430726
16.051156283383158,2.758232250814071,2.0594686650780556,0.09695595091967821,0.3507336682846006,1.9149071624050669,0.25309942180186773,0.9940283339387497,0.6484764475838707,1.6312901969295828,4.195992960715818,0.11856045598886002,0.292282201165721,0.15234159905204597,0.397171348219029,0.3118165923743875,1.2264476827563573,0.07057978395202753,2.739732340824613,0.9481019714943758,0.37445891505246387,0.2435273573188138,2.703229635531016,0.02700125018795198,2.2157724936498657,0.6879318687276219,0.014041465040541245,2.0002306227327526,0.5617231452435388,1.500762142804709,0.3218860203307616,1.098281975658168,0.1256996851936975,3.482257321416902,0.1004278479018278,53.72944387438553,1.436980922871167,1.0851186144779394,1.2249371998956353,0.3989947615231515,0.0333520688171508,0.2815141135620431,41.39519565050076,1.8170331564633757,2.25364611610421,1.4118421160158994,0.10043987208922758,2.200101605316789,1.2322224104406845,1.4144812045741426,0.4763890192265921,3.5796886664706564,0.7715743288178574,2.9674321184289703,1.5941025352220897,0.14366042120028505,0.6413272374101298,1.5050417367688778,10.043298002664926,0.0006980833222286144,39.68984507924333,1.2252198703506483,0.6027613560271378,0.2968910895053699,2.496225105638886,0.30059443392345253,1.6952664944895608,0.39929908251453794,0.9952329106000469,0.498267608404656,3.001869884832532,15.022963509945626,1.0515635742265061,16.044537675324513,0.39966112565495515,14.966023607436172,0.07961246456003403,7.976530386084191,9.981238781220203,1345.6557925624863,9.95201444714966,179.38340569559736,0.45074744799105404,70272.94563698879,352.39868318555585,0.5014908414569865,0.06844634518391937,49.8187781737466,10.006407181892516,995.6159506091418,0.4996544244870542,0.49945129314473596,999.2781380936294,4.988991295919739,72.13379792228915,84498.11274535698,2110.6522826942087,150191.6281436863
16.00613516789328,2.737104814950221,2.054570146973184,0.09724372341727028,0.34919759367732356,1.9067117829421008,0.2530977291019037,0.9912311862266605,0.6478439125765808,1.6319710243572467,4.206368551881896,0.11796481508237955,0.2923856061221534,0.1519085770168993,0.3967349452404541,0.3105646188062698,1.2336288371097426,0.0706463495149298,2.734983882360707,0.9493530359831668,0.3765738814647713,0.2432627532665016,2.722441659811684,0.02690224457976506,2.2251574843644404,0.6914176003855185,0.014062813728396243,1.9956661167837364,0.5615729760916421,1.4936721380190343,0.3215709127785545,1.0988005667532115,0.1261308693467823,3.480224162491454,0.1003042918658767,53.87632584993551,1.4329492907970702,1.0824502797710875,1.2296305743477296,0.3981128781287093,0.033558929847258216,0.28026129418613077,41.575945739758396,1.8167990607057458,2.2514356327053986,1.4065791648172938,0.10012011262894734,2.1892782274679177,1.2284087276165192,1.4058220198220306,0.4731547263838644,3.566391672995649,0.7738426081347927,2.9773868596603457,1.582080682355186,0.14364768817059517,0.6409086707120399,1.498778791883318,10.021747758597064,0.0007029021947106023,39.76447328044026,1.21955623420978,0.6028466522339045,0.2966271717614391,2.5121723050634497,0.3010481746551253,1.7072918102911476,0.39901908969639016,0.9964245807228427,0.5008165763968635,3.0004757831395836,15.003475194111656,1.0544585013740737,16.01921294506452,0.39924425534041835,14.985009983462682,0.07970679666807348,7.975385123222055,9.964335007020953,1354.188933106353,10.02048734679721,180.05462103169953,0.44943465525132403,70300.25266283544,351.96789099346006,0.5019061660783585,0.06843215910009313,50.15994256090984,10.00113059534127,999.7453008918789,0.5018271592781105,0.4994318696813233,998.959126790407,4.990245567264245,72.01346524437213,84248.76866187023,2108.377707108785,149895.75346516437
15.954853966701375,2.7600881567163813,2.0468430177783787,0.09761110100408464,0.34897573666559256,1.911147097796112,0.25209227003569423,0.9932536136944772,0.6456597569861454,1.6366819759185542,4.211323126048444,0.11810160907301893,0.2930297872393624,0.1512947578583911,0.3959884790207541,0.3112622749475522,1.2280650646186473,0.07090556393222448,2.7299371316346432,0.9441437086560874,0.3743946351931042,0.2422361482003502,2.701622987472107,0.026929132903625298,2.2128474811018113,0.6926338640205958,0.01405907625314649,1.9918226289085277,0.5641116926119412,1.4939360538138688,0.32175986086806463,1.105049290224137,0.12655990521613877,3.497500599435346,0.09956893895173256,53.96031966160928,1.436993814471104,1.0918579794029686,1.2251538306579952,0.39958386921236144,0.03343820480987745,0.27966064679608205,41.47062702102586,1.8158840402313563,2.246509480570319,1.40422406016149,0.09999796755877866,2.18251387621398,1.2291647122100278,1.4049711253316566,0.47715578697726313,3.567290374688458,0.7701685310846499,2.970969998794506,1.5832641526752147,0.1425743013249442,0.6411327452515944,1.4945909607468149,9.999348415776321,0.0007010627086474029,39.51625643862048,1.219280427211632,0.6004874821371201,0.29720799251510893,2.4968019602879004,0.2987155046092008,1.6952422283639625,0.3998670117036758,1.004904421789253,0.5024813253146956,3.0143886504337285,14.988462957945048,1.045597143973354,15.971771749959892,0.39895085750148396,14.92711898623648,0.0796761868882307,7.996255354803925,9.98396624638043,1345.6847752420656,10.021609997065875,179.7428080726139,0.45158340535085945,70000.21259061586,351.00471123866686,0.4984206960857459,0.06839678562160792,49.826233254489196,9.966157862437152,1001.1222337704202,0.4988189302108788,0.4983618361328212,1004.2976825013506,4.9771501625370025,72.04690664114104,84251.6434638462,2099.7503168061844,149929.1576176692
15.93403804529322,2.7560849290129066,2.0442947915417244,0.0969019705697514,0.3493520746739712,1.9176852654770256,0.2527470959536745,0.9944242336822241,0.6489847160022943,1.6326556206298228,4.209159305075843,0.11847811986157301,0.29303187004736203,0.15177969130760843,0.39655588503927397,0.31214395521941096,1.2253754437283118,0.07072404959305,2.7249037837228793,0.9512879841871054,0.3755444480142189,0.24378137921531248,2.7084387579947156,0.026968191651566865,2.2119032588129484,0.6929300865156433,0.014097258944602648,1.9951959649125262,0.5605471715877702,1.4934832070099673,0.32157085183679585,1.102392714859432,0.126566499834055,3.4958994063113145,0.10004716627094411,53.88228907830203,1.4346931808786376,1.0908007737905887,1.2274543633955237,0.40181368099461373,0.033464863646674135,0.2815423191402206,41.58321674753823,1.823706577435572,2.242384891345152,1.4112145310679522,0.09961877712309558,2.196332210673129,1.2273101766386487,1.4127525290051461,0.4769479259521184,3.568580152653992,0.7691750053572289,2.9843841398845923,1.5887225716256712,0.14253499108652332,0.6409672211952471,1.4985989721555295,10.01492090265819,0.0007005178894570674,39.543596523937026,1.219398460015182,0.5992168262770875,0.2973271231588343,2.5057317810965096,0.2994289560900815,1.7006824131896612,0.40169289414107845,1.0003927598225357,0.5005851145508028,2.9871973795850266,14.95172012156126,1.0458099875926303,16.042370071736933,0.4013436843236673,14.952968293979186,0.07977541740073847,7.985856583159422,10.009107761695384,1351.6442486163003,10.018675395854144,180.7293469611842,0.4490776806322344,70293.4202338051,351.0795495489802,0.4990291862020628,0.06867867198763007,49.79774170597961,10.021200102683206,1002.278737130226,0.5020766326384497,0.5000929029617568,998.2162233821924,5.016387033493,72.19498340291932,84211.26578205878,2110.6383977570913,149651.8134031159
16.014321012864553,2.7600425450066663,2.046268682344638,0.09718401058292267,0.3515786569896051,1.9156958461816598,0.252975338331233,0.9888639459028155,0.6512173540824319,1.6243368193563459,4.210790241553407,0.11797554259110955,0.2938744063190443,0.1526210990142228,0.39691531193255597,0.3123956666567265,1.2291073790474365,0.07080731074928961,2.7302538985510374,0.9434530931305278,0.376011452226152,0.24386500904442307,2.7156713257019547,0.026979545619351626,2.217568766772861,0.6901999153346994,0.01403422118322859,1.9976599588433868,0.5618562181722967,1.4933354772269982,0.3204905959523499,1.1020944891965685,0.12591821056606953,3.487057168939617,0.09974998675402852,53.93039436809982,1.4291137829721714,1.0867172112218262,1.2309947175857674,0.39802529858895896,0.03363657812768537,0.27949604232322484,41.36968775291409,1.8146741863293567,2.250535103310822,1.4069012445340394,0.1003600064980626,2.187730280363777,1.2317066933359517,1.406459204166885,0.4727171792148466,3.5765687323749553,0.7702809459695987,2.9787945051076,1.5973460283847198,0.1432957800185998,0.6471921135160275,1.4969259013547096,10.028905327960713,0.0007003889092728263,39.72434650864516,1.2259274090453962,0.6009239231985066,0.299188474339164,2.505643755867981,0.29888215836517423,1.7033902030754793,0.3999372623547419,1.0041879799298232,0.5015341722359522,2.988124040628217,14.945087346548034,1.0454809155188853,15.998919179959138,0.39832308703682945,15.033551750486202,0.08004188686516034,8.02687080140425,9.977979578867131,1350.2584005861754,9.961747968591055,180.69229800477046,0.44853752233030425,69902.92987524274,349.83511103503827,0.5015311574436149,0.06813037713693632,50.057213747419084,10.024618130061512,1002.5108116048286,0.49845030443304067,0.49780811999188807,999.4880638377222,4.985124267262227,72.14347498249003,84090.31957351783,2103.9339004587473,149420.22739965256
16.01080804584771,2.741351915214877,2.0536692060487556,0.09678317609551655,0.3516656310729846,1.9135244652909886,0.25119795851088605,0.9851895369900724,0.6469273195414897,1.6243408562040509,4.198145117124333,0.1184398453049567,0.29330238965394895,0.15150821563260392,0.39622437122672227,0.31123803563868596,1.2358572706316044,0.07046919211902669,2.736342292925181,0.9505880118082946,0.37437253199248094,0.24220264255508217,2.706864710461717,0.026999033648336317,2.220821398632891,0.6910716172650502,0.014139904809799415,2.0065624557667503,0.5618667191321303,1.497131633287439,0.32270197885982266,1.097396765946092,0.12644665706782054,3.473275460174207,0.09969577160220973,54.07183778929097,1.427715692430065,1.0831936828913653,1.2261470834952501,0.40012302560774426,0.03361597081233057,0.2794948165591695,41.1956660482867,1.8193660600722306,2.2602642168387064,1.4068840382281391,0.10045917053906704,2.1984902177673207,1.2273325614395663,1.4144689677060114,0.4758828696872019,3.5804232415227903,0.7694064543014302,2.9894019821265783,1.5946599629798508,0.14336741896039784,0.6472087683258265,1.4996776869141208,10.030692297781991,0.0007025373485688843,39.56556390432082,1.2144132105930472,0.5994284904131314,0.29906307531962156,2.4947275820298627,0.30060003046220224,1.6916249183640926,0.39942145772928095,1.0011551669475816,0.49814878595036166,3.011898207364423,14.948441096567562,1.0543028322225418,15.954622289389276,0.40197711469566333,15.015712306994336,0.07966747591555065,7.965222178758292,9.957492169625947,1351.2135520884278,10.030957920232737,179.82533293518688,0.4497517609167684,70244.66389618591,350.98592957001387,0.5009403086655063,0.0683807014325915,50.10693034253203,10.049731074254662,998.5029784224876,0.49756107731457677,0.4981281252277583,1000.5351418498695,4.992212889357233,72.31678746746759,84318.32362694033,2105.428476664573,150447.059251908
15.961374379367856,2.7587928098577645,2.0398127526497136,0.09731632639599591,0.3515216500286602,1.9154981250838468,0.2528911581642113,0.9889798514821978,0.6501010683707288,1.6308285561399931,4.214990543956785,0.11747952010041625,0.29212554647272093,0.1520774659115806,0.3942528521889811,0.31275331403655365,1.2341827012048192,0.07109761655179671,2.719128278935609,0.952168547951256,0.3743742512286862,0.24293695660470457,2.7192208026590134,0.026784413696273837,2.2093047298203556,0.6867221392590758,0.01410158910376048,2.0062319348919333,0.5599061378914281,1.4913804155035708,0.3222207208732603,1.097077251608931,0.12629006930628253,3.5056922750473687,0.10026603340660041,54.11333524001487,1.4302800806232747,1.0906123108368446,1.2260997091630361,0.39827339156158253,0.03355224429189177,0.27944233067804886,41.552448059381916,1.8234862854773548,2.2601745163217,1.4073758018540166,0.09998615830920161,2.1952930189944877,1.2268361815211681,1.4105900683635744,0.47575746955627596,3.5971413498292035,0.7718842153656663,2.9686202993383164,1.5896078018769946,0.14312694221967506,0.6417242530400464,1.498979490854716,9.978400581633583,0.0006973317927958341,39.684778239198295,1.2159207235883505,0.6005432244515142,0.2970156968580807,2.5055898730900705,0.299085724869089,1.7067368467131943,0.3981048374261953,1.0002199738704574,0.4991005238294327,2.991752295773238,14.995740416874773,1.0535912051314047,16.06644435288426,0.3992129944725914,14.948136543314261,0.08017611235805305,8.006559898036478,9.970101614867756,1353.5139931391805,10.001893043524213,180.27611135911334,0.4493670256528352,70139.25745047323,349.74841632056814,0.5012825793382266,0.06816539574571982,50.13915129737553,10.029800785488458,1002.4660096405511,0.4975971139402937,0.49886566606303334,999.6833774279181,5.00477721893584,72.30183991154571,84106.2465451893,2112.8942408601915,149495.14393220525
15.979404878001379,2.7376877552975865,2.05497103046664,0.09686043448022479,0.3491495700547696,1.91525695511689,0.2520874861279052,0.9851883299222428,0.6447744841267631,1.63017376829736,4.201788627128841,0.1176227675062743,0.29333283023750817,0.15158722343701048,0.3963651403127524,0.3116233097658292,1.2261469784773384,0.07054377815441108,2.722816294465375,0.943542808383963,0.37527855737725635,0.24397674989714171,2.71897991361143,0.026865569010557585,2.221683506332516,0.690464787857197,0.014146351993026314,1.9947258020303393,0.5608556976870167,1.4940327279431718,0.3205216013670648,1.097961566496181,0.1264761713585009,3.5043783689002446,0.09960963534576855,53.88738935978649,1.428303289292703,1.086884334467296,1.2306730501459215,0.398081035040071,0.033614651153053586,0.28202957505339754,41.453494251688305,1.8229202307405794,2.2506295468011905,1.4076632551051727,0.09964897782417953,2.191840987205043,1.224402779263163,1.4145754862044553,0.47462433057248543,3.5769482012249987,0.7686692156102645,2.9939867458832174,1.5848311795490546,0.14250137018470954,0.64184602286995,1.5023779122427614,10.04918953187296,0.0006981483261928122,39.84094898315637,1.2172991220223397,0.6008873995207518,0.2966306868767614,2.4998913493644044,0.3004637098988369,1.7006174362127846,0.39895134153952716,1.003284969482679,0.5023506825561912,2.9987758828707616,15.020387889778387,1.0530493393176283,15.958638249699487,0.40145780152771515,14.967030135796499,0.08022066464281219,7.968967938594114,9.978838670341418,1350.4538691081882,10.00249220957043,180.63077613207545,0.45223257265937367,69906.33271584156,350.0678695416432,0.4992879910511154,0.06838558019094204,49.996954871577195,10.035619506314841,1002.705593027851,0.49759425789518974,0.4997751088029159,1001.180738382441,4.998019779354651,71.7340645843385,84124.66190061673,2103.1403523824806,149531.57388367463
16.041009138315353,2.745088518703918,2.051824239456656,0.09721528973589193,0.3513209947772573,1.9027804851985801,0.2510279427807987,0.9880231647243178,0.6475542729934554,1.6267162386546596,4.221080176168839,0.11769941369486897,0.29178338999632264,0.1518689757110239,0.3970825819810284,0.31309375326399064,1.232870141634869,0.07084098376837782,2.736120433457752,0.9497195727946804,0.3750012185381814,0.24312334410805372,2.7173335129145015,0.026850805458044413,2.2234182038571157,0.6898722149498796,0.014100445397983247,1.991801100755643,0.5629341404690164,1.502474334919257,0.3208454087474433,1.0985271622843809,0.12543132099309945,3.473584152820576,0.10048965849667174,53.90648049012796,1.427933921966484,1.0845529138229137,1.235904155532823,0.39900900314208676,0.033575612312572146,0.2800930089749272,41.21222560626723,1.8233356343842264,2.238786694071672,1.412478054013004,0.09975037659898983,2.195389682682366,1.233317927058413,1.4131599120673273,0.47274129634697115,3.587293770983247,0.7737741212282294,2.9723302359820636,1.5864103932983828,0.14344834296590014,0.6418129554245612,1.5024087551325684,10.025502637750057,0.0006967601246327355,39.70133279900444,1.2209257025541378,0.5988206573843508,0.29912150711480456,2.4915687429824964,0.2995925841285176,1.7059273676815043,0.398762571026424,1.0032137413632767,0.49789534588683976,2.9996768720156997,14.936299599366855,1.0518679876431458,16.046496238248896,0.4013994341929872,15.072189337611597,0.08013761257783968,8.021524953107201,10.000575827832133,1355.571948165945,10.014375838219946,180.6903925312524,0.4488095340765625,70179.71050926355,351.67636564833657,0.4985136087728134,0.0682025564185912,50.23902137020282,9.99346103607372,996.8181545292377,0.4991573194099075,0.49948688074132963,1001.2308525747022,5.021150732952387,72.3503448546639,84338.74704186662,2109.2083656947916,149732.74375454488
16.057145375271798,2.7422394542185584,2.0419308033108745,0.0976600048223749,0.3512744853688718,1.9062496220696783,0.25244143020528026,0.9896734817383906,0.6468538707758226,1.6265244196353925,4.1946767554438,0.11805819533708549,0.2928435283020443,0.1520185233588559,0.3948728143832185,0.31336846529281254,1.2317046717148654,0.0710829172654274,2.719333102832694,0.9491646271563163,0.377313976438102,0.24258913749494912,2.7017383798835852,0.02683679073126171,2.2149591287338457,0.6896356728579723,0.014075460867991886,1.9954254814541597,0.5628346391170369,1.4903088946039282,0.3214859713656099,1.1020872716253451,0.12559157068409407,3.4802603823912306,0.09970066662541292,53.6409492641389,1.4296248788511914,1.081988482040953,1.2272071596848313,0.40197921369836787,0.03364016273081575,0.27990021779349483,41.311360006569174,1.8193394233972875,2.257749304799833,1.4142673077736425,0.09962624143656629,2.1817754297788285,1.2289758067228966,1.415218344993554,0.47681490374570357,3.5659436974187777,0.7705720891173348,2.9697391208743285,1.592959456029044,0.14359549954453832,0.6437087142435428,1.4937462416203808,10.007925419589455,0.0006993596166909509,39.80336462492611,1.2180522024599019,0.6022493832028355,0.29732562721475164,2.491437940897217,0.29941944113195573,1.6920935684609866,0.399124983867497,1.0016011763388202,0.498211414892783,2.9883409491835975,14.944857793688152,1.0455642925797455,16.05994166589487,0.40177646046198606,14.931984172759318,0.08020805742523482,8.018972139737375,10.049690942461002,1347.9462539332344,9.97855089916904,179.91554781745768,0.4516045882971713,70342.43159020595,350.7704364760678,0.49872281421642933,0.06855527876702756,50.17726343402109,9.989995123106748,1001.6858544582096,0.49950106010588297,0.4998924671907074,1000.2491037995492,5.0137862907011135,72.34380430857283,84164.15018921928,2101.6807308815123,149810.38650970857
15.941422251100029,2.744415815289987,2.0415221719720105,0.09712991322381022,0.3488357504425887,1.907066368848111,0.25273981592846684,0.9874846837408323,0.6487250771462966,1.6365392571337523,4.212817718773943,0.11763867528307144,0.2925451649483202,0.15213736119491977,0.396026180113449,0.31090369388918393,1.229345595039694,0.07083049121999645,2.7236481831046917,0.9490659834854217,0.3743838019740644,0.2426029550915642,2.7182459021682717,0.026835247611444294,2.222334926070068,0.689379205024601,0.014074120880080549,2.0083226337582003,0.5611191308556118,1.4930580382452607,0.3233179502363616,1.102705387915294,0.1262290676392597,3.474278769478134,0.09963120496071577,53.98457907448978,1.4258448895623255,1.084017684903802,1.2334334037387262,0.39914369979534775,0.03335648174622089,0.2793987644760988,41.36648136892082,1.8221317401138606,2.2582999177513154,1.40451234196996,0.0996966728262883,2.1906526333788734,1.2283285328555762,1.4097537780625613,0.47701459208267494,3.5816071212083553,0.769346428701713,2.9945853092196524,1.5830869291514027,0.14361792223117073,0.6440107022629017,1.5000563450665068,10.04219643342032,0.0007000512678571514,39.65555993352236,1.2172243608238298,0.6009529006009044,0.2982075423711196,2.4928586359236946,0.3006282387451839,1.7024494765747225,0.3995893355368262,0.9950440092190355,0.4997329057508809,2.985181743513907,14.936249773394856,1.0492714039760487,15.933107181469651,0.3991026617351487,15.023323705283845,0.07984689227408753,8.03981188752972,10.041630203391495,1351.1516837119043,10.046694713863491,180.66243112997853,0.44918504333478215,70357.1716373574,349.59575168053465,0.5009227571218937,0.0683938999693223,49.75841296962641,9.977422982239037,1004.5538221740425,0.4990791574254424,0.4984072722765072,996.8753144657221,4.998960663232097,72.24670745328278,84428.26586643643,2103.67073475867,149563.09032515544
15.927370384016351,2.7489723337857748,2.0564528946446226,0.09742325089777365,0.3496801026866953,1.9118088210336261,0.25183934123278445,0.9907822594869228,0.6481134339836702,1.6329497555820398,4.210324542312744,0.1185199209778377,0.2927891225720343,0.15126419278062037,0.3949560392002196,0.3120018933972928,1.2304990337782304,0.07083708843083293,2.7358572722827734,0.9458636643920141,0.3766200378331959,0.24349579842367966,2.7075957083960245,0.02687368348767036,2.212872130241573,0.689406512896162,0.014140441097130689,2.0081794601109975,0.5625261061352069,1.493996574040014,0.32258697289408433,1.102641608295656,0.12578858810126364,3.501396520365985,0.09957369583213835,53.646247329158165,1.4246084820486382,1.083260810740885,1.2346608271052568,0.3996999268088851,0.03342460211681008,0.28050091385057496,41.34647464548879,1.8163866023573818,2.241852740604269,1.4121984080138315,0.09963660440277966,2.196031795513531,1.2263307625633495,1.4132623354305796,0.4764515340020534,3.5665866711499254,0.7668179424158176,2.9933972685654786,1.589412444227366,0.14318623675781134,0.6409297972343841,1.4966806527083452,10.000539765455938,0.0007027035281937257,39.58930716088955,1.2233573341022763,0.6009732775695521,0.2968535068880611,2.4948343793198,0.29921359210931586,1.6990229689887457,0.4005413369721903,0.999334197555085,0.49872268287875904,3.005876363046848,15.012670664206722,1.0502027960278648,16.008707135591354,0.3988876025851753,15.027064659163866,0.07991000042843101,7.989077425578401,9.964973420826677,1351.3073040164309,10.01026644105465,179.71254115859975,0.4516193252558948,70424.44926247647,349.4982888451549,0.5009751919390496,0.06832738297323056,50.24985742553144,9.972502362968465,997.8052420541449,0.4997105314727786,0.4988435757434033,1001.9199336638651,4.999045405609074,71.79903276109167,84216.36766765533,2113.183982481984,150438.59347027505
15.999812627908291,2.7441835465864033,2.0434376725264016,0.09756778815662565,0.3507355842917454,1.9113783190901164,0.25295617530780323,0.9862547338450035,0.6491825305732933,1.6253824106923354,4.194026310266773,0.11795941804180818,0.2926700612842095,0.15267058388617427,0.39530295900513723,0.3129824950482422,1.2330605721057604,0.07091889010000144,2.7414769329118096,0.9471271251547351,0.37558516365929556,0.24217610223930305,2.7039231522459164,0.027002159866680375,2.2194312833506324,0.6889053379231158,0.014059971799766586,1.999699205004872,0.5632176593820106,1.4938067796210923,0.32282984719701674,1.1014276655219741,0.12636232882880002,3.4813067460477343,0.10013102814473306,53.72332868917243,1.4280522968449543,1.0894387942309411,1.231619521142633,0.3987514429013501,0.033620044795150995,0.2794462562074429,41.42940977347704,1.828805533104215,2.2507088564664617,1.4142394726614276,0.1000951809731891,2.1961996340968133,1.23191380786487,1.412694961404979,0.4737071029676603,3.58865718870591,0.7679819061273154,2.994323080199249,1.5856718163362833,0.14262345812514463,0.6463098548959161,1.4961447879294423,9.986090279349128,0.0007015024811282531,39.54459143662128,1.2158406754088955,0.5999181505395996,0.2972362163276135,2.4933914488892257,0.2985277167642555,1.697797643050365,0.3992730022184736,0.9953115581082667,0.5006061658910683,3.0037996554601003,14.93562007076605,1.0480789364105492,16.059648885119262,0.4003286682729783,14.986796208601799,0.07997208154277127,7.976662399554864,10.031188150070792,1355.589063523588,10.041066404225003,179.50308190504612,0.44914833120499403,69943.81827581683,350.1935266175757,0.499164026860613,0.0684910443241522,49.844823190774065,10.041939692436774,996.0309947008531,0.49753439005517164,0.5017747256431526,1002.0376980776604,4.9927679935178,72.06875978825528,83978.19372275773,2098.019602103985,149956.72370270808
15.976510052755353,2.7531688263897203,2.044222058283501,0.09735836572494491,0.3509340153210598,1.9036327503318438,0.25085052287421317,0.9894019150154831,0.6497756760772309,1.6324577113198584,4.218499220429454,0.11788535042119216,0.29222339044759144,0.1520483038417926,0.3948292881472468,0.31270583353459336,1.2262726874083016,0.07065221439283376,2.730178672448218,0.9478740101756803,0.3763791936552904,0.24284799037921478,2.7213677266606235,0.02699144227133904,2.228416318617453,0.6908936643426836,0.014119036116136373,2.002183973674319,0.5616340489478486,1.494336926835977,0.3222962492975853,1.094780850208523,0.125379395103594,3.5022722997377564,0.09954642404477763,53.923367065544745,1.4316443250101798,1.0837191212659958,1.2348674893106613,0.3987603830869935,0.03362881252076783,0.28143821368601785,41.28269350846366,1.813643543826225,2.24586523597919,1.4085611029844107,0.09974578467649892,2.2009257249177216,1.226674723735747,1.4146619510604581,0.47338080929867976,3.5971927575848786,0.7678865306287798,2.9776663189325507,1.5909311686616097,0.14245700857267318,0.6460403212345653,1.4966202829902124,10.004926990160165,0.0007003474366748528,39.72072781084287,1.2145769290355966,0.5980117125709894,0.29699035288391157,2.495051281485396,0.298934742470575,1.7071726624531627,0.40005181780204524,1.0012357514770267,0.49928744087699056,2.9932873842310173,15.000476575534833,1.0478403912357657,15.974983348116762,0.39981100349708343,15.000860053077652,0.08038745120942548,7.977865807052955,9.998797616488265,1345.268408483106,9.984999923270797,180.3911592936715,0.4485350796469226,70239.09397466476,350.57772888139306,0.49775789772202234,0.06869622346517126,49.95680157014644,10.028392653575116,999.163134887318,0.5021868016078939,0.49895235167214447,999.122306496877,5.012943212012964,71.88744046700221,84096.77373334207,2115.416027800369,150083.42178853552
16.030300872587222,2.753945211439224,2.0567224450167094,0.09755169399665736,0.3502213964636461,1.9060760210318581,0.2507974566238889,0.9911325921855366,0.6501090380395611,1.6291937988298397,4.195884128514665,0.11774993684606404,0.2930292675634697,0.15251175545284604,0.39470014245843094,0.31234990761221365,1.2331164339515914,0.07110872164439705,2.7195360107828326,0.95204219269188,0.37638151793225605,0.24364808485746042,2.697907294629308,0.02690165385386732,2.2227223787645936,0.6886671534951225,0.014090362679342276,2.001085962705592,0.5622953194215242,1.4901416670353405,0.321805131288384,1.0968519997027146,0.12652503579838753,3.5066326416553038,0.09979964689635207,53.73489244765804,1.4259889093585612,1.0867581670156865,1.234606418869092,0.40000014485975055,0.033351056340674624,0.2794084588868158,41.2771671123933,1.8262384372524916,2.2527333125445406,1.4108877057383866,0.09981896959258264,2.1994044163705113,1.2279234924130342,1.4147227162184064,0.47688054171038535,3.5794033934731377,0.7730360273750017,2.9733487379642534,1.592519091476314,0.14241078816038985,0.643832136338755,1.4957599770323753,9.95627632779306,0.0006965260785565434,39.61046163980371,1.2210922732533485,0.5997313820859068,0.2974092725095881,2.5122800007694064,0.301318575119939,1.6936361062162373,0.399660429706674,1.001488469339936,0.5011674539876496,2.9959911646472848,15.0369422719103,1.0460535751355622,15.973090020041232,0.4008657327030236,15.018852418539057,0.08026976817188931,7.9637485618133725,9.967439171782305,1343.9046768606715,9.969211422424921,179.1077090591393,0.45001894635755485,70201.87160909771,351.4239948934192,0.4994245622360052,0.06806019406042867,50.086945577203814,9.95542910877479,1003.6617043081773,0.49761326993853966,0.5001523756162831,1003.949178823855,5.003624478789439,72.07806005751162,84363.9363114934,2097.0517062447266,150262.39065121583
16.060856781122048,2.763041072902971,2.048832565986846,0.09704885871583056,0.3508865836545871,1.9108188989026202,0.25138840772922666,0.9867543630612,0.645863092347841,1.62933458569668,4.196112237476418,0.11743326835393354,0.2916876201106612,0.1526534245068085,0.3943089269109942,0.31066832375461256,1.2293996178800624,0.07061953099989321,2.742631542164309,0.9518961457584391,0.37564183461500394,0.2428754175921815,2.706615579998348,0.026775685985377003,2.2154011998314544,0.6873964469403226,0.014043934216532132,2.0012172314587278,0.5597450585003503,1.4910558819172153,0.3219372541617183,1.0993651060163492,0.12554341982926678,3.4727052709658293,0.09969297444176785,53.76761951422953,1.4342935527436065,1.0915158148702306,1.228843116089102,0.3996201069060039,0.03357118123005955,0.28105627009808304,41.2592656232724,1.8128599420257847,2.2485962675397384,1.4109140799205946,0.09963870760315881,2.185472689505645,1.227613098856096,1.4066343046344405,0.474813616014886,3.5854796763186463,0.7700723021038431,2.9711034055549708,1.5836867308480538,0.14346027476194512,0.6438667221567026,1.4934320877620082,9.975812149964955,0.0007021282364486891,39.779885005670145,1.2245849629213479,0.6006125269560102,0.297770259684387,2.498165874938861,0.2990820001334788,1.702563582345804,0.4003402750243714,0.9965486441142883,0.5019283146002268,2.9960540460993177,14.93246081482816,1.0481927496681878,16.05917707435385,0.40166782634344717,14.998559762588945,0.08036507195205873,8.030019344736957,10.032523071709923,1354.8560858732098,9.988187541216881,180.46164409335995,0.4503480255138426,70336.17862610138,349.73944811566867,0.5011569695588747,0.0687129932249888,49.90133166119071,10.048616132395562,998.7837601480537,0.49849861748510516,0.4980614311490012,1002.8496191328817,5.002741270018828,71.86113453143666,84302.32714090701,2101.465730004053,149922.53663599267
16.058026260120492,2.754624578113627,2.0553792377139466,0.09728115573202842,0.3517198931710996,1.905060932266156,0.2514009737250114,0.9859663334935095,0.6483500463734182,1.6318477555534563,4.219512982219039,0.11780582619262012,0.29157091242946453,0.15220098889637423,0.3979748341503807,0.31135899398382477,1.2261123937653688,0.07064549100614105,2.7279638424614134,0.9456386545664702,0.3754245696953819,0.24333584237474784,2.705800258443435,0.026872039856146803,2.209788694034144,0.6928838032611977,0.014086870920347994,1.996562870320696,0.5596760411828992,1.499008722734466,0.32317151633984925,1.0949526852005764,0.1255530433088812,3.4776590050281286,0.1001022748553478,54.13708536401546,1.4291100876490366,1.085302176091867,1.233269840432839,0.4009702762470226,0.033415163306657863,0.27974793959899824,41.33114757241671,1.8250159817385248,2.2543889262730867,1.4123385372596224,0.1003294285601632,2.1851191538402763,1.228028109823275,1.4035469862535892,0.47675154243506673,3.5829509845102137,0.7684455416475044,2.967168612637191,1.593552211100283,0.14335569465295514,0.6450701905196207,1.495556714564201,10.04132160585086,0.000701772106133146,39.742597709198115,1.2218415158657459,0.6024261462005498,0.2992763552566294,2.502390935450256,0.2997500082328876,1.69768347765251,0.40127631536432284,1.0014460533983434,0.49788633015126826,2.989265580390451,15.060027884265727,1.0540372305550971,16.072293191791594,0.3997114038693133,15.042609136146105,0.08026258002185145,7.985255752467055,9.964533771122714,1356.7098558821285,9.953021920375134,180.1752046536806,0.4506759552338177,70309.58339598113,350.01257106526435,0.5011078962214942,0.0682060173012844,50.16451912787584,9.971911667408463,1001.9670602907606,0.5014170674291698,0.49844472875231094,997.379864876326,5.013955186936718,71.70191925957717,83950.5867056817,2104.0639255752976,150645.27289311713
16.00990045358288,2.746911140825726,2.0598065895555604,0.09716472738964708,0.3497680724079062,1.9083124064525552,0.2515266937829691,0.988274378616402,0.6492171841483431,1.6225156202366726,4.21765448414971,0.11764742130778852,0.29266072944938915,0.1514627392382917,0.39620889413452703,0.3127155733882507,1.2282122635854933,0.07056169893689851,2.722533602386721,0.9510157104676223,0.37512635924382504,0.24366752730101723,2.705425503924448,0.026816269057118258,2.225046250023729,0.6897829607033789,0.014033910092429748,2.009198848386888,0.5600203743613053,1.4948055024375029,0.3216290387246862,1.0998837288918426,0.12635965946814107,3.4727625507606623,0.10043247205133608,53.98870291799544,1.4364442789718295,1.090450024271717,1.2352624100824234,0.4004040022037427,0.033452198509263856,0.2805397597751599,41.455409573267985,1.8186701598477473,2.2552126376280253,1.4042450570267284,0.10032998664898488,2.1835217312081596,1.2354605555971538,1.4051431957791154,0.47323852993148635,3.5911651647590284,0.7724540040733132,2.9871150307124608,1.5973224343760846,0.14267187166902012,0.6461036178790974,1.4977806079506513,10.003739862556934,0.0006996192002079092,39.48392128899688,1.2209084387611775,0.6014850353265836,0.29703016610305427,2.5107913965473254,0.3000911986182555,1.6945301820535685,0.40058379028366753,0.9969192270851535,0.49781766674147665,3.005559457272577,14.941604232495823,1.0458652832079527,16.038390970109088,0.3982208089328323,15.046465376857192,0.08023691900691826,7.971311474246221,10.001838064727696,1344.5544441280806,10.013257121978597,179.21327402334697,0.4520001638534523,69976.87958469708,351.511722479327,0.49814145712188557,0.06820136397065552,49.97547482444168,10.00730961413415,1004.9886324039168,0.4976296311404547,0.49750157209822043,998.5036709471494,4.993307818390121,72.27636280999101,84558.43988924137,2113.010050752364,149464.76812572908
15.985936773628971,2.756761841963113,2.0461585268895766,0.09735866736371225,0.3490800000211688,1.9066273078270513,0.2529082827163582,0.987530039457281,0.6510088200830139,1.6268420308432703,4.1899405334235595,0.11771078306648702,0.2920366304807732,0.15201037698865066,0.3944663556226583,0.31239327249700566,1.2346112585678446,0.07070266336831704,2.7209498512370374,0.9470522369600362,0.37707523524865433,0.24322231504801337,2.699190981081178,0.02691000334451397,2.219291495468314,0.6888070745665459,0.014045032644043517,2.009622238712405,0.5601793634578001,1.4924003610751375,0.3208587762685692,1.1007721234256884,0.1259290236638482,3.4812595456527267,0.09992942338302152,54.00354562990737,1.4268783176004303,1.09151372158545,1.2276180587172858,0.3987927161232914,0.0336522802287024,0.2815717436326017,41.32507466292271,1.8262140596908183,2.2504233206059605,1.4078392102254809,0.10033961158953922,2.195522414964331,1.2275138605645102,1.4115041670651371,0.474379603561719,3.562137660617662,0.7735559812087821,2.98147894646697,1.5915650783664859,0.1431428447387185,0.6443261310076769,1.4968507176716037,10.047157612490805,0.000700851678887607,39.747821595867805,1.219448471639268,0.5987271684029446,0.2967017599668813,2.496255754914197,0.29902829228780514,1.7027555005603692,0.4015160155392109,0.9980275485824565,0.4991644131270702,3.00511093511487,14.947390715136185,1.0545090929801157,15.978215484964077,0.3984047977837071,14.951202600738096,0.08034619686080596,7.979769543069521,10.016226880383128,1345.3582305177665,9.969410169234878,180.68262879401993,0.44841614949046155,69844.24953678326,350.87432689209083,0.5018136340663146,0.06828097787506429,49.81408113532285,10.048223082956563,1001.7673862948941,0.5017534531597407,0.5012606913616445,1001.982422739892,4.994228203356546,71.87352479510662,84393.70300318868,2109.561808822131,150675.8825760736
16.01098557085573,2.7443520804091612,2.0497853403862747,0.09731052982985758,0.34974355429851917,1.915560642656167,0.25221322529478385,0.9851434137035137,0.6484525624757433,1.632177741710852,4.227482498690004,0.11789819157492372,0.293218190241665,0.15196199612508582,0.39612535945673677,0.31064998870048727,1.234886589110657,0.07109057193660079,2.7313120273487037,0.9485361462890345,0.3743364106951493,0.243238019746881,2.7080800135057252,0.026956232736533064,2.209946173148422,0.6914551250108333,0.014069952029160357,2.003034106609062,0.5627144479812543,1.4929108170249445,0.32180825655159634,1.1036919658495867,0.1261330454709294,3.4749489667390465,0.09994290883132083,53.80852599342717,1.432025533208436,1.0882453100418794,1.2239778966485748,0.4004307820376738,0.033578674634084954,0.2814543252009512,41.2074600713644,1.8164265831913995,2.248228655112409,1.405484781079908,0.09992073387116501,2.18060773683458,1.2252425725809868,1.412378596156092,0.4738722191905107,3.5875683293397684,0.7665204356657284,2.981868550980696,1.5882740337510308,0.14342466909043908,0.6458286481765237,1.4981333946368625,10.01227140140877,0.0006980928420817364,39.71190543259639,1.2148914292661597,0.5996076257047116,0.29705452849098357,2.5095845295522876,0.2998347024539005,1.701543153726838,0.39944152744132005,0.997887410352398,0.49851459891530764,3.01235614748001,15.044919867364042,1.046149242016526,16.039475980206685,0.39967412310814665,14.927309498244085,0.08002269385630097,7.970403715206789,9.97099343130936,1352.6465529792254,9.97571420371412,180.70539876331526,0.4507072639129088,70415.20319538009,351.2741655331391,0.5018442479551101,0.06830539231771515,50.02457028844278,10.001589040044433,1004.0379070807796,0.49832457704304306,0.5003903038159334,1002.5443119422697,4.9935024880266825,72.26465869772349,84104.06446550382,2098.123149395809,150126.07253310754
15.987290881605968,2.7366677278787552,2.0411816911461167,0.0969038094191608,0.35094265485831344,1.9174879547562445,0.2521150150025158,0.9860950980788898,0.6482230348105271,1.63579636900773,4.220503008186061,0.11775349583316289,0.2918979994852149,0.1526090361836386,0.39740219143666355,0.3106075919392531,1.233981196224842,0.07051482654755174,2.7180776431918754,0.9504515365049463,0.3761365279384378,0.24279235169853944,2.7209446655109497,0.026991272660886224,2.210179241068345,0.690801001969394,0.01413838970385225,2.001009811595499,0.5647144909048082,1.4997851311445738,0.3207253405008844,1.0966812781319997,0.1264110694827113,3.507336807892736,0.0995983392668724,53.69453753525026,1.433766434874249,1.0822645310422587,1.2246932894275975,0.40155526593203866,0.033600650687126685,0.2817710479020193,41.452297497142744,1.8167701628792872,2.2591420467824874,1.4071620017021393,0.09977551083945485,2.1984621691803214,1.2322241178876663,1.4155789763944,0.47336553112395635,3.596192225360009,0.7708681146065924,2.985007444313984,1.5965835632271905,0.1428294767538133,0.6454140629658413,1.502105109316867,10.028775271886595,0.0007027785995428331,39.751448147434665,1.2147252025649373,0.5980988420750987,0.29935285498315584,2.5117162618344304,0.30140223994109505,1.692125589806802,0.39952979267179767,1.00259672703988,0.5012644290182892,2.987577267148499,15.016423333063425,1.046250130994679,15.998913493258845,0.3989587428033645,14.93297417576021,0.0796640155404213,8.032871435978391,10.024464596420152,1355.8296237539348,9.996998993233355,179.84392649811502,0.44936283281625944,70263.62664615127,350.34916642106634,0.50123136616991,0.06860610105113164,50.18792229671468,9.974280093024529,1000.2702204929237,0.4986172230836492,0.4976877791171017,1002.0782530416983,5.002449063696756,72.16122764127822,83863.73312992456,2115.4308260692533,150741.52285042053
15.994399972080561,2.760066614667555,2.0447431553940136,0.09743091430870902,0.3513272904988474,1.9160101256821425,0.2527856706771677,0.9896339636576796,0.6500735348616064,1.633108488452247,4.194526203861871,0.11754473759679612,0.2937967318582885,0.15219070541493485,0.3960767294240778,0.3132706567874483,1.2319629613895158,0.07072647189552252,2.7276503383632096,0.9489977165405507,0.3769786350704207,0.24315637853588634,2.7102374199081396,0.02696103628901397,2.2245568730079364,0.6922793932002335,0.014038319801865099,2.0050990426416395,0.5620773337343485,1.4906331560068964,0.3225764122907058,1.1023819421340213,0.1260297702336263,3.5002535843199767,0.09980024810862931,53.7492981815103,1.4278654955099288,1.0860222490795273,1.2324099833095465,0.40138207975151285,0.03357400759367636,0.27978488307830834,41.33462725139883,1.8137831295847497,2.254201294490056,1.406449223482858,0.10002538693285185,2.1963910735659633,1.2321025530815357,1.4071570732683782,0.4742061170654276,3.5854904414603883,0.7703809016699176,2.967972525926607,1.5959464662694494,0.14301803694471665,0.6438284449249917,1.495476590049484,9.987699381897052,0.0006988297740362057,39.58902791894672,1.2208223602106905,0.5997736521616817,0.2991598091022377,2.511033599426179,0.29915842028768425,1.6932017922890426,0.401141350205951,1.004948614036386,0.5018180003492707,2.985710922063562,14.96268953260597,1.0452050939089332,16.051324700326585,0.40032562790516923,15.002057781175058,0.08004355990559722,7.980196100695727,10.010163836913886,1343.6640042092645,10.014601172397084,180.42198089432188,0.45077861818670323,70064.17671670188,352.014758690308,0.5010777199855874,0.0681457553688802,49.847572110269155,10.013710841317822,997.8941613355602,0.4980971647072312,0.4982748449657495,996.656171805404,4.998889545340919,72.07731752646924,83938.49511967765,2109.4730536481457,149671.5189112523
15.969849302143032,2.7423962120795378,2.055846725786835,0.09764693904561464,0.3499737494703733,1.901252785251351,0.2513966346773922,0.9866146978820766,0.6502210996058411,1.6232331199951613,4.22963864973298,0.11810444625641704,0.2930519775761273,0.15252797294607714,0.3941290885803142,0.31286471657814985,1.2252842297604927,0.07104127089404982,2.7307965107851935,0.9438395067343737,0.37725300134589296,0.24185137330448314,2.7001998457774166,0.026980114796909364,2.2192201389496455,0.6926315820600483,0.01411909552746354,2.002470575087408,0.560832361296462,1.4915161974375695,0.3234849750986873,1.0956527745805775,0.12603655335609268,3.482062643820134,0.09976414066358145,53.96099143082614,1.4342604578756577,1.090012940978376,1.2345362607770807,0.39917161095164944,0.03348852671287455,0.2793227021470286,41.49217437021614,1.8164026446409895,2.2513836044985793,1.4053371339764742,0.10031939950713431,2.196948261602194,1.2346426708514613,1.4035977116592047,0.4773391788714313,3.5709705030369414,0.7685326393825646,2.972530204729875,1.5863037699040279,0.1430753057392282,0.6423243799053163,1.498406569671006,10.01556065824432,0.000702352183425044,39.756479827305895,1.2211507387064053,0.5978863713752464,0.298942024492593,2.488431872199826,0.2992925749897059,1.6924700015878433,0.40066971590233785,0.9986837108259351,0.5007602424160243,2.9954109287791075,14.993361109619924,1.0495585906067448,15.927292904586807,0.399720906105384,15.021159654467281,0.08003684179686035,7.966022701302263,10.016805598568673,1347.419647191356,9.951443480277902,179.38007200275163,0.44998901845792455,70048.93609234049,351.55203168035706,0.49870326737782883,0.06858659257923701,49.89323859069699,10.012086370758443,1002.9921638025116,0.49942778064321874,0.49773402470907735,1000.3544552105888,5.024770453077224,72.33767414379136,83976.06999974232,2110.3824115233806,149767.42774773008
15.945643596829294,2.754562654266568,2.0500178089552983,0.0972381321020413,0.3511458743178242,1.9068779842094497,0.25242107879408027,0.9886752955229299,0.6450368508498412,1.6280116462495824,4.228946450900894,0.11798024972886431,0.291852115179932,0.15228549678065184,0.39783498222488534,0.313272789169218,1.23088511830504,0.07071240676699876,2.732202500350302,0.9509950264696488,0.37735825240598936,0.2437747906404101,2.708793409855771,0.026797472799194394,2.221535650073601,0.6876293589134301,0.014038095125079596,1.9999733566685771,0.562873198789262,1.502301585176904,0.32291073048373287,1.103929645640322,0.1263276866512343,3.4970930549520247,0.0995101375691407,53.97798175629634,1.4245728897991894,1.0822027117284547,1.2257738694708995,0.401293168645767,0.033581689546688505,0.281959704141411,41.588248273455406,1.8271577685520064,2.2417408361469824,1.415335196647042,0.10033863713478863,2.1981267803309272,1.2257157330905328,1.4045967647716038,0.4770130921780243,3.5683229940390153,0.768988387329028,2.9786883485149227,1.58402863619249,0.14231450703188653,0.6471819426253002,1.5056498586725242,10.041233792935063,0.0006984919414849048,39.56893630406539,1.21909557200974,0.599719916213868,0.2965266863278154,2.5069813278139956,0.301490001114426,1.7004877447917355,0.3995530347800498,0.998927518932212,0.4979803856608605,2.99298485455092,15.000319918295196,1.0492844040119143,16.007205559318898,0.4013962625945496,14.958786345404942,0.07962213134472505,7.963058035622619,9.963416880530685,1350.9515202948592,10.030818481003791,180.6962506907051,0.45060800940888734,70114.02399743508,349.6577957565075,0.49950709169721735,0.06828537195159293,50.185012940428564,9.99867193774106,997.2619589995453,0.4989440053340789,0.49818235082271345,1004.1858544906912,4.977517292311823,71.64924929896024,83944.04181081231,2111.543898077018,150035.2001799466
16.020134925980315,2.7460876210739324,2.0411578987037577,0.09754618573394236,0.3489216299524389,1.9010814307304116,0.25218321442255165,0.9858745632818074,0.6453805368000517,1.6348961456131648,4.209646763710287,0.11769497997365162,0.29255647542044333,0.1523484462878416,0.3942827624132361,0.31080341952171164,1.2314300230303838,0.0708757359880027,2.742898217637815,0.9468107290823016,0.37436469187818744,0.24309121596668457,2.7137491985987445,0.0268030531493765,2.221173535812482,0.6879145931394419,0.014148606938161227,2.0067032299156766,0.5616045155195113,1.5039871455619764,0.3235448718757281,1.0959217619784238,0.1258333193940889,3.493501219304628,0.09958483780958144,53.846739582106196,1.4265847608014373,1.0919137859019081,1.228912505620827,0.40105068343419004,0.03346204629677658,0.2796664964816657,41.540308418333574,1.8109075878876364,2.2400086696644252,1.4080878201231481,0.10018689825551873,2.186533324066868,1.224665647656738,1.4074315444756513,0.47378865908020323,3.5622940288334917,0.770267974731489,2.9685760482593766,1.586621190991867,0.143201901457218,0.6454497450360199,1.4964518344028404,9.982919367106524,0.0006982283646668922,39.86129339660546,1.2162243406692463,0.598099083621802,0.29783620518157794,2.492232658980014,0.2989701253688568,1.6931299521409184,0.40056068499243297,1.001120822549019,0.5007508144593898,3.0081990002402814,14.973953701918886,1.0543934492029252,16.037312737771,0.40121883435432476,15.033144324574005,0.07988676451634605,7.98264259904501,9.992251706957902,1344.5599098672003,9.995128050156595,179.17765376957144,0.4477677568201224,70484.83458570212,351.5343262427447,0.5003092347353298,0.06829131379496538,50.03526900734253,10.039157577633834,1001.5238013394385,0.5005124099897675,0.49980102251485836,998.4569703065087,5.009927355696085,72.34630627753138,84147.63770129062,2102.7309195444986,149892.17020854756
15.988087034887954,2.763492181267633,2.0542389542789414,0.09706312728463269,0.3495502583083935,1.9086782212626112,0.25083251471270274,0.9902753823800103,0.6500177485658676,1.6326172550292821,4.197303517648661,0.11826908040482646,0.29364301371655277,0.15163905960778645,0.3964865836411534,0.3123461609833404,1.234179387773431,0.07054233919677808,2.7216690911731645,0.9478669908957187,0.37428598575983507,0.24279489390017212,2.7178107360381922,0.026805504171981694,2.219110861959991,0.6933794077103388,0.014100834721892904,1.9999664764824416,0.5623304199405298,1.4922994854238811,0.32086386770224873,1.1019509009202662,0.12586866618048126,3.4826677413247205,0.0995313916199199,54.09655582302891,1.423312302781581,1.0897173165587855,1.2285484592756826,0.40039475124201857,0.0334154721302312,0.2797327068631134,41.40381929354558,1.8235602420481654,2.2431485991362656,1.409102661158799,0.0999446549702914,2.18377994336484,1.230800108188901,1.4050076931836217,0.4750463085732632,3.566160848106903,0.7698886765481845,2.9743856518352914,1.5892407160440964,0.1429052615840037,0.6466270893109518,1.4998490339993469,10.031849890387686,0.000698079566750382,39.62130645291087,1.2148160904437248,0.5995244867689289,0.2985027256634833,2.5084541758527346,0.30019774473539745,1.702381235383082,0.3987090683104678,0.9953720603823344,0.5014584407258865,2.9900111462232384,14.938675430329912,1.0545944043695192,16.074163418249466,0.40046502916641,14.981795590903094,0.08026659163277124,7.976377596746833,9.992939232742968,1348.069733536508,10.041269999074167,180.75559934765207,0.4506789866684565,69908.80964524618,350.80751984107405,0.49872664183112025,0.06866328231361819,49.8192013995081,9.95543102758607,1002.0442903355007,0.49976643037484075,0.5016918244380154,995.7462963116931,5.015053806630392,71.66688102204779,83813.58303773287,2104.185696573938,149581.93693452096
16.014994993121043,2.7369599673408156,2.040475485618441,0.09742078833827912,0.34898557806872305,1.9129875670619196,0.2526298038469819,0.9856373785406771,0.6497480056249282,1.6262252658527687,4.205349884840209,0.11751223424690846,0.29399218585125897,0.15209230775521512,0.39601847450027483,0.3134618910100166,1.2279644208472702,0.0710766717348255,2.7359974791530632,0.9520624467278791,0.3775333357183868,0.24419320242621334,2.700018439980207,0.026979628409472635,2.226759774679835,0.6909961773444315,0.014068819395111586,2.0093029654325663,0.560338852414943,1.4969936434140259,0.32206918850327776,1.0962801227931964,0.12628038631613986,3.4756514640298906,0.10019309777884672,54.09793861405028,1.4278463688786782,1.0892764041894734,1.2257783203002186,0.4013837960058115,0.03365143061901533,0.27972511119765386,41.469410636277146,1.8201061259573288,2.2507087349662283,1.4129115050322696,0.09998874049933644,2.192197147985188,1.2266900825387599,1.4082869430104896,0.4767348916628395,3.5660345099170123,0.770751329509189,2.9705917544546,1.5955099796069816,0.14311303285401056,0.6433756341603966,1.4962473701047772,9.993684469918962,0.0007032032862814522,39.68365424617026,1.2196277722867381,0.6014776428810018,0.2976395602710791,2.49818559874702,0.2995108431947148,1.6940656358405997,0.40085523685681057,1.003730309138836,0.5020279632462138,3.0114240881411334,14.992767570365698,1.0477326950181336,16.02206779993613,0.4018188196476241,15.034057597225289,0.07999587884927213,8.015104685961076,10.027253791245439,1355.6601350279288,10.026321575397215,179.87974300014463,0.4489812293330947,70181.91694994051,350.2671279542372,0.502213822963439,0.06840544863691977,49.986028167982,9.984819621815486,1001.394069902916,0.5001002563931047,0.4981452446144913,1003.6920781083049,4.992950641607189,71.95145646956988,83963.13928508696,2106.1240322703566,150303.08259364287
16.06098645130015,2.7376692107867373,2.0597033041488366,0.09739811084524376,0.34924504539544027,1.9043554678207666,0.2514861415550096,0.9937196849414975,0.6466482083223097,1.6293939844932828,4.218661572083597,0.11843894803919418,0.29346461350567404,0.1523847259787323,0.39470637411333204,0.31317751242239633,1.2272413459585028,0.07053689174015201,2.7430014691263,0.9451715464933054,0.3746338114074932,0.24330623078724734,2.705091191351344,0.02680137093619355,2.2222448888021926,0.6917869980678333,0.014141340970763206,1.9931102520202455,0.5623195929218224,1.5016957652091016,0.3209087001767859,1.0967845047694775,0.1253730383607639,3.4908597320581958,0.09969468169686196,54.03088917257436,1.4366096581353316,1.0838341721654199,1.2318338932446915,0.39884733784583404,0.033338532297758204,0.2814257616231603,41.36268453566581,1.8281315208795665,2.2507714323482264,1.405170508452557,0.09994977444179727,2.1834933303062516,1.234649760054045,1.412691734850514,0.4742458843221098,3.580995967556495,0.7713049974492402,2.9884291599560338,1.5833243406369417,0.1423172019440532,0.6415170753697741,1.4984249446525884,9.99667066100821,0.0006974552314114969,39.64474556511856,1.2192877979936143,0.597654539782065,0.29924164668138326,2.5024786481896926,0.2996656065913688,1.7001174221190274,0.3992567899458752,1.003543310316446,0.5003750752078425,2.999846874431806,15.061632810464339,1.0535487868314577,16.050048302628134,0.3989024368169274,14.947968466720253,0.0801520772157702,7.997491380507311,10.018371271295683,1353.5184676335,9.979531350734476,179.61237077962105,0.4499587420481618,70023.07237921917,351.456988934958,0.5012336522294035,0.06838087463910042,50.111899882799314,10.001043756907077,1002.12871721967,0.4986248412389786,0.5011942152296651,1002.1512402345701,4.9883302853524585,72.04029911354893,84510.2115086337,2099.7274517187698,150353.96967602198
16.0726346747435,2.760071652793333,2.0479811616949455,0.09730420591646446,0.35172119546988445,1.9113071545572762,0.2510298695581245,0.9854997644723097,0.6498812380231412,1.6287551417040498,4.199340822695489,0.1178202529961799,0.29375410249898104,0.1519471759501634,0.39745925799040244,0.3127329678369864,1.2358303740504786,0.0710750606668872,2.723299138881758,0.9495078815269681,0.37419724180982583,0.24419338934036386,2.7035232655485504,0.02694432988018474,2.2277512103906303,0.6876572061728229,0.014149050987336275,1.9902449133158164,0.5616739115160401,1.496581403209291,0.3215945720966931,1.1009502322093054,0.1265227013593653,3.4839619200890803,0.10007925988716643,54.11349004762822,1.4339038341499495,1.0820077705884357,1.23544632639877,0.39818658761703446,0.0335297340889154,0.28091151761222466,41.50853691648769,1.8136016635436514,2.242785833821411,1.4135547077516109,0.09964950475241163,2.1893308482827374,1.2328492715095942,1.4121325111958354,0.4736253698840372,3.5729817772609618,0.7736111067549559,2.9784703844806155,1.5827568738753384,0.14259900640623685,0.6429852819774222,1.5074923410644188,9.980269154747692,0.0006966847709414778,39.685127281973955,1.2149199856966824,0.5986444055921742,0.2994673018647599,2.505115962973254,0.2986519998878486,1.6991276742160604,0.39868655005051545,0.9962294465640212,0.500435327066744,3.0001696766892065,15.036429987647324,1.0541192153964345,15.959469097189066,0.40169196794662154,15.002698765883112,0.07980706793454809,8.027662867048209,9.953552991802901,1350.8033765958846,10.022162153502997,179.60395983688105,0.4516357136290345,69999.7265122559,352.0625168958208,0.4978927248191623,0.068167390472838,49.94049229195095,10.035405551279817,996.4458536512678,0.5018771911989711,0.49864865763306393,999.5250839859452,4.992636720213016,71.72505088316245,84585.15767474644,2103.698653020334,150285.49689203428
16.012042828266242,2.750047187713436,2.052389841282915,0.09758718872162875,0.35069759331492933,1.9106203695175947,0.25236586862087823,0.9910533033770393,0.6475666254245113,1.632033653365126,4.207624288586911,0.11830398496588884,0.29437391357672027,0.1526989953433958,0.3972701137142429,0.31231748775882556,1.23306678345327,0.07057205819304235,2.72942720388467,0.945699249172118,0.3741331411289711,0.2441341723064531,2.7198602960261846,0.026903684928368407,2.214542180796242,0.6913315289503746,0.014090806952921538,2.0060669906684536,0.564807291779217,1.4947407666341235,0.3211769777999993,1.0974412073767423,0.12548761626955765,3.4863022122578555,0.09951742505271692,53.70212064499502,1.426735249185999,1.083302708374136,1.2328555569238588,0.3984224191634716,0.033622608025183215,0.27991716841191666,41.227995656364534,1.811083940928649,2.254842112597248,1.4065682961177333,0.10000949860513778,2.1814943914221203,1.2359691398558057,1.4047179248208863,0.4745816481515489,3.5925890521835737,0.7680356295032992,2.9730557592033158,1.5949051423026623,0.14267587570978454,0.6407984912434506,1.4989187058073492,9.951253520967848,0.0007028685459868055,39.73627148735431,1.221012774047899,0.5982095370651742,0.2985958396325773,2.504431366091959,0.2986813907217761,1.7064743910237796,0.4003176534517192,1.002924668810386,0.4988145703606442,2.9886614339926036,15.030367435978016,1.0530857682056791,15.981765365379086,0.3980947691012653,15.04773810369808,0.07976487512506435,7.987122555351799,10.012823100777712,1344.5993887093525,9.957199576613846,179.14626678883548,0.45187487937107756,70049.62463758263,351.43370358460146,0.5024461762450887,0.06851590434279638,50.01254739792809,10.002091993351723,998.7691714845555,0.5004988982797753,0.5022939569477285,1002.880440336983,4.996211330851661,71.87936027690343,84533.97573641092,2097.33329162944,150524.37788544645
15.960812281814773,2.755929803983838,2.056277521905884,0.09717764061478008,0.34892299391649795,1.9165850639001312,0.25166612102953434,0.9882247345787769,0.6480649048616502,1.6289419057299936,4.21770649833733,0.11757189341387975,0.2928115706863602,0.15259538675306228,0.39416280832938133,0.31186689559943837,1.231974543186538,0.07107449944962572,2.7325603639952756,0.9510761108913487,0.3749573182312869,0.24264232693003368,2.7219817846234498,0.027003827305421932,2.221286556215689,0.6898308695307843,0.014093100502195078,1.9911757932313403,0.564205159324236,1.5017626981409777,0.32185912868602373,1.0975738396999144,0.12580207996409742,3.476848304446964,0.10022178974130572,53.94055071966872,1.426197678946396,1.0883370705684843,1.235894531635336,0.39848958054190475,0.033486092478559486,0.2806836038103284,41.25208736680167,1.8205747598401512,2.252384488317332,1.4051685579973408,0.09965472389900888,2.197804036872379,1.2276800654710416,1.4118377007578085,0.4756021721094572,3.592142317345858,0.7718471886604826,2.990149177716461,1.5919909151554457,0.142927723739535,0.6433145683972562,1.4981854464999214,9.991839309790915,0.0006974051647650764,39.64982668161405,1.2186512278678718,0.5972074299799094,0.2973298896508725,2.506297674368505,0.3002338367142288,1.7052048474448525,0.40017075217752307,1.0035408376547525,0.5014803354980085,2.9879485371042676,15.071550955202396,1.044904848192464,16.01549408606874,0.401170046037267,14.974784120977635,0.08007885583383771,7.988969802467795,9.95606149750075,1343.364230507706,9.959486203011119,179.27713726941607,0.4504990039982719,70200.15273639411,350.7137340813175,0.500959607378012,0.06806950907771651,49.88549174070786,10.027739273128763,1004.0997710651711,0.4996916829811879,0.4979074199006923,1002.9872873922847,5.0192585216636365,71.93783539489948,83994.8768928788,2095.400603616093,150136.62423284227
16.06557911849,2.7548919207018088,2.046253596256842,0.09733888745120985,0.35116223942606806,1.9095383541335746,0.25280576619479456,0.9889299057989969,0.6470183167973006,1.63135271460182,4.208513298184938,0.11856299206614405,0.2930480210109375,0.15182546148395235,0.39558393683078896,0.3121495726459129,1.2282154180675007,0.07095781787419117,2.7267420979262544,0.9469016887842593,0.3764398194176568,0.2419328579006513,2.71421011828092,0.026901337526415683,2.2189571797371634,0.6915128456358848,0.014136414065262682,2.006925217268249,0.5612963935389941,1.4944107542530332,0.32269018156681234,1.100899853450545,0.1261660699484033,3.4919377494579935,0.10027269302320385,53.74290104298611,1.4307966834982018,1.0832835664458171,1.228859198853279,0.4006559752936643,0.033497678988785244,0.2803620134434388,41.54933908358591,1.824965428003854,2.2505915426625083,1.4163457494950242,0.09992436528943499,2.1963087971141793,1.2259156157495574,1.4069796739272593,0.4742309065113362,3.565888382946822,0.7700138970760857,2.9708293519969695,1.5921335556422493,0.1425568320741894,0.641575380297265,1.5070363009139838,10.015824030581111,0.0007030551564029593,39.67598747586291,1.214307510049373,0.6004462270225885,0.2981738200827704,2.487874390148415,0.30108372613320544,1.702039501570479,0.40097876467750454,0.9999392110615751,0.5005920121895413,2.992724096796856,15.071063665165296,1.0489575600792505,15.94597225941402,0.39822366167349854,15.020425789962806,0.08038670388094114,8.031663559747702,10.020210456748641,1356.6230720414035,10.02228282620421,179.7106520221225,0.45045548159877075,69887.07182502921,349.89346735344384,0.49958770117964246,0.06819604384959713,50.226750507414074,10.049559752674464,998.7093592012167,0.5010461449303859,0.4995388536533162,996.395092043862,4.991846342385105,71.80802762307528,84066.22295018728,2099.001206540772,149418.51767858738
15.954788548697985,2.7611583183753203,2.0414970443534184,0.09702966345773008,0.3500995746307592,1.9072211917330064,0.25204436987944756,0.9854798585963201,0.6489627312242012,1.6310347044653637,4.217618679792483,0.11807936422267613,0.29281805749650713,0.151772215144287,0.3949166833527951,0.3120002113076366,1.2241704451642434,0.07067839450629432,2.7348559136143114,0.9442906375362267,0.3743564710711214,0.24336979401085798,2.7072296949429573,0.02698119093483178,2.2297083109481632,0.6931535791307546,0.014089508592399078,1.9952865444855006,0.5626104092117328,1.4989190481011456,0.3223939506941643,1.0980395647509078,0.12545032718788582,3.4798791688750135,0.09965441942802224,53.70724467641178,1.4360958514913231,1.0817155239117369,1.2312528501926068,0.40178989518296054,0.033453117797710534,0.2807760643363071,41.471034858312365,1.81667248844278,2.249497169723413,1.4144711501896916,0.10024535566528026,2.1967550421116933,1.23599428401262,1.4081716173966,0.47617368349894484,3.5836796875022507,0.7712828567076032,2.987148242364021,1.5939707279394462,0.14355161556349158,0.6430296315885201,1.5023022203416785,9.978029043159685,0.0007006619809358188,39.77966629562022,1.2235502132511717,0.5995207470179347,0.29802598626514004,2.495846246279254,0.29900710903961886,1.695928795888273,0.40164854801959926,0.9980896954240931,0.502373796667728,2.9922443425564613,15.033460663122154,1.0507759845825042,16.031499207923968,0.40057583178643674,15.031012287539635,0.08032443763874836,8.005077559684999,9.9567848782904,1346.9061433650331,10.020821898040875,179.9893343303562,0.4502184839217886,70249.78209519498,350.45818133012096,0.5013694776254393,0.06855289786058524,50.10714970609656,10.021531017403493,1003.9035800165424,0.5004769638972163,0.5023353609974848,996.1919268439063,5.006597948829693,72.15618711307377,84191.81708026878,2100.5417865349186,150075.05617906663
15.978359628846512,2.761250911954365,2.0470642444569314,0.09688478719690646,0.35026736199057906,1.908013458495365,0.25098166332489813,0.9906419392748793,0.6482452447443536,1.624673112512121,4.2141105669132095,0.11807948358915182,0.2938016849855118,0.15178958629336078,0.395005087713708,0.3134078060473488,1.2307529755302282,0.07046521509089,2.7387554289762504,0.9451252664175115,0.37707549655434836,0.24349854469798898,2.7227048519275314,0.027025240832128927,2.214991915867358,0.6918385021104415,0.014074176567094969,2.002583958776592,0.5625493329974448,1.4903315164288489,0.32040668523446986,1.095135404160543,0.12553120697988998,3.4815420719480374,0.10040695522324256,53.92004487527939,1.4342455518654231,1.0906774487454052,1.2328898001126636,0.3995655404976823,0.033621892896936734,0.28137943365757184,41.490640382425354,1.8273086527544133,2.2522199281302977,1.4104028994624667,0.10039016255759708,2.1890027118467956,1.2338323195611545,1.4037092336822716,0.47263112723616746,3.5810128711278355,0.7667168115823861,2.994200981800901,1.582137468667233,0.14331195398019306,0.6423473974408632,1.5070132800790805,9.98815416506279,0.0006966909839838471,39.4922881117142,1.2206511551350412,0.6029202718741876,0.2994297251344362,2.4959318243072315,0.2999481109475666,1.6932077486985628,0.40008870742396696,1.0009970159904826,0.4987553083280566,3.003363433077455,15.059953912754438,1.0447600310009466,15.95662940388927,0.39883967825329575,14.943582930455074,0.07973288097018968,8.01007300362923,9.960269439015065,1353.2201767217798,10.038702259055839,180.76785790352105,0.4507207911644386,69969.62674891089,349.41493009459685,0.498660124769035,0.06871597871507697,50.231172600875354,9.988191888391833,998.2579154109754,0.5000500529112953,0.498958440457337,1004.7966245165557,4.986061069501229,71.9057827311716,84151.52250813588,2097.1075976858583,149824.23724015517
16.057076915216314,2.7401099275400607,2.0517224499919364,0.09710925129819434,0.34884687854141105,1.9006856207409797,0.25142882512479453,0.9856621067109101,0.6472014596940028,1.635056420647899,4.219248749482947,0.11852791277980808,0.29278615517279755,0.1523158581258596,0.396654753219524,0.31111718446585374,1.2275840648143617,0.07082111930964562,2.7380987448088616,0.9476379847227085,0.37497630817602,0.2441991216273813,2.699582185652184,0.027022634116115163,2.2268608276031565,0.6923383652832241,0.0141415833792159,1.9941634188260924,0.5627451129609613,1.5008435446923905,0.3227911082505673,1.097487219075985,0.12559821042858224,3.484001492138618,0.09997984448037739,53.949775200742025,1.4348183901811637,1.089924402055149,1.232166651465698,0.39905395717177106,0.033492924967143206,0.28023806849867716,41.28028677351597,1.8110864655589793,2.2463878943378406,1.4065612393747762,0.10007190232696682,2.1804144087692134,1.2271773910395354,1.4035812498088367,0.4756717350464388,3.582441186196757,0.7687485961776734,2.969490571092979,1.597280925341023,0.1431206811997657,0.6451534900807241,1.5004702312990417,10.03065332476462,0.0007027746603468369,39.63345954369954,1.2223183088092133,0.5983793249072784,0.2984525280405429,2.4974788907494134,0.2985203447982039,1.707743973763184,0.4014737661821548,0.9979083655034603,0.5024887865711642,2.994513830236696,14.993826627968861,1.0536882197748314,15.968735416212485,0.39980216113754996,15.024838075068487,0.07970437404381794,7.993788029495337,9.980940993736162,1352.386453129175,9.963596939006038,179.51891666238168,0.4509511929168861,69940.73138715977,350.5963889854211,0.501064403610463,0.06858158037495013,49.797440589335835,10.035199560941948,1002.2397230112996,0.49919647294346653,0.5013190142616512,1002.2829886534066,5.005044561325419,72.0421064448522,84408.64615503722,2115.5094209308995,150117.8283739738
16.049394859481957,2.7567175272261784,2.0572940722416933,0.09764179816526537,0.34892579122611284,1.9036102790551466,0.25221760660760556,0.9894980211225763,0.6484582830501162,1.6348580965721136,4.228175179610073,0.11790255067373429,0.2936385426514428,0.15153913476551895,0.39613682571944386,0.3105080309066752,1.230046131975737,0.07083209821306086,2.7364276576667486,0.9494171158111621,0.3754675717209898,0.24179892608873288,2.6995796671751817,0.027027253315796192,2.2293757961146,0.6887931428252598,0.014065998264529266,1.9987283258738007,0.5630674629664199,1.49485671025969,0.32060668618969435,1.0989307460168884,0.1256983421330466,3.4838900573912714,0.0996629572457873,53.99563068143814,1.4303808223454066,1.0845092820850004,1.2306625085200666,0.39997083138866896,0.03359915157694962,0.2819799478440379,41.23713452366627,1.8269872253161255,2.2546079311114102,1.4127150049887003,0.09987430089714247,2.1865815894806815,1.223919365663317,1.4167990887323858,0.4755059027037719,3.5765033647364763,0.7703370199285697,2.9663077056160687,1.5848110501891377,0.14317640469269766,0.6440918455391625,1.5043061223439143,10.015874269044534,0.0007007100497318557,39.80509743146835,1.2147328098877332,0.6011453207785877,0.2986424603256012,2.4943790887420003,0.2990869489094622,1.695135492082752,0.398792563453728,1.000237821909036,0.4981781315568291,3.00477857584258,14.940761738842316,1.0450323412232578,15.971086438791339,0.39876743889493216,15.07329930831151,0.07984239704049377,7.977765126882041,9.96967698234992,1348.297014214847,10.010584889533156,180.50750149508332,0.4493905931148438,70270.40895321363,350.8070535650929,0.501732476731267,0.06844722457557637,49.894945835939545,10.020358725717823,1003.20064488023,0.4998272032838198,0.5024359861944115,1003.7909687919131,4.984847733483274,72.20646422795248,84296.01205237939,2105.7327778188546,150020.90787986934
16.056545782845188,2.753049001694845,2.050772972693601,0.09676149182936881,0.3498190600441549,1.917793593835069,0.2525335765579484,0.985554444382756,0.6504882699883386,1.6353246757084456,4.211965405307077,0.11743643844891509,0.293182918780839,0.15132297535588815,0.3952887006801644,0.3124021980109765,1.2350788309317506,0.0706993193111797,2.739828649272718,0.9519660623785968,0.3741991249905195,0.24236680964573862,2.7156872683090647,0.026969090778588396,2.2176116540748185,0.6910816068281326,0.014115814365048045,2.004795499232021,0.5632288603639276,1.4908004858459158,0.320899565582627,1.0959599986198525,0.12654492488800193,3.5044326384275193,0.10029741226959697,53.7033729760604,1.43106208201985,1.0836001969055966,1.2283811224319732,0.39906836510654964,0.033610191878798296,0.2797019750784506,41.45050355788771,1.8288068828807262,2.254208728123207,1.404067192194998,0.10040784950196252,2.193133444941402,1.229462625049144,1.4122516639474296,0.47680046056974495,3.5791811547593655,0.7702411754176541,2.978582932496695,1.5832042036785463,0.1434105102815061,0.6415940916290535,1.4984185501543246,9.988682284560772,0.0006984602855446071,39.6413148275549,1.2214397111466655,0.5988683238732463,0.29702408557434085,2.5092341877626816,0.30141249794957137,1.6992959250058972,0.39930807884937836,0.9954748207777823,0.49768425770305025,2.996786459869362,15.064536302745143,1.0524224397057163,15.975883107019323,0.40187218570072825,14.989313685488359,0.07982143419517972,7.994108259577948,9.971154322698384,1355.2061233977106,9.986117331041768,180.28434413608977,0.4495007123947222,70463.94314375546,351.3695713435446,0.4999412594514065,0.06814838579092004,50.200958331426094,10.004681686827176,997.8505297296142,0.5018896344590835,0.49777220213697204,998.1407691732957,5.0018414200601065,71.88466632195117,84191.40768379708,2100.038857111567,149445.12463639936
15.925896662178696,2.740585280535084,2.0592854035375083,0.09727329184560331,0.3499613604384728,1.9077905853307389,0.2525252187678781,0.9864484688114703,0.6465493215423893,1.632541204550519,4.209118609749038,0.11831870919597172,0.2941635318427929,0.15249152633888338,0.3947494625484725,0.31072538713484416,1.225934119386704,0.07100073972965297,2.741297588743151,0.9520332552658324,0.37524129136803286,0.24382702954857294,2.710981982999099,0.026986831007205666,2.221073699500836,0.6875566632164758,0.014040669956701305,2.0091443829841866,0.5615830103671455,1.4947622940541128,0.32153729593295394,1.0986682785262303,0.12656069600314684,3.474738390100371,0.0996190612873823,54.06615113199626,1.4307065557261638,1.0829621945590355,1.2242738596823735,0.39889693739311693,0.033419871597132944,0.279336395974016,41.27248987381776,1.8243374046525336,2.2579972580168324,1.4156151251997526,0.09988991403264354,2.1860451605972875,1.2361482884329569,1.413797700357994,0.47517742238431077,3.57122081729028,0.7686240519872153,2.9804578575951157,1.590669118424673,0.14230456046131135,0.6469585365491481,1.5011340937102735,10.008915824440914,0.0006979802979362767,39.78514691254833,1.2228946271451202,0.5975709478404285,0.2982830832293345,2.503954843633247,0.30100670452372164,1.695003550041601,0.40151053918722557,0.9996148107170759,0.4979826180965282,2.988168636645326,14.954670668050975,1.0477188824128456,15.999424928713568,0.4009950047909782,14.953008885302916,0.08039412143559962,7.972921754541625,10.009937796772215,1355.7906958842632,10.033250742287683,180.26620056299367,0.450969718485559,69925.27819293436,349.14955475672855,0.49967074392180183,0.06811923094561541,49.92887628095641,9.972374279356973,1004.1634672238073,0.5019002799950403,0.501594714242655,1002.1394429841397,4.9827035964552016,71.67482454686339,84340.590503978,2107.994533787536,149804.1364271317
15.995629866629695,2.7497016081765446,2.044668526721303,0.09701936994677417,0.34971436344132223,1.9119707194713114,0.2531486643991638,0.9903809976342384,0.6494979421338398,1.6350041179690473,4.19372869190709,0.11818068710771362,0.29294758441034546,0.15211009503221679,0.39417213106564547,0.3132673930980278,1.235569245039778,0.07044846520196871,2.722159210462733,0.9449682407667608,0.37705770498497215,0.2432383345436417,2.7012557422753414,0.02698445818698077,2.216747142154088,0.6897299124464223,0.01408411023135021,2.0004276041288245,0.5618884006748175,1.4936255225198567,0.32175707044073015,1.1044917086483972,0.12600364661196387,3.5045318857237406,0.10005012704781796,54.0549194027987,1.427048355728134,1.0901567946367825,1.2271011558397154,0.3980781998865719,0.03338634419596453,0.27935727962021495,41.57503922747886,1.829099581771602,2.255900180931439,1.4044746071088974,0.10039894546033264,2.1953386984135275,1.2279366075394456,1.410032118556506,0.47576835687099434,3.562961007029103,0.7700118650231692,2.9869253839109984,1.5850427834131517,0.14291962052007542,0.644209494031951,1.5035334805793885,10.046445371079308,0.0007024379288360299,39.72821850914724,1.2210204162329845,0.6006191201584359,0.29813463235512605,2.488984072006473,0.3005948891837646,1.703677725602203,0.4000499214490681,1.0037038760540253,0.5008621840137834,2.9958799397357105,14.927954153039794,1.0453711972882256,15.976287721862684,0.39984842130079473,14.950030667926264,0.0797514626451381,7.978416908702346,10.028051333957626,1353.6623858528487,9.988293898541377,179.4102558868519,0.4482490877327856,69892.23909378095,350.4885315076306,0.4977277121666056,0.06828620636539441,50.23076662127056,10.000750461561003,1003.2264465683518,0.498146329729477,0.4988403939120485,1004.46546444544,4.994177594846701,72.10685241248278,84611.9511220006,2106.069082270762,149708.0189238431
16.005111752952327,2.7377525229815984,2.0420535824189,0.09672097031411081,0.3513447351454774,1.913271456191982,0.2514917910081345,0.9872394980501523,0.6491863363755024,1.6368383726559996,4.201543755733294,0.1177894397490764,0.2940379253248177,0.1525979312401433,0.3976395848046459,0.31135464112898087,1.2253298445814351,0.07075751828097497,2.724424380818354,0.9516390560013761,0.37425774738118134,0.24332532954121613,2.7210075150117734,0.02702822432867083,2.2233328993044164,0.6931044684034543,0.014040167984230134,1.9971855669199248,0.5592389765989763,1.5042033210696966,0.32329677926162875,1.0948085781187302,0.1253928471395793,3.485357235344312,0.0997585379667909,54.097031190661426,1.4251449269667875,1.0901593596595582,1.230669854309885,0.39950956708561997,0.033381316120180686,0.28209701949582877,41.438834455449424,1.8188967566327374,2.2471003700224363,1.4157207680518948,0.10032119180819075,2.196814968765264,1.2314292412174372,1.4154701878160105,0.4740465722675798,3.5872926796388453,0.7692642476164175,2.9829799644950787,1.597920632709742,0.1436928704363657,0.6440812664660505,1.5011079517824724,10.039732176913729,0.0007033994499875969,39.790551576082024,1.2146952503870954,0.5989358384060631,0.29918175577296247,2.5067088126462616,0.30072669921307327,1.7028546949179582,0.39966105539852953,0.9990324132034469,0.5015446624379539,2.9938134087529518,15.027724780905146,1.0523751894959514,16.055128958297843,0.3992795423628281,15.036283390025728,0.07968519191806295,7.971044938316152,9.99173360401734,1343.995547980796,10.044769832146532,180.72341245891684,0.4479702016298663,70419.43393265843,350.90113681462964,0.5010098144418678,0.06866466091979996,50.038487243538846,9.961632710028463,995.0257861048658,0.4999846076612572,0.5022461606606218,1000.7262187161318,4.993646956904411,71.66226385229825,84560.45831708414,2101.361647711062,150307.16610197263
16.03107795233783,2.74323178693764,2.0410574388824445,0.09708822036806902,0.34935995854843016,1.913824897218461,0.25280585188906274,0.9872522096321775,0.6481829373321513,1.6225119160624268,4.197970170145498,0.11830887869428004,0.29385965707903294,0.15242013478444671,0.39458385618295355,0.31215922834970145,1.2290493134976535,0.07114797229813091,2.734206107425292,0.9521257158264314,0.37466651714683175,0.24288062205363353,2.7173605659628683,0.026864453728840176,2.222941688614611,0.6900807449893781,0.014169362046699736,1.9934774508013098,0.5644466596677552,1.4955265171784353,0.32189693735173486,1.1003146207205898,0.1257043618522863,3.506181644747117,0.1004114872052348,54.16494313952394,1.437105949882596,1.0888457270346172,1.2294057315984106,0.40140293560598517,0.033340474634075176,0.2816386721535108,41.38887668542093,1.8231526044929183,2.2471660363802064,1.4081475864695219,0.0995317171528109,2.188330988526395,1.2288727566036577,1.4061195545363396,0.4737997855493139,3.583012196979842,0.7685968401075542,2.9898415068887148,1.5838210231990275,0.14311103227360228,0.6418106880427757,1.50042360940381,10.005254588695031,0.00070099608380568,39.65120221907788,1.2201155911585766,0.5980857156964877,0.29788978574221425,2.4968257597273573,0.30049839331396316,1.6988919692994402,0.40111736660392083,0.9992599209857369,0.49867885586486976,2.9932106615687575,14.931792783763745,1.0504191475113096,16.05294094142405,0.4010764468272703,14.99066841995077,0.07975689628411561,8.029078755463795,9.955678103404507,1348.6395067902336,10.035661514238395,179.80771803732756,0.4482804396184063,70017.73867833268,351.22097330224346,0.49826017953847285,0.06850597576356017,49.96908096559962,9.983438950082052,997.4092548052316,0.5016166499292835,0.499483369737317,1002.3847926560622,4.997017759631869,71.70614437455848,84160.8994867481,2105.161827763438,149936.76329024005
16.050598673879723,2.761298412098683,2.055878962841826,0.09728046400894905,0.3501450748619421,1.9127621661753618,0.2514653323470272,0.9930872837768718,0.6503123761908716,1.6262056397598637,4.226958646562697,0.11841150461431015,0.2927787462287237,0.15262168030718096,0.3944969384154936,0.31052731806473177,1.2281287619548067,0.07084632847476975,2.725944383376747,0.9521908021152043,0.3750777104612473,0.24246834854643018,2.7136538282999654,0.02676653938434992,2.2250517665622724,0.6891545394333427,0.014167362449337705,2.003828351860595,0.5594834480475628,1.4909016382968674,0.3206739013042958,1.1049788448588114,0.12623190494193418,3.4874734496543836,0.09970048268988004,54.11142918730353,1.4257322497657001,1.089246603083092,1.2332388896470077,0.3991786243554216,0.033501646436952165,0.2799224309154677,41.33988898522083,1.828465446048696,2.2543456057797244,1.4148872603072862,0.10004059957146674,2.1842849703531146,1.2326184222370062,1.4100080082471467,0.4734650321235085,3.576864990048332,0.7710382696864256,2.9870128893291303,1.5859172106546566,0.14353767619526953,0.6432243091295609,1.4965670507683912,9.969512005545372,0.0007021291993408208,39.62213250334653,1.2197974681402328,0.5983369189413832,0.29855455139208337,2.50702583518881,0.29951827574686,1.7075663495513136,0.39812244243824096,0.9963294310327404,0.5004439351578024,3.0060422058614513,14.962602448426358,1.0505677465173593,15.97094179952685,0.40021635698248637,15.023899151664638,0.08037824644285524,7.9964557488016945,10.014821604027137,1351.0535298469192,9.981755489388757,179.5555154370559,0.45219541824785126,69976.26312448936,351.88848882958337,0.4982329369551038,0.06860817626824309,49.84286422149477,10.046715664401615,1001.8598765657451,0.49795059121837915,0.500965885597295,1001.0362076278154,4.991877312334697,71.82772991838483,84395.22064191793,2110.0806569005945,149740.8087734288
16.060196337734318,2.7436427485194335,2.0411822207324835,0.09729707154517238,0.34862474700491064,1.9057342836274898,0.25201810971048205,0.9878849602613372,0.6461531762988819,1.633311922262962,4.211978672273037,0.11840091827293532,0.2932380320123405,0.15197483976189613,0.39505457515237874,0.3129112455302848,1.2262715134053417,0.070617497714969,2.739325368691359,0.9502865051439128,0.37642440431856294,0.24187957688981135,2.699898681455516,0.026899988556790468,2.2254687241013205,0.6897522959629235,0.014031938316442484,1.9936853999733364,0.5624988688518656,1.4999074293835293,0.32049763916693236,1.0949766492880655,0.125699250745475,3.4754642091689916,0.10004194623219337,53.707137738472845,1.4321195364890902,1.0900134392208733,1.2357873549641507,0.4017936278465508,0.033424077325328816,0.27937905275456326,41.31939371624866,1.8237943381605701,2.240095527208632,1.408021948473167,0.0997980345475469,2.1838536694244355,1.2325354082831828,1.4122432677708434,0.4751685969466631,3.5947057321006004,0.766944169166023,2.9695607388894483,1.5881468498995885,0.14322291133416393,0.6445414706420605,1.493610640312019,10.045842480374645,0.0006986354537152297,39.62404033314913,1.2215082835483295,0.6026709931047584,0.2984848109525277,2.511369333238692,0.2990627733564614,1.7020197687925398,0.4013155155675051,1.0000902446825484,0.4993108683791467,3.014542755900956,14.9461481010595,1.0490647600390508,16.059739800409705,0.4016019229860237,15.072057315233964,0.08030787807381151,7.964076562030993,10.042976649962746,1349.0302570839915,10.015161918745656,179.8096965645008,0.45141150634476096,70235.28166650883,352.0824124873292,0.4984688573576038,0.06818452843681236,49.970188400792395,9.950475154496248,1001.9285295489626,0.49898026863904005,0.5002864967310722,995.7000356046084,4.983532217969135,72.08845860241578,84047.34655491647,2098.9948968914273,149593.26975121166
15.954371098356079,2.75337840110934,2.0431876698966236,0.09706655058112285,0.350657604029577,1.9102611171953399,0.2522451477943542,0.9875339790966912,0.6508039923781104,1.628596231747556,4.201031181731379,0.11847710489718898,0.2934549985727246,0.15217319771197044,0.39753146922257804,0.3106226456931667,1.234153457997693,0.07092592796992801,2.7261778032974973,0.9456902107271261,0.37451407018355465,0.24407181023369942,2.7002958180002303,0.026835288966111606,2.2242425793864427,0.6914500518214132,0.014052168387348964,2.0062826232153124,0.5620578144527711,1.502216396471383,0.3206710589553091,1.0949711299900307,0.12617260788068288,3.4777858305191325,0.1000249490457333,53.64805603213027,1.434002988425839,1.09134289294984,1.2341682579721607,0.40183341125260164,0.033635037077810695,0.28054285857734107,41.34792632347482,1.8272105427570822,2.2596061228955375,1.416666986871284,0.10026831723484278,2.1834735553757163,1.2354729358741618,1.4163046946821085,0.4757891239785866,3.5927906335353113,0.7704710584429624,2.993234982973269,1.5835435887058142,0.1435204680859732,0.6411374433709992,1.4975866057832703,9.963532564261525,0.0006998539456472404,39.57375527549141,1.2255152830278746,0.6003559280019204,0.2991852375941851,2.4944514617262787,0.2985779326798397,1.7046861350626266,0.4008095106398879,1.0004549164567418,0.501576713648646,3.0102025311794436,15.013185496202727,1.0548922418144662,16.03515391161877,0.4007075015046505,14.979213268883797,0.07960180686288001,7.979275413911534,10.026392050681462,1352.8332619349017,9.98310221448301,180.2260493541692,0.44862879365762914,70016.1092059374,352.43982077907566,0.49956590286467795,0.06822557151450041,49.99355412341949,9.988701587978737,1002.295290373491,0.5023105805324544,0.5004586871222885,1000.911471869369,4.993241692936174,72.04653427102221,84058.85503167327,2094.497988164275,150549.14425931772
15.988711053683472,2.749782433338985,2.0414617687662315,0.09752767141903003,0.34884617974632154,1.90829286413278,0.25285746917860097,0.9895820511081138,0.6507938671338226,1.625261823145757,4.219061302141096,0.11856403825780282,0.2931453679570555,0.15229211952593888,0.39557717757202,0.31278417249994345,1.2350291508952418,0.07094376334147176,2.7419008538207,0.9488404271408869,0.37629003677609557,0.24252524455310526,2.7156809050105384,0.027002745228352405,2.2232482202200625,0.6881579706221301,0.014106219385175757,2.005118748339028,0.5644692218295849,1.4918592428613229,0.3208005406329123,1.099042378832562,0.1255282700735229,3.5067669690464283,0.09992430436728256,53.9281194308295,1.4260973552724865,1.0864470009628464,1.2359617353987928,0.39995474860546787,0.0333354560151445,0.2799772747774135,41.58803245433505,1.828901028744075,2.2434860945198634,1.411625223638598,0.09957690833050542,2.1916959719695375,1.2253988246282832,1.4144931274833612,0.47708798119111057,3.5682929277281716,0.7697128836981801,2.968140881354544,1.5874423261124602,0.14237808978930755,0.6424836796404323,1.5073533550063392,9.95446032673214,0.0007025127783073306,39.51233318285283,1.2203537625596317,0.599712718754564,0.29928603288686145,2.492476246557127,0.2990390460461389,1.7042281395056529,0.4009028778924014,1.0019918177049278,0.4976306355808619,2.9927987906017472,15.050984276678143,1.0510590102752961,16.01635118731715,0.3991836664216193,14.964025963283541,0.08035724391041459,8.018220422308257,9.962686611780184,1355.9090437189407,10.008237015181805,179.70005226052274,0.4495371275087982,70340.19339345566,350.435877852971,0.500393723995593,0.0685439816557075,49.84768749865298,10.044424148624254,998.561727714354,0.49959687378538453,0.5009925718393391,1001.0878508938777,4.997005991846959,72.10781426901656,84550.22574608949,2111.320970130386,150486.38851493216
15.96134534537077,2.747783592105685,2.051103292403908,0.09675695347622496,0.3509442726313206,1.906628151406328,0.25145214211666334,0.9876169908926259,0.646596297639922,1.6273596417641725,4.214413113895006,0.11809860707984206,0.2922842354380535,0.15155376490039127,0.3972923784326825,0.31072929681355027,1.2301577209467713,0.070814557098926,2.732023934825957,0.9516559630987995,0.3764659164147563,0.24415093005198266,2.7200636685587503,0.02682326512980206,2.214254269487002,0.6889289415378146,0.014084703532526298,2.001059902406154,0.5604967209968774,1.4928435073612731,0.3216180756627252,1.1018922542453402,0.12623703827250118,3.5066164742274064,0.09970241543392182,53.85224036876609,1.4366448882205285,1.0890653950327744,1.2311350258553106,0.4001585842056054,0.033357795977345645,0.28180420028134623,41.44194660866031,1.8213043468242902,2.2508887577247414,1.4084759903232276,0.0997546646913609,2.1955915514788247,1.2301176804684684,1.403428547405278,0.47452069887391773,3.5953440102483767,0.7690289881238646,2.977414343636182,1.5919709818565753,0.14343139496945667,0.6450848895980182,1.505250820966844,9.96139705870407,0.0007029721478732304,39.84027622278083,1.220233612756344,0.6007484534267232,0.29714418288960015,2.4986986859495346,0.2991081100827594,1.6918736035419972,0.4019236122725082,0.9975914651571021,0.5004655415444892,2.994007511506136,14.980593243031565,1.048926496365114,15.97360747701196,0.40054959903735976,15.069140440573289,0.079942907720005,8.03786613792434,10.016779723734476,1351.4463386327836,9.973710385179892,179.2132572706189,0.45158370646631324,70233.92139029737,350.56970391909016,0.5015598366104423,0.06827043698168289,50.14180862798224,9.98279638354058,1004.2088118640415,0.498839834372284,0.49818777058787284,1001.9809670834941,4.983142362653238,72.32354139620806,84341.99451569378,2099.3346169200395,149563.22840142815
16.067820006259264,2.752966092603372,2.058071588136784,0.09682113889911013,0.3514888726845271,1.910382941859087,0.252424423229155,0.9887414671682586,0.6451432292865977,1.6374649507938717,4.2308225896554665,0.1178401652815373,0.29430053303417325,0.15149494396226157,0.39463255042064793,0.3106681089408286,1.228662613713285,0.07048302999312858,2.7271241412764318,0.9445719412635988,0.3768667845113543,0.24381007123788742,2.7150897980932793,0.026819432927005327,2.2259240298825564,0.6882715513595296,0.01413658789217256,2.0013479514979275,0.5612509243415567,1.4907648808989005,0.3230545806215786,1.1048361821287804,0.1262090564028008,3.506212500677601,0.10043411141904297,53.7453633888733,1.433306336584954,1.0853619433872876,1.229846463534957,0.3986278617245954,0.03365905110839931,0.28133476763429544,41.293523349356256,1.8176607847610582,2.248255865853648,1.413490225510428,0.10042569726676959,2.186089538912362,1.229661751085849,1.411314226776969,0.47449338396390145,3.5801496913764916,0.7669639487434547,2.970096696754061,1.5884275099898002,0.14359336278683185,0.6430298658145954,1.4962468921290752,10.024286222084926,0.0007031439111625362,39.66378025125081,1.2140049804579196,0.6011288959888537,0.2977468811888161,2.504341138415405,0.2993331495474876,1.6915409384448885,0.39937798487498244,1.0020479234261293,0.4994655664150459,2.9915752241895968,14.994601029620114,1.052649659494633,15.93910929388677,0.40076700813458654,15.02510160357059,0.07989659030374806,8.037626895310359,10.039470529948034,1347.518179990828,9.953109109339383,179.65494865214114,0.4486712487414347,70215.16233831689,352.33924855060184,0.5018516875501876,0.06826718714247475,49.964298766777816,9.953654219907957,1000.4416350764915,0.49781683990025366,0.5021930308311454,1003.6693383485227,4.985709381321875,72.14354544950066,84268.28064425092,2111.3435798484657,149963.47816012727
15.950683515306524,2.753845693503378,2.0413957467034165,0.0972822195274157,0.3489944668191256,1.91353228594906,0.25282666876755483,0.9861342948198926,0.6473537402179228,1.6338064018807485,4.195841898889944,0.11807849793064212,0.2935034882168958,0.15177928628300386,0.3973146498058423,0.31203325353734573,1.231562036531268,0.07054573794006698,2.7169822727647417,0.9437410964514208,0.3775187397572253,0.2439298209937232,2.7183357280012856,0.026819195652542177,2.220565182073279,0.6920432079937836,0.014124628354557063,1.9923104238735188,0.5642229415429458,1.4919204154198862,0.32094318213279094,1.1044110949208779,0.12598061734325908,3.4855639247258807,0.10005365674229805,54.16952130212978,1.4245607155099467,1.0897930339863697,1.2279622081056027,0.39846819708339054,0.03347384767404323,0.2808368493277748,41.26829752185568,1.8182759041555583,2.2530527105731264,1.411077917078055,0.10022316059405485,2.1973672592713287,1.2288824260807631,1.4089138385840174,0.4749842876386619,3.5823754509460506,0.7669840845916318,2.974416533555004,1.5847830795464948,0.14283676945015208,0.6470484002273768,1.5012409643502145,9.992938151992055,0.0007004615582665659,39.7470895771935,1.2192064322521428,0.5996862588255173,0.29860017536555744,2.4890215645801423,0.300120241704865,1.7008045728077008,0.40102700904451355,1.0048264475233666,0.501478773933934,3.0001136583795143,14.950417976941077,1.0509267402021483,16.05348782187403,0.4017296562545813,15.048796556924112,0.07975117488509005,8.017006069147946,10.038015494748585,1352.4437290494639,10.018575204092821,180.00029211525194,0.45061639299956474,70037.6922763651,349.4272579515051,0.501638574523727,0.06870311070625579,50.178411167688466,9.98339135537808,995.9353015130793,0.498900691938157,0.5017141768790494,1001.558145076332,5.023334712205147,71.88673033327471,84254.34518721879,2111.1053045654844,149600.98791409773
16.074254395945545,2.7525409359935247,2.0399119000480526,0.09673844898391042,0.3513377560574055,1.9127748771802364,0.2526629427480409,0.9928117584094734,0.6474845793501051,1.6348673633121193,4.228420115926608,0.11761316190716815,0.2937739196506581,0.15170784385157565,0.3952931122920933,0.3117277951352335,1.2344737500948693,0.07046161569565551,2.72819618544592,0.9497068517179167,0.37453516212314225,0.2437101762407523,2.721975560403018,0.026789961466869707,2.212295448659846,0.6932712708521287,0.01405739764535079,1.991578793514064,0.5645413220545449,1.5028775619658479,0.32250143602220066,1.1005657402001632,0.12652823319734147,3.4954276506213886,0.10015839665931506,54.09528088766127,1.4321914131852815,1.0870399677620994,1.2286435744241508,0.40001253557116495,0.03350753034744421,0.2803093550902989,41.36852620947697,1.8254940691781159,2.2481215507952075,1.4033103927095594,0.09978301932177386,2.1841251468236083,1.2336110587455331,1.4092850321244523,0.47395647507941685,3.59112323484153,0.7662979693950859,2.9702926751133902,1.5951985816283933,0.14307243197055433,0.6457623045482918,1.5050726402214312,10.044196348858854,0.0006969439721951233,39.798736346140835,1.222546947008282,0.5982421536040593,0.2992864727536935,2.4976050470076596,0.3011628315823644,1.7017869329793036,0.4001069917861639,0.9965952393389598,0.5020716381214365,3.001699857220867,14.925913860824522,1.044941987681238,16.044421216802885,0.39864774541351355,15.014810765344219,0.08014486556954718,7.98234924743588,10.00693138084114,1346.4934930708525,10.044631542736795,180.64830628142846,0.4490461925617386,70202.22258603877,350.8722205058959,0.5023001162897504,0.06832751568564575,50.03111377731078,10.042870659488743,996.6281105117656,0.5002524280163917,0.49802836460180916,1001.1749893181849,4.99328416016935,72.33669797268931,84139.76522553698,2097.341749770253,150500.9999413926
16.051338670627665,2.7553586395374263,2.0551006419386266,0.0969713031915941,0.3504971872514797,1.901176179540023,0.2512361631626029,0.9942795665307755,0.6495502447250956,1.6256099624181246,4.193639228068762,0.1185297249449448,0.29186370986155613,0.15163074647303182,0.3947432306122779,0.31046328711968474,1.227713857721406,0.07113571864109192,2.7256839602485954,0.9480408102573543,0.3769247185475459,0.2431241246480525,2.716601329850873,0.026943480048543248,2.222410099110578,0.691032577459761,0.014142182175053033,2.004203827896022,0.5636397750543631,1.4916945966451045,0.32257210941932796,1.102607241035581,0.125747957704946,3.5030727487417304,0.0998047116033027,53.77189989555587,1.4352494844613712,1.0842501056403255,1.228960680287911,0.39947169132014726,0.03363335071055702,0.2805743467173743,41.470424467491306,1.8253515080645175,2.252877830566811,1.4162560924263812,0.10030250752925601,2.1878145251460794,1.2355449856720695,1.4103465051491255,0.47273224228398825,3.5714084754115736,0.7709373178201869,2.969773084089268,1.591336681913802,0.14280208517189977,0.6442214424915753,1.4925281227180989,10.034842135466867,0.0006990334784144287,39.53721486672149,1.219242573455462,0.599917063760933,0.2984094600772786,2.5006140610088066,0.2986305707462012,1.7063157094753216,0.39982603572714787,0.9957698777253301,0.5013641411826458,3.0048046325634914,15.022415665915382,1.0492325970182235,15.985679530019357,0.4001453545455494,14.932589161934866,0.07983916621137434,8.03903153388499,10.016219248912808,1348.9056112331339,9.972236310294045,180.4413768514204,0.4489213063936779,69945.04458628141,349.65779643045204,0.5011463163958236,0.06849768221393347,49.78490304968561,9.96150428153622,1001.3384686735355,0.5003555805093608,0.500929995301859,996.7803890836326,5.011329395310859,72.31398945647798,84296.09548037345,2098.6035369134806,150269.31578292613
15.97489306936737,2.7376054130256073,2.045947943254726,0.09759422871909551,0.34968898762061584,1.9169651079563934,0.2520218215456774,0.9901680820907,0.6447938017605005,1.6322347963946102,4.193488962875781,0.11797492312932481,0.2922977283870782,0.15183642210806053,0.39614682632844056,0.3104851280375582,1.227350378074241,0.07114664524947863,2.717916996134901,0.9462878502677318,0.3753285447458671,0.2427069077878666,2.715007562889787,0.026832143081845717,2.21911797943982,0.6909995586112818,0.01407494741022433,2.008975451610065,0.5646957602083779,1.4913065133082821,0.3214971000277706,1.0967876927678712,0.12560535489040195,3.489685196358006,0.10006382710813487,53.869919015086154,1.426747534685292,1.084593616512137,1.236053176322991,0.40169470949596103,0.03335792611173143,0.2811394376801531,41.37215164173798,1.8234364165690247,2.2521816158746626,1.4154884588411618,0.09956698831428884,2.1867061942740635,1.2359715777470395,1.4055202234207675,0.47322983383765654,3.58819719781482,0.7721362507321344,2.985133751720705,1.5943915136772826,0.1432770218480932,0.6416543631939423,1.5016233284621774,10.027687668255954,0.0007025586162442713,39.57930614429689,1.2154546552834502,0.6016865426614955,0.29727451406820626,2.4882982369580224,0.3009756406909479,1.7001018492747846,0.3993065325297137,0.9951142910523155,0.4976766372235397,3.0087786981168083,14.998455882744729,1.0463220815176129,15.977360900359843,0.3986612205901501,14.941932232977058,0.07982104625653931,8.003960683796992,9.971000660781224,1347.8895595973443,9.997793088395646,179.85605353052966,0.44832882509604577,69858.3666803318,349.2400640352457,0.4992508950901393,0.06854966062171952,49.815627649364636,10.028698011636441,1002.1567430931382,0.4975197174544281,0.49763373936490923,996.9503321553806,4.977806045552529,72.02256703579462,83823.31551314675,2111.370694889803,149989.44310341871
16.036472698667595,2.7568943201507357,2.0501386607632397,0.09761345271571835,0.3517158427084935,1.9073110005028777,0.25105717763342805,0.9886460579686138,0.6462073332526524,1.630505392373106,4.204880118012726,0.1179769303088584,0.29377113959790263,0.1516565118813036,0.39614839990957335,0.3114857030979055,1.2335050186286838,0.07089879193574465,2.7165821791429394,0.9495172867136774,0.3747598091503303,0.24354547131019336,2.7118248778715115,0.026873498840307534,2.224308274728401,0.6924604936724944,0.014139302863654552,2.000907585531438,0.5632515420798585,1.4957113008792595,0.32293066411143323,1.103619570807851,0.12554299023446425,3.480857294449829,0.09976998873734916,53.729984654703244,1.428463250598633,1.0836632710084573,1.2311751335243972,0.3984064617715905,0.03342292291626396,0.2811646164531714,41.348007826464894,1.8185706219017321,2.2567033181915637,1.4168316129014025,0.10006506778325422,2.180781571055053,1.2251157065829508,1.4166058601806144,0.4758513658355552,3.5890383944363506,0.7713533809341786,2.9704526045305153,1.5891789583571136,0.14342625502579567,0.6463593774813469,1.4960600327211955,10.009596179083381,0.0006975997133191692,39.86184426325471,1.2169768923257083,0.6013598107716233,0.297198716573796,2.502901348571963,0.3004777929210679,1.6970832777587306,0.4012753354617042,1.0038537089824744,0.5017753496512699,2.9949239465839415,15.036651038851899,1.050624652926127,16.01482053191872,0.39990970034103385,15.01503917219533,0.0797085233264286,7.992707778649396,9.967767176198794,1347.0314246681141,9.962781453592214,179.48249208939964,0.4512686816510447,70216.97622588553,349.1986066099239,0.5014426224190105,0.06868007638281577,50.190214637891316,10.03230168828733,1004.9221644280093,0.5004320097776896,0.5023129381425745,1004.4884423250143,4.990661936525172,72.26167230436022,84457.29415639369,2110.8055642642926,150594.42115693784
15.981470401587249,2.747251511561903,2.052871072338674,0.09743114601075552,0.35132907985930156,1.9171786456245918,0.2525577758534534,0.9945232385004329,0.6459175134507716,1.6373405395090352,4.191652461393615,0.11806563381980643,0.2917992770840338,0.15210336148230114,0.3955648344613246,0.31069462142628745,1.2318218367017975,0.07096368818373297,2.721105261791825,0.9498432600990471,0.37479321878479543,0.2421188733718361,2.7004435445228205,0.026926652108148718,2.226189155940411,0.6906685665401693,0.014143618554875573,2.001829546821407,0.5636709454100984,1.5041335418419652,0.3216488905816577,1.0961493639461959,0.12554059998274825,3.4934019681233153,0.10004710306585535,53.739771292572,1.4354641009661475,1.0919648547650969,1.2269645524101707,0.3988275317236043,0.033404163820523025,0.28038399223384364,41.536200727856226,1.8217464831009282,2.240269952213985,1.409619005100926,0.0995903316830281,2.187946089096785,1.2288132977503308,1.4120917725865056,0.4752349063430747,3.593416221207739,0.7662753189065241,2.98816516489842,1.582410267621198,0.1427201344547212,0.6464450306098765,1.5028562125751566,9.967199667836613,0.0006999354918087835,39.76805157901207,1.225335588520342,0.6008059271953091,0.29658353272607013,2.499992546492407,0.29895888491751244,1.6923122523580736,0.40039404253872635,1.002769219025104,0.49768030277748204,3.0085076781289652,15.030958181971727,1.0526458623257677,15.959156539634511,0.3995743818219737,14.942962624081083,0.07979111276018756,7.984223173718195,9.981943663953679,1345.613038489307,9.968871179807113,180.72264671962586,0.4512775212666702,70072.85134186436,352.4406468869768,0.4986946135639616,0.06833626519015984,50.15676265571728,9.994288637020363,997.3462532290814,0.49934267733810744,0.5000036053618734,1001.2064438366033,4.995280324979076,71.95053911840638,84012.2145557762,2105.7440606316864,149579.1843506543
16.05880419489729,2.756802594432323,2.0481607192624907,0.09744030546731591,0.3482744857963328,1.9070297441524697,0.2518495588933299,0.9897010052247024,0.6496117799755631,1.6375437610692558,4.204947879191642,0.11782370782244288,0.2933238096138805,0.1516675054935712,0.39457974732190815,0.31344000751593565,1.233807218468751,0.07112461768354109,2.7222968375880705,0.9434288313579123,0.37576410352477524,0.24405366978006948,2.7001986166834246,0.026797022905642506,2.210430751810258,0.6918286241926306,0.014140315641270527,2.0039075211132693,0.5594895001695877,1.5003426263871535,0.3218345847632466,1.0962368386413026,0.1257418587732106,3.4900400247136605,0.09982965147226969,54.16324180813639,1.4296388069064128,1.0856102760464408,1.2321299347763068,0.4006021802274236,0.03333331715893577,0.28103255567113017,41.2839459786569,1.8177292522769,2.2546428500415336,1.4108091457162506,0.0998686551441551,2.182716286705233,1.2300674309031472,1.4074530609314513,0.4769614070899383,3.581229609722348,0.7728179227551121,2.976727394648808,1.5952062509042286,0.14236584777010605,0.642699886524658,1.4936726389956705,9.953165018071488,0.0007029320357172617,39.76605351777779,1.2215263427865153,0.600194956856471,0.2982072710279262,2.5034672595346614,0.30097973938422024,1.7016471054485238,0.40099432305244354,0.9978097805182973,0.5023838086890823,2.9859569162531105,14.982986489291596,1.054011520290789,15.94888367402979,0.3985653523717346,14.979814615034986,0.07994255576041347,8.034671524852937,10.033611953470881,1349.515210108822,10.04729751008816,180.25610112748632,0.4516814642939184,70003.77771004527,350.83127824749636,0.49764858606678214,0.06806407405219425,50.10272661046973,9.96182936224656,1000.4780823711081,0.50098003741105,0.4976611729311482,999.4874139914568,5.009207596849291,72.28060631125548,84041.92966001766,2114.9822579498546,150516.8122494895
16.024101611533094,2.7470279514492684,2.0543277627120897,0.09750733985753637,0.3493115495621029,1.9194130542397239,0.25302972081178166,0.9898564642593949,0.6494439378542245,1.630391344982286,4.220985176247495,0.11838583900057599,0.29160304208661014,0.15136028068514498,0.39535241096687185,0.31330295453381285,1.2287487650726636,0.07107435864836296,2.7289744458148464,0.9459983256845536,0.37750642588831496,0.24314742996847236,2.706219124395314,0.02677744548397588,2.211362715540351,0.6875112412607265,0.014080941916947894,2.002146659114887,0.5609186564430513,1.4904959486774592,0.32124268413416185,1.0989954981598957,0.12662026011012714,3.486265242975808,0.09958919541874744,53.95372899648289,1.4360008530385555,1.090116382246627,1.2341354852030029,0.4017129271844093,0.03354574207363415,0.28208924810494435,41.19682524177319,1.826094082105813,2.258032740064251,1.4158754755097436,0.09997816945763585,2.196301854727291,1.2262494889091904,1.4114541361750126,0.4743285644737264,3.5834430166936984,0.7713518159051189,2.975442646269036,1.5854881889589159,0.14274501370966883,0.6450558846584918,1.502653113505092,10.02413169360241,0.000697385756260009,39.806387700452966,1.2222954031787996,0.5971830304601438,0.2975100815913164,2.4991677813976616,0.2995818524711604,1.693496087099543,0.39882938513802,0.9952456139491013,0.4979653858067628,2.9929890035317364,15.04799553984536,1.0502796938543406,15.987919662510576,0.4006486517758342,15.00622658404875,0.0797052111414045,7.977809869105935,9.972252236099061,1351.3493589202667,9.996162436618935,179.7976531126095,0.45025487627796806,70511.93666077791,350.21806057926324,0.5001009771681676,0.06838657309070058,50.10832151587292,10.02302902679829,1002.2907072141303,0.49850759789969373,0.4997454656818059,1003.1117469102912,4.994076508527032,72.34866368444874,84097.13556313064,2104.950886715548,149961.7883922038
15.989386208395079,2.7595048626287895,2.042933142369734,0.09726577009463437,0.35041510552074395,1.916708326984125,0.2522751844030138,0.9945542014430988,0.6504116467754507,1.6275344611581493,4.225152061346743,0.11854100382063026,0.292288587740109,0.15216751738612988,0.3951359434928749,0.3124666499107365,1.2250018064959283,0.07096580511948329,2.7278110813206524,0.9488276720538524,0.3742172426334884,0.24347492273616106,2.709891365697065,0.026933692521068028,2.215907828986751,0.6875561591966077,0.014090895480821455,2.008879582425727,0.5604702024297944,1.4996323100101676,0.3205504962117912,1.1023990976379363,0.12567043085536989,3.4883079454020036,0.09986775310059477,53.70128222908238,1.4277918219209182,1.0853708582966468,1.2302718993600656,0.40188940613175994,0.03348995587004106,0.2818632942188608,41.374088714879036,1.812857288075924,2.2439284401437085,1.4086959992324122,0.09982536877297019,2.1980116613969614,1.2321973409070175,1.4111041491720533,0.4749583403683742,3.5763222881347483,0.7708638817867064,2.9688132935302423,1.584634277692649,0.14271845638535727,0.6418824289300094,1.502656480785372,9.952476832140624,0.0006976212424416673,39.83975489784912,1.2260700264083093,0.5999255428669685,0.2979862028176048,2.5068349690559355,0.2986085687328617,1.6987593651923165,0.3983993115272599,0.9990092638265649,0.5024191092056444,3.0076089984241,15.072756881352781,1.0525835105695414,16.017297611489052,0.40101688333170893,15.023863750945646,0.07997125282392152,7.983403706720416,10.002017805933434,1346.7396618976693,9.998667634644214,179.36304373065795,0.45029427794536514,70003.23499988575,350.14583275429976,0.49999514070891193,0.06816916795706676,50.23118994181795,9.994694431539287,998.5227922962675,0.4976459830254629,0.5017162718155611,1001.2583391530638,4.995820257742064,71.8167836155237,84417.43267164072,2114.377239819362,149821.21455847804
15.941580170940677,2.73925285555,2.0398804204328447,0.0974371246884301,0.35168488385065577,1.919412819077593,0.2527161770809442,0.9866556194051308,0.6510955572743169,1.6271933591209315,4.202995385559636,0.11822105760441307,0.2916787141181281,0.15249516998945947,0.39796929721489144,0.3128582177076405,1.23346462084185,0.07072234207876112,2.7181496539201273,0.9507744872765422,0.3763653144067621,0.24399469301456664,2.699592594594521,0.026847578103972314,2.2169065666126593,0.6912646299889582,0.014140572067997544,2.009220408171688,0.5608501882297818,1.496904737036207,0.3204832541948618,1.0972828666591978,0.12584124442023073,3.493273836607738,0.09997084549359918,53.83693850472577,1.4317743149213695,1.0905720524102618,1.2268226779357128,0.39937150351704165,0.03356864942264515,0.28148017926071517,41.524681765210964,1.8147098281839258,2.250883506627999,1.4156401564892063,0.09989195045509149,2.188464439675852,1.2359633222099782,1.4045440423090583,0.4759766094499427,3.592536591748064,0.767311110078082,2.9863907064330157,1.589518837729966,0.1435046339650847,0.6466239929204232,1.5055872735473184,9.956438513757902,0.0007017979869377047,39.84726214175437,1.2214804509761854,0.6006052563628709,0.29664411605444635,2.5089008255551484,0.29863921068248744,1.6968296633085393,0.40170345226114884,1.004497451427295,0.5024595027023796,2.9992920685683866,14.951614431957152,1.0498734171117055,15.936370068013288,0.4014901444358799,15.009080584989974,0.07992360471933341,7.966362456198464,9.990524067681664,1354.9435867132665,10.02034059324772,179.24841993151975,0.4484695823987678,70106.41994494834,349.4713447526201,0.5021702059599663,0.06850416775852752,49.797411500651975,10.028805746238046,998.6840592857194,0.4987243532227661,0.5003499247096984,995.1337213312054,4.998269883005213,72.24753959502851,84571.4715821554,2101.685776527966,150213.65488224756
15.956291750139012,2.7516558594520792,2.04495756838614,0.09726935852638587,0.34885102741052626,1.9184275418341301,0.2529750320405464,0.9883854906695435,0.6497927755202336,1.6234067173309346,4.2201191942564975,0.11774330177294298,0.2919324303822203,0.15227085065121349,0.3958804349985648,0.31209403555739895,1.2302525163448963,0.07048808917133106,2.7177526808002304,0.9489590679374278,0.3764657310552563,0.24189963417233173,2.70670570589416,0.026930356994201755,2.2234783105577183,0.6922651027390081,0.01408882325198716,2.0009651556229393,0.5624415093109215,1.4941863178910058,0.320563317795862,1.0945464851882563,0.12642351802430932,3.479538090606032,0.10013025466415913,53.951536295736936,1.4285647529973893,1.0906250722655757,1.2324403396270285,0.3980909658537567,0.033592692514574495,0.2807196456821309,41.32668128375139,1.8241293007485122,2.254186476667041,1.4073292941539521,0.10048303887149788,2.1932567158589875,1.231301090463183,1.403935313125093,0.4739517642066375,3.5781016692832868,0.7710058179231845,2.980380356195765,1.5941822236421952,0.14266047182882907,0.6453018910496192,1.5047489557033673,10.026504997558295,0.0007018959260921162,39.83415960032163,1.214926978218262,0.6011831494282446,0.299396661039327,2.501841266246863,0.29915194893595315,1.7084788146981613,0.3986987091712859,0.9983555769737485,0.4983603109420858,2.998935386062502,14.987831401441644,1.049908029413361,16.068477344008866,0.3999132975433369,15.002193948932044,0.08030934568473477,8.025420639521187,9.973972203122544,1343.4245003955893,10.012949959220204,180.62072968290752,0.45023782550674685,69979.29818600342,351.7168426066524,0.5008476964130563,0.06844448225558745,50.181668087010486,10.028424235293903,1001.6795209142277,0.5008237933451161,0.5008110131714913,1000.2516474491656,4.998196082232192,72.15091233083908,84304.0485077909,2104.7890908364266,149439.99203086656
16.032308606184504,2.7540149606908937,2.0467660927324567,0.09706034611756105,0.34911352834447335,1.9188225813965716,0.2529077074344292,0.990604385391181,0.6473627123896992,1.6338602517982515,4.211167356214904,0.1185615042200198,0.29169650925879187,0.15129211431576128,0.3962716996311746,0.3110742311747894,1.2312829412116673,0.0709992475042114,2.720120396480347,0.9474369659653166,0.3767093882337696,0.24381128847673528,2.7099009248399852,0.02682095531487772,2.2219047434740014,0.6896861677742023,0.01413834148520763,2.001111521284059,0.5607603563887338,1.5008082620082261,0.3220571453817375,1.0964530120750617,0.12607947112715892,3.5056463700886207,0.10020551626093772,53.80153489216199,1.4330154864066877,1.0846369306005936,1.2305250727017576,0.40010638305515017,0.03341537594443546,0.28027300252806264,41.573018904135935,1.815460893362761,2.256773108481697,1.4123599251781709,0.10003262913252575,2.182061575641287,1.2263662202582883,1.4054735844926247,0.4754122727301253,3.596947118442521,0.7729047423233674,2.9658525061113012,1.5864022533289515,0.14250987816627994,0.6470633653018224,1.4960341535189672,9.970131318503878,0.0007008461270550757,39.70229483636247,1.2166553881021311,0.6010221891872234,0.29679908148965817,2.4879842266507723,0.298747244372119,1.697702759841588,0.40190006531149924,1.0004724699880936,0.5012736305150773,2.994644872566947,15.0329008598225,1.0548949025802845,15.977241742445129,0.40199623773894005,15.020761492654747,0.08019887312997177,7.9801733791078515,10.014309076917725,1350.148584394742,10.045640264547743,180.72841508602113,0.4495350266951628,70495.62212902456,352.2201918038339,0.5004519192518456,0.06811416864961205,49.83039512032977,9.95768742446738,996.0799311464906,0.5023847618719653,0.49856083649608074,1001.9085458234065,5.006826412884138,72.09442430269415,83964.0125050998,2106.6702458117957,150188.30752437742
16.011264850663217,2.741369467850081,2.0545727422400315,0.09678519235338284,0.35031920004136863,1.908782553248865,0.25137072221469536,0.9930431509913588,0.6458997838320358,1.6370576026863364,4.226190187692322,0.11783549330565125,0.29242909808741563,0.15144897975879673,0.39764865815109846,0.31239789939952856,1.2242409380603638,0.07080778758550961,2.7186923112757424,0.9486991564933528,0.37603369606088627,0.2419863158905716,2.7185598220734644,0.026836063320657726,2.2209209528845006,0.6909593682487507,0.014165184939234098,1.9998762338575968,0.5643453146402582,1.494827214399975,0.3231509477893129,1.0970940884964657,0.1262614245006686,3.4756425585820496,0.10048605035668366,54.154717113165795,1.4291736550307983,1.087260175819554,1.2312026308065116,0.3991001502387587,0.033558447930793725,0.28125736338411883,41.40037916017343,1.813588880603231,2.2594316837375605,1.404572135661073,0.10012917216871052,2.1813076402657536,1.225647038722335,1.4032395902278063,0.47435097939831955,3.584997055806309,0.7701658904919431,2.9852012667072048,1.592782799887848,0.14248544845391173,0.6411492528780359,1.50188037210652,10.015322430497523,0.000700396926145992,39.57911854663739,1.2237913356471835,0.5974541160929775,0.29839428913217764,2.490510288396984,0.3004633431492997,1.6986013383929994,0.40087241222175063,0.9955219220247693,0.5002754149424018,2.9893463369664026,15.02735724474157,1.0460095341287727,15.931773331672307,0.4008524911927344,14.934529790185243,0.07977962465434521,8.025978815770053,10.030968830780822,1354.7806977300404,9.982609988958872,180.05048645175037,0.45123006308672764,69927.22917414508,351.65732027790415,0.49798743174697324,0.06868266341630076,50.068655091255806,9.999330531268974,999.8472925466716,0.49840681023922456,0.49922958686227326,1002.2712366531714,5.00204718104272,72.02110046695219,83954.36352025578,2109.007126666625,149838.05085159204
15.949240534150166,2.7622040806688988,2.0501393743107448,0.09722725162138202,0.3516848016857518,1.9074483572199563,0.25311641212509733,0.9919297610752412,0.6488624597001863,1.6256710183216623,4.191128913807526,0.11792658492917645,0.29156480091864745,0.15134792381637097,0.39637749395254973,0.3127003521191878,1.2259157644826686,0.07096461029217303,2.7422775150660366,0.9503053092452842,0.3770705292256021,0.24348773157005213,2.7025403846363236,0.02686257939443992,2.22997372657349,0.6911123529948937,0.014140752487484703,2.0093738923768933,0.5604906754932812,1.4943306494098785,0.32246626132212713,1.0947679322116242,0.12608973603744045,3.500773224445056,0.10011044337382412,53.79969651934839,1.4332046883917056,1.083152363760271,1.2348557136721254,0.39840366012416184,0.033621769529810414,0.2806938510636556,41.3604669947436,1.8200120440424727,2.2432546418195907,1.4094033666717791,0.10034971981589864,2.196590919804591,1.2258554969742432,1.4124452357916195,0.47669497700858576,3.5914476796725534,0.7694273698133882,2.9665331666423143,1.5968555938252826,0.14285111571566272,0.6431046895439309,1.503892724167182,9.9763972215492,0.0007023432354621709,39.5117772593331,1.2229366766487377,0.6027947369426491,0.299477391014685,2.5105951090016037,0.3011122872162189,1.6962409638157812,0.401866593450519,1.0042789659381435,0.5001718625351259,2.9970623296318104,14.941390088033728,1.0509516578171638,16.03208735176355,0.3996159863327261,14.985904434094579,0.08005864911257143,7.9622227276725726,10.045786589638674,1347.1637270458054,9.964089086176887,179.10987911304227,0.4516060119362356,70436.90620048372,349.4500522832713,0.498261206514444,0.06836436512618031,49.842852086533156,10.023582113683675,995.5803974570572,0.5002485466619293,0.4994139578255695,999.6494648369226,4.99623785588478,71.75027461142496,83975.44624159319,2095.8392020620645,149422.92836294862
16.076463171587026,2.743944137321124,2.0460440235564605,0.09683754735318002,0.35089307471573855,1.918101127674577,0.2527301713534079,0.9911148967113982,0.6500297492931565,1.6284389527968055,4.225134838648897,0.11835225224257302,0.291540053207671,0.1519814470850746,0.39506788164127377,0.3107090466990672,1.2342582113257976,0.07045162837648519,2.736283463606111,0.9526280613070532,0.37593239432281544,0.24268711448775768,2.7128680730662644,0.02698196371563722,2.2142335942618114,0.6882798398611594,0.014115112099986244,2.008797596417086,0.5608672326637643,1.4951550173085384,0.32358853323070214,1.0964384438172718,0.12546697989215289,3.493132457836933,0.09952426698842164,53.737721554980254,1.4317475912838735,1.0887338997955147,1.2301282305706656,0.39953499218491756,0.033525526190781314,0.2811024838087643,41.51561121896011,1.825328065073419,2.253708017224086,1.415558679423521,0.10033802525359542,2.1819680875799725,1.2356171571282788,1.4155235664626824,0.47414940410266276,3.5628226021861322,0.7708006147900388,2.978164843790618,1.5939681099351195,0.1430351776632473,0.6412725984030161,1.4961703113038216,10.038252375612654,0.0006967638278700053,39.77391052481724,1.2174617107970074,0.5997158388182549,0.2980923961870966,2.49375203393268,0.300455881328993,1.7032885177076638,0.3983402379186831,0.9987392707585142,0.5012218865060314,3.0066491267952338,15.006690501585785,1.052915585188614,15.937223182886374,0.39847284507137815,15.02362339504445,0.08015466709431611,8.025162148425684,9.968103687777326,1350.2264174023198,10.016083129713557,179.50265923289223,0.4500761753951729,70279.16348701781,349.8680890009217,0.49937781705125067,0.06820597574613282,50.2014714522143,9.973679888192999,996.208346259858,0.49767577655763573,0.49772476736205673,996.9158623496681,5.005410425565348,71.65270790964802,84031.41492647724,2095.6994130623552,149855.48815544875
15.927772278052776,2.7529573988570726,2.0538626974431398,0.09742486009825373,0.3490352018952619,1.917038353093469,0.2524795261816739,0.9856108371710682,0.6476161682723852,1.6343644308419711,4.202038634314921,0.11786023935321056,0.29337973921397886,0.15132433093777617,0.3978490627604113,0.31098438075310236,1.224178065595649,0.07044976867128462,2.7272578344374834,0.9516427219047063,0.3772023054178594,0.24400127128974675,2.710915500853813,0.02688621273691242,2.217466113669571,0.68687028472296,0.014157742497139024,1.9999235218456943,0.5617474789625095,1.4972270572806015,0.3229471775483277,1.0969691819458083,0.1262644748555336,3.4973558639558058,0.10034955278225817,53.645131327931864,1.4252866562682625,1.0866852792817265,1.2343116467657762,0.40186046744651194,0.0335317809859176,0.27989196006901246,41.259449605601816,1.82253787996255,2.2434765558088365,1.4107485326772842,0.1003348119291439,2.1875870503013197,1.2285052079338257,1.403459578750164,0.4738319017475166,3.5870952542543693,0.7689250125875179,2.96981730773524,1.5837317069667893,0.1424209263307555,0.6450248193092792,1.5016893221819032,10.001852100560209,0.0007000022851371139,39.542364703146546,1.2200073715420732,0.5973596266596023,0.29926905820663596,2.488950688850065,0.29977059058468175,1.691509707958854,0.401144601755133,0.9966617018853563,0.5021245800891083,2.986319332435817,15.048118100184663,1.0516446970345636,15.959957715021742,0.3988096784369224,14.978651690006552,0.08026272230654029,8.028956523866835,9.967528537952433,1348.0215485357382,9.973749138390225,179.32075712574823,0.45065902224388016,70073.82920152716,349.90645499790674,0.5018299888675098,0.06856984946473804,50.13688057434816,9.953919589118328,1004.1513044923105,0.5003736918898711,0.5000190140234225,995.1058534602778,5.019883110521705,72.0316011387499,84484.81498217158,2108.273505723541,150445.0404202663
16.030869079769246,2.761576507314235,2.0443724258199607,0.09691044130180038,0.3507438954668079,1.910026640691144,0.2522498861492439,0.9920645704449931,0.64830733471656,1.6346894031969588,4.202374315684899,0.11842360872344762,0.291850491714072,0.15220368604498097,0.3975449247298061,0.3112284056790533,1.227870066501564,0.07066225277917286,2.7317543993314586,0.9471740248115574,0.3745259269115808,0.2439508279488682,2.7019967366502,0.026909167522955912,2.222104668689807,0.686831187721168,0.014042995438199262,2.009433794208591,0.5629245593516395,1.490017470700385,0.32294732149050265,1.1000939709020525,0.12546475146081887,3.4963082482218675,0.09999935180586847,53.75092226477889,1.4354011424908701,1.0847322990597237,1.2273500466160756,0.3990910943271691,0.03358959768532483,0.2812785751077581,41.55686199921618,1.8150739737964339,2.256443203399713,1.411029942629046,0.09980867960965267,2.17982644549973,1.2339230548631686,1.4063491063383382,0.4756257794220208,3.581749472110941,0.7661842614475803,2.9947314401722043,1.594997836757222,0.14298065391701043,0.6451613984243608,1.4996489135488615,10.024458627127872,0.0006974402998207323,39.65871207490886,1.2179935535602888,0.5997579314609641,0.29785240850552386,2.4910773487444797,0.30142946571212703,1.691763366427398,0.3980402917792696,0.9987344131853365,0.500601881746734,2.9903895968044476,15.004979100585624,1.0523391056636164,15.935049697446424,0.40193768963206367,14.975505097160895,0.08011393233102979,7.9688575886549256,10.020948638872131,1354.5961606853434,9.960528514233062,179.32655367786612,0.4490147133647425,69839.46679394672,352.575408176441,0.5004919203747632,0.06847359118377506,50.229481084825814,10.03320292543194,1003.1424293096834,0.4991975118495081,0.49917431696732323,997.9173795981264,4.992334788088816,71.90604630817909,83907.84350652745,2101.967702509879,149920.12055286707
15.969495574199465,2.7407970416243326,2.047404913162659,0.09718144235556636,0.35077254935333485,1.914034641244166,0.25125079147832996,0.9854128884121656,0.6467286209013098,1.6244113217692009,4.20561269497498,0.11856562842060005,0.29206553911675226,0.1517246883940029,0.39689145269262555,0.31202865028252913,1.2243903161659526,0.07056047653285821,2.741882312845308,0.9442380041311659,0.37650794887990846,0.24371035132668337,2.7036433985998456,0.02696054598284431,2.21267167297447,0.6885147768963531,0.014073466906354672,2.0099286998112844,0.5603958962991249,1.4914492357455649,0.3233707264286901,1.096281237632024,0.12647789269873305,3.495250936304869,0.10007686149807052,54.045496699394754,1.4332317850872167,1.082766419678977,1.2361434331580021,0.4017675589057949,0.03363285830755874,0.28104326559897636,41.39943333203845,1.8206602702266463,2.239086081245135,1.4099925199774306,0.10012376956765992,2.193475665972171,1.2279353154201311,1.409595081139139,0.4756474753816472,3.577433337267851,0.773558441032173,2.986122174873589,1.5820702525653891,0.14231828965851961,0.6452255333103364,1.4986896764631825,10.033947094921224,0.0006977111078664038,39.48708651949595,1.2186346046713872,0.6014163846258446,0.2994057486454651,2.5095913469837763,0.2999522238358114,1.705317893814338,0.39828132183147047,1.0007227234758487,0.5021214920650723,2.9968915544247223,15.069015094449465,1.0470671935156557,15.936901409525342,0.4000990493443268,15.061087030797182,0.07984902337499579,8.024012825551916,9.966919726588028,1353.3152003460125,10.005702694138742,179.41503055570988,0.45098139262246917,70332.01831554598,350.92415758849563,0.49862733818821336,0.06814848902229557,50.228627524229886,10.015581253825916,1003.0924148357338,0.5009848526452512,0.5016473683259614,996.6249081974892,4.999847511227352,72.12032983476165,83877.01066860076,2097.631593783363,150200.97389137643
16.05899292868061,2.7544114449208936,2.0404921986758495,0.09765726079541177,0.3487382741531718,1.9048919386608525,0.25319691755039986,0.9926832266668683,0.6508290168888526,1.6349979009927709,4.216388021397634,0.11774577253865834,0.29249276262417956,0.15267985203102744,0.3974280774399764,0.31156161019914,1.2284411892367346,0.07065676762831533,2.7252533528936627,0.9514191275804176,0.37415950578077783,0.24284460786929613,2.722000955288106,0.026911469179544175,2.2188998965411946,0.6887053516524271,0.014039921680810528,1.9944897295605502,0.5596983762638452,1.49141169046284,0.3209165232720866,1.097822323752927,0.12538388101679437,3.505710021607204,0.09962381909267698,53.84700555708905,1.4354272441039213,1.0827233938359735,1.2297983322965755,0.40137913439016554,0.033519082479051436,0.2798869344723517,41.48747739505167,1.8233004073441883,2.2468991828973057,1.4036027617782973,0.0995078646898961,2.1971261041404846,1.2278051555471765,1.404892555570343,0.47508811832427406,3.5950658319869584,0.7662153026568225,2.966773077512157,1.5886810144281025,0.1432516312466597,0.6438460869544598,1.5059632265769811,9.954408455553748,0.0006988809860875062,39.621014842509446,1.2180495521570334,0.5999261154727402,0.2988659195946799,2.49544706541007,0.30073344961989656,1.6939899130117442,0.4002428994225358,0.9987508802566554,0.5001960540114778,2.9882324925111674,15.068019427014134,1.0542652482264188,16.052223408686498,0.40157113129355215,14.947003180527222,0.08000297741841574,7.985432732700522,10.038738594130415,1345.8074087137427,9.971994535514197,180.336086021439,0.4481500484658945,70345.07993210363,350.05642821650775,0.5008046768263357,0.06865515784587069,50.054805686617485,9.971268373328611,995.4916552553922,0.4977230698584753,0.49794405941007003,1000.7981791246972,4.992410892702032,71.81503702372504,83974.62524538659,2114.44264124656,149428.2248638381
15.968770305723623,2.7492156247055277,2.039759215284522,0.0976091664982264,0.34859684506766037,1.9134851884731057,0.25232474100244945,0.9930597321655367,0.6489809924940426,1.63439101490062,4.206684566429997,0.1179866713035709,0.2935908699593417,0.15210400861600368,0.39604569265905626,0.3110813422268902,1.2270247316079184,0.07069981604667004,2.7166034637220617,0.9472166055020206,0.3741304094688723,0.2431579875092888,2.7155291796391503,0.026916717981904464,2.2242961434051485,0.6865500908630378,0.014037881318233088,2.003969248817511,0.563702298831517,1.5002589925162142,0.3225248994210224,1.1022812093019272,0.12630188330650316,3.4978307746930284,0.10023800847768834,53.68035402426752,1.423754783186373,1.085490373782904,1.2303394395889502,0.40105047621568685,0.03344462711929499,0.2800687536341106,41.50649145473025,1.8154379306964628,2.257218930978325,1.4054475830510524,0.09985947352287249,2.1878335558464377,1.227533978501884,1.4029973324858067,0.47374366897465087,3.5741879974078636,0.7685649116878553,2.9885095537950206,1.58280314742433,0.14284119664050698,0.6410215995339316,1.506459713491935,10.02902094370311,0.0007033751311946659,39.842751698976976,1.2177529158198162,0.6011495004739834,0.29742353118068565,2.5097052796982404,0.299732258609902,1.6978900882123718,0.40165627497693335,1.0033674028761985,0.5023320677668215,2.9869946425672333,14.961500831705829,1.047909006352604,15.987896329752761,0.3998925201837942,14.96872086421001,0.08023236033851601,7.977859531558805,10.01965173132991,1354.7488722604933,10.010369823915958,179.7374860666071,0.4485955105898849,69925.3768461564,351.7267359072523,0.4998456599879176,0.06808968257299848,50.24191975347131,10.0171303182989,1003.4418255142697,0.49969094335658504,0.5022771931040401,996.9952502092412,4.9842568061469406,72.28104100903465,84540.86885676986,2104.9793601697547,149438.67953303095
15.968834633312524,2.7569891892959473,2.057092834114026,0.09705192041480795,0.348464317886359,1.91316537961804,0.25260353254442447,0.9892477452910505,0.6485384725232838,1.6379441554096423,4.1992644410330415,0.11808611367868309,0.29332511401173855,0.1520746429379572,0.3974617530494574,0.312327623499597,1.2300970472754127,0.07053309463887611,2.7355476111407104,0.9445123777869697,0.3742199027990495,0.24297213072624418,2.7119632668752036,0.02703424554250957,2.2247136548369078,0.6924052732095701,0.014078340713503336,2.000178293651599,0.5646653917275196,1.4957633066255773,0.32298947516786364,1.1002858802951896,0.12565219193292787,3.4928066104386595,0.09971806202837032,53.64208185024201,1.4262233130212687,1.0836644734577,1.2284123304795531,0.40155438761523715,0.03346243077965556,0.2816689416703672,41.41301822903246,1.8110385876168509,2.2429965760403223,1.416081020437433,0.10010417344619771,2.1994070762027325,1.2276644762497324,1.4130535295337865,0.47629211950951195,3.597030045777957,0.7662899589204011,2.9934766690106724,1.5882762844599063,0.14348332914021514,0.6442879511933438,1.5009697431455002,9.985937788818646,0.0007022993081326473,39.58636058490845,1.219905344911379,0.6003610469926048,0.2987227128584139,2.4992908834260383,0.3005408486965185,1.6997499996379153,0.4006372825478344,1.0017414347620814,0.5010472078026462,3.0096989938158094,15.006108384143985,1.046779420720634,16.02874253465905,0.39830847233396866,14.957843253369179,0.08023372602293183,7.994805611546405,9.999804416765121,1356.5798583995274,9.97351724858489,179.13519494916468,0.4482511767428303,70002.68629514716,351.66268558959985,0.5013791101599238,0.06844479444454565,49.87752319934908,10.002174189452681,995.1495755593394,0.5009090047137089,0.5005714877770459,995.2179653938155,5.015850581681639,72.18966710531672,84049.50329838053,2107.84967849581,150152.23944519745
15.9429088446763,2.741564630780645,2.0537557257926764,0.09762141220017442,0.3502669951224456,1.9112952310801872,0.25236963787065364,0.9894117251717635,0.6451110348418887,1.6283130127016123,4.226850618045963,0.11835983722446201,0.2942523510559308,0.15147230400940126,0.39602359271787374,0.3122643518430163,1.2264320837729135,0.07058828692940243,2.737699499061148,0.9496291561736548,0.376553425138425,0.2424337795228987,2.710183451397099,0.02677170581748863,2.21178480236773,0.6901259309530494,0.0140731637908641,2.00931339513793,0.5618397441447606,1.4907659554206623,0.32044745235816213,1.1024778366123245,0.1255860984899434,3.4791046516782766,0.09992380722264067,53.78280506361263,1.4316670522403703,1.0868444775535222,1.2252208423981699,0.4011389633916378,0.033475162716228773,0.28101111193508715,41.184681731435276,1.822300480608545,2.245114121783196,1.4099206274792608,0.09979772060382129,2.200868110307665,1.226689360470953,1.4158213203809984,0.47698534150119204,3.5771718233750502,0.7684908239895298,2.9764548592975837,1.5977804914895295,0.14316987860509275,0.6442883847315649,1.4930387682200914,10.0347843030397,0.0006970866381906504,39.50023863523924,1.2172532686506394,0.5998547316303451,0.299177961100813,2.507251969977071,0.2990928964335175,1.6978253519832636,0.40112096105847556,1.000270924474691,0.4983724597101204,2.9968816560803497,15.018890370676456,1.0549688695854929,16.025889928777023,0.3980647806489256,15.030751241494878,0.07980069184596579,8.028972713137104,9.988388990822614,1345.944803009683,9.996794718651023,179.55935635376701,0.4488111966982403,70233.41659701885,351.80803786053445,0.5016747718707993,0.06833000619140174,49.78340188179847,9.998397499846556,999.3378147702838,0.49848489474126517,0.5019807245057205,1004.7414825302068,4.977587359401654,72.21293739349736,84333.70937060815,2099.978233234392,150202.73417742422
15.940582910669356,2.738158678978181,2.0601165260385708,0.09733255150242182,0.3491362791858663,1.9090456485577618,0.2531342222193905,0.9893933781770293,0.6505948805673752,1.6360115899270489,4.203438980907424,0.11823129062481097,0.293470260616083,0.15241224204334214,0.39546907949049925,0.3106029778753142,1.2259537826656839,0.07088252001087303,2.737510235102297,0.9504273410553973,0.3763146427600325,0.24199096229408718,2.6969185217967353,0.026975896132719637,2.221096156839015,0.6919507135088473,0.014052453173068594,1.9981484634154227,0.5643557313933782,1.49208382192897,0.3205881166302764,1.1016881412215993,0.12611911578918342,3.5057758646544346,0.10040646842105488,54.044467923367904,1.423123948501659,1.0867868063465793,1.2348720538194053,0.3997346043524579,0.03365481881607035,0.2811280337616677,41.22835430508996,1.8201687517683978,2.2544013855520153,1.4038717025085785,0.09984464953207077,2.194754075280882,1.2257819777563765,1.4078615925656144,0.4759020740317193,3.589864364286735,0.7701425408124557,2.9936143543254596,1.596762760654904,0.1429620149870881,0.6418121672011169,1.5040939734582592,9.974313957539314,0.0007023997491699937,39.714578874570336,1.2187079346780525,0.6003383001514951,0.2980977701300046,2.5106183211474975,0.29914308914928467,1.7072786936933781,0.39812536416583943,1.0026920328153306,0.5020983406535577,2.996821565729596,14.93596007804929,1.0531990090806838,16.054858376910676,0.39934502955195383,15.002788992852885,0.08024757525440812,7.975363438180009,10.012897575639126,1349.0635139034634,9.967441575225426,180.59659237305172,0.44921106374489966,70486.88893648899,351.1118682690367,0.5000725499069236,0.06834754126584604,49.95033544492815,10.03179662748371,1001.7750084948611,0.5013684506556171,0.49960542079805603,997.6143722470273,4.9793432609264086,72.1991923127885,84139.65343490326,2105.194156613635,149954.01485279555
15.988982057019077,2.7550572383693654,2.052229049373051,0.09765883629228225,0.3487361636767723,1.911404218882745,0.2508993652117738,0.993048392345211,0.6487536974394671,1.6288325747006782,4.2227241210605095,0.11794690307802005,0.2922024132592684,0.15195820115688768,0.39430049391468386,0.3132413266620748,1.2328407880092338,0.07098430357664023,2.7402236671997033,0.9507641081419668,0.3757437657393529,0.24207328645570683,2.7065681855374835,0.027016768788168142,2.2299698089053366,0.691848308972114,0.014058324712213063,1.9938889971692833,0.5641343158911496,1.4916394813674767,0.32227092267701063,1.0986607685050698,0.12575053387003107,3.496190632696126,0.10045956907665193,54.05967234828533,1.429802125081352,1.086355534094158,1.2350142695163653,0.400312428393895,0.033498874072727176,0.28121322028577467,41.28120796490991,1.8120599858738629,2.2579900074109203,1.4115123899798623,0.09966487710122507,2.185577249590366,1.236026182204851,1.4118953732177375,0.4756465326695938,3.564683459142872,0.7736112363536782,2.9917049301088494,1.5907597408319853,0.14272742615052472,0.6452754756708063,1.5050006159170777,10.028612140982325,0.0007033393316043351,39.73430422219104,1.217818950265018,0.5999875656784112,0.29894262516049275,2.4941335646803844,0.29919422476483193,1.70382218786555,0.39977770970606163,1.003165703951897,0.4982184179307949,2.995070893894482,14.965214985988515,1.0520776155546958,16.04149267413226,0.39982401078354624,14.996704406459841,0.07970562550623131,8.016146247505043,10.049231763359924,1353.7519448512292,9.972311232318763,180.2216209312696,0.44907730564798914,69852.2685083677,349.7465944536396,0.4980129678613192,0.06819201786664064,50.1478022107245,9.979283213403043,1002.570399509451,0.5022443127742138,0.5003713655753388,999.8540894201004,5.012506358779513,71.70990490072302,84150.54668099189,2104.97525772332,150496.57696559755
16.050274825637008,2.7595772973958743,2.054056395021288,0.09722970024458365,0.3511475776247018,1.9171296941313751,0.2519508211735002,0.9948080528880988,0.650428821449865,1.6301706555463686,4.191867007764113,0.11767490062002883,0.29380984783757247,0.15140895447063799,0.3958804082626243,0.31232713883936675,1.234653665988957,0.07104575661492858,2.7372147872449304,0.9471249414199541,0.374654857196327,0.24341224782222556,2.7013629216694377,0.026916493596036914,2.2306710556506864,0.6903471374530701,0.014120523518283721,2.0035515094383234,0.5638567825701363,1.4960266607512624,0.32199198188138906,1.0964356921531706,0.12614449665854927,3.4828719544207214,0.10000762474888869,54.05370098302118,1.4231012496369524,1.0876947617739718,1.2259833737129215,0.39911753335913547,0.03334412894882915,0.2797721819678418,41.59141590588155,1.8290731142538275,2.254946578197517,1.4115771816522737,0.10027700695309925,2.1986845385608547,1.2302374522326545,1.4034475043917896,0.47599463014775517,3.597348769574192,0.768137007760984,2.978911273850741,1.5877942629767154,0.1428433685167487,0.6454258159605574,1.4981760658463408,10.04410841254587,0.0007020276091763448,39.492570339554796,1.2238862963608113,0.6016371445346319,0.298049151310576,2.49992043491866,0.3010065807104008,1.6987213499157714,0.3986378493731732,0.9981289883284903,0.49882601201678745,3.005431770889543,14.951831002506125,1.0515201105825445,15.9945547115622,0.4013586437176471,14.99774981148262,0.0803438431476555,8.032037530230847,9.968528757910402,1352.5132457567502,9.971462474912077,180.58194775121478,0.4506107541954145,70037.50768020074,349.98975007490924,0.4996478882752271,0.06860569451247941,50.14808080451972,9.953337622555495,998.0228721547089,0.49961425481734856,0.5004279100672212,996.495270088147,4.991764151026446,72.27762985480892,84191.25042652077,2110.139214908214,149977.1677597445
15.994397212224074,2.7533529519397963,2.045066972499887,0.09695680764052567,0.35171273849212054,1.917047747377997,0.25259914233905306,0.9864077309366498,0.6449558561284773,1.6247092238184124,4.228428473605765,0.11837322192889378,0.2930676127165915,0.15271254649887991,0.39460046512749314,0.31218454937281886,1.226103632154704,0.07066295145220144,2.7420156860176954,0.9514912803368815,0.374502763433971,0.24239139144751307,2.7125611524256734,0.026782003899794682,2.221111879171202,0.6905829909069786,0.014070526372567595,1.9958624596025023,0.5604774254904878,1.5035220752618348,0.32164216507305105,1.1009379596942528,0.12574998396355944,3.4970729737540798,0.09960144127105865,53.67907195588233,1.4334932577763209,1.0894638807068877,1.22710951643453,0.39942018685089875,0.033653182267946495,0.27958935513805183,41.25885457084367,1.8187266982425128,2.245097225386249,1.4121010205357138,0.10019060172294668,2.190577899037193,1.231367726807254,1.4090612337314867,0.4762368394551944,3.5636071262228963,0.7685592632922502,2.9854960152335672,1.5872913572152185,0.1423973054510334,0.643001886479326,1.5031724215768298,9.962198486525333,0.0007015724195494816,39.78930082825068,1.2216506690819569,0.5984654042913489,0.29890978016444125,2.4928610625444616,0.301217462856514,1.7035129768854154,0.39821887970658826,1.0029928711866165,0.5000321677017995,2.9985794668893915,14.988076678904772,1.0511196156976297,16.03593256012527,0.4015839064628982,14.965941721942082,0.08010462101832834,8.01490740891745,10.017479713978688,1349.90550874507,9.98910225482037,180.47228187072074,0.4491000441181836,69977.10587043433,351.03080089214615,0.49883805428831085,0.06808073148333095,49.77578787169115,10.019501052638686,1004.7314584599208,0.49977344191813033,0.4982353056279237,1003.1808321052936,4.988071794848686,72.35685105235478,84264.27538668462,2099.37191514719,149994.00715428652
15.973661003492744,2.757685479577241,2.041919225659065,0.09754700664095563,0.3509356791299244,1.9169020486545183,0.252995384240025,0.9873248004471364,0.6481361176308414,1.6357037321887116,4.204838033626088,0.11748128094061884,0.29238948866465786,0.1516077188734417,0.3974654479700089,0.3118872006101565,1.2322575941205896,0.07112718035798163,2.7245178283701157,0.9504761718053596,0.3742055930969104,0.242038002306007,2.7008365439390887,0.026849540532618704,2.2178463161758724,0.6898414096460525,0.014064091719825958,1.9913243063922026,0.5629976797761421,1.489869210462408,0.3229964954442451,1.1047207030766633,0.1262650648312111,3.4933490220528918,0.10015701852932864,53.99206290533153,1.4361733834457509,1.0920470048198783,1.229098553195471,0.40046831670459365,0.033601440363000945,0.2792994141071822,41.401181887974985,1.822782349384682,2.2548871226190954,1.4081499306724874,0.09979564442061159,2.183038922207837,1.230711131253348,1.4159121783947548,0.4768808962159391,3.5749867801922455,0.7681354845775241,2.988606055915589,1.5935771822900826,0.14300763595852659,0.6432853548714302,1.4943569685561775,10.028513858909223,0.0007008222511050719,39.631146650520044,1.2251092133080148,0.6009580362384711,0.2992791318231943,2.499360311508491,0.2998638534721918,1.707433067935339,0.4018391657129741,1.0046076731887887,0.5015944869695371,2.99887218434473,14.95654489414036,1.0487761292534172,16.070127598642845,0.3994542171803212,15.03850761402353,0.08033840348087289,8.037631373030514,10.044767414687534,1350.7432775692505,9.999188007465087,180.87775291578234,0.4487318064206114,69962.7024882556,352.4951677281008,0.5009459741091208,0.06842483194270194,49.81602489642065,10.001324024901631,1004.4422115352154,0.5005144566167433,0.49952314311219764,1000.5110300146512,5.019307254350888,72.29725103601743,84126.86324517796,2107.2746841012427,149668.80391902424
15.992173647385355,2.7422967725115366,2.0506451813682443,0.09727604941118563,0.3494324285764577,1.9056474595421982,0.2511205845287113,0.9864314822954409,0.6493702680298274,1.6254626994582348,4.193916832588586,0.11858866859392185,0.2922965553505349,0.15260199343945074,0.3964323763768576,0.3126710189204372,1.2307493026114453,0.07057401432610245,2.7394745079006557,0.9511091818262946,0.375434817349717,0.24364115719227986,2.711166391001134,0.027010034218810656,2.2267227010429482,0.686832870811634,0.014153477912078966,2.0093713283595696,0.5633609178587531,1.4913101055567808,0.3229897503652755,1.1016223794688595,0.1257969211600777,3.5034026662366236,0.10006556668845318,54.100263447612555,1.4324326266047547,1.0847011700472726,1.2358427299590906,0.40028402219175824,0.03350561300601186,0.2804291515265069,41.239482865653855,1.823389074416658,2.2484429819551304,1.4161280363960145,0.1004650971686189,2.1958613347321636,1.226832685593541,1.4130453134993357,0.472722003317084,3.5916851380005403,0.7699508629665971,2.9930148415665783,1.5880563846570828,0.14266133825441188,0.6471881628215889,1.500460168072681,10.036318254241044,0.0007028774001481469,39.687328385231666,1.219459709891334,0.6003173157286341,0.2990362637185866,2.5116165057900197,0.2994849663281091,1.7040567164960372,0.39914149790915987,1.001109530413315,0.5015239479410913,3.011594589739839,14.992307427641887,1.0486324346669418,15.96055225792174,0.3985336686816727,14.979737635296551,0.08029758224379828,7.993504761296851,9.981729316581122,1353.2282853019165,9.971558447162593,179.56131624447784,0.4519615889175223,69888.35127807262,350.5704664221201,0.500383755961974,0.06821549832948039,49.89050624211736,9.972184536474867,998.4518557206063,0.5019925287753922,0.4996579367328583,999.1782901652343,4.994329044008719,72.33416332339505,83888.72402823507,2112.8279776107734,149740.74160159196
16.073041854672855,2.7449187492717004,2.0414489244467546,0.09721948071159064,0.34904752952758467,1.9148321054755413,0.2523964101581864,0.9918460446634315,0.6460138118861969,1.6334006733176276,4.202057036235872,0.11858843535311085,0.2936790792528068,0.15213742549126094,0.39745378640569357,0.3122786525031246,1.2306488233613389,0.0706140194467862,2.734862457472384,0.9468116291798049,0.3742819906805736,0.243768030165179,2.697855762816181,0.026946348733044103,2.2123792037909653,0.6895347296643388,0.014150631923855085,1.9918883909822829,0.5629393868134658,1.4986859025750165,0.32318344578326724,1.0964000835845649,0.1263777322558411,3.4882592297662725,0.09992864391249325,53.83548794353777,1.4283637102906015,1.0872169611392422,1.2251636378219586,0.39970026347949184,0.033550913707044945,0.28069492593610135,41.25168681715686,1.8175075409726076,2.2487166376745833,1.4123811348863249,0.1004007663225375,2.191103223725673,1.2321693279758437,1.4040383737186954,0.47715871838940105,3.5733844711147276,0.7688780464725969,2.9717407148631168,1.5833962541410722,0.14341476690990282,0.6423287561261878,1.4967403160301798,9.968179627660627,0.000703324196962092,39.79151460756038,1.2252447757297642,0.602170340202321,0.29921076446264483,2.49947585129623,0.2990116243120713,1.6970569656840782,0.3991698060679268,1.0021713383760136,0.4976283634315367,2.989261266447539,15.02743276803823,1.0460461447149048,15.927726696123264,0.39843686065844475,15.028601122956463,0.07971146020752376,7.971704348890919,9.973030019675909,1353.387294506653,9.970035291226077,179.16367571410356,0.4518263851000917,70446.10779653584,349.7641244284455,0.49882671294886727,0.06818697337886745,50.10976726948086,9.975000888418924,1004.314497573785,0.5016382051219178,0.5004420056378484,995.0893822471371,5.019183470320833,72.16398838550344,84453.44969770113,2095.9869205562404,150312.84025532778
16.04873431577986,2.762557472294319,2.0516496446920396,0.09720781668014329,0.34973888876493664,1.9138445947064244,0.2530604696878808,0.9909875749822886,0.6462327979969741,1.6221364553900395,4.215014662279062,0.11843022550786246,0.29172830756329005,0.15184430823762124,0.39774258582728034,0.3120052322270732,1.2265640962263997,0.07069638873953234,2.727492210157118,0.9443719045966712,0.37660457883687,0.2432239593196947,2.714003289990157,0.026929802931974972,2.209270119916001,0.6877537936620075,0.014052845652274366,1.9919590297259597,0.5633233738453743,1.4913134541007431,0.32254158491651014,1.0964622934061905,0.12551907082459238,3.4782222986967013,0.10000840345653801,53.98842962106431,1.4344605254988239,1.0829624711734005,1.2314290969928456,0.40109535839764493,0.03343715573245514,0.2795202616312844,41.24759603411323,1.8125663673856003,2.25871226844801,1.4082614935238793,0.10002334860513579,2.195884270524514,1.2284194305920848,1.412102347430249,0.4729892293027876,3.5793164221829556,0.7668931960395114,2.9724988673922708,1.586714119158768,0.1433111448395583,0.6451212309597028,1.503706201333966,9.956175504723733,0.0007034573994852113,39.503193867392035,1.2239741230555576,0.6014416136008831,0.2982734501356656,2.4984714291286245,0.30077139705981054,1.70407758265557,0.39854871334195924,1.0029263247296085,0.4978927849871748,3.000016384263856,15.021762273985077,1.0533777330024399,15.994097634894887,0.3989474323102606,14.99859894231849,0.0798001664883497,8.002298030516492,9.996250818310651,1353.7868105306302,9.974009011344252,179.45997333154259,0.4498838340280513,69866.53497357824,349.92033746299165,0.49926852457093845,0.06839153872339167,49.88471835561268,10.006063649470839,1003.7841466644517,0.500218637306788,0.49893419760868213,995.6198097200232,4.981833315237417,72.04407650535397,84365.70304965608,2095.520510211813,149528.3247445702
15.971053003308251,2.7450437604942137,2.0593973437906476,0.09691206502120003,0.34846882122317685,1.907192583239865,0.25107879376699477,0.9863031614548443,0.647400280284039,1.626844175569774,4.192811697276141,0.11812307804672438,0.29300498031443956,0.151357191496806,0.39743646811709604,0.3113283047416225,1.2356749836548502,0.07110552935184987,2.7282008378957716,0.9454268145953554,0.37725904619911366,0.24266292459514252,2.7008822238255923,0.026913882475555293,2.2197647342279683,0.6924151233638162,0.014132328674557345,2.007522789736735,0.563319030367617,1.4991283591608975,0.322000570430332,1.1053630861844608,0.12657854767824023,3.502174969055597,0.10027531921378552,53.95181235346888,1.4265644730555247,1.0910810222244463,1.2239830384590111,0.39890975986717575,0.0334677503691033,0.280941843134742,41.41519795069715,1.8140998480402122,2.2411079594958045,1.4060848378789523,0.09984870878889648,2.17935777576545,1.232367206592763,1.4064429568438985,0.4742941710736047,3.5740894805229035,0.7700910894667646,2.9907220317184193,1.5844253002607382,0.1427722397719207,0.6452366655217926,1.4931634711992066,10.032997863516222,0.0007032327759834819,39.72271044198453,1.2255694021265746,0.5994783709765905,0.2977467945573523,2.4901562227353358,0.2986063408049993,1.695656573408287,0.3999125146284046,1.0000768239086288,0.49858787690870715,3.003384170239843,14.952180881225758,1.0481752169728256,15.951313522430292,0.40078665439996053,15.002485876233347,0.0801888808792581,7.964579853567332,9.992536208023514,1356.303940816249,9.955361951470636,179.85308164145272,0.4479317919848503,69934.01423372373,350.7385165606343,0.49828756698842025,0.06841282871067526,50.211365841385025,9.970040755819742,996.071865097122,0.5016263828099147,0.49980134923706876,1003.8261109884412,4.990306164733269,72.0918230437347,84567.47657721296,2098.0891965783785,150451.09283895808
16.02104267997522,2.7586060354772437,2.0432492135715385,0.09713593204916757,0.3487009302996693,1.9187875682625204,0.2508979831418595,0.9856982856401445,0.6505800521253373,1.626752423014644,4.214084543382865,0.11774922112411061,0.29343586204058864,0.15153255344129044,0.39583712305388385,0.31210449558531483,1.2279538075505316,0.07062420403277841,2.720177642027424,0.9499542483081991,0.374752743012139,0.24249486713058718,2.7055802275211076,0.02688772466838753,2.224497025130012,0.6895028214291105,0.014152324200622403,2.0035957129324036,0.5639022953446516,1.5002388188011242,0.32086859439547544,1.105257200320505,0.12636109869486814,3.4925379897253266,0.09966523094073813,53.73354213764892,1.4316349358004998,1.0860890628357318,1.2321630718563361,0.39948971089959884,0.033504303132437956,0.2798240982125649,41.24728775362321,1.8122767346993125,2.257191884360217,1.4107809461472731,0.10044714103990666,2.1954637495617693,1.2333057868710686,1.4101277239221777,0.47649840619849676,3.5958258713422344,0.7717073999429829,2.9682465504384328,1.5924012157621308,0.14245721949350473,0.6412773124003762,1.502893506076739,10.033478543192402,0.0006976118904351055,39.511022167640924,1.2247155793091427,0.5977932560219451,0.2966145565593563,2.5055263592191617,0.301043146662286,1.7002460468048919,0.4001597009763751,0.9983686051272738,0.49869231599433117,3.0076569621052673,15.052392661218155,1.0481230699607347,15.963811069580103,0.39907116687818023,14.932589312703353,0.07982486001987231,7.96205207335752,10.028840762246835,1346.705012191918,10.019015518935134,180.077739093973,0.4515185863348974,70505.10299857408,350.404366086495,0.49794170409944816,0.06857075770283996,49.76065116309959,9.972296333448625,995.5325066847314,0.501990741858099,0.49752648540850786,999.9274216501523,4.996199956357949,72.10997615847465,84033.94139442504,2112.866288179882,150351.51861237208
15.989167108158757,2.7460957218615945,2.0564757090737,0.09744986261017675,0.34964650020308413,1.9069702025758535,0.2508379977339496,0.9858589017298575,0.6451093915919914,1.6222479724274728,4.195385927288127,0.11842142734486305,0.2938736067805146,0.15252527224869883,0.3964902494312449,0.31238707687587086,1.2253743604826022,0.07094086747037881,2.723994721016764,0.9481825215663732,0.37770975699029113,0.24390059540819375,2.7027695440477157,0.02696365901562338,2.2112108146490947,0.6867345231516337,0.014033472572744241,1.9934049296843601,0.563095610019767,1.4949536892250666,0.32044133465347274,1.1053682489451453,0.12604205678807232,3.4862964195073847,0.10001884989504883,53.920766317504736,1.4295743830524297,1.088227754591534,1.23474320742438,0.39920685476830836,0.0334956344886534,0.2793067286973243,41.5389271310376,1.8164674507782188,2.2448541802123883,1.4170152740858752,0.10008439293874519,2.1817446470904875,1.227115957129691,1.4079304948945548,0.4773087852273855,3.577516256069352,0.7679220317098546,2.9820779828289017,1.5884856785631065,0.14236359335504287,0.6463243223042059,1.4927353129092495,10.039848363574546,0.0007020430109252126,39.51168664978451,1.222728055149319,0.6016256500928358,0.2983048750788175,2.5019417700039033,0.2986490610787439,1.6925114383209874,0.40090915459934284,0.9960556517891891,0.4987092205035324,2.9999650978147003,14.949624551041902,1.0530433153857752,16.04918048380465,0.40136857284504357,14.932435218116206,0.07994229852898689,8.027753413817146,9.986321939030669,1352.6435751073607,10.008924590419,179.7249755100729,0.4489938217309069,70289.19815689721,349.58449700950206,0.5018006125954387,0.06845228731369919,49.80575175256292,10.020352764519336,999.3111254988241,0.4985204070768159,0.5023053464646243,1002.1964778501442,5.0046496811664,72.25118437036274,84247.94318875766,2103.767956389607,149534.17028979107
15.944542468018907,2.7481291562002257,2.0490974788700638,0.09742677975508425,0.34979729753512906,1.9117793407307992,0.2528379466806721,0.9948840134855543,0.6468499640421803,1.6365518577587719,4.222884741705036,0.11749024789457707,0.2925140856674019,0.15157294529894824,0.3966509617187951,0.31217253330499917,1.2299366679468515,0.07098660314477576,2.7254493273956673,0.9468884917618449,0.37737478364532767,0.24414746667750178,2.717489283934808,0.026823892092215074,2.2114008662340376,0.687993515519584,0.014089109352468227,1.9947339405549527,0.5642538512521647,1.4995557218394584,0.3217318681682013,1.0975119290614772,0.1258496328664776,3.489164165778299,0.10021382235217574,53.68861403404118,1.4349883110389816,1.0829515775383851,1.227078136008261,0.4019743595830903,0.03339621989240483,0.2795804061211163,41.44728595446419,1.8180549492532923,2.2408162972710413,1.4030027682397215,0.09957916157638148,2.1904979091751047,1.2266899832251106,1.413913485093897,0.4766981660070907,3.567285022034208,0.7687450530046555,2.969467908938952,1.586608413986953,0.1426270623188133,0.6458474099620354,1.4976821951702108,9.999556479874418,0.0007012172657383108,39.807871438383586,1.217574750901934,0.598255324006224,0.2994257910537924,2.4955036886161874,0.3005132042975426,1.7030232976915225,0.4000561177823982,0.9972844744548456,0.49820728710477086,2.999610484347433,15.001639430506707,1.0528703509461352,16.03357335103235,0.4016481651153434,15.070629084283144,0.08018228106095963,7.966120899906421,9.99051183092171,1351.4688319928491,10.009019507144997,179.42659881449507,0.4503732512825289,70076.50277404135,350.3048426205031,0.5016700350265061,0.06834660228052906,50.01369797703222,10.006287286103447,1000.6299677985162,0.4985656075689168,0.500497266815745,998.3462360894412,5.007751014729807,71.74490227125531,84627.09968339695,2110.7265112850937,149875.87715022644
15.968216296138285,2.7469145559574906,2.0545347695918643,0.09735105638119619,0.35070732379200203,1.917429884633124,0.2518898639703022,0.9916782593696318,0.6476209715481399,1.6322509986733538,4.20894007511614,0.11832646308025871,0.29155041216122135,0.15156788065280047,0.39519389299564645,0.31338963085950344,1.230086668419493,0.07070396113103869,2.727387720756253,0.9475432752469404,0.3773830422668285,0.2441234761536027,2.71932686173696,0.026991905669359693,2.2133181354632114,0.6884038786951595,0.014113542934458692,2.003122748268826,0.560329204198767,1.5006868396350155,0.32103388264040106,1.0973931171124836,0.12575656237785682,3.5020751004355115,0.10023208389687088,53.9265425183989,1.434572414963329,1.0904015300485412,1.2286449470801692,0.4011257491499497,0.033401591328620556,0.28070906338182505,41.23199025220787,1.818667659637761,2.2504582298197615,1.4040768488466164,0.09996261276173174,2.1933215848908265,1.2314032852873602,1.4037163898192637,0.4730778635080639,3.574678553605194,0.772638680066454,2.991018730384387,1.586972844628356,0.14331301568189525,0.6444983954147445,1.507251333881391,9.95946439122897,0.0007003351651956817,39.71671893907211,1.2176535565656035,0.5972817194849488,0.2966652715163497,2.498840451355016,0.3005774213683317,1.7034029883586528,0.3987238793988873,1.0035797214100577,0.4993858121298487,3.0139310370591725,14.942723945163847,1.0535327743356726,16.06533410451927,0.40129070210457485,15.04632617117995,0.07988904801232395,8.017067448537677,10.00793465660113,1348.9804682743213,10.049311169605366,179.6228184926612,0.44960914809984504,70464.73593322463,350.1296933488651,0.4982634057106427,0.06827003982877393,50.12965583855089,10.035985400970226,996.1444498762237,0.5006085634053741,0.5003364345279737,1001.6879778551336,5.00855281855634,72.33081657859191,84081.76071170824,2100.7850937025382,150121.83792873274
15.988706953478186,2.7492782424885958,2.041170178366842,0.0968580913959989,0.35152381227807494,1.9017543667268992,0.2522271668935551,0.992520292787277,0.6448368756642966,1.6254807948113141,4.204824732498759,0.11800804458754101,0.2925358742136341,0.15222647887238655,0.39491653416831285,0.31051950676165857,1.2238693239250644,0.07069062250446034,2.7262233944180028,0.9522527670328244,0.37428837547907606,0.24307305809612845,2.71210874081655,0.026953604978200485,2.2230799081231223,0.6866061625066952,0.014118591931950667,1.9964477587939946,0.5635335235627746,1.4923348298304515,0.3226961821993665,1.1013804486705798,0.1261918865155126,3.478690574279356,0.10016917400133246,54.037755060098846,1.4298485667357004,1.0852647749740745,1.2258986246462444,0.399159842100443,0.03358838250142159,0.2804456878338013,41.47390301086101,1.8243696621149723,2.253918830042797,1.4124468917739295,0.10011080820432605,2.1904034413338302,1.2262831452485043,1.4148335277555977,0.477205254819316,3.578800129548486,0.7733359384203117,2.9948402372241536,1.5897805150101145,0.14332082818446243,0.6449260097783334,1.4960589722400113,9.954708944375433,0.0006996734871782212,39.79396294296684,1.2178666428848142,0.601706632327159,0.2984613090122496,2.5048885337954396,0.29935722266513215,1.6994908055083318,0.3987268152001009,0.9974658052807972,0.49794925021546205,2.9888032021888864,14.956577021894375,1.0508424592194463,15.990593779127622,0.39906775805026223,15.05416686703465,0.0800201181530736,8.033848757890862,10.013496496227756,1343.4631325531377,10.041347569101568,180.64343400422544,0.45060872050251405,70206.40477688299,350.7048317134529,0.4999108742288341,0.06858414691833616,50.006570801179336,9.967602469870243,995.5817756717299,0.49813093138143255,0.4987572055441869,998.677341214397,5.0196208006087595,71.81214280718376,84059.08214167951,2099.1694560570386,150068.6127280592
16.018733871407118,2.7508835071271722,2.0592630613499465,0.09768150743315979,0.3511808859643194,1.9158311563674046,0.251662452997409,0.9907898567110038,0.6470375412747887,1.6346350002926315,4.196184090955766,0.11766567262286766,0.29164837362764995,0.15216558830347374,0.3967466115048043,0.3104504903330419,1.2301326648971291,0.07071282717325075,2.7379819953436524,0.9436286842720671,0.374302606989956,0.24329210810990387,2.7124834129591116,0.02698906321618646,2.2220483249392933,0.6931006587172812,0.014073828234555052,1.997958428128096,0.5646845316257464,1.4911246379232757,0.32295281362729195,1.0946272558612649,0.12598300669424822,3.477903741574167,0.10009886170372806,54.07074343066948,1.4233225049236147,1.0833452095380522,1.2280641076882914,0.3990231958634227,0.03346087866308509,0.2819683943175876,41.22493921614751,1.818603734377717,2.2490345558611704,1.4069028229307912,0.09977850655768757,2.19470307234231,1.231449479264607,1.4144109314782372,0.4745490978067707,3.5838202547658717,0.7730306286832559,2.990469588457148,1.5966783719407494,0.14266963428221535,0.6471261124283869,1.504745848732071,10.02948078060413,0.0007011730502067107,39.87176073183403,1.2192870713821669,0.6014492358285745,0.29859245763820574,2.5058022226611767,0.30075439444250773,1.6947428501490605,0.39939620587880964,0.998922539958259,0.5012399990698998,3.0064874392715786,15.050004930785358,1.0530294511578484,16.015365420702306,0.39855979394594976,15.020318288884853,0.08030964742690998,8.011453949071178,10.039562642857774,1356.7372157448478,9.985920223302353,180.40192144982612,0.4501798138467022,70150.398309173,349.9572716190082,0.49872957297997966,0.06818452104414383,50.06574175324947,9.96420530966431,999.3138646981704,0.500116666196361,0.49969117238594485,1003.5492951347392,4.997158467989693,71.6996391069343,84625.48615561689,2112.2619045918173,150240.065228109
16.041011779329377,2.739775244243258,2.0554512532791147,0.09691593197134415,0.34996141645350887,1.9038494712760936,0.25263953811011713,0.9874847454170731,0.6464007905518262,1.6236303242942467,4.219287531838178,0.11775909666432142,0.29305356043868175,0.15174501020719788,0.39708781698493606,0.3111466290082613,1.2354222643505703,0.07067350870222192,2.7191851492612376,0.9455380936070855,0.3743980178932926,0.24292403511631158,2.703231808081606,0.02700384638595567,2.2203802553688874,0.6881602422962321,0.014093129116516596,1.9939198854428084,0.560194459092698,1.4940158273578978,0.320738730716556,1.0965751229060199,0.1265519390599742,3.4958214119509416,0.10042110266345726,53.778916186145274,1.435105290701953,1.0855029054105028,1.2256235982678065,0.40121882840001677,0.03335248279417403,0.28043292191889047,41.522164341296964,1.8221327656431263,2.250406478146493,1.4079362382932004,0.09957505583038802,2.200752286494186,1.225999716838718,1.4065498494971622,0.47374559987184944,3.594604302359348,0.7720304006239712,2.978728428023292,1.5972412262398346,0.14236048023452458,0.6465352372550675,1.4934064100353224,9.989113069593456,0.0006968780341486354,39.87799089592944,1.225055551930507,0.6005087937314774,0.29715917683051474,2.4944194431299365,0.2998486300981713,1.6969872631023697,0.3980852556217398,1.0015625600811713,0.5005671395204665,3.0121293210965647,14.996528106015816,1.048369444098883,16.001842749266842,0.39877877996358335,15.018831052773717,0.08021602630623212,7.972276937070055,9.981838321763533,1354.9653132214464,10.000553174863382,180.05730596401958,0.4510008368867401,70236.66673557863,349.3597845322406,0.5015198085593151,0.06868921984947796,49.776638616495404,9.962124975645755,1002.0197520220748,0.5005223696625726,0.4994125849948587,1000.3924864894036,5.010166928400053,72.00322305255428,83907.99899005893,2096.357628413256,149908.28810278256
16.06766156125581,2.7515889273044833,2.047093511414866,0.09759726239677442,0.3496102125466263,1.9101746977858465,0.25103357831318435,0.9923502693606419,0.6492979631622913,1.6347961770836066,4.202640554295309,0.1179245427984981,0.29202824121477466,0.15270604741166666,0.39436086629573525,0.3124649215074654,1.2325246659531517,0.0705576774233449,2.726323323519172,0.9436688398529083,0.37621284704852576,0.2442026996870614,2.7080998823298805,0.02703181221128032,2.211702204408559,0.6892579349685477,0.014156677060776831,2.0075339096331493,0.5610085846676283,1.499673800439012,0.3232434357524161,1.1029356521276854,0.12616188000813547,3.4778748889481452,0.09957300269257058,53.9717928171391,1.430003942019354,1.0841524584912812,1.227451068477996,0.39956834870880564,0.03349849948546104,0.28039195692623115,41.34335002307638,1.8130063371658667,2.2582257844107447,1.411539072553071,0.09964610218460201,2.1883328494230265,1.2289756057179633,1.4114187543866965,0.4755171306847843,3.5851989525038754,0.7715238535415473,2.9681799505746445,1.5868982629891077,0.1423098073814169,0.6437078913377976,1.4989414511674544,10.023432693017947,0.000697669818626255,39.7321770005874,1.2176416692147478,0.5992914988488581,0.29865347484986693,2.489288701214339,0.29952834866679345,1.698152494912374,0.4008629972474067,0.996992244150707,0.5022370649684522,3.0149328585838244,15.047836521123006,1.0478969812653671,16.026218664651655,0.39833259212679173,15.055691897355976,0.08001279429700821,7.974115133305583,9.98274165595617,1354.0600270505877,10.037022676742705,180.03548409648198,0.44991140175139804,70357.97065982601,352.0145015285308,0.501324234061979,0.0683209487863602,50.07096288080466,10.035735990827092,996.5176063404741,0.4994406834255748,0.4977830944193763,999.0887728568739,5.013614104195932,71.78186047926641,84246.27358883336,2095.2451296885292,150596.47498609746
16.05120075118407,2.750671252774144,2.0542186334174244,0.09681500651225253,0.35120823323739075,1.9141114952434706,0.25104231783974723,0.9947588239226759,0.6449059972784578,1.632094727060262,4.196180885362788,0.11825872402607904,0.2917412903241285,0.1513632733419215,0.39586651529263,0.31354130953205395,1.227251149749179,0.07087966993781561,2.730507754730416,0.951243293899486,0.3752050969249714,0.24313351484512888,2.72221189725935,0.026854965582442398,2.2186548039050864,0.6926828118700753,0.014076382338870057,1.9976134752926762,0.5608991477058927,1.5016336846886162,0.32338584604480963,1.1014420876873359,0.12615577396538716,3.48616112632799,0.0995124837495715,53.734219759525786,1.4249583684706404,1.0828246373705777,1.2318947819874568,0.3985453958094952,0.03336118737409981,0.2803704062889191,41.28612048020241,1.8135546619305731,2.2420378772000675,1.4065625004656368,0.10003684976337604,2.195652293641998,1.2343391527120011,1.4135449916813174,0.4756090129835947,3.5945929598751976,0.7701519733810537,2.98397403385744,1.5885947667502767,0.14275315940725944,0.6429162238597305,1.4947247592256845,10.029659765067384,0.0006968875765903348,39.74931510472576,1.2244464143526117,0.5999845700819122,0.2967191983298878,2.4982104365409223,0.29952967980864703,1.70825416842809,0.4007650608064758,1.0022135980482891,0.5000791345948111,3.0062824276332627,15.033385646508323,1.0454467682478341,15.955617043916362,0.39805187022171556,15.001471110889286,0.08030063988386882,8.008764362775626,10.00002075278077,1355.7505389427436,9.967221851102174,179.23428775468383,0.45187787581384364,70464.68029123712,351.5119955623754,0.4987298958104803,0.06872131859289778,50.13267317590191,10.017389458358466,997.2291132401544,0.5000654458581656,0.501612881206485,1003.6026022473228,5.003071505790063,72.01641156747786,84377.47152865614,2105.5946381727776,149876.5215570985
15.933667041827903,2.7397163660821784,2.0553356470981137,0.09673797347081478,0.3484330675902916,1.9177286923414503,0.25251407272590576,0.9850917059469501,0.6467820410658195,1.634292090907707,4.206530993679042,0.11796318143097255,0.2928792812488649,0.15154724429295374,0.3968767100940771,0.3107613797512267,1.230089188598224,0.07056632872584123,2.7176203457014565,0.9446179520245591,0.3773886993605321,0.2422130388254165,2.7039938055642345,0.02680264749803129,2.225229101256802,0.6896235992540698,0.014162552540448953,2.0032864916449578,0.5621764074191357,1.4993447650464737,0.3205201697339351,1.1049572628614155,0.12657510130912572,3.482187281412588,0.10012829548274314,53.749302508115804,1.4306788466627864,1.089943479029282,1.2354098072151063,0.3993568676930627,0.033564824263119325,0.2813075109099725,41.27458348880209,1.8223483847931796,2.2534969790067247,1.4137234730994788,0.10049994725745454,2.1799310888904397,1.226338352037234,1.4049956058900683,0.4733585617489983,3.5783621020502663,0.7729147314859196,2.978471953418219,1.5926788383255672,0.1428233937738182,0.6428386317506036,1.5050135277724355,10.015554751011841,0.0006989562670165777,39.84433879166288,1.2199818410944352,0.5981296484837957,0.29795000115015363,2.504367485948337,0.2996013377677685,1.7058443405166814,0.4001325759224244,0.9996776477993446,0.5017935571163186,2.9988875341939845,14.98716152127762,1.0458390221510017,15.977998700617114,0.3995881932022523,14.952093347883674,0.08007025856137054,7.971507365644028,9.972368978860388,1350.8247418072892,9.976898356472473,180.25140295823104,0.4508573090981431,70042.54163597195,349.42226715806754,0.49994725916914456,0.0681215425193428,50.00761784076193,10.022621784212895,1001.2032979147078,0.49974133820606004,0.5022292927394877,996.0174723308218,5.019000075345597,72.21609278830167,84143.41105591082,2097.69285396851,149483.80017866645
16.067488921718844,2.742676878267652,2.05766937201375,0.09720320295377223,0.34986607122854574,1.9122826652108507,0.25128189848889093,0.9892908696731909,0.6508413791634559,1.6257335879423536,4.227748667828837,0.1185831674419988,0.2916870880610612,0.15204769626633888,0.394700404426787,0.3123797484785848,1.2360213745115427,0.0710809916739561,2.7415983630018532,0.9452825562301986,0.37615912169182375,0.2423556393698397,2.720824409575354,0.026816920424136973,2.2123178878554843,0.6866339221588267,0.014055154648272212,1.9937952569370907,0.559625494853894,1.502505084318095,0.3229015929440015,1.09729929647082,0.1263569047061721,3.4872835426832083,0.10027552030934817,53.81458342510434,1.4309245554387764,1.0857131065910417,1.2261584125493887,0.40034253153600796,0.033584028317992586,0.2814104716987358,41.33051819024234,1.820340554184986,2.2559350184681644,1.4037184160827685,0.09957188833330087,2.1872892780053883,1.2265987006926562,1.408232508875658,0.4730703271293332,3.5832938874981752,0.7713224018961565,2.9886968471352384,1.5923933147153977,0.14285182539485866,0.646800937767827,1.5033949802404196,10.002768124582676,0.0006979479528583492,39.73911327473692,1.2211189904060484,0.6010999799936252,0.29883775180061867,2.5103762404744554,0.30134716977407444,1.702213153536135,0.4018638241430133,1.0041142239900056,0.4975130717850761,3.0041285239873803,14.951770411475108,1.0478495228718143,15.967600031957694,0.39993251855854844,14.926629926699004,0.07978863712641973,7.962329676556787,10.015055856571923,1355.2553823123533,10.049778865983193,179.90740240520776,0.4489206349963237,70429.81516625753,349.5126892904942,0.5023711949052807,0.06854694881902725,50.001967332683705,9.959665053732422,995.1819593570978,0.5002226609874096,0.4995692525372001,1003.4266449436202,5.007115273984671,71.95096536947689,83980.26780538182,2104.587887495493,149494.49141817924
16.02672202599571,2.752907549492808,2.056356463046587,0.09715094245261947,0.3492252698655963,1.9164251513614028,0.2524813126452789,0.9920464207241875,0.6481819880227132,1.636128451422656,4.198539685664551,0.11788399658991644,0.2938679614349779,0.1514421005709924,0.3972201135923442,0.3115400970886802,1.2253936954980733,0.07050203783575894,2.739364684021977,0.9506412753725308,0.37520303545866457,0.24206776011984704,2.703150052945622,0.0268227936740016,2.2251738354675665,0.6880373852820627,0.014059969891569235,1.9906453626499772,0.5625443514482995,1.499829023837394,0.3224942393100128,1.1007545907177168,0.12658725443553945,3.4890485740749804,0.10036013650812124,53.98871394268442,1.424053515751836,1.09037066157081,1.2310379790627848,0.40061410263730174,0.03339287619093399,0.2805245346942576,41.547523086143514,1.814820847714171,2.2387528103970866,1.4065808728408562,0.0999875424491764,2.1970359891483118,1.2317624780770522,1.415908794912296,0.47478893105023245,3.5760911849818617,0.767931920267787,2.971598262039265,1.5937541473624284,0.14239991354595477,0.6423430754863246,1.5057884288931018,10.007692081809964,0.0006968261132634782,39.761048403177256,1.220081524886588,0.6021271303649881,0.29854365294017293,2.4876111646994445,0.29911721726152474,1.6958853829096041,0.4008089291566466,1.000093141776701,0.5012372374854558,3.000386015963504,14.974107691604491,1.0458384367904412,15.952419535786998,0.39960312032138273,15.007718146227266,0.08035090992255249,7.9791776141653195,10.016608493944668,1345.3093698051596,10.021375312192234,179.12041357885917,0.45070163977468325,69945.63941583538,349.7483543850164,0.5002945381665729,0.06831478149740156,49.98565257527542,9.980888888255626,1004.5346704952831,0.49895328050040944,0.5002102371236775,1003.5435555554084,5.008209040613041,71.87239940182684,84255.15745543002,2096.2219632071988,150068.5296040615
15.989022254136566,2.7570931769445193,2.057132008284249,0.09690802725904131,0.34853537566911263,1.9079096383417762,0.2520860590286654,0.9887803392883187,0.6488330763880675,1.6300921158594208,4.228381956059399,0.11789308152551711,0.2917767079267393,0.15169894123213504,0.39641933969495846,0.3112387983076541,1.2271585579572093,0.07068641731868783,2.736719670591517,0.9521724630611066,0.37543741614326764,0.242260035936618,2.7078492614037284,0.02686014487741152,2.2308785530935342,0.6897506909837741,0.014125278952746472,2.008275761332897,0.5627253260647851,1.4932481957695503,0.32234586050697317,1.0989206396967164,0.12590216083549288,3.506728427889827,0.09977859101359486,53.89325293746646,1.4251360987534984,1.083505775439711,1.2312728584162558,0.40100406283261086,0.033545714057661644,0.2802208001821136,41.20772596162466,1.8194588022911062,2.2500960671946144,1.413816187672233,0.10014028956229196,2.1981305639444613,1.2334806894079495,1.4081088767517342,0.4756280517617423,3.5888528577544934,0.7735179788426301,2.9776860944461427,1.592357683677747,0.14284650928445272,0.6455316134719213,1.5061798975696583,10.041922601571958,0.0006975996126217126,39.56258552993596,1.2231101392996355,0.6007860593156543,0.2992072197148277,2.4953450139853883,0.30104406243343873,1.7031241895687255,0.3987818252406264,0.9962649436899563,0.501013618010043,2.9897538453817276,15.044149355961471,1.0505994979213369,15.996298729994045,0.3991021161436857,15.072576839238728,0.08017773368872842,8.02224509177319,10.026871092766534,1351.1342102918838,10.043969884195887,180.1508787060888,0.4500902051329686,70023.18546270122,350.1041768219485,0.5011844195299102,0.0682869809164015,50.114355372573336,10.045270675881481,999.3930743677876,0.4979866282143982,0.5008327324066472,995.0952303169549,5.014350176063615,72.01847024426786,84202.35338631773,2106.46175748016,150024.61281590207
15.971804363487363,2.743991495016179,2.0482635979427894,0.09758385182202192,0.34872379660925745,1.9066530037967135,0.2512245970784325,0.9892786560697,0.6456250697559182,1.634250968506606,4.19330597722781,0.11819500927046837,0.29231939125186623,0.15195772879522362,0.3948119523284015,0.31271829787996425,1.2355137946680002,0.07060299566347424,2.74237108257056,0.9463435956335883,0.37621750534811516,0.24348986358113792,2.701850179495367,0.026885141499169377,2.210405770070742,0.6913596710545932,0.01408824287288115,2.0078328906527916,0.5607298344137811,1.503341311825129,0.3208441482998788,1.1011766311261526,0.12575783830663895,3.47889417822227,0.09959393717171916,53.993906903464534,1.4261843014456073,1.087791492659212,1.2358968502908736,0.39926384728111813,0.03334420633303511,0.27969740307861074,41.232437379695284,1.819331760195135,2.2555046378173635,1.4071298658395242,0.09964584277084385,2.1930827921826035,1.2275545165688455,1.4110599019253025,0.4770604861584455,3.5725302209863696,0.7700961854315442,2.9891429950262096,1.5930483179887125,0.1433596137899342,0.6457553467740732,1.5005987403050107,10.003606210790226,0.0007015322270631391,39.758426833581055,1.222074703501162,0.5992928081528559,0.2989790570839025,2.493405072234272,0.2989671958990581,1.6973677577249668,0.39901532496161984,1.0016318251220315,0.4986550892557498,3.004694695150526,15.001983419226116,1.0463507257147904,15.961343402259363,0.40008690713721284,15.034965795588553,0.07991860131533975,7.978626611374243,9.97950782090938,1344.5340820551908,9.952514950109023,180.8516327615943,0.4481838447046466,69918.73843654555,352.17160168531893,0.5008175261785962,0.06835627361137181,50.07451170286292,10.043498482353039,995.9937731143569,0.49871855513587665,0.5018015020173536,1002.806393453011,5.0247128360778595,71.86601434685198,84585.64328389433,2101.70964989876,150322.63978677822
16.06123887161945,2.7409465076196047,2.0439655924282216,0.09727869180588744,0.3512033866951242,1.901957936122742,0.25288421964058483,0.9884468932424965,0.6473923484585418,1.627389735859707,4.227323303983983,0.11756433730536775,0.29321762422984665,0.15146512428255118,0.3976972347351756,0.3129295456982311,1.2267259770734111,0.07065682701380642,2.726765368453381,0.9471033595618006,0.3771932091484565,0.2431568160534013,2.708047426433566,0.02695903061271588,2.219064600254833,0.6874348561165049,0.014044655974982003,1.9965191335959034,0.5625781307353973,1.4915335746748943,0.3221614320296456,1.097465706092896,0.12624622090366644,3.4735363682710556,0.09996902343148056,53.66862560273357,1.4275762611864369,1.0817343018183985,1.2296199147551083,0.401068063473912,0.03336607371264489,0.28136027009642717,41.42484842104952,1.8200838159710755,2.2522383734013056,1.4076861495573816,0.10021033955376829,2.1961246819380644,1.2334221535467185,1.406749383030451,0.47573105829602674,3.567401826981681,0.7699647310246912,2.9651783519497736,1.5851280294682326,0.1431883797856406,0.6464108880935081,1.4932354244787904,10.005855279217432,0.0007009574251407352,39.85157274133331,1.2218927542946683,0.5976181962148244,0.29694729784278256,2.5033941032221745,0.2991468590302897,1.707281193072914,0.40168274880314353,1.004486558601572,0.49896476303906095,3.0065084972388094,15.024452086040228,1.0451238397040465,15.962490412215404,0.3988270669187179,14.98062129026075,0.08036244297323616,8.027648131116667,9.979342459136827,1350.405425669841,9.969226612158666,179.5993811861327,0.448042514620567,70282.08409447344,351.4205879214752,0.5016925081040172,0.06865414144038424,49.830029699596864,10.024304094616298,996.3470763282734,0.49936857505872906,0.5000776828577961,995.4946991408707,4.982838185577273,71.83520359199282,83897.34967120824,2114.137726529943,149682.47878213067
16.000187466321425,2.763654691542956,2.0513661748770904,0.0971139738932923,0.3515042734207349,1.904699707127502,0.2511923418669135,0.9903501072535036,0.6475289152611474,1.6348408730602417,4.190718622738913,0.11813891647280522,0.29361728988869074,0.15271731347645243,0.39459722227294974,0.3112082788423735,1.2353190517483015,0.07089248522260218,2.7173887385936792,0.9439932211413847,0.37707325650796003,0.24316396303124907,2.7117727595518715,0.027002183858050734,2.2142523738100413,0.6876569737745718,0.014116046638614712,2.0076484619530777,0.5606807086230321,1.4997139766409266,0.3208806604825836,1.0963909956541207,0.12650590267290704,3.4766669783222324,0.09952434553665519,54.05822039557652,1.42803388654391,1.085876678462437,1.2336882478023705,0.3987197431663094,0.03355035952540955,0.2801765740190472,41.22620671586173,1.8234124280912556,2.245919943027396,1.415169117870349,0.1004190356502319,2.1976442335860686,1.2278149264934561,1.406285815003471,0.47686580305143694,3.578315502022777,0.7715995958713967,2.9897494932020368,1.5864652178123984,0.14245530932194675,0.6448038895079308,1.5013528838364483,9.977020007265857,0.0007005929470496973,39.795213758577,1.2181701339845983,0.5984539063135533,0.29867050361655645,2.5071468004170443,0.30136286831360676,1.694008958989597,0.40155705640755274,1.002650988111899,0.5010094995396543,2.994391608875711,14.928328942678222,1.0500792801882541,15.965723100237714,0.3991592840757068,15.064070786578899,0.07972237511364257,8.034738590367244,10.000380671001075,1354.5667702268227,9.978358757144191,180.2410571953525,0.4502546477807553,70479.68824487521,349.744754390262,0.4985228494487124,0.06870709164922623,49.79898231039305,10.013468246904399,995.6056411321525,0.497884954040603,0.5004857437145086,1000.5136796215406,5.003651309937679,71.98102950951595,84415.09322429716,2115.3605686904807,149663.67186958552
15.97175034677039,2.745133862414438,2.0553970133992694,0.09705227106709226,0.3506185797365392,1.9089664523389276,0.252271667760898,0.9932572521907684,0.6480911002953512,1.6295953231738012,4.200189629969783,0.11801876740654732,0.2923038679596251,0.1525222267126913,0.3955599015463719,0.31084281581132506,1.226801600593494,0.07082448367896681,2.741364649182152,0.9461093230064889,0.3751140921274134,0.2427729403985886,2.7226761463617164,0.026992864092430104,2.2122226285138584,0.6907848976809917,0.014141152852671505,2.0053602068274046,0.5619373116636609,1.5004705158435405,0.3222691488861094,1.0967158948113744,0.125440627587202,3.4854455388337566,0.09956193900194754,53.85340172605375,1.4347029697224616,1.090742477393147,1.2242691092324822,0.398278141870038,0.03355690547434306,0.28069999633670273,41.24486943875111,1.8255606390427241,2.2436211636608943,1.4040519044912094,0.10024950713809999,2.1923679588444402,1.228701645686395,1.4127174394733475,0.4769540582712832,3.563323731451046,0.7709831316701001,2.9716013854510637,1.589588790383068,0.1428912930143032,0.6432914690608543,1.495355341503712,10.030264993644497,0.0006991566440944938,39.833639476339584,1.2182269529299472,0.6020382800680749,0.2981325096679435,2.4971406308714945,0.30061209664379396,1.7048731286182581,0.39993076316109794,0.9992542042838353,0.5003870948518616,3.002554901355171,14.988821882378202,1.0527054602236476,15.98395543164061,0.39981199337153,15.015797733641925,0.08038947912154452,7.980854888881128,9.973195279991153,1345.6379780979253,10.018944421430813,179.90837034735313,0.44949872853033424,69974.32470638516,352.24238722479504,0.4997158651761119,0.06847366222505664,49.80626478914626,9.960797221668491,995.67354541664,0.49933673040419146,0.4998644330109595,997.4457814944924,4.992483875293866,71.64450722449712,84085.60010748127,2096.9835565981894,149442.57671756082
15.920720975609601,2.7554004655667903,2.058841317368012,0.09731814228514829,0.34858670718174767,1.9193523044833964,0.2531984746306088,0.9896855219030091,0.6454589925352728,1.6335980507472492,4.229427811408752,0.11832886553288365,0.2933639143638929,0.152168464491604,0.39789255573225424,0.3106681323308777,1.2256895390409646,0.0710342145028757,2.7203115870927292,0.9468936506960871,0.3751784372027659,0.24237657066095014,2.6971470648750384,0.026917821589890863,2.2178075173625027,0.6903559724671953,0.014072435657116147,2.008829217101085,0.5625133712203975,1.5039042694865878,0.3215170191727129,1.0945251849108095,0.1263543946118527,3.501425522024166,0.09955870339720034,53.97758655106403,1.4323025554986735,1.0831491271348068,1.2306460520000868,0.3989727955227198,0.03333801132057351,0.2817299194306857,41.38656263137063,1.8251269236365746,2.255015093225155,1.4169612441803046,0.0999379534039012,2.188413358287982,1.2273155934747293,1.411764575708985,0.47493403437763754,3.5881896481726714,0.768895140077999,2.968999173299958,1.5957627236886993,0.14346910712700947,0.6430404412050253,1.5028552757626796,9.99924029062756,0.0007018268046799177,39.63640452388608,1.220434798671773,0.5973468966243884,0.29703123174513246,2.507044140194377,0.2996446964465186,1.692096792211903,0.39867054514284783,0.9991159803208561,0.5010895655350838,2.995904551254217,15.036777863156829,1.0537596361665984,15.974581858272913,0.4012015022834177,14.944032099889528,0.07993222682005732,7.967804991702527,9.955252798879478,1344.1211195960534,9.960475202708164,180.60430666214953,0.4501965470563516,70495.98597794566,351.0033316572152,0.5006435566615519,0.0681841870294201,50.020290510316855,9.988530254880333,1004.3143534214037,0.5021696060789089,0.4984924930625112,1001.2013086393836,5.0069087901485485,72.04502525720977,83894.6442903998,2108.2420224616,150448.6279273863
15.9752361654165,2.7504001718034643,2.04213472290016,0.09761862942756537,0.3486333824861031,1.9044300027373633,0.25149216575901606,0.993225323367902,0.6493002503648553,1.6219643353394506,4.196677941135411,0.11829517839144643,0.29271823505863237,0.15127984456935023,0.39783711083814727,0.3109118466883745,1.230128739672576,0.07062180779713255,2.736482912442152,0.9506233634189681,0.3756135487172536,0.24338503258014543,2.7210858941412095,0.02698468365287451,2.218110729331717,0.6895961847718868,0.014154549836637808,1.9906874560085268,0.5593182010364037,1.4925957562632284,0.3230549416958868,1.0961853450637893,0.12572945189903492,3.4945044972858925,0.09968424281006139,53.803860019564404,1.4295268519978617,1.0840445479145575,1.2360566883129285,0.3986537840692851,0.033617228930148284,0.2806160702270169,41.23649429103619,1.813056448060359,2.250006661261144,1.4079346344177157,0.099734602299113,2.2000507671039298,1.229549570809788,1.4160462348373495,0.47340399869880784,3.568668085206834,0.7707394132202567,2.9731422941499814,1.5849905119042191,0.14242040010114101,0.6412711831167781,1.5037975257812013,9.978216314636981,0.0007033489340731534,39.554262463383715,1.2182242491302908,0.5992494517168939,0.2980004553223557,2.5092658967244863,0.3010043106298925,1.6916692576246843,0.39963702026783304,1.0032793673104057,0.49750098903913353,3.0010091871665474,14.96392134319998,1.049084069767042,15.987248751980609,0.39956701776287007,15.058792518331687,0.08002917088717564,8.032299737906238,10.022674240732135,1347.990120958149,9.999356368154896,179.80174536876953,0.45147858425190146,69962.74989639746,352.4012397747711,0.5004021224712596,0.06847644244051417,50.00840070012599,10.005449647704491,1001.6767541642282,0.5007751762755043,0.4985707354443498,1000.8244016087307,4.992731322034422,72.09866182017807,84251.28197838941,2098.257262604648,150352.10087630854
15.993122151596717,2.7514146426878687,2.0535391787309583,0.09734859136424745,0.3508712508703151,1.9043989580170835,0.25101818590901814,0.9916748777892759,0.6462891824543936,1.6237180593573621,4.194475098447276,0.11777910414620142,0.29444093605078425,0.15147903569656435,0.3952022047867019,0.31331269055387223,1.2356986891766317,0.07060802109969527,2.7403863586294825,0.944576942114078,0.3769833769064899,0.24181660983037312,2.7074693919524297,0.026832033170606975,2.2245289779143325,0.6866607873063507,0.014095051140553264,2.0039345804948985,0.5594524813876661,1.5029490807264858,0.3215530556518165,1.0963179241546648,0.12565408526499838,3.4843778169144386,0.09969837510182229,53.915703006235674,1.4319009238319407,1.0862763852835615,1.2291024954437098,0.4011267980774748,0.03343334059884089,0.2810446121167776,41.552630244049496,1.8149315614447474,2.25269776642555,1.4163164020987724,0.10002979525495546,2.2004440601489668,1.227663566343473,1.4109065438865933,0.4741024198182045,3.562233155417413,0.7738292723734315,2.972253790027511,1.5975223215652639,0.14321883694210535,0.6466013324416288,1.5070080412058044,10.006782920634198,0.0007034978394101088,39.78607650800046,1.2202905375843416,0.6009296597051452,0.2970889286448332,2.487775815536009,0.2992703680428214,1.6988945046492383,0.398912210347447,1.0001403589798619,0.5007897207111233,3.0046738154730006,15.059064664579967,1.0548963505130737,16.062511202137582,0.40048069983738777,14.955864623188669,0.08035476092733594,7.9739888315813845,9.965142738251046,1347.5371859267234,10.007360556133829,180.32665073757445,0.44780981704805534,70377.12159073834,349.72974109188243,0.4989824242575651,0.06827830732044422,49.91622299944937,10.026036760220947,995.4094436220217,0.4984825890919616,0.4976115961557622,1002.7829945671176,5.024186116918256,72.11487395467192,84286.90710564354,2113.5897937918276,149632.43097954523
15.93063396882208,2.750274172386736,2.0450871484150634,0.09715245132946983,0.3498470494770363,1.9065396878397,0.2519655379455893,0.9888135036174439,0.6454926245023466,1.635977629030714,4.218473623377512,0.11745874446069982,0.2918742542260449,0.15138670199548226,0.39426450444615496,0.31062425714062253,1.225782481695115,0.07104629154123918,2.7389607689862103,0.9506842285856391,0.37643129646458506,0.2435430893343091,2.716462840813772,0.02700472516211276,2.225158015257914,0.6916315692253446,0.0141428754453526,2.0011270971185526,0.5603872218000395,1.4907806008892088,0.3217393202644297,1.0955085423885467,0.12558332307975845,3.473382016410509,0.09980020629103652,54.163375826056914,1.4282687171991009,1.0841835026277753,1.2288124285688002,0.3992053540808267,0.033558248735681,0.2810774481985735,41.19436722952621,1.8202060814356835,2.2395644929726974,1.412500822056441,0.10043580833062725,2.1989239845441304,1.2263802589787185,1.4134212965828714,0.4763920633624426,3.593044357685316,0.768148909765164,2.9785348784099703,1.5855719204216818,0.14231976252381198,0.6450240413234503,1.4989719542683972,9.974811688056356,0.0007024297276310972,39.678286077943746,1.2260348236619933,0.6017601469616337,0.299100249375213,2.5068333062199417,0.29881777469685183,1.6926054930111123,0.40166031509045785,0.996381971880398,0.49945613075337125,3.003297330346678,14.9567847524853,1.0471154929589317,15.99459861476662,0.3994435803658397,15.026486350052972,0.0796600609564165,7.999100693558225,9.96742599177155,1351.4407876215103,9.961621329176033,179.45573735975293,0.4513675004227949,69996.13489694848,351.7017911542259,0.49886531349844093,0.06821875881357994,49.89957739144063,10.038093198442276,998.9716565933672,0.49871880264941987,0.5001831973684845,998.8564141178513,5.014509875988583,72.35312084518537,84233.37860391333,2103.9843142955924,149764.55309747084
16.07573419716322,2.7495402900901285,2.0433989356286886,0.09765607786003389,0.35161308744099773,1.9087723484995998,0.25161742875284304,0.9917863307222174,0.6501314283674907,1.6299760737562214,4.2028772269233325,0.11776564493281834,0.2924919342707382,0.15141941006898604,0.3971033369279666,0.3107674747741797,1.2287492682876864,0.07103713988269574,2.7273820909523887,0.9460543418443379,0.3776854340015003,0.2420925013210852,2.720429540765459,0.0267821986588602,2.2180803529653272,0.6909088752829352,0.014081675412163977,2.000692128419229,0.56033648936622,1.4980334467264784,0.32082327906841557,1.1032570594769855,0.12610557529093708,3.489369430807178,0.09955466679583308,53.9098783444927,1.4309090428541655,1.084452805870736,1.2321843611931709,0.3983070605948541,0.03340241084228525,0.2813667986881291,41.24398527641348,1.8153689885171316,2.2533942453278484,1.4132266680237364,0.09955148925462343,2.1818223081502235,1.2293372514718721,1.4113084087221337,0.47478046086314163,3.585265105742661,0.7719711453802189,2.993396406655735,1.5876131033387584,0.14251823981896136,0.642480700987616,1.4947224666757768,9.989424564197291,0.0007026079708613109,39.61931336710752,1.2157156369671156,0.6001357972921377,0.2994659925736472,2.492204530466719,0.3008336248552701,1.705497102040763,0.39960535337400405,1.0011955143866451,0.49966186725375594,2.992869808096199,14.988917820010853,1.0457505464346157,16.03311297818574,0.40131677212651723,14.971109990005571,0.08005318145950398,7.978571882563155,9.962746045017282,1352.208850629014,9.963410759650792,180.50756232457107,0.4489728954693792,70405.53906947713,350.4086220001637,0.4993442129632149,0.06857139176829999,50.005132887317735,9.970097742640988,1003.5040854805342,0.4992007660461788,0.498013883804192,999.1600104492287,5.003698088158483,72.07911744043615,84493.6187226088,2105.8716136408525,149585.56572460104
15.961866612917746,2.739023116178096,2.054836447929343,0.09681697518319776,0.3503703442129617,1.9118516952262898,0.2527194689635779,0.9857888340268857,0.6460748655059524,1.6366758667454768,4.21304117052035,0.11795007445146988,0.2937256914578044,0.15261184628565552,0.39506151816232027,0.31325260396189136,1.2251869439003011,0.07113819959779275,2.7208504548252193,0.9457839207743497,0.37448319321474455,0.2437379339117344,2.7231226888813294,0.02684538668080527,2.21612858552092,0.6884749613333219,0.014051330762130304,2.0057488843347735,0.5595312455008513,1.5040025787332,0.3233759559889191,1.0958028299381268,0.1260372000525252,3.507200512416687,0.10035261924904842,54.025978591664256,1.4231711915198049,1.0823082628311527,1.233616410310845,0.39950577941676385,0.033556424678948774,0.2813713828271101,41.357792031077636,1.813509547862754,2.2474506263192824,1.415231783036692,0.09983108577903198,2.180422022792821,1.2356473164313726,1.4125475444165312,0.4751940695717034,3.591782043011188,0.7693159372213476,2.9944564506615152,1.5956854118034252,0.14268617898056804,0.643169549037424,1.4966361444629768,10.015934084284822,0.0007009753235174717,39.68893033060984,1.2256832525697885,0.5998336517290661,0.29884549273470573,2.5039523779294166,0.300054554820434,1.6922156168225937,0.4006299800952805,1.001425950842762,0.4981243699729627,3.0088774492608197,14.995049112516755,1.0481535331512504,16.051833501735352,0.3993734838379913,15.018277618692572,0.0800943318411652,7.964224478605861,9.99228336305747,1346.2575131240812,9.969957066190105,180.27893139952897,0.4478013449787859,70511.20900849049,350.5029584227691,0.4989940176422245,0.06868726248955721,49.99333607105342,10.011432525148527,1001.9585074863695,0.5018570563674223,0.4981487099490853,995.8165317909202,5.024685539216737,71.64639633717077,84386.32288396674,2107.337925869229,150078.82653256375
16.045732473468814,2.763543006059975,2.040711159340625,0.09731132363884917,0.35075872183988666,1.9062934407479046,0.2529900106900007,0.9895742291303521,0.6458258204334486,1.6357768474011307,4.228647168619877,0.1175274276036751,0.2937374249407628,0.15156682161313112,0.3940466199819693,0.3112531151274024,1.2343653909732148,0.07054595818476289,2.719917260505858,0.9502661722547775,0.375647912241003,0.24214582115625907,2.7026830102026667,0.02697924791782113,2.2227365671392882,0.6918004085307088,0.014043286026697313,1.999162085656994,0.5636697371293911,1.4934939174805004,0.3209347884781708,1.0986996228319892,0.12579005876703686,3.479022999982989,0.10045394492535625,53.90088834989583,1.4315454918923718,1.082881432098108,1.2313534315840173,0.4002212907728338,0.03364469632480396,0.2804538732606092,41.5067455033871,1.8164360938080106,2.251776158017377,1.4160202826011432,0.1001250713107589,2.1946243751744867,1.2346246096599918,1.4159984835226538,0.4736143056572145,3.569111001532325,0.7703886661771977,2.9947663880139297,1.5898434219406414,0.1427581940972379,0.6442399626105692,1.4934659366117355,9.967720677030991,0.0006975424429214256,39.492676888284194,1.2227109900971522,0.598952847275171,0.2970122382075014,2.5003060942631405,0.29947033321791616,1.6981813021035672,0.3992621272682473,0.9950398351435883,0.5009416443220945,2.988320714362022,14.957871359559444,1.0467483289574202,15.973018767279793,0.3986407907179854,14.977042818628192,0.0797946114766462,7.964897209053793,10.037056297716981,1347.3753449458325,9.959528214637638,180.03874748211382,0.4483047398326596,70373.66227064643,349.3317085294456,0.4998231797497211,0.0687035772097992,49.829484526829205,9.97013686769055,1001.0046491139522,0.5023992703579766,0.49942917874142795,1001.4864509277719,4.982615853139082,72.10180593595028,84002.71425151917,2107.384704137692,149382.9918121254
16.00399504347285,2.742778637353514,2.0537250284182527,0.0974407350330304,0.35121849885695783,1.9194047515463541,0.2518975740447261,0.9916888847303525,0.6448793856813138,1.636602918642891,4.214872786426753,0.1179071870755424,0.2928075363362887,0.1523921533824678,0.3973205412140022,0.31296065947010226,1.2301301912324782,0.07070877181939816,2.7421632245666436,0.9492722114948215,0.37616413681781824,0.24323891500482875,2.7135193823718478,0.026957316605824757,2.221180700229914,0.6925899519457566,0.014150719704212592,1.9988451548930566,0.5601371729501455,1.4981475360351533,0.3223887812612624,1.100257175313491,0.1264921280447252,3.475796406970151,0.0997874185048352,54.107197306152514,1.4362836103762173,1.0861948055620168,1.2262195209766436,0.39968131798603973,0.03348531575921709,0.28075493124450224,41.29660473988772,1.8165898188095262,2.253500721705287,1.4117172975290524,0.10016210251511533,2.187312541132027,1.2279884191135486,1.4079066952889183,0.4771430883060759,3.5762497746925663,0.770817219451802,2.980680726977563,1.5959819268743123,0.14281283702511463,0.6435758902216537,1.505141914331733,9.96609576140299,0.000700660061835127,39.64028357679306,1.2259266570188876,0.6013283047008037,0.29654145766316226,2.508486847511166,0.3006095389685439,1.7010363355649047,0.39894451390353725,0.9964931665040769,0.5006419978142921,2.9981982081844127,15.054243046834669,1.0475049224879156,16.022003196935398,0.3989953721466361,15.02044756186399,0.07963867571377257,7.99133659414515,9.967268561586575,1351.4301089490168,9.981672805317773,180.48875871181812,0.4482656746219351,70221.45145462526,351.1986875177034,0.49761052049860033,0.06808261422622174,49.904120086164006,10.01090754394119,1004.6262999516221,0.4979539175499433,0.501015813866054,1001.9271612212277,5.0084737121751735,72.01162608590317,84604.1188012683,2105.0373666651863,150507.44561879878
15.962003296459946,2.758423483730938,2.0601791875457476,0.09759860358011607,0.3493142510156318,1.916611607788704,0.25098004795003237,0.991759304840169,0.6469771075897537,1.6325863224604078,4.206305683219095,0.11742065911679388,0.29221264030336047,0.15130442707394465,0.3957119888942874,0.3130610224145919,1.2329273601353934,0.0710045498278608,2.738386550412369,0.946785989190652,0.3760226567428952,0.24302053634330748,2.6995179508089673,0.026926400230852503,2.2248879910938073,0.6907656779518816,0.01413468119679404,1.992377825362497,0.5634691182783981,1.492630857347426,0.3232133823695433,1.097194244435859,0.12598991040344995,3.4895555937533165,0.09976885032039201,53.835447636960595,1.4255040335117808,1.0877619945813743,1.2350802447116016,0.39926643028944664,0.033502700974273436,0.2817157988776276,41.37033935553073,1.8260289379779342,2.2487937899663217,1.4091574187806233,0.09965723996217934,2.181787036254943,1.2313714099548219,1.4146154026979696,0.47326818081253835,3.59468136327063,0.7689133744743554,2.9777726647543203,1.596271809092088,0.1435667039239596,0.6441600911673105,1.4966514741668,9.967193947233818,0.0006984010603320138,39.79135295137765,1.2178600077870063,0.601167368766198,0.2970916984503932,2.4994625908172226,0.29955631864817645,1.7000614094964437,0.4002797811636807,1.0049093496463444,0.501999475235946,3.0058759943257254,14.948061520579563,1.0543997998415617,16.06281377131328,0.40154681372029694,14.996852529652958,0.07973656536884885,8.020352257197514,9.988851503899042,1347.9016719108452,9.989078201255928,180.10632700343845,0.4492508347383487,70315.2900832107,351.3883184821258,0.5000443130691344,0.06809491769047288,50.218271341185584,9.991169628312038,999.4945319428589,0.4997801625612158,0.4993251397911923,1001.7458791061799,4.975695884791192,72.26892599710368,83876.20992756975,2115.5189728609557,150192.12394376507
15.930599435856749,2.751717019134238,2.046541809745545,0.09764035801287868,0.3508941485167365,1.910133980171185,0.25182303904675885,0.9949091017713162,0.6490846488705457,1.630227054800977,4.205703447343394,0.11779300777177985,0.2936018789117387,0.15213358598265714,0.39737881194780356,0.3121671094567065,1.2310126760986213,0.07078396839834897,2.737169551833746,0.9471941258294139,0.3773232929137844,0.24257971876960613,2.7152201387569237,0.027005709171857805,2.2259734397740543,0.6889139961833599,0.014129093799416058,1.9941396962921993,0.5595168877465192,1.5013619846424835,0.32299178935104594,1.0947522403280716,0.12656422171747614,3.4881119039589903,0.10040527214743539,54.065354886775154,1.4357293454476643,1.0906237931319824,1.2358301430459178,0.4005164040051032,0.03340863171376259,0.2803900037079675,41.494252821003435,1.8137568408742157,2.259671452564028,1.4058444326821677,0.10037597473817961,2.189643554391965,1.2341896278249673,1.4164619693344365,0.47463020039735965,3.587038442564861,0.7678957255462521,2.9889634143570203,1.5950868178236013,0.1427072013567669,0.6409354665103113,1.4989680787766972,9.96700005342452,0.000702229857561882,39.585203399917205,1.2254130520690676,0.6028308537664613,0.29921833105372997,2.5024903619426544,0.29930228401195774,1.7052233930521614,0.40080638152483206,1.0047716834705025,0.49938626003658115,2.9867630399750316,15.074757949325841,1.0535517682141082,15.955438350127768,0.40090251146359857,14.925103526259717,0.08004624724630686,7.98902705928013,9.988133304123762,1346.551017383323,9.977484521563335,179.91840359494108,0.44886665265965,70158.4468835119,351.1413899471655,0.5010555571142625,0.06852116762506705,49.87099463655226,9.953918959042811,1003.3268186609312,0.5018615642148229,0.5023944475986664,1004.5971155723619,5.006690701334648,72.28387562683793,84167.21736999473,2111.0484152162117,150683.00181338505
16.047404569153226,2.7476835475636743,2.0474940645648685,0.09699737955707008,0.34953472233509836,1.9161230142402308,0.2525077808094708,0.9875238038774631,0.6493707476332162,1.6280341460964518,4.2124322225462425,0.11784703574186782,0.2930633740039555,0.15234930192054064,0.3969152773764571,0.3127899296474194,1.2286597771845293,0.07093487077358265,2.722866827538505,0.9477860214255802,0.37631248200718026,0.243453151715071,2.7211650913765397,0.026847482763229204,2.227665347305118,0.6886967573388644,0.01410731922808398,2.006561996948496,0.5632541007816156,1.5024321589430938,0.3230139174399027,1.09753981988128,0.12662110020635686,3.5052512452840268,0.0999301746212383,53.66590062834387,1.4271900024266044,1.090653978007583,1.2355457061598356,0.4013266878170395,0.03346540898426254,0.27945519795461954,41.39727753913555,1.8177501616613094,2.241516878711507,1.4044425321840863,0.09965303688365611,2.1835575384471237,1.2331215728351952,1.4083320189340598,0.47470045611842704,3.583522051792396,0.7735430277762265,2.98764277765723,1.592316830560711,0.14334867995105915,0.6454122438360037,1.5028537389149141,9.999640711949985,0.0007004679295609798,39.66471981388694,1.2187184936639732,0.5986246084305376,0.2975685353397619,2.498213240432741,0.30023813821495343,1.699997876652451,0.3984317958171091,0.9983997365545726,0.49938096734300813,3.0062077789533928,14.974933812653317,1.0448335360636387,15.933493859732806,0.3999879936718809,14.953274325640855,0.07999569792902339,8.005936429766889,10.043343790256936,1352.1003289787088,9.953104072263343,179.7853149329127,0.4513205563685169,70013.95794286285,352.36110301597284,0.5001450535428181,0.06812123422120639,49.87083527009014,10.040629919908866,1004.914597511748,0.5018150794628368,0.4991033834232596,1002.6881901251008,4.986111382179812,71.91685604696265,84377.03725277593,2114.870373189835,149908.7974151721
15.999333827365334,2.7423046345461537,2.048016066226362,0.09677525408668015,0.35125505063469387,1.900895690653991,0.2524624819531752,0.9877548948443962,0.6478451891195749,1.6264394025736257,4.2057929751239325,0.11805519790597446,0.2934128176954963,0.15266923493751064,0.3953355155710316,0.31226475544047805,1.2349411824106613,0.07065148412002883,2.7399658644847253,0.9523376223137755,0.3773065763331571,0.24316976101826004,2.7160193311338183,0.026894906718640227,2.222159078858784,0.69327387106215,0.01406490799841793,2.0058509424508126,0.562035030301622,1.4921627926038752,0.3224621839258683,1.1032166959718857,0.12608663233234746,3.501776404754609,0.09986586861408699,54.13306248998412,1.4321209774298043,1.0902953418620058,1.2272077170357572,0.39978451324761166,0.03363722183293295,0.2794393638102588,41.3502580312438,1.8251017995765797,2.255485830529005,1.4149578819138477,0.10023939033467875,2.199791318066801,1.2299785925308055,1.4117524866996312,0.47665160235316106,3.587220536004857,0.7669358367353273,2.976036494287325,1.5908361936934767,0.14336424608772202,0.6442805751431915,1.5041632386207568,10.033760947646291,0.0006983558978920663,39.726067755110726,1.2206967466052654,0.5983639035159292,0.29796983670592575,2.501214207114218,0.3009520196256176,1.6993368193689187,0.3983236639299038,0.999872959582322,0.5016897547218822,3.002137663569826,14.972829784155332,1.0544201949538348,15.94490422154017,0.3993075106099732,14.990570203594435,0.0801903823103407,8.02685974337006,9.95585604762452,1353.9424835762584,10.022052841525067,180.71037414866126,0.4518019934587149,70376.77298757907,349.783014158276,0.49906935753328024,0.06869844267401237,50.04908664992692,10.003876073438928,1004.1570944004399,0.5018709928704983,0.5011374807665818,1003.8225230415953,4.980691748859774,72.18543165595193,84603.12027067199,2095.5059614775237,149584.56847768594
16.047034942218467,2.750551297021843,2.041525676268096,0.09697445520433964,0.34938420859972924,1.9065822979872575,0.25295173532866144,0.9916041609278445,0.6495222639638311,1.6220711924488833,4.206948255324634,0.11778502834111731,0.2940311414285637,0.15268988187395816,0.3956964297643646,0.3134759491174624,1.2240266182097383,0.0706766093381797,2.7375056211574873,0.9466737444969032,0.37758281836222096,0.24231586968877045,2.7180125683105913,0.026819757905896278,2.213275729172337,0.6896256705728445,0.014162736622954574,2.0017090992380466,0.5627588848691896,1.4896606981068554,0.32057230095891426,1.0952362742822714,0.12640274914007316,3.480816139049366,0.09982883818463874,53.969275542958876,1.4312005467424422,1.086027455638569,1.2239028925342283,0.39979841030020324,0.0335800256762662,0.27995681675811857,41.476239380452334,1.8111757813206746,2.2591801755970766,1.4163455528279465,0.09950246148342456,2.1890762232623624,1.2289400098649357,1.4148205553184647,0.4751934275587855,3.5839868838237106,0.7677092962237655,2.967396527106313,1.5930580644452037,0.14317256666851627,0.6461401970468523,1.5051702517116308,10.013103527397293,0.000700268529680652,39.844278481143895,1.2236754224573982,0.6022945499698054,0.29947760587685646,2.4975876446941627,0.3006508039868722,1.7031971528589367,0.3986965708533312,1.0013654859969303,0.4996404463793945,2.998519067703411,14.952020698478108,1.0525697631344275,16.03167055834852,0.40012916055600867,14.948507878683873,0.08004549182828569,7.9680106737717615,9.983937202614225,1348.2768308777017,10.038342539254064,179.84801173579987,0.450443114408816,70445.02738929076,350.60951214276184,0.5019185176003537,0.06815133953776822,49.93242157857998,9.959472724906647,1000.6092962928128,0.5022864103020389,0.5007847591766063,1001.2607561734874,4.9889079316121565,72.31039686620863,84187.02915760745,2100.0953932166144,150731.54997064947
15.987699829407157,2.746466222016262,2.040466705979626,0.09688730271389662,0.35108216974275297,1.909669476497901,0.25314628431185143,0.9858804694519134,0.6487513135067419,1.633585741604956,4.215101809624159,0.1180352555209485,0.2932294140785924,0.15228811537889214,0.3974385236328046,0.3114893952901682,1.2295037451894324,0.07089622398732495,2.724928095498512,0.9449548615691746,0.3777527945254857,0.24225819119977485,2.702757066885401,0.026931926561029815,2.2106175764802574,0.6867849288113249,0.014038525918136554,1.9924652729157153,0.5616020863651942,1.5019290318326635,0.3214911494957676,1.0992028455611218,0.1261263163769732,3.4830948404542696,0.09993253787876799,53.848710630388574,1.427738934645595,1.0857868337522698,1.2239867478380684,0.4015450426724863,0.03365991117714531,0.28171752680930506,41.185426727231054,1.824566116949842,2.251644753883201,1.4042778662452091,0.10043285913487959,2.1960491551299754,1.2256371443233116,1.4165429841586783,0.4732244440758505,3.5783775396506323,0.7673741131414756,2.9695756856927256,1.5974381112401561,0.14310313557739102,0.6424490864699429,1.5041459905629977,10.03752443993025,0.0007029232275575143,39.85180843647965,1.2249480983230143,0.6008335943755594,0.29753055061642497,2.5106391919359714,0.2988674895840011,1.6943695968558639,0.39973531016198277,0.9978366494221318,0.5005786640711193,3.0121590576889385,14.998654698955866,1.0505656412308946,15.987701396636973,0.4008302766399037,14.940103316976932,0.07963887190874125,8.011307077954653,10.003487854515413,1348.7493333917616,9.983399264187916,179.19325339927764,0.450812502730863,70126.88434598969,350.67796197026246,0.5019672242570594,0.06856248275164606,49.85972157434664,10.015716649652177,996.3225531850366,0.4984703193392607,0.5010707462036621,996.258904182499,4.989009697568549,72.28660339294814,84411.68784741567,2114.0401228463434,150572.7500129418
15.97001270751605,2.7536403794482283,2.047513261401496,0.09739158541034056,0.34946959957577817,1.900475161802909,0.2509767243022329,0.9926830220296055,0.6453043539861243,1.6316205897368157,4.225062475370322,0.11828449945947368,0.2927463756688212,0.15155707840724558,0.39767324845145763,0.3122071670071694,1.2288366667289847,0.07111297685090846,2.722219984407703,0.9474528321508603,0.37452850786645475,0.24208845903398588,2.707251958537514,0.02695370863575999,2.216423445560223,0.6913082260109605,0.014143031856164587,2.0075515582930668,0.5594413236127821,1.5010977628749471,0.3208637976335614,1.1021808852262929,0.125838294706656,3.4972519860895503,0.099713824244508,53.98816449655952,1.4246448514449856,1.0834101341030296,1.231407881679524,0.39934708596660146,0.033568265654493126,0.2812197425351753,41.44034430856657,1.8241958378504644,2.2566135429149323,1.4158010682828526,0.09958051582948177,2.1915669234236477,1.2330599550535308,1.406008874539045,0.47387720042914044,3.571657323527208,0.7705569638803538,2.976011882940276,1.5926409063679334,0.14315764274521411,0.6450118002051837,1.4962847642521384,10.026737137582298,0.0007011482488553808,39.53344176629216,1.2163421087993906,0.5988057908778388,0.29929940369335933,2.4956587465901054,0.29855963724799595,1.6939076375402002,0.39812868729460327,0.9990283924414322,0.5014857670048485,2.99851307341767,15.050849120218972,1.045249057874288,15.995155658263162,0.4011483014885177,15.026208332648089,0.08028226042971237,7.981906777912766,10.000085079628803,1352.3878608076197,9.966848995615878,180.56845208641866,0.4491516152285594,69896.57493203411,351.80226611861576,0.5010250898986599,0.06866243695124656,50.196037372718564,9.977852578458158,1001.4136277521782,0.5024956149808599,0.49871903274230533,999.728766685586,5.020508318232025,71.71421734189914,84571.63352123104,2104.7506752655254,150589.561182858
16.0194194257323,2.7547144775431347,2.0555962079042733,0.0967792562814086,0.35044718918663864,1.9180972013751423,0.2531494317843791,0.9946363822956331,0.6489449970576562,1.6321725756244352,4.212208779311324,0.11812691296379899,0.29332850553602263,0.15130446056815297,0.3943719302922964,0.3123725797039044,1.2277148620894733,0.07065940924338701,2.7216309294532985,0.9508541433102351,0.37774587517398955,0.2433104519477678,2.7220708791709334,0.027003264838101292,2.2137379789212135,0.6876093287181203,0.014059333736759534,1.9919241876773115,0.5624657809184667,1.4937462711412783,0.32332959175709963,1.1012474855054997,0.1258231093002686,3.5069139580555566,0.10045319449589185,54.06020147335518,1.4341710765587867,1.092187926329671,1.2312356115384713,0.4015200793973274,0.033354217286970494,0.2808517534921083,41.39104151290594,1.8115865742924195,2.240706419669793,1.4032579288286378,0.09979401500448645,2.1802218959264064,1.2290548641225578,1.414409724400358,0.4755406915900733,3.586221678860219,0.7663926014907443,2.990117885535624,1.5843744270321896,0.14271779075272645,0.6441081526833711,1.5064499014651973,10.049814916837345,0.0007019786247853498,39.77099188397505,1.2203377244346867,0.600993764027995,0.29694038404277645,2.494229903014371,0.3014539285904912,1.7081534553934739,0.39929188957865125,0.9974104857257156,0.49864759037408707,2.999545931505126,14.958564986968666,1.0515592146417823,15.931971169816629,0.39841470888967695,14.96654014124037,0.08022195458670274,7.98586316312336,9.997081678228385,1352.1143976211238,10.028853992197298,179.65279623820436,0.45103936235023895,70031.85782572185,351.37688858529583,0.4997544007039734,0.0686918134284358,50.24104669311056,10.027412310769028,1004.1546433564341,0.49818252121012097,0.5007723197877395,996.983679415724,4.988848425248622,72.01643273367526,84414.77989913464,2109.6624502618147,150554.18901293553
16.009483976340253,2.761724422968213,2.057951716211583,0.09753928387977502,0.3490533203773152,1.9106006566698754,0.2525953162245498,0.9947134148276613,0.6448354743338165,1.627181966903305,4.203362945633864,0.11775047079234258,0.2939300531983054,0.151308508583698,0.3954433616100335,0.3126604559778212,1.2288528985450158,0.07054799701725412,2.733026272506323,0.9482143450410113,0.3778117140237956,0.24360391871246448,2.723175369270618,0.026815628860460204,2.225807409205969,0.6903563037159294,0.014129963839387371,1.9993510292501577,0.5603836364067867,1.490199677852073,0.32308928818859195,1.1034628918344533,0.12557480006457078,3.4950668133940797,0.10023773370053216,53.94106563500999,1.4273863733142742,1.0911408819567594,1.2317520198417595,0.4008808700480554,0.03355095836738328,0.2813211573011393,41.24309329128837,1.8276912180492657,2.245180742954066,1.4147453722447223,0.10039338420409692,2.193311796985855,1.2312090993736915,1.4044875797775191,0.4746970508238782,3.5839968689704027,0.7667803933981173,2.968421567942031,1.5978463519562045,0.1427600948358765,0.6430322772181551,1.4962729372589985,10.014601976949427,0.0006998115312076476,39.7952430038858,1.2201524369486407,0.5970924958817023,0.2979484084231738,2.4888796822648693,0.3009803591414443,1.69343218744474,0.39886781605986327,0.9995996524279482,0.49847592027700205,3.0011765988059107,14.994104763667005,1.0547514874146315,15.934139770131939,0.40030692819307423,15.033059941446595,0.07970210160724468,8.010916970220592,10.036423905416981,1353.88200118628,10.043517069042904,180.39705425413368,0.4495229407335254,70477.08119073352,349.9063592905301,0.500418511392625,0.06858171003444474,50.18614058349774,10.041654213109389,995.8497564948236,0.501130295847271,0.49852052146720505,1002.7911944148684,5.01003448659668,71.77057369819222,84491.2796164962,2104.1956543245906,150065.78422785155
16.075424600566954,2.7543072036567806,2.0518155444730075,0.09673029341473757,0.34894725192282877,1.9009573995420537,0.2515799473128047,0.9884606326949704,0.6481965388561391,1.6330932256859776,4.196500431736835,0.11811995221655548,0.29422174048436966,0.15152121194136198,0.3966299885998509,0.31058223812070596,1.2303831159017808,0.07097100979403088,2.717279340626491,0.9464231479080312,0.37742111826507385,0.24233291590379408,2.716039900424123,0.026930192095686492,2.212533866184301,0.6916677818464746,0.01410452342001754,1.9922405160145256,0.5645254672863509,1.4968796715762789,0.32278916028806565,1.0968947029207832,0.12554285084384947,3.4984216064869336,0.10017382417855838,53.788221454441164,1.4335218531278746,1.0870542658772708,1.228137746256763,0.4011475672699186,0.03353912222042664,0.28072040230328343,41.50303902734522,1.8208158761484692,2.2598670247410055,1.4144845852683032,0.0998581875727402,2.189231731586963,1.2356251967449532,1.415572381966594,0.47353313130376296,3.5719200772150757,0.7689560379990872,2.991319501277088,1.5967959352591348,0.1434323465443477,0.6425555623926281,1.5058059720995283,9.95328811259407,0.0006994596243662336,39.63144304130923,1.2204299231920357,0.600363843343409,0.2971817053707935,2.492613892569644,0.3009106997753764,1.6927953455632774,0.39997314417544816,0.9969164640659768,0.4990978361256049,2.9933188325751603,15.03127833389208,1.0495382163345928,15.967910693511376,0.40132540799192085,14.93786927119362,0.0802130885163789,7.979865020632023,10.041801922262676,1343.3250476524888,10.005666333735935,180.22007697124965,0.4503478514969111,70403.0840323711,349.5091998551637,0.4995777800214629,0.06864879595274566,50.194367644264496,9.999834440323877,1000.5796689387007,0.5013195422024495,0.5013980519714931,1003.8808129950585,5.0171928699591515,71.93838478526229,84337.10877375504,2104.6471021779894,149426.9421996302
16.05146894720081,2.752798497066764,2.040939106678021,0.0973719159671967,0.34924085362563984,1.9017729654864886,0.2522686040650028,0.9922988656758793,0.6481120022272032,1.6219420668591924,4.213236763225283,0.1174177987088752,0.29424937632280046,0.15164630383974206,0.39746918614984816,0.3104777809804846,1.2250457630790537,0.07076559707965868,2.7370599814481373,0.9521954849207459,0.3760793165050333,0.2426487695342098,2.697657428031756,0.02692251784789771,2.2173369715718674,0.6928230210442577,0.014097188350420438,2.005308939662595,0.5639569431685677,1.4909862158468161,0.3218095251109751,1.1043308917411354,0.12590481367588283,3.492273884266162,0.10037310394729884,53.76584120258446,1.4356425177783751,1.0858806989383312,1.2311443099425066,0.3993121579282634,0.033509084883009466,0.2794348452490842,41.21006110375132,1.818447954267264,2.2462864182772555,1.411632664524879,0.09953791016704382,2.1827219438672376,1.2264279802977471,1.40916093393627,0.4737974651213,3.5670283241519165,0.7707513172881247,2.987267384938536,1.5929457622620757,0.14267993753617533,0.6462826247462032,1.501677332691411,10.011466670100742,0.0006979899391620152,39.57771007369498,1.2196919526527448,0.5984269261862435,0.2985604716547264,2.495213862806394,0.29895574846188405,1.694077435514149,0.39850891111484466,0.9993975007896637,0.4975152001817381,3.001271168649076,14.969745438437933,1.0505510277250822,16.06966806615065,0.40147619044073396,15.011464475990767,0.07993445625011097,8.0158690136866,10.04231393326245,1349.8588854171837,9.959930772408532,180.47895876076316,0.44779715619252475,70367.72857778141,349.4135968880568,0.4980330828718314,0.06859268749908788,50.09476085244769,10.006190312933663,1003.2058519271019,0.5017568425537188,0.4997875612782814,1004.9629868705451,4.992878996981956,71.76348559196697,84502.35022251568,2103.222754384724,150561.7494768429
15.929786615118465,2.7393039330664326,2.040575589555091,0.09729915465341393,0.35116152463390765,1.9081408209669255,0.25096855253317096,0.9887473413915664,0.6470153389375615,1.632338592373655,4.2164055835723255,0.11753156798635658,0.2927661179581498,0.1522166220807645,0.39504509038839253,0.3117100904939688,1.2313984476592337,0.07073123245648139,2.71719250452374,0.9453703996366716,0.3770380642383903,0.24238886491136258,2.7186099801883508,0.02689109820511379,2.2193988492457795,0.6918665618857863,0.014083544385335241,1.9947696118430474,0.559780281957152,1.4995734908462464,0.32190321497813307,1.1034034756877014,0.12594667013280364,3.487026892561508,0.09979885208407474,53.747961566302145,1.4347252483084727,1.0825999476021912,1.2349461709972251,0.3981076366049494,0.03350745453230279,0.2794602282739581,41.50572938751006,1.8147492367378757,2.251483257965322,1.415871890046532,0.10014925893561243,2.182955207232929,1.233649136555685,1.4091748624559977,0.4726875895071281,3.5795261859298604,0.7724061320149276,2.9779127373988414,1.5941090060026317,0.14329390201488418,0.6437225153236585,1.4973492387753815,10.022654000156216,0.0006990824289241685,39.549090563949925,1.2178145293506413,0.6022610351575682,0.29735449955416937,2.493374013371118,0.2989002602121917,1.6924380233576513,0.40190676941679854,1.000367768272606,0.5011482223031034,3.0081892034060607,14.97784754920807,1.0531385120566927,16.073837479107205,0.4009670474009621,15.031759968999413,0.07994578702926561,8.027305610064703,9.958883737512336,1353.3707301152663,9.986199354214286,180.11875304843602,0.45176833696453655,70255.70482756726,349.2054079155828,0.5011130242276154,0.06869345276224328,50.07100597265528,10.036142007745957,1003.2529575534193,0.5018064614149198,0.49922050201346135,999.7416352710867,5.017401675251486,72.29548697395063,83913.60169494162,2098.296256590401,149770.2444000824
16.043247652508697,2.760311981824592,2.051644922898768,0.09682409666648222,0.349313118804885,1.9168191394237224,0.25161583854524044,0.986067791706585,0.6467174036604127,1.6349993135424865,4.209725488340106,0.11761245587514893,0.2924510128516592,0.15268944354510386,0.3957305516528706,0.311817789674995,1.2257327561051437,0.07066162444766691,2.738590931429263,0.9507131662773428,0.3757574754840258,0.24395657499704176,2.7067550166524024,0.0269980046569721,2.2096007552229806,0.6889458890025849,0.014150064655400795,2.0080261912294866,0.5634411031116585,1.4995428912789286,0.32301592580846855,1.1022831400704434,0.12569031840262612,3.4888216678342507,0.10016070499788617,53.957334466362475,1.4355068957818595,1.0867156912410156,1.2260392447496853,0.39885832814965155,0.03361592894721786,0.2793209797185043,41.54278305683048,1.8119117031579925,2.2475623155320115,1.4142324848069832,0.0999076153768224,2.1970594252964832,1.225083675664667,1.410162745392736,0.4753917515854953,3.5939930957810926,0.7668708848288118,2.975190300421433,1.59253363470886,0.1436863000170599,0.6462428866462886,1.5051974259254384,10.001718252942478,0.0007004500938546054,39.8222845813312,1.2245094321523322,0.6018136473928325,0.29894934240005,2.509490746475022,0.29884134579327576,1.6964748694073843,0.40190445413581444,1.0004477615996399,0.49838231930020843,3.000091668995985,15.021867626295537,1.0534463308313453,16.049948276163754,0.3981969659733297,14.99302874804586,0.0796164552449496,8.0310524898933,9.967390607551863,1351.6858083847633,10.00706183712804,180.22595298235714,0.45028537480274133,70333.30444554942,351.31248203778546,0.49795150123385407,0.06830886927848909,50.02329671796733,9.982519742589817,1002.6033088480688,0.49908948857527496,0.5016434208715151,996.4673372098148,5.013469628249293,71.77209511736534,84234.59194778789,2101.22203805089,150206.00165396556
15.954038465574655,2.7581237676671773,2.051508469260512,0.09764446950577807,0.35074119615120525,1.912051254804512,0.25282947989992477,0.9872248574208415,0.6488601711464017,1.628213582748396,4.220263600222065,0.1174388739031997,0.29278819644282383,0.15223058689078603,0.395844131772311,0.31118247137862687,1.2295614957956569,0.07104761912404658,2.721996705172239,0.9467407921112089,0.3778436615608404,0.24400314572040374,2.6973705420716323,0.026908159299284938,2.2103521691960233,0.692924943973238,0.014091757832688588,1.99836874007856,0.5607239566989369,1.4980302201364706,0.32085689588803873,1.103288505005891,0.1259889250345067,3.492319554906864,0.10034080474765453,53.74026370400137,1.4253551179487922,1.086139114184095,1.2335193773666933,0.39823418221408063,0.033598882018306075,0.2807021237582122,41.415563891933566,1.821171824076681,2.2400137662515487,1.4064717682478256,0.1002552974515147,2.188078671816815,1.2307443588816978,1.416272647570574,0.47284479089950743,3.5781985570911226,0.7689318108229288,2.9682721929006033,1.5971676301452806,0.1436598872133404,0.6427859837129798,1.506700749160336,9.953517360672429,0.0007033662719323532,39.813297824110954,1.2165148286938967,0.6005972829236075,0.2988889320998605,2.495482474100194,0.2995612553762785,1.7021925371850795,0.3985883762037338,0.996182106097224,0.4987490263905971,3.007237792360411,14.979989883961734,1.050077261327344,15.951272089089205,0.3987764226693983,15.022567688885221,0.07968670020149476,8.013427258177312,9.99007018523489,1352.3121573338378,9.988172947701548,180.6228939305691,0.44800000276147045,70458.02391937602,350.0583014725753,0.4977127110498274,0.0684426846245674,49.86217711519055,9.995920312318411,1003.023142060621,0.5014577338037407,0.500501928081417,1004.7787190865764,4.9981875547623,71.66835964105546,84479.9911129069,2099.1332359646967,149514.35821349552
15.93120158751464,2.7452672484500624,2.0464362588246106,0.09700829392907138,0.3503261752891903,1.9148044554341666,0.25310317213099126,0.9859810957789333,0.6457344742745232,1.6314644329215502,4.193081508502233,0.11784750185585072,0.2933649380354999,0.15242642844869905,0.3948816931783338,0.31252411495998267,1.2317941968899204,0.07105460821739087,2.7249153066343568,0.9503708708791397,0.3769475194903,0.24236624273703872,2.7132833774032528,0.026947118601582814,2.2149923107602145,0.689667419968016,0.014090944659543164,2.0054701913674204,0.5591938848582353,1.4970153683735068,0.3209835774196755,1.10161526164861,0.1262272647673434,3.490039315153406,0.10004202954178441,53.81029786971963,1.4273305143139952,1.0896644224405734,1.2254702958193435,0.40108601325877313,0.033551929415836644,0.28177922043982795,41.290723888101496,1.8201124587430548,2.2396272640094077,1.4158163427082724,0.10017539146067916,2.1926909679546647,1.2328620771721353,1.4069590368803069,0.47549333627657303,3.5907730043925072,0.7668452672242213,2.9936727433008503,1.5962310001597708,0.14366211693248587,0.6459857643981635,1.4969146663865898,10.008155546763465,0.0006973411369556688,39.78085335912509,1.2157744039251122,0.6022009436095453,0.29722685971848817,2.491510297682073,0.2987127130910729,1.7035932071768636,0.3987448151076201,0.9969766781206172,0.4983484830193139,2.9941738536740545,15.066181715119258,1.0498595276182054,15.961740470288921,0.39868156303881785,14.927835212955817,0.07989199411765467,7.968804917938087,9.952701199566915,1344.6402260301338,9.98185215163924,180.4515546625889,0.44805143813025833,70307.39693317084,351.2929475708049,0.5019099510273339,0.06818384711379488,50.14713385283949,10.036486521704806,1004.7648413165173,0.5015427467900957,0.4981188410040959,1004.4712901016342,5.015749602640188,71.79287413280737,83929.05938297404,2114.1865178659277,149483.54793915883
16.04433654166545,2.747394629492237,2.054588007942601,0.09680327954152199,0.3507877040070846,1.9102275073067945,0.2530089535310539,0.9869151443307151,0.645468627385278,1.625048390865303,4.192258022961199,0.11856657763821683,0.29189496991392005,0.1515452934373039,0.39722635555921454,0.3112098737145896,1.2265842080843437,0.07092199532452864,2.7272362907910073,0.9511803423780268,0.37651989273969133,0.24248536176251528,2.7126537207692936,0.02699857817619638,2.216991521724265,0.6916316479785171,0.014088132450233179,2.00086146795557,0.5633133941562262,1.4904210947485086,0.3218549374619402,1.0955473486759189,0.12628350698603483,3.4937624386549615,0.09982692966038928,53.68157336387008,1.4360889752070276,1.084989090442353,1.22723713436198,0.39840401988367036,0.033525913325047355,0.28004218924927865,41.53190689072745,1.823326355462008,2.2388380853807117,1.4109260120244909,0.09973183467681973,2.1793865399286085,1.2314682161047454,1.4058392924788963,0.47689827009727775,3.582627030526129,0.7677607253448443,2.9942779977026794,1.5907384209091167,0.1425216252061407,0.6441110395758889,1.5068902358733465,9.992421023084221,0.0006994774185832631,39.6645750833788,1.2173172633240847,0.5979707016782619,0.29823520455603786,2.5098550049179384,0.3007071892257042,1.6931351859298382,0.3996033959042217,0.995052958799055,0.49903970192943536,3.005081297778422,14.96853514252365,1.0535758623504992,15.996381474166514,0.40067667265135976,15.05757978349222,0.08014624824691953,8.031786096342836,10.030806535592529,1350.9053673128242,9.979723310001747,179.63665632837245,0.45168898990436257,69868.90703011508,352.4188694689173,0.4991352990009609,0.06856338780491236,49.91501487631872,10.045330138923314,995.3647403015673,0.4992665943832016,0.5018373052351361,997.7405653913697,4.988780973829663,72.2871013075694,84489.38662121915,2096.701483660989,150120.26986480402
15.955743230134388,2.7421663024735334,2.0523657817315226,0.09683439791156838,0.3498942265035104,1.9053361951244208,0.2528918846308949,0.9905394929004444,0.6461539052265752,1.636951390139365,4.2235939439301236,0.11772304483183177,0.294350879159866,0.1516469631540559,0.39517886676330605,0.3116442056654309,1.2258771042115912,0.07093240742620864,2.731565308995098,0.951739504325112,0.37502569084843096,0.24219866105443605,2.706168693941615,0.026804803235863674,2.2299045528252988,0.6915003822083988,0.014141763023305531,2.0049608724674415,0.5605546437622225,1.491620629871163,0.3217727761372904,1.1036192103395193,0.12578644931403696,3.4728837466837685,0.10016006070212147,53.74830400149693,1.4306125428222003,1.0817267461437785,1.2301088532241453,0.39957443394306885,0.0336274380156392,0.2813226313350394,41.19796205331431,1.8252693076188267,2.256552617723452,1.4123040746314968,0.10042929673590367,2.1966412522558882,1.226542453574604,1.4083297969788429,0.47428713530657274,3.580175699828531,0.7734935948755216,2.9834448313797446,1.5870257310447802,0.14363137036589116,0.6452897482850232,1.49649120785223,10.040651276880222,0.0006989094902846194,39.68643263415193,1.2197465187174148,0.6025417852397951,0.2973016768110149,2.4958326686716577,0.3004804805500119,1.7065724669495324,0.39845953636267545,0.9970988351890545,0.5022401724124211,3.0083189131321326,14.976910465123181,1.048505165484836,15.995125419306612,0.40069519799901077,15.009156165697702,0.08022089596199876,7.964333343342411,10.031904074251516,1344.0336932486582,10.038097392502177,179.1778579836255,0.44832524594120465,69957.54699582864,349.89826827929335,0.49950881036295125,0.06850634969270405,50.19630169095388,10.002450281013646,1000.324897408472,0.4990965254897484,0.5015034021215292,996.104862281182,4.990055159032909,71.70982661789218,83970.30880934175,2106.822886038249,149438.94058197137
15.936098847242164,2.7589625473145882,2.0421751321259296,0.09730502785611461,0.34948203914012954,1.9175706120259262,0.2525230260927567,0.9856383592919793,0.6505626333561003,1.6285965519809373,4.20150537560223,0.11820388278544416,0.29363866358921187,0.1517009411808437,0.3954125599221483,0.3109277511896609,1.2311493558471527,0.0711234916097588,2.7277238478219745,0.9527040346015151,0.37478331891290434,0.24371952168547148,2.721601733672946,0.026950586620866412,2.2113270436227013,0.6888031353414853,0.014041578879657998,2.002034962418316,0.5647995963074732,1.4951250765601318,0.3209146830369346,1.0974550421413374,0.12608921048120483,3.4924067663605163,0.0997298208329363,54.04515492562393,1.424108575768355,1.088337447873645,1.2290860970720896,0.398508700079373,0.03354501889195204,0.28118574971687316,41.365174400361745,1.8254234693142706,2.2502096231492357,1.4069791377745893,0.10045360127793815,2.199724564426722,1.2250261431550356,1.4162897460839319,0.47630854130850697,3.565917861019549,0.770148804593262,2.9661415490403127,1.591412827421918,0.14361945832787149,0.6431512707094064,1.5001293776107674,9.972756032590267,0.0007002866236795023,39.80006162855736,1.2165261509420342,0.600320920571787,0.2975668369658113,2.5061968019518437,0.3006061159858716,1.7033794241539393,0.3995112125348976,1.0009927930297047,0.5007554259184324,3.005424419171092,15.011288453105633,1.0538514498416438,15.9598077726832,0.3982232271574455,15.06937551808107,0.07964858698129909,8.032236452463355,10.011228493695421,1355.652995201747,10.006495393056262,180.57781570588702,0.45099580618455537,70199.62419764572,350.39044348007025,0.4975142951034417,0.06822961920780546,50.22588340423697,9.9775461847865,1002.518524426622,0.5000424880726566,0.499042571923274,1004.9109344896236,4.9773487188762395,72.05909551666129,84178.59410488393,2096.085880924228,149571.144308723
16.03107871578846,2.739229037319319,2.0561710147662686,0.09732155928612145,0.3486030015820926,1.9059281594093778,0.2510856882131141,0.9929462528260218,0.6482135783708143,1.6218961279684803,4.211806243548304,0.11797970834743263,0.29341921386076797,0.15129296296434022,0.39416028613605486,0.3115300284878975,1.2323190185827861,0.0709179231295528,2.7239465957124396,0.9453083203224562,0.3766885522461528,0.24185088394880513,2.7115388282889197,0.02687958253470987,2.2142077273581617,0.6901400568163939,0.014060120639583814,2.0012864321109847,0.5600272329595921,1.4955882228940076,0.3220335727996814,1.0948487113084822,0.1261395037229917,3.4987360037430633,0.10045607356281104,53.74995541661356,1.425834343751669,1.0848785110593673,1.23480639766072,0.39962742865477147,0.033433600927380444,0.28137699445473535,41.19877413449939,1.820888424105811,2.248879274799216,1.411760500771471,0.1002310996734904,2.1861672456434413,1.231677931388086,1.4103430347117498,0.4732613470993538,3.5936657982467453,0.7719603442922975,2.9925652932000246,1.5935044330042776,0.14263507338147363,0.6435525888898758,1.498303026381673,9.953582193263216,0.0006993738370708522,39.618721959346324,1.2139478701916506,0.6020827395545476,0.2969387457865234,2.5000238041846314,0.3008540334694021,1.7017761832746965,0.39867740490153064,1.001182111256651,0.5012879844722437,3.0106429354843254,14.97279806396063,1.0451061747056283,16.017271713030865,0.3989030740405757,15.042134261091686,0.0801439053674929,8.021854948374074,10.04675312003214,1351.1413898345052,10.040431355041012,180.25540808845327,0.4485678495578941,70392.06046654296,351.5496303627786,0.5023896988883745,0.06822450748043547,49.916562758141964,10.032149102660238,995.6288959803358,0.5006659988230747,0.5001773802636643,996.6882187226755,4.983256085463012,72.22334228730286,83802.95151984562,2110.196012318524,150349.00084050672
16.023948796218985,2.7475117357347347,2.040330574012246,0.0974933269215808,0.3486899752133225,1.9058130409474503,0.2531258929755138,0.9880384241625101,0.6464133016945591,1.6377159400526677,4.192567745708228,0.11759961465774246,0.2928192703186036,0.15243726315431916,0.39752206139821533,0.3127975834547702,1.2358569528887149,0.07045792706896573,2.7332625289512658,0.9443629619938692,0.3775429639046743,0.2440577965138833,2.7046620646997726,0.026988153595964223,2.2228921177735983,0.6872433726129468,0.01411449031046531,2.0095211407871534,0.5609214885554122,1.4895320774189058,0.32353526920059417,1.0990538175919555,0.12591297528748266,3.4974201628865718,0.10010438538714442,53.80325098269739,1.4242796836647802,1.090558430591826,1.2297955392690607,0.40068989717458686,0.03362076907453992,0.2793462467186536,41.538749566126576,1.824582673727573,2.260053489374695,1.4062436303542898,0.09982242233719792,2.193536384463214,1.2352372537605332,1.4169466379964362,0.4746045038402819,3.581404422390803,0.7674632427586258,2.9857804659437104,1.5953641897239972,0.1434270685167955,0.6430072292082293,1.506948960235709,9.962034658703804,0.0006999577901056731,39.701664141260615,1.2204454690560547,0.6015473446780736,0.29832662955278216,2.4894282358323543,0.2990395549603102,1.7005480633511367,0.40077819040425366,1.0001417453221058,0.4992775389172023,2.986534036852376,15.042882134900266,1.0499705395189298,16.006206260887534,0.3998758325610717,14.964801812361861,0.07982109877179525,7.965080062979999,10.020759901620194,1346.9202837873024,9.979856134817428,180.88830021780507,0.4494861565012089,70189.50751434591,350.47166816864075,0.4989509555662219,0.06806200190496078,50.177443173887625,9.997315367544005,1002.1989030370942,0.5022932834581478,0.4975141566997687,1001.7503960684425,4.980932035201697,71.96973484153142,84503.0286581395,2095.979987621123,150734.42022731793
16.012933732498936,2.7471123201202214,2.0401499604393756,0.09728439203197284,0.34998211662402623,1.9045625547414944,0.25197592778464045,0.9851766137138275,0.6512366149389065,1.6272634653909994,4.209167352433376,0.11833603823829945,0.2936234405467287,0.1525906097418672,0.39774764991799155,0.31103023483261505,1.228651918108577,0.07093226643030938,2.7175791627192503,0.9500566377105797,0.3741383617344047,0.24400623499733007,2.7159123920879975,0.026917619277393078,2.2184216015850873,0.6933673709029701,0.014133348154403683,2.0061458591502777,0.5638286636451195,1.4898424677513185,0.3205660837199005,1.0966820148429213,0.1261955741710697,3.4943258269473594,0.09982516355480359,54.16499363322735,1.424181424982432,1.090007947734527,1.2297647885721283,0.39967533679989015,0.033341064272720294,0.2813394335940279,41.502405103906455,1.8167050264415538,2.2503816645884065,1.4115008339376114,0.09986764524286362,2.1925312459348896,1.229189762830826,1.415330784962485,0.47603793782678033,3.5660558993965394,0.7723069445141723,2.975157667815571,1.596925537910309,0.14314782093008258,0.6409576020665267,1.5035154405765156,9.963073436897105,0.0007026408723807009,39.85789746603878,1.222382121406958,0.6001972366602956,0.29830414776334224,2.498221379279898,0.29875074834604376,1.707290339480183,0.3993167461390178,0.998128477737004,0.4984566238791641,3.0147722474650336,15.066384665592041,1.0484190398834645,15.961600860951185,0.4012214781187294,14.988391507529421,0.08037423044007051,8.032097338368747,10.025945134226017,1344.4639779165439,10.020212773655551,180.87705789634956,0.44942981639842694,70449.79275772006,350.54769727171396,0.5023566200035469,0.06850505649816588,49.7982502414569,9.997904573879461,995.4972875339771,0.4994753786184305,0.5020769060707053,997.3220219448135,5.022528388904086,71.7119445921373,84349.78945190663,2114.802680956968,150231.23036059987
16.063840632600844,2.763503338052759,2.05290779043887,0.09747436045956645,0.3483619481782291,1.9086116282297136,0.25146642869083236,0.9932094348065716,0.6491507055215268,1.631864951824797,4.228168620757176,0.11751486400999608,0.29432975492758867,0.15139316235489722,0.39539418948565475,0.31240645383416715,1.22805015730757,0.07092923568503241,2.7375189283040386,0.9511142352678438,0.37479433231539905,0.2422274463717389,2.6978677101568733,0.026897539144665937,2.211953246338381,0.688748319240571,0.014148001239018942,2.0089731788543537,0.5638100668240903,1.489524706295942,0.32221903805711083,1.0963332614252363,0.1258434411081205,3.4874843711506665,0.10044294075781204,53.98209855036223,1.4266774672433165,1.0885521799176854,1.2355579453739132,0.39823663649636837,0.03360585586872728,0.27990533143888957,41.24642138135927,1.8272593779198565,2.2387916127824528,1.4133993089392578,0.09958722840988939,2.1925840969613897,1.2314870318871038,1.4151151422978292,0.47653238086184035,3.5866288834824798,0.7690802164462411,2.9700588912620174,1.5921573585249784,0.14299566681215228,0.6412819481690921,1.5068334283570328,9.981441951991181,0.0006965149853549461,39.83939071256269,1.220940020734422,0.6013983640413019,0.29696494539608026,2.497615141850651,0.3004351836894412,1.6957664000387738,0.4008059957807366,0.9973361492267387,0.4985456391356993,2.9853487395078115,14.967286011802996,1.047340736316313,16.042297049068853,0.4002788396246717,14.951673672559808,0.08005450197675906,7.9780354872459815,9.992550228005419,1355.2408088332136,10.021925621951649,180.2719800300622,0.4490166755219496,69918.52390405771,351.75752210121317,0.5003394519227389,0.06848396795615977,50.237556659689574,9.98483209201672,1003.0074752920415,0.5002947842043611,0.4986762997296347,995.5288833198659,5.005800544599448,71.85428361819184,84375.614270355,2109.2253067545935,149933.19070172898
16.005823538694333,2.7534800385858675,2.049356401347901,0.09756680422898249,0.3485157710133741,1.9191645268451272,0.25082429629674885,0.9871101539233742,0.6493498348981602,1.6232348522272682,4.199987472907626,0.11759169248127767,0.29365506468198144,0.15211997875479139,0.3942753353026966,0.31187561881445297,1.2264145860145972,0.07113113060737153,2.7192961599615373,0.948929563062451,0.375931745606784,0.24318974532770604,2.7223709562541365,0.026857304825132634,2.225522613485286,0.6896375186925109,0.014122667387676301,1.9973131509260915,0.5604664267935181,1.4907667368998816,0.32071763902925327,1.1050537335063986,0.12636345534079022,3.481099077823988,0.10002914723683748,54.02549286169712,1.4278912919986355,1.0863476701921968,1.2326860976107443,0.39890981725901253,0.03350882536008633,0.27988621749792325,41.184323819060324,1.8234627999872828,2.2546634593414776,1.4169896900502161,0.0996810154443948,2.1952468091189394,1.2355099993196605,1.4120385827490365,0.47719991766223285,3.5977009872729444,0.7723225078936408,2.994878720079435,1.5920006089029934,0.14299578964043752,0.6466895774781442,1.5049643376215096,9.961011207334373,0.0006986190585275913,39.58502398378661,1.2243341922444078,0.5983994721258408,0.29741605342197275,2.5004697163573937,0.29872835846014123,1.7078409039248443,0.39996425110614364,0.9969043372402924,0.4988541036891187,3.008942512412615,15.02010097202676,1.0496285732543456,15.973056218782082,0.4016027374520354,15.040884681043824,0.08017448962987989,7.995680040369378,10.04811601507598,1352.835949006615,9.992362472498666,180.8289936787166,0.45178076248438953,70350.41237213327,351.80680929192835,0.4996181374984695,0.06840502774448304,49.84577366951842,10.009539624553385,998.6991654835907,0.49923719162785174,0.5022411410056903,996.6478343318399,5.016498679204677,71.84265737112582,83814.07619175405,2095.326747830397,149893.7662388788
15.992713744983755,2.7450569060322194,2.0534599819140693,0.09718575318069494,0.34850939573215906,1.9070981598228434,0.25099694608930173,0.9856728653695134,0.6461098269299834,1.6332693800169333,4.218251669285054,0.11842643916998219,0.2937513085269969,0.15205395344463693,0.39525794386851665,0.3104581318649234,1.2318097910198398,0.07065111693683132,2.723177732777172,0.9525013461265394,0.3747751431234475,0.24186381641783403,2.7221784797097057,0.02684781580823318,2.217633925123778,0.6871084508372095,0.014086473195237918,2.0094444258153707,0.56309039081425,1.496608157927153,0.3213800587001598,1.0985264835520916,0.12614014746894983,3.4814303071849255,0.09965194752549521,54.015786878123016,1.4352834178127996,1.0913647279345342,1.2341994479420992,0.40012239872679967,0.03359675837461636,0.281896780539071,41.19271977583839,1.818400187562289,2.2433428232903294,1.4170044398744854,0.10042956600963315,2.196617872328564,1.2274893216030518,1.4163746419300862,0.47276393959029517,3.5688318214933292,0.7708999279075782,2.9887316000193374,1.5960997305645377,0.14271472731330279,0.643296781630888,1.499322411029306,9.952697381853392,0.0007025477847713646,39.615697931225235,1.2163311971358153,0.5994551823785997,0.2986274788571991,2.509272889484845,0.2991461293986469,1.6944344204396016,0.40177513187128133,1.0005089301916357,0.4993288600949596,2.9909795836519235,15.074287173329765,1.052301435014461,15.954861649308347,0.39836503777930865,14.954892351595236,0.07979819408312606,7.968886851940928,9.972965137071373,1344.8265260165947,9.987773170088657,179.9751514665057,0.44979878237661414,70413.04621016873,350.0068436120326,0.5019354691194416,0.0686791560078737,50.229899856001815,9.968098323388489,997.4575114623538,0.500619161386787,0.49820445816602543,995.8562133033643,4.978684860601572,72.07642773695969,84467.57251016803,2099.9245431989757,150650.30083068865
16.046709681263845,2.7383801611475396,2.048099714134758,0.0967801104497853,0.3514531795522771,1.914637520959427,0.2524700937284939,0.9918087482814806,0.6466079826122845,1.6370666882297713,4.227798897311079,0.11828259679506159,0.2929089655067203,0.1513116159108019,0.39413211294654266,0.31087097911872247,1.2311779057324246,0.07101105436047692,2.74224311525547,0.9449224325115377,0.3751559848317935,0.24191646369754222,2.7232531782224716,0.026975566156307775,2.2195718536680187,0.6905214009515868,0.014108766591997966,1.995087215062863,0.5602318957019291,1.4939607264778334,0.3211858344303436,1.1006328089885078,0.1257583355353582,3.497990173227387,0.10006793973285705,53.9273933959347,1.436453500869376,1.085069591649584,1.231663819317851,0.39800020250810975,0.03357936942183788,0.28070714080875003,41.26930053382004,1.8109274921270009,2.254656239190084,1.4122940799200627,0.10016540711647957,2.1886302606263377,1.2317133571069703,1.4110058205404954,0.47375975146190347,3.58067189588457,0.7701123645185655,2.989643962069354,1.5889424754604646,0.14290860217314577,0.6471195647950098,1.505916958092884,9.974228599004375,0.0007028720516626806,39.5363451692381,1.2243113709166278,0.59809994026038,0.2977782979797171,2.5120980407817086,0.2987911468096567,1.7057763929394558,0.39997893579811067,0.996109913657751,0.502262456895525,3.001476941044176,15.057096153288649,1.053875622890861,15.922341533270512,0.39905936281426335,14.975538236941972,0.0800278912364332,7.9657492807872865,9.98889668983297,1354.2476146689116,9.967319111500727,180.36229765423747,0.44982148234224273,69880.71226654394,349.73800238407233,0.49820515365866924,0.06848188700688203,49.79366219944141,10.032304678077749,1003.0665913093688,0.4979003099856039,0.5019409859886509,1004.5916082567619,4.977173404909062,72.32423728905852,84025.28288746475,2108.468238853907,149512.22361935544
16.050792935936734,2.7594026168929116,2.059805998806528,0.09767874252523003,0.3485155019772161,1.913017104784411,0.2514280763664238,0.9862932200777483,0.6457241943132739,1.6371139269945327,4.217731632934338,0.11746954392214347,0.29441879412896804,0.15246787459926828,0.3952443500503769,0.31190910408404976,1.232786884544185,0.07092463071677432,2.7289921085376285,0.948117456258627,0.3742824608783658,0.24300153878410324,2.705670690765721,0.02684217877292776,2.2148856178298537,0.6910277335917594,0.014090025324521705,1.9985160481685584,0.5600846308913954,1.5039140976166068,0.3211110423718908,1.0989672012726086,0.12560965800286647,3.497089685548381,0.09993612874646085,53.863448682124655,1.4353638568610634,1.0898205459672548,1.230244463150537,0.3998743616161646,0.03365406696826201,0.28198128929628824,41.4747546622279,1.824734692262053,2.258979590433461,1.4165467534577774,0.09958227476627082,2.2008917204311054,1.2324971732441234,1.4113077024441016,0.4745875438453027,3.5741427581939598,0.7723424186056345,2.9846021646850884,1.5852412121842618,0.1431571727831016,0.6416891096950863,1.4999531223975917,10.008345763783463,0.0007009497884952081,39.53924003688226,1.2150663020495394,0.5985522489958521,0.2983189488998207,2.510792070349273,0.300837370592701,1.704177078927931,0.3993209293782309,0.9961170737977516,0.5019596970306012,3.0000256051504985,14.940076626930637,1.0503671716662304,16.02806563882644,0.39927960011840935,14.926387339752546,0.08009728556971821,7.963207641474359,9.993279329087118,1354.3844655797122,10.049884763234246,179.7665452451715,0.4478405711692509,70177.01925500267,350.0850174869696,0.5019638750679459,0.06854466815482414,49.95216163440298,10.026202823091817,998.4120586892293,0.5001088179255689,0.5021139263989958,997.0015726623702,4.990652900095335,72.2776272570194,84178.897386001,2101.166559843579,149305.94800527592
15.987032486013904,2.7500165305626423,2.048079823780082,0.09698369037522497,0.3495419556074385,1.912720695652376,0.25298602489430677,0.9914817906435173,0.64894713258511,1.635165060250288,4.19590251094257,0.11776529520276059,0.2916832315801164,0.15177144945124732,0.3979753421777753,0.3114674546735406,1.2344252078511184,0.07050673062146275,2.728900147519073,0.9465918679638179,0.3748779515657501,0.24269019020464816,2.7140996368193178,0.026897392872145164,2.227644215492828,0.6927941315872534,0.014097446889194891,2.009634526283022,0.5595947566910756,1.4936517981434037,0.3217318102907156,1.1009097166139417,0.12605787147405464,3.4923723890559946,0.10039625072260863,53.79008539498202,1.4345310085619174,1.0876304660233675,1.229883032939949,0.3991976537025019,0.0334343630489246,0.2803869629991458,41.49906699102446,1.8195765385541793,2.2422112579182656,1.4136640708005332,0.10016337998791587,2.199838329027985,1.2303617934499202,1.412177352208655,0.4749018187956157,3.586471931456351,0.7695081013866414,2.9692081230663274,1.5977382634571562,0.14331512009499806,0.6446995503144801,1.4997213112527827,10.021142900218866,0.0006973874244549462,39.611001796382624,1.215421332079307,0.5977561505765892,0.296573615683734,2.5063973353785385,0.29918192587387554,1.7056441312241843,0.4016177380566549,0.9966856605965189,0.5010443202116797,2.9988091718547016,15.062844173610907,1.0498363805349173,15.980619821830844,0.39917826047612065,15.06054321603422,0.07978094344272682,8.026217183328757,9.969418744757792,1351.935857532422,9.995106563972419,179.28829561503002,0.44831669851942674,70028.65875159382,351.8056007669983,0.5011447000113283,0.06819830225196263,49.98810109728345,9.959698696267699,1002.159462861832,0.5014665101750869,0.501967560000185,1003.8574596639016,4.9918946153573005,71.82326436007682,84544.97187836765,2097.5484468199506,149339.01610753895
15.970278876483963,2.7571582512076533,2.0539810957391866,0.09767341773121409,0.3495083674988777,1.9057186837137663,0.2516930831752972,0.9927943369881613,0.646148663683265,1.637298292143217,4.2105283268995,0.11833411109501386,0.2939588771457378,0.15196779897835339,0.3969558306663943,0.31157784629067864,1.2338244145755604,0.07102932333010113,2.7318074188706687,0.9453280412944763,0.3777680391386781,0.24408616108452583,2.7132471367581,0.02703016398921009,2.220062077779885,0.6891408421869896,0.014094430925223521,1.9909181403637102,0.5622760647868354,1.4994884996352311,0.32074265431541266,1.0973115732886578,0.12627869197841202,3.5002462972247246,0.10048586704934444,53.7769628890637,1.4348825844448032,1.0834357592307908,1.2254598042634033,0.4009168143247025,0.033481867244432785,0.28152504325986,41.30000356878891,1.8147801285632146,2.2510979717360184,1.40457587769286,0.09977874921399149,2.1826905905509366,1.227786581713401,1.4137435317525064,0.47319852610173724,3.584004907306335,0.7706526987427208,2.981136292749185,1.5897495368952295,0.1432343206639892,0.6462656606211351,1.4949305495752325,10.031413132237159,0.0006969303295104083,39.67290698169759,1.2201398793548686,0.5981855149896849,0.2967772258539625,2.4893727743865495,0.2986117019551298,1.7012510814100226,0.39862189844221846,1.0030870474942992,0.5019947636051669,2.9937722448060033,14.949669964496806,1.0490509246940107,16.06105123220553,0.3995992767333649,14.941250444402044,0.08038773447421,7.999974037697541,9.98423714711909,1355.3138806628967,10.04274034938727,179.99424803971556,0.44913022377207035,70169.8120672451,349.8850445820708,0.4998911904896946,0.06821493087628246,50.061101380539256,10.025988918106968,1004.6942778827555,0.5017128523465219,0.49793067422403275,997.1152287994166,5.001584592893935,71.82546551581608,83802.04208453692,2110.3633494956266,149786.65801138134
15.930576005187177,2.7502430014543724,2.0597827786195415,0.09737353954488293,0.3488056813963494,1.910273045691257,0.25301234058633154,0.9855870123028257,0.6488935479409568,1.6336067497334286,4.21858889254114,0.11758720109388554,0.29419332609792564,0.15172985242572384,0.39422489841262837,0.3106996493155856,1.229478201796136,0.07047430725747196,2.737631783735073,0.9514680068365986,0.3741702831380801,0.2437533328130852,2.7230406953125934,0.026773669035337448,2.224994272830555,0.6934437491437035,0.014141893720667447,2.0001071400607024,0.564162705103051,1.500112748400791,0.32133169431448244,1.09696751760285,0.12601580593480782,3.485567369288354,0.099829467990808,53.73636926869746,1.4349375898453551,1.0892285076220098,1.2279252540768024,0.39895066832634074,0.03337542620085789,0.2796123238637653,41.441935420861356,1.812880472640818,2.2603547840394813,1.40688580493273,0.09952580486058184,2.1977817209521655,1.2283713249689587,1.4077858189499468,0.4731884479061278,3.585743109684237,0.7689127089612386,2.9896252369810883,1.5920768310277191,0.14354327466420935,0.6447892938574432,1.5041891734457962,10.01965392849047,0.0006997381469724846,39.75486584000994,1.2219961276142117,0.5970402217195567,0.298591941057409,2.494053987545571,0.3001254684660001,1.6933926506029846,0.3980920900062894,0.9951511970877557,0.49829097256186466,2.985596775198305,14.944859613127653,1.050621322856269,15.984043653051678,0.4019229924903626,15.046304154032578,0.0797174206035909,7.993343151476884,9.993097079656332,1348.1385765158423,9.999558978067553,180.30577418180184,0.4506340037204684,70081.7093353722,351.5894435779412,0.4989474269933171,0.06862946000545085,50.23218602163201,9.979473665444889,1002.8468855277042,0.5015671290192886,0.4999538168726744,995.8774731165304,5.014309094504964,71.9333843315274,83965.16390181278,2107.6659873954045,149905.40715852115
15.93401159178883,2.763301052299334,2.044765568340005,0.0972106580339262,0.35058550891605855,1.902648206860015,0.2526033134365291,0.9914680594154074,0.647959518774548,1.6304617788641995,4.229146870655238,0.11848485944797736,0.29186311113894287,0.15180050312066168,0.3960664148698077,0.3133103246392135,1.2338937289522847,0.07071962975372004,2.7405435440704404,0.9468449359025924,0.3751396854386242,0.2432670390825349,2.706094937555481,0.026932927633619177,2.217994986466004,0.6920408070634254,0.014164057847245719,1.9954061835774286,0.5620562566734529,1.5003597535564799,0.320900431486567,1.103254967628851,0.12610454467167323,3.4777759442845317,0.10036822958680408,53.87048464901036,1.4253756566467224,1.083688958480361,1.2335117287171258,0.40174286464233994,0.03345921372395514,0.2795177704073874,41.22478067258595,1.8228115088673278,2.2470919134882674,1.4089584541125757,0.09983704737814844,2.1892452945951715,1.2317656582704248,1.4105800622110574,0.4734051467647195,3.5796881337395883,0.7696967205551188,2.981362969991998,1.5838096534935422,0.1425045437859511,0.6441947725070152,1.4966315256382445,10.012903168871134,0.0006991092596787541,39.56918754787364,1.2219080164175933,0.5993634460178551,0.296979685162119,2.507720224481757,0.2997952761358218,1.7070561957752848,0.3987736037140616,1.0037635023460647,0.5015795498534953,2.988117474722647,15.004752197347548,1.0516136700315375,15.99927715115636,0.3995610523367437,15.066576319104556,0.08016065668779376,8.037269590205158,10.034623031085319,1354.2812738759178,10.022563229029998,180.2629426358615,0.4517408794100056,70261.59324665039,349.3798144123262,0.5004128175949665,0.06812833924368536,50.22465053506121,10.014666897610127,1000.5564628341334,0.49848910566366544,0.5000788352493739,998.4253100382933,5.008769308400431,72.07517505417074,84210.41649356583,2099.7951980804037,150038.61469560166
15.993871501719235,2.759659811630214,2.058083915497937,0.09745199017779335,0.34936873984814304,1.9011775096489865,0.2530718466172946,0.9948709212914209,0.6455830945398499,1.633025541187666,4.206848669144117,0.1175852540777101,0.294459436841129,0.15265850785878185,0.39791113115007953,0.31088895631363483,1.2299006716614727,0.07108020810763152,2.734781825569767,0.9473800250952041,0.37606277034570723,0.24187880189942357,2.713022115491667,0.026996763473992366,2.208962018509217,0.6876537562757692,0.014102536607202749,2.001219286520417,0.5611196401798354,1.4899331791655184,0.3227843923076704,1.0971721763006965,0.12618216740039498,3.4920642212636097,0.09993083808245992,53.958675071217364,1.4327890540387802,1.0877852957360723,1.2307075628148627,0.39974431098742835,0.03347656156502816,0.28067464151997756,41.37016504784138,1.8188902474343878,2.243483326602234,1.4131702146868834,0.09963295246890952,2.1989507582564363,1.2315356083924975,1.403639499575638,0.47575524382380413,3.575042210561908,0.773309189301731,2.992995049497393,1.5955002612714602,0.14309702392982274,0.6466995043320055,1.5022471228360925,10.03751290554711,0.0006976203723948979,39.840378748369496,1.2219714064736984,0.5988196435388323,0.299483484310999,2.504672099183862,0.3012252481740621,1.6915949538566093,0.40020935363819676,1.002125326235727,0.49756868444559355,3.007876776753685,15.022717228975145,1.0476349763627233,16.030231191415638,0.3985236041559878,15.048605579815318,0.0802929800938068,7.9988381544222795,10.000744216794832,1348.6777338716956,9.98453339852038,180.67121690193616,0.4491219292910439,70113.81819531965,350.1679663093349,0.5007835638039636,0.06861492533848032,49.83216791347207,9.975474251589523,996.0410770852875,0.49830091978513447,0.49953440812227856,1002.7587628970913,5.002080896748446,71.67835892007875,84316.33680277636,2111.2161527550993,149840.20170236484
15.959202016219546,2.7572582875254197,2.040240077898699,0.09750675447573207,0.3510649085354046,1.9174105312762593,0.25096548945037156,0.9861168089708557,0.6504154382990478,1.6295967831047438,4.205467451161997,0.1180864864068538,0.2917066483955583,0.15221844857824204,0.39776252928821404,0.3125482460698012,1.229563781881403,0.07112630373993693,2.735146498099563,0.9437999849305313,0.3766393749596173,0.24193006094648964,2.704775929823608,0.02693111885622833,2.2136866755593485,0.6868135053737006,0.014116631470117961,1.9957171456576601,0.5621852589407863,1.4934243493162023,0.3226003008871108,1.1043527153027568,0.1254790716515225,3.499992522122371,0.09965609505512035,53.81803481626836,1.4279603237302967,1.0838075895806285,1.2247753823926153,0.4010739459210513,0.03359836522565655,0.2820946110460911,41.56988269865916,1.8188104921056039,2.2417512303271896,1.4031008701130752,0.10003151753849715,2.1978964043972393,1.2271452159968403,1.4057550732886317,0.4747100285159114,3.5940884742740895,0.7696278885046324,2.9866368445987317,1.5894041667417775,0.1428183312004634,0.6436194736309551,1.5040260079901004,10.0254406055878,0.0006995223072503077,39.587790594410095,1.2155973498768216,0.5970082181662514,0.2968475075975584,2.491616381629797,0.30056981337294325,1.7054045699077887,0.4009477826649248,1.0022323276720235,0.5024716030736205,3.0138779321796294,14.965327079269384,1.0462735578702578,15.94452771806971,0.40158242668284516,14.940352027193367,0.07987211533510513,8.002427722273685,10.01134505036832,1351.2923906105007,10.028640772213993,180.129047874377,0.45157970942699144,69890.48518385834,352.1295020869064,0.500450015803885,0.06821048587504164,50.238871594348936,10.043973427372881,1003.4572582167369,0.5020579806780673,0.4994107086052265,997.2780487244959,4.984145193082962,72.26910717732785,84486.05952522309,2115.1237529692,150522.37815218113
16.02117854622824,2.740162748148968,2.0431293745362615,0.09717443594004606,0.35093728435900523,1.9037595599523949,0.2530471041199807,0.9918195282318197,0.6467837629060929,1.6362878813522166,4.214152338500417,0.11827512700878963,0.29266434566432875,0.15183819681975624,0.3940699655791066,0.3121182543109956,1.2332078007117564,0.0711319277556193,2.7407077926421346,0.944084675546024,0.37780675565254157,0.24214823807427205,2.6975641974864253,0.026966962125740953,2.2290106791973074,0.6931035020515737,0.014145821631195035,1.9940981243142275,0.5600554963794586,1.4903977581092447,0.32226394043725903,1.0998594329377935,0.12550769734662984,3.4887724664416377,0.10006732359053448,54.030194848316505,1.4287730252514779,1.0850254910997426,1.2320378541372956,0.40073689457218215,0.03342309356648439,0.2793521433918396,41.57447132681642,1.8246462125975567,2.2432748475254254,1.4109258856790134,0.10009494753067608,2.181809151040705,1.2262073821742765,1.416439561882139,0.4750380515850992,3.5689536314542867,0.7722913256065238,2.9791230844154977,1.5922007521240356,0.14271042719310315,0.6411529023927705,1.4949741633534606,10.047303690314598,0.0007008651190507974,39.81137460679432,1.2141625386066706,0.6015927750069261,0.29795515715829474,2.5041326969217796,0.2995746151210223,1.7020547700559208,0.398142479071151,0.9954558871253671,0.5014941820495257,2.9887339580340133,14.92709759018792,1.0543307931411847,15.962485082038965,0.4003295286531858,15.050837545580775,0.08019672566354034,7.963730225664874,10.006094870085885,1350.5642712057884,9.985008017821045,180.456413366463,0.4520880254608898,69934.3885374653,349.62519746193783,0.5011736800973043,0.06836882082455373,50.147609465289854,9.964107760964707,995.398575441422,0.5009896703742581,0.5024735552647704,995.947982102957,5.0182168944725225,71.91740861335686,83804.08364398677,2105.2109587420437,149668.28131068722
16.030944502643226,2.744165342116965,2.049624852530377,0.09690894942430654,0.3511483561531524,1.9181257409216808,0.2517564061006255,0.989493912322423,0.6511277902024106,1.6241664822706119,4.22299288156424,0.11807938875490326,0.2941155518532492,0.1516844913881369,0.3951927855462326,0.3114565582379329,1.2240545623125725,0.07056628417254728,2.7435022153025708,0.9456200324794716,0.37419488828757996,0.2424618529631135,2.707517373552382,0.026912854778126962,2.210422165641013,0.6920039595459628,0.014145895678815785,1.994263211577434,0.5636771102178806,1.4949255608043956,0.3217524147727821,1.104800270797454,0.1264937995326096,3.4856413638903483,0.0999881103057226,53.79491497412858,1.4302207098943855,1.0889773389038158,1.2249898126764902,0.40167936450470276,0.033573322779328466,0.27956808478163453,41.54272454378004,1.8244350281656196,2.2457953533787367,1.410302206545,0.10036013065918965,2.2002519511456766,1.2273072519701558,1.412122870370815,0.47671117288896553,3.5974763731885773,0.7666945323625767,2.9801079345814605,1.5959412856132478,0.14228951611774832,0.643595794814259,1.5012629808617943,10.002649030855661,0.0007016294088043396,39.50759916410334,1.2234820840277472,0.5986990232168009,0.29896620357184134,2.497987198169481,0.298628755775409,1.7078865510164134,0.40112219716198816,0.9984781603228234,0.4988501368410918,3.002668911853501,15.073094190423586,1.0477967516538873,16.071723378679383,0.39932154847847434,15.030614664788667,0.07990538748623363,7.966804177920692,10.043618936561327,1345.4630279286741,10.04446914679976,179.28595228667194,0.44895126350230424,70477.4125298538,351.4262723256838,0.4984474171792085,0.06846299182503542,49.84019560401778,10.037444206767033,995.4982860733852,0.5001488884888875,0.4978173651291473,1001.9502275106762,5.021789861759682,72.23836784376358,84102.98071883929,2099.461848260349,149431.54123858034
16.059779837981203,2.738480501048804,2.0526409984273437,0.09707098398035079,0.3517352241142983,1.9101685252882004,0.25212295319325256,0.9941370989716468,0.6510432471330653,1.6313632743158406,4.2224692653466525,0.11815902476394795,0.29278728335950127,0.15132711934305754,0.3968622657392254,0.3126248198497652,1.2252854383722713,0.07060888876346912,2.7363370995016796,0.9446792695475962,0.37671791572946706,0.2435296845746278,2.706025618495972,0.026834950917590666,2.2171814749265,0.6890284566876109,0.014115089792604346,2.0048769659943773,0.5640330498078591,1.4899639844915118,0.3227294960147294,1.0979560462011808,0.12642668893349518,3.4751925218949613,0.10005117451017308,53.936239932236376,1.4275191139091057,1.092112232713231,1.225165154759375,0.3985455889341397,0.033548326965393074,0.2807401379235747,41.29251294450769,1.8164377466955253,2.2422830244459484,1.4151854743586572,0.1000695188731397,2.184411877217769,1.228689075319825,1.4157342592656987,0.47683749551785204,3.564574019541853,0.7711865710647537,2.9696585408948977,1.5854030455122172,0.14352081685691234,0.6465450256445451,1.4937403787384094,10.037392332947867,0.0007015994548699025,39.789401872144225,1.2235601469972788,0.600043399630428,0.2993317847761048,2.4925089900995148,0.3000148953225526,1.6969153938581027,0.40128972497120996,0.9958270071212878,0.4996683924346213,3.0082043296873597,14.971851136733662,1.0472750009848397,15.962007864767182,0.4008543604296262,14.968017401375825,0.07992214683637039,8.003653446995134,10.044076007894668,1353.9736920584733,9.968528166422402,180.68955161856198,0.45155145344933334,70354.10347231399,350.9293179936823,0.49784907477628654,0.06854466958511019,50.00917108521141,9.980977492581795,995.0993800001827,0.49865524490388174,0.5005284508878969,996.1230658633195,5.007770935330585,72.23016390395183,84057.8861625174,2096.200795605527,149459.54818563932
15.977265429205584,2.7586194419508567,2.0527527137541113,0.09755758679394946,0.35173049489420893,1.9043190144753739,0.2524909500193167,0.989668515330623,0.6479577378349354,1.627156976878041,4.203369764251475,0.11820801269910935,0.2933539525473843,0.1517241254273537,0.3944895804385236,0.3122441128164016,1.232944575043068,0.07084150422747186,2.7164496633853665,0.9459363510582516,0.3770474583170276,0.24358939213882247,2.6967321178438746,0.026892009686612487,2.2186084634328376,0.6910507414964073,0.014047122185649163,2.0024283046576454,0.564511679273305,1.4950800905331905,0.3214762876648644,1.0948110086580907,0.12544231777428386,3.505061878397847,0.1004755018465387,53.64349144070536,1.4357297195147072,1.0834559455335004,1.230754712239474,0.400712563694115,0.0334527846680378,0.2807813695736004,41.44278971167748,1.8144294586488032,2.2611207739856773,1.4058247338817553,0.09951033846468663,2.199729832567094,1.2291282707206288,1.4085705380368632,0.473934438762715,3.5630247829791237,0.7681871750890271,2.9768203502084662,1.590323235056981,0.14293943123477443,0.6464409931776138,1.506169947928952,9.981715492181571,0.0007032168821571282,39.82480587949735,1.2252171447617237,0.6012379852943267,0.2971008500931101,2.492380694816444,0.3012259546892518,1.7001197728188855,0.4015618692286149,1.002205478791893,0.49856256152167533,2.9965427946018885,15.070173782253374,1.0449556189951568,16.03433341809484,0.4019151187883008,14.940622041888544,0.0798175942839575,8.003761049654495,10.034376492774669,1350.0879102428094,9.955959604699457,179.32893178199606,0.44944174515974655,70057.45549565862,349.8864364132185,0.5017006436809289,0.06807638707168413,50.16467212388853,10.042168017364574,1001.3011102455105,0.5006267519929388,0.4982450885649274,1000.6831773821083,4.993758719696903,71.80491582829454,84281.1726522815,2094.5000593316627,149664.61918731325
16.02496672388615,2.7487636167889518,2.042735631080341,0.09671528120462096,0.34919653759924485,1.9109370327437425,0.25208705482408633,0.9863476118037819,0.6487367574867481,1.6381324673650686,4.213572896753592,0.11803261304733692,0.2933593150521272,0.15257709975319628,0.3977661574049947,0.3105680245691483,1.2263714237758563,0.07052796095731623,2.7374352583496817,0.9436919359028644,0.37751390740068663,0.2418349495367146,2.712779018630921,0.02683962999618069,2.2193465102536916,0.6895990128066336,0.01413509395117208,1.9999328420211984,0.5615572610653112,1.5004472482256876,0.32337109828016164,1.103233146416759,0.1262982634596932,3.489571500631634,0.10040021579828132,53.902621584896025,1.4361530867300119,1.090292764992523,1.2256982008980046,0.39818796869090944,0.033580686655100125,0.28122165052661213,41.432254587258974,1.8286675548963156,2.251021568574869,1.407855388126129,0.10006496585082257,2.1796722173798693,1.2309749500852147,1.4156742658910781,0.47264556782546113,3.592361876475976,0.7723248524845631,2.9682618732679233,1.5955146048406355,0.14337686972999875,0.6439423391866854,1.4961782090759965,9.978810041584785,0.0007007859244783039,39.579333426952196,1.2178693392432223,0.6025850305869018,0.29868339927718857,2.5059018512429243,0.301367809266365,1.6915984983366532,0.3989779433734906,1.0015797396296038,0.4996913576696857,2.9883841484439713,15.042185052910748,1.0452442616078392,16.007016177950316,0.4002498573261701,15.020394197941597,0.07985250104217745,7.961888075298545,10.038898328608068,1355.794264730184,9.998198872690406,179.13715263626673,0.45036392022100546,70052.81588849408,349.75593714343637,0.498344763281906,0.06818061072118789,49.915420500289656,9.978062021569267,1003.3642483245318,0.4999765735369501,0.4996382374623252,996.4583355711447,5.018794539656057,71.67947198817153,83991.65675262178,2107.5569914042285,150303.46864201553
16.04818505197106,2.747533010790428,2.0468581717761487,0.09699447217265997,0.35023833134877197,1.9071089402492762,0.25156679748650335,0.9852172194490104,0.6509050875992696,1.6228376861824247,4.20035369092089,0.118497275160262,0.29368957021211867,0.15211877250236489,0.39663682309625364,0.31074282736477593,1.233796362326959,0.07062307558734209,2.7424546415960926,0.9454534312439673,0.37647137020503163,0.24311013851558952,2.700328093846551,0.02686312740814272,2.2262446991552043,0.6880168577105938,0.014165262881392714,1.9959096727729522,0.5627121757262782,1.4987794395826601,0.3219059059397718,1.1017089651058234,0.12630690694922173,3.4941532036997973,0.10005999461933397,53.967482835692024,1.428597969661748,1.08233539132672,1.2258142900639482,0.4004268161721588,0.03364310325395985,0.2793687537198393,41.40822616806405,1.8154875180807672,2.251389147873401,1.413520168744045,0.1002354531321696,2.194924998972217,1.233430758631055,1.4039738106841755,0.47504549471111024,3.5714716697763227,0.7732437833197185,2.98842980081618,1.5837599630729984,0.14263284196451315,0.643711618445408,1.5069436293270964,9.960967318412106,0.0007004758065797949,39.61702288522766,1.221785352169137,0.6008922403621362,0.29722696263031834,2.507145235007651,0.2987737874140044,1.7054083608084842,0.398847867434318,1.0008957929849165,0.49923654863451383,3.003293394798656,14.965112677241157,1.0507241185554803,15.92131172163417,0.39949781783046884,15.048958406859326,0.0799704052692044,7.999940887919196,10.012157683791399,1349.1118295842587,10.03670767277238,179.82598440572673,0.4519914859540946,70446.54264352944,350.5931207030156,0.49932900437299316,0.06852081356492772,50.12765337433702,9.968586157732458,997.4104520318648,0.49823126258324246,0.5013034593909416,1002.1440186497907,4.984452690715918,72.02654984603112,84433.51860677877,2114.4099533507474,149517.78398119655
15.96869276478235,2.7458293440500743,2.05256203586223,0.09684659912240313,0.34892700174237984,1.9153563435941867,0.25210597523795725,0.9866378236921317,0.6472770442070933,1.6240422553839071,4.204219249052071,0.11788223516834972,0.2918634835060624,0.15133094680780276,0.39751114348541977,0.3132094620396774,1.2238817201651155,0.07089997250026829,2.7189074369058144,0.9509401427996368,0.37742715459449805,0.24328337482754964,2.7130665128901996,0.02686542852593545,2.2144382111198557,0.6899949687211573,0.014048354128510193,2.003444497897218,0.561831888352034,1.4921736945452833,0.3222843718939815,1.1032486062024431,0.1261118873217006,3.491035183266814,0.10034771747813082,53.64624822805394,1.431669491078035,1.0860183540313249,1.2262308636284893,0.4019183114003444,0.03346777763276431,0.2802375827145253,41.253002593208656,1.8290593403126676,2.2580111555106677,1.4039366111033167,0.10006575387612718,2.182278086518173,1.2326541114046592,1.409775576352572,0.47314934757994653,3.582041992307262,0.7731622025134915,2.9752676015335275,1.5828578092747156,0.14363664616910843,0.6416931867707809,1.4996257800132184,10.004467712784828,0.0006981596122422688,39.55199947511273,1.2152802943435013,0.5974197316941238,0.29802421711208743,2.508550519420858,0.2988802763140998,1.703410523483573,0.39965048308169443,0.9953522423897059,0.5001798615500236,2.9925602479839952,15.015788113956074,1.048417891613808,16.026632370922073,0.40167401345172404,14.96168168431222,0.08035187237519015,7.976344708820027,9.957069488222336,1345.8514633297389,10.031491669951553,180.31960124147616,0.45211875368967636,70329.26100300241,350.56344931963406,0.5019621548706643,0.06871335990645458,50.14582746048005,10.005663958583511,1003.2576578130556,0.4983952235366714,0.5020017501146469,1004.9955898248653,5.008257008322767,71.7810401084976,83911.57655760131,2114.670673237887,150557.02923205247
16.039788616250362,2.7623507794744233,2.0500697769338014,0.09757688950371829,0.3488198710989593,1.9039416656158505,0.25203110447506416,0.9883418456423607,0.6475627248567349,1.6348606108766983,4.191198454526669,0.11826059572445066,0.29179351175656837,0.15252820159642622,0.3948195232338813,0.3127330094314857,1.2311301166075486,0.07071902045180757,2.723653739636436,0.9438047143182055,0.37544870957799287,0.24227228487854083,2.7001332288570987,0.02696415599497648,2.213617832800493,0.6880897905292415,0.014077507884697318,1.9992530631924352,0.5620770656229082,1.499463257644541,0.3222850409940381,1.099798522676993,0.1258663646704432,3.48182593879633,0.10020994261368305,53.81161496182426,1.43499901392742,1.0879365858955021,1.2316475146258965,0.4000351609235109,0.03364356628165843,0.28047991876111,41.359772242870044,1.8271528638230472,2.252360405721604,1.4092829968917102,0.09976215111451674,2.1844164733466367,1.2337076420591893,1.4068904716944943,0.47265225402894095,3.56279669088688,0.7736837001092934,2.9817831705113638,1.5898254916465644,0.1435975627788249,0.6430448668494975,1.5044249633948286,10.022180981278012,0.0006998396753762528,39.78897393691161,1.2256824963286301,0.5982036442547224,0.29656217805521307,2.5080363601566074,0.2997107612185344,1.700754842389755,0.39888984928293014,1.0034178876185287,0.5011060312453636,3.0136009988458436,14.996287780739952,1.0550039326339886,16.001736862875823,0.4004856883634511,15.026119115973252,0.07999181716457614,8.005022415277514,9.972330706470148,1348.1419012847944,10.020199324509225,179.17018012803229,0.4509018590398527,70044.2858228528,350.06944039908626,0.500967442321763,0.068205022491301,50.23084171794465,10.049067903371308,999.5810040785145,0.4995070916792114,0.49789518728199367,1002.7821868379416,4.983136199827312,72.31179445954277,84624.13305140156,2097.05172587072,150274.50882313904
15.994558718650836,2.7511315109907892,2.0434312809329227,0.09741726231426044,0.3488331445233779,1.9173592295749051,0.25188401602814475,0.9913351941837386,0.6507332063736732,1.6338784139282811,4.211719695893243,0.11788515962445514,0.2928890559074415,0.151759343050608,0.39776688794799947,0.3112289164737407,1.2288849592759428,0.07099698253865296,2.7262965276626914,0.9516650712982332,0.37503395312695287,0.24186116796535384,2.7134891551420255,0.026902220180130748,2.229613889373576,0.689469613048682,0.014048618226372106,1.996594910744927,0.5613998503719776,1.4982444832529722,0.32127389158130715,1.100553446521912,0.1265141377906131,3.48733818920797,0.10015156949393762,53.76384922831951,1.434308976744158,1.0844963197520137,1.2309815743601182,0.39920098987893077,0.033355079787270724,0.2801937933127548,41.27080949046843,1.8271466625849277,2.244738647579358,1.4166893668629417,0.09999234581172486,2.1838913227678316,1.228663532837938,1.4055363787567159,0.4765849954557658,3.5663948998411716,0.7728761636865146,2.9664683280438724,1.5868137661113164,0.14248503800994716,0.6451931101157296,1.5001848259648956,10.043933957284786,0.0006990632653275645,39.497769240301,1.2231922405709805,0.6004770038980541,0.29897575720962827,2.4981534643018404,0.3007145434840693,1.6944081170045409,0.40199810621932736,0.9967364697486911,0.5016490031382943,2.9913731450688816,15.042376197689123,1.0537931503787885,16.060262544993563,0.3999028737876527,14.989321945967493,0.08026703290410458,8.006359137836064,10.012127683148853,1346.4369061363163,9.99461570142026,179.76500799852022,0.4507439470158961,69968.98589558307,350.53931178529047,0.5017436602949907,0.06843176884312856,50.1980219886624,9.973252744395667,999.3990333659826,0.5000020811159755,0.4995028370365309,1001.8449356234753,4.982435990579673,72.01396828092373,83906.80658405935,2107.719607138978,150495.3721999117
15.92319952747097,2.748815746096858,2.049850423632111,0.09741408709275483,0.3485115197619126,1.9082049969222585,0.2527194127025548,0.9903182311589576,0.6496190032989739,1.6277833594184279,4.227685691407394,0.11750126740469903,0.29180211170900217,0.15204329857546175,0.3958844624421812,0.3124320186856905,1.2266673904572922,0.07060602803001163,2.7368006912001124,0.9460259341026802,0.3768546169242015,0.24334191797374335,2.6987081658552206,0.026956793873089,2.2284252413162515,0.6921848591756985,0.014030749523090458,2.0007942781227723,0.5643229551301666,1.4984779233427614,0.321324849947503,1.0966399910619977,0.12623303388698726,3.499466762321479,0.10041258476491739,54.12872181018269,1.4277017063754545,1.0881291422454678,1.2250986859860655,0.3983778502006552,0.033356441969878185,0.2818989938987687,41.246141781215556,1.8196783368124931,2.248494128207874,1.4075292726457358,0.10003773065235143,2.179111120501372,1.228525836861331,1.4097087512526219,0.4764406958344751,3.587194490768999,0.7726931658909383,2.9763136874109004,1.5842903978919785,0.14285851074342423,0.6469821040424769,1.495714913910859,9.967475536297407,0.0007031103609331134,39.85852948005269,1.215720689624045,0.6016167171693072,0.2977906326624736,2.499805392900123,0.2999960644393744,1.7079623165390116,0.39873864445700036,1.0027306373525282,0.49752837054179805,3.003858303207264,15.022901696504857,1.0526639151992323,16.06815397804898,0.4010153404226226,15.034821597875926,0.07980303001305677,8.039427176733717,9.996840881092393,1348.8855763807694,10.00018775732771,179.80930162035662,0.45042136907051683,70076.46352960293,349.9575444914919,0.5021399745089786,0.06869263468030003,49.99812270639034,10.046214734394429,999.1571715984435,0.49943689434233307,0.5020845306785708,1001.3291700302316,5.013125868499843,71.9371755587261,84132.6851716719,2096.2285429876842,150700.11582692064
15.956473434694736,2.7498423442499327,2.0420995105728443,0.09734283891218043,0.34961806407586715,1.915112341795165,0.2520715142093096,0.9863318452203308,0.6448295984956952,1.6253129135214948,4.21944498743194,0.11838764667056902,0.29253511165448265,0.15205460610827393,0.3949704526302159,0.31318698291167024,1.2357220478946827,0.07097908153679867,2.718776607472157,0.9474038841442672,0.37784430136337993,0.24234240513523123,2.7146197822617553,0.02701797357650404,2.226065115219447,0.6907511350740834,0.014100945427404274,2.0085762872467403,0.5614084015231453,1.5030069969282718,0.32177799043140437,1.1028219952613472,0.12652379951307702,3.491767437511125,0.09980987984833427,53.66793694056799,1.4344224174781182,1.0883262478379372,1.2270854614682536,0.4015096466126464,0.03364080142586489,0.2817867751851926,41.432018258129624,1.8286737852504809,2.2584331267020397,1.4044200717097337,0.10048110597595934,2.1910688595614696,1.235166441613763,1.4136708142311405,0.47570094170793814,3.5737948712632974,0.7663581311815993,2.973346740322774,1.5929545431336902,0.14351925431682633,0.6407951120854237,1.4956196066068022,10.017306771540209,0.0006984854457302427,39.53782769248848,1.2148996203983269,0.6008272739809474,0.29828268225474447,2.5089653393037414,0.29944451300173575,1.6938242165117043,0.4011966203547608,1.0048818592485231,0.49930194770309105,3.010960488427198,15.039381820614128,1.0543216455949667,15.987899596252948,0.3984052060192953,14.942753430954738,0.08021055873636643,8.029066547159868,9.995701674093704,1344.0542070047015,9.95667060403598,180.17748063011234,0.4518838095759673,70111.52570158908,351.39847974558927,0.5002100388447839,0.06866659436560521,50.166193805821116,9.96993485601694,1001.775430985597,0.5017375159290477,0.5021512469090627,1000.8992714052523,4.983795561758026,72.0419271005408,84350.63784790761,2100.2108947449974,150709.50222318852
15.956692200209291,2.7613121943476036,2.048466205529255,0.09671453864821758,0.35015151175672493,1.912450260039021,0.2529307956500849,0.9904015760608555,0.6453699583963497,1.6369570610166921,4.212751436697962,0.11773040680652716,0.29416865574631124,0.1514237884779979,0.3944060320424929,0.3121092283726578,1.2315360760020164,0.07080775909051316,2.741711482886169,0.9457515415132034,0.3778432838852939,0.24183201888270373,2.6996622712552902,0.026815446926321373,2.2106665811406105,0.6895737032783601,0.014151517476775406,2.0064151865376023,0.5633755335309877,1.4896259187469738,0.32317757340615505,1.0988614900115075,0.12629186357070007,3.497919462087784,0.09967752102721854,53.91829936233271,1.4360943877129286,1.08442433860899,1.2326448425304188,0.40183220415717547,0.03345331144383585,0.28038458771924546,41.37036562256142,1.8256245141983836,2.2486339062390637,1.4098060679797038,0.09972231748977028,2.2006947569312127,1.2348259560938297,1.4114135858137011,0.47718766033943455,3.5866945200495564,0.7735351133703976,2.9699137688288406,1.5856347727697588,0.1435508109230029,0.6434839910820754,1.4980673655615384,10.025433535638399,0.0007009122796211854,39.61812761078764,1.2187538991681433,0.5994503025498008,0.29688646735764573,2.4932388482367545,0.30011259084480746,1.7047910615887343,0.39967619313771685,0.9988335279958596,0.5007525807676525,2.9897176159164065,14.982112548662565,1.0469354304800684,16.024263397492465,0.3984494560596643,14.992173422940366,0.08007694564567393,8.026694035430259,10.022455127642608,1355.9786521336869,10.017987840725294,179.7285413428203,0.4487927574713149,69870.80066253585,350.08962167075026,0.4981842434442335,0.06831054974797532,50.1012890696263,10.019203402421313,998.1816642936394,0.5000427618530804,0.498583857849009,1000.0297671853402,5.0005040938115055,71.85693372402125,84008.44542589216,2115.0950424668144,150055.68526664813
16.00993226105237,2.736464337485122,2.0434777360235263,0.09706063654688905,0.3516309325988156,1.9037971171248826,0.2515042900725437,0.9948525542384711,0.6478775840023366,1.6270400467401644,4.215656510552495,0.11799563669572939,0.29434032583850944,0.1513664564729479,0.39715056976524993,0.3113107495008045,1.2337720327711796,0.07104618600113266,2.7395337840240384,0.9514762752254621,0.37682015942550434,0.2421310420765171,2.697856560283817,0.02685716585057705,2.219890550861166,0.6886380842151029,0.014134151177683506,2.0044488695553584,0.5646522156962592,1.4955115791647762,0.32292004306780747,1.1026531996781435,0.12661582439172528,3.4995491722672063,0.09978357453070207,53.64868335036976,1.4366947760090465,1.0893486705065925,1.2338450615236107,0.401172976617715,0.033578979965147714,0.28140588883331574,41.567752742677904,1.827536825331098,2.2472826017813996,1.403386557483223,0.09953868159349608,2.1888313801830637,1.2341202482177749,1.4149013182952785,0.47454585051084214,3.5728976961874572,0.7700508311221229,2.989909787564724,1.592170288302867,0.14248492231353313,0.6431127865971611,1.5008313887278733,10.003826243128717,0.0007023144381406209,39.85148575589197,1.215125649748938,0.5983464455420753,0.29767862759370545,2.4949099520362754,0.2997248714848753,1.692192260886459,0.39826405308065127,1.0033836147793707,0.49801290892055944,3.0097222533598424,14.970976800270455,1.047996845383833,15.936119524500288,0.398053053525934,14.978293291266807,0.08026828552503519,8.033596437163045,9.956158555613033,1343.6672588613758,9.965880062013033,180.47932165563424,0.44867197244710566,69993.07733695752,352.2346832440911,0.5018747451937926,0.0685164778260834,49.832006890240734,9.988114918965156,997.361774061591,0.5008592279092156,0.5013996552709031,996.4213372201756,5.01989779164535,71.97323465317236,84459.42738012873,2095.5619716598085,149790.87178052915
15.922364951631572,2.75600833011448,2.041378744889739,0.09704281378887769,0.35098612038223576,1.9147552597380686,0.2523535298433396,0.9919208043245296,0.6489799789866711,1.632302798131811,4.203670460345743,0.11744323553081068,0.2928295497399602,0.1513090986704173,0.3958767148846896,0.3118879264073968,1.226048274908345,0.07100125723430138,2.735574915034155,0.948564434845845,0.37760141626125754,0.2424828646851008,2.703551073201701,0.026814844234383593,2.220986563288754,0.6879669645606201,0.014152014276554626,1.996086195409676,0.5619490322775267,1.4974417761510046,0.3213806218827423,1.1026226158317665,0.12624201189965453,3.4991023048849215,0.100105920469791,53.888534273757294,1.4292695144805578,1.0893537306847925,1.2284875334649827,0.39974903912444876,0.03338732982493938,0.28120422269089407,41.214889153708285,1.8289273213280246,2.241984095486316,1.4083499953852698,0.09973778063289829,2.185415412959046,1.22781617496644,1.4130785466106666,0.4734645590474836,3.5715460642100205,0.7669292868950824,2.9749775079616794,1.5970157437194321,0.14282855584523715,0.6457860586780596,1.4994255590700014,9.994959968431203,0.0007022677966080238,39.492241959178074,1.2244516152903555,0.599911250709601,0.29755635901184846,2.5101708737739727,0.2995195780553206,1.708120855036465,0.4017454259971318,0.9976792321221674,0.4992030135991184,3.009365026380511,14.95434151233971,1.052435491422751,15.940664183521363,0.3988224221069839,15.000075871438298,0.08019670538145313,8.019154291484094,10.010892227224675,1346.9235210975949,9.99153778641434,179.5431856798515,0.4489965784126836,70057.93508220666,351.21682696370334,0.4985379744427558,0.06808711755112193,50.09622732589958,9.952180640060583,1004.7078481785904,0.4992514275512333,0.4975329068615959,1003.8458531141453,5.004990226666841,72.22852245228552,84156.2836632842,2101.9305286374433,150232.7841645719
15.98496013998258,2.751545736445575,2.045445369001352,0.0970373313353423,0.34853766767127603,1.9153742049463205,0.2516191040839742,0.9947024915397681,0.6464432371802898,1.629593358688393,4.201812905642666,0.11822883194240048,0.29390351214448773,0.15198025631038714,0.39547303312732857,0.31276362411547914,1.2262048970419874,0.07087042216745418,2.73637794776545,0.9458126759158736,0.3765854295188287,0.2435715995325612,2.699631990659018,0.026852631113287236,2.2179199942641388,0.6919041060397133,0.014109518223740668,1.998991229462738,0.5609815011615304,1.4895757986673566,0.3204551086929027,1.0971449084830989,0.12551703016335222,3.4767235722362697,0.10010273962406645,53.966850964748005,1.423490241164954,1.0880210761870706,1.2256435687066145,0.39950890293922897,0.033664044092988635,0.28076176905455974,41.197200418730674,1.8172273792705615,2.2538452085738268,1.4061168301733546,0.10046444923695858,2.188363931983811,1.2241093738729352,1.4105719829210424,0.47583690071567447,3.578424484138452,0.7732969154662588,2.991977578590475,1.584259465163129,0.14239932587930257,0.6427912699434543,1.5016219899340153,10.010159531431533,0.0006984015016980751,39.858996696961114,1.2176494469439294,0.6018251966166068,0.29898930093814235,2.4899608754731837,0.2991976587365425,1.695158255635154,0.4016786052670992,0.9985110492393893,0.5016823566669575,2.999340540065318,14.993582856629102,1.054235924254729,15.990544225151108,0.4009794076689237,14.988656625268554,0.07968149578926105,7.9642475835597955,9.970824017697868,1353.0006184890658,9.987364972010049,179.91739364649754,0.44820844379332897,70268.35024828324,351.93470873583726,0.5006234162200218,0.06873147603196851,49.758170695756235,9.951566982725051,1000.0000560311504,0.49883204029438527,0.500932552026755,1002.9321015355313,4.98012179543915,72.30048350597728,83815.1434051559,2108.965902680074,149826.75114938593
16.02679027404958,2.7389349988442997,2.058960146548495,0.09762516090632448,0.35006790284961636,1.9101830646006441,0.2523397166332905,0.9907926826104205,0.6482821817530422,1.6314538157268406,4.225098330248721,0.1181310587999053,0.2921087946595544,0.15262914630137636,0.3948752040495881,0.310955304487748,1.2361138112974852,0.07059709901967275,2.719082548691402,0.9485878283590408,0.37723024847621794,0.2419326242492678,2.709731823148415,0.02678392712958293,2.218416942817142,0.6889233248885152,0.01404883524795676,2.008620420468604,0.5627580648245224,1.5021355528196558,0.32330714138396444,1.1047320386408734,0.1263126244166254,3.4832624962016734,0.10032893261885534,53.92088060757998,1.4267346510821226,1.0857583613146338,1.2275550494285092,0.3998648161600121,0.0335942472712705,0.280657522628552,41.293916665471855,1.8124907359591584,2.258004511960416,1.4088348973555462,0.09994192254537462,2.1957755023880927,1.234301635899137,1.4101571432024427,0.4756287472105908,3.5706618098792955,0.7733500231808584,2.98202405378824,1.5934917177588737,0.14244832466772417,0.6448817709331837,1.498034246736053,9.995006297517849,0.0007012751342263968,39.7975827691451,1.2181622559076875,0.6022394211134078,0.29716259110649124,2.5015724558315657,0.2989537964410042,1.6964172461307045,0.40158164587758904,0.9951155677607495,0.5020780559432272,2.994852061017416,15.029369312981563,1.0457130420915588,16.022603433973863,0.40163784511906075,15.008280288809997,0.07988969719862678,8.023486209607695,10.021272542437158,1344.8388495724462,10.016570153687663,180.29638052295277,0.45113364525311855,70053.08048409273,350.52361405418304,0.502300190282679,0.068450244533812,50.00425248854907,10.04868496922021,997.2955763189605,0.4994896845502941,0.5012994178079789,1002.1310058128603,5.023335032153794,72.11109624537822,84053.60540792246,2102.8455739065007,149384.5693860252
16.06779524133153,2.7397883706255204,2.050936926343567,0.09710415606112817,0.34871978264561454,1.9060461520442333,0.25233659392007834,0.9853593897619976,0.6510196121761164,1.6366682585729115,4.192511720890346,0.11843465718705756,0.2924977136703463,0.15134260676175917,0.3952322068237959,0.3129637289819579,1.2320397268616652,0.07061490019727464,2.7359835178103675,0.9499701441655599,0.37691315872678605,0.24309879570242285,2.718643427172471,0.02693802643663041,2.2116838624563258,0.6921407663155118,0.014075151302811268,2.0041006943639457,0.562984240188236,1.4945436104399197,0.32091062138033355,1.1021445389673439,0.12643976942488006,3.5018042729610155,0.10012650484186636,53.763045259114016,1.427371802532432,1.089767802891811,1.2289035033353952,0.4009299896738727,0.0334361657475187,0.2793142353180286,41.432834537761245,1.821836677662918,2.25286998036255,1.4067314174643355,0.10031107095031158,2.189725523770385,1.2332273712805133,1.4115664178477052,0.474601336370311,3.586430641109734,0.7705773256412928,2.9803191917752567,1.5923621123621168,0.1424078927362047,0.646642081415449,1.4975262306912354,9.972469296358703,0.0007019025745037332,39.57334884479831,1.226048389403053,0.5995229552493806,0.2973939407378161,2.4890516268156517,0.29862541253209146,1.6931173895393863,0.3980201313152485,0.9982708997940594,0.499052272000504,2.9979027523631574,14.959938438486164,1.0454087821584133,15.931386004472472,0.39872858550122076,14.972488429030367,0.0797183936401724,7.989209425889154,10.04222201533622,1346.7816406286497,9.966839931701264,180.29659725540398,0.4499589646708231,69864.25381337525,351.87982958286347,0.5010767148592689,0.06872647207943039,50.21915330978114,10.008424829362523,1001.8602129358061,0.49954753411993413,0.5019423359326451,1000.5280882519934,4.991277566316752,71.6468338741749,84283.80021158478,2105.535383395338,150467.81576679464
15.94992074020906,2.7586735348658014,2.040063314010239,0.09728486860312412,0.34963898340435706,1.9067820419576396,0.2518319058372601,0.9872635557133708,0.6459485982320878,1.6349732422092236,4.19853862443971,0.11827962695350569,0.29361928639521684,0.15129076863187463,0.3975090467839427,0.31290278800589133,1.2336416271679074,0.07101890726497108,2.7322537031537495,0.9526772506180958,0.3747936120481952,0.24196077631218824,2.715532938501482,0.026844569116859437,2.2224027775712476,0.6892527411292779,0.014076526906348641,2.0078649724918973,0.5599882842373991,1.492344115246273,0.3225404475462416,1.1031086111404165,0.126418590259901,3.480617125100345,0.10038211341828945,53.969058758878475,1.4346220233904705,1.082309833490009,1.2282398003326205,0.4000994559379627,0.033525780605915066,0.2795745938522849,41.406000647440834,1.823011853082293,2.246885889429705,1.410010423344357,0.09979256642164407,2.198113955953996,1.2312202412622872,1.410722961935516,0.47711069777291903,3.585904548547032,0.7683046404998536,2.9842242418195797,1.5973398129607863,0.14231868830597602,0.6448152460851507,1.4948525244132966,10.031645951106638,0.0007009847917074887,39.85339743081032,1.2220688499175885,0.5971033133589458,0.29803085445631444,2.5100917015904036,0.299196909012514,1.692909238871058,0.4008795514768873,1.000025085669391,0.49773797630697353,2.9933974569731827,14.974012297146464,1.0517625455188686,15.995456035313723,0.39994876130624435,15.045990554939184,0.07982273367880117,8.013805819326024,9.986755730482873,1348.897995641879,10.005590241317075,180.3521642486441,0.45200337867404716,70019.88741410665,349.47966085215813,0.499643959613363,0.06843195374319129,49.86400180201961,10.039049577396476,1002.9884701587954,0.49996831956721094,0.4997503196651779,995.4074125670461,5.001844486638813,72.0689379087052,84540.79703947893,2105.0231142839634,149486.0661340172
15.948809104195735,2.740646354009394,2.0589899649181382,0.0974851743581543,0.3511366814421201,1.9165022802092793,0.2509809992993266,0.9920015508761979,0.6493241018971427,1.625514593839271,4.2096070289270715,0.11819166844325979,0.29416419576015396,0.15140784677661356,0.39755308488986624,0.31331793469577274,1.2352104009683356,0.07044942310361046,2.7223832664962067,0.9498130048375204,0.3753297415765159,0.24193343239838352,2.717125730382885,0.026773191299773107,2.218801673480094,0.6930882750262127,0.014091572828517335,2.008237745708056,0.5614886038621222,1.4947048910532563,0.32073577262436886,1.0984389999992992,0.12579460297742748,3.5020946363905967,0.10041991517421599,53.65227250922962,1.424255066670822,1.0885568934372702,1.229812337523513,0.3991875145401884,0.03341956886500497,0.27992716157277875,41.40053411478594,1.8112181348440664,2.2553748984705515,1.4071854709112592,0.09992683145123557,2.190592443132741,1.22644972311355,1.4154102073286738,0.4758649429620967,3.5932566090460942,0.7698109696605345,2.9779873216480843,1.5858205668392955,0.14306412171652663,0.6445999734121673,1.4987988506556276,9.964538256031263,0.0006984117312360692,39.48725499897649,1.2177934929673784,0.6004845538597452,0.29935801907155424,2.491947419909736,0.2986663935915824,1.6965372918938146,0.3986271907926744,1.0019551899689405,0.49752874582263334,3.014426012768186,15.053350001289353,1.0499020412167914,16.067350755169105,0.40051223733062913,15.074064731503373,0.07982264496112756,8.0397524914094,9.968024729212207,1348.021147963127,10.043532408034007,179.76697611345668,0.44869426369681437,69872.83924036322,349.63829967045194,0.4992761172016059,0.0683461227238886,50.02122556721012,10.031358799452716,995.1341484981838,0.5017055806561529,0.5003862467151156,1002.5647805828451,5.012848961035376,72.29030592910124,83868.58140766149,2106.505396819902,150613.5442925922
16.035073010246112,2.7389060850661546,2.052336268373035,0.0974914842437433,0.3492120162520699,1.9125306207888193,0.25285783879791324,0.9902362828634906,0.6460183330614784,1.6308098185905027,4.213704965585823,0.11788536627123618,0.2935262767098658,0.15189866599992635,0.3974945241471117,0.312909871458638,1.2337486939499445,0.07081846230733349,2.7217102955021253,0.9501275188451469,0.37437914428193864,0.24304270709485173,2.697885733108149,0.026907644626899038,2.2241274721546618,0.6894424679002931,0.014088283346484159,1.9924558770054832,0.5608863947817768,1.4961657775971575,0.32317067008638933,1.1043777789257299,0.12657151092852956,3.476049203029721,0.09979621081126888,53.890006354499924,1.4320269366887777,1.0892044195819464,1.2335180003500126,0.39998349524024057,0.03351895572932001,0.2819928219241677,41.28239770500495,1.825528427320492,2.2547659057730423,1.4049252666978662,0.1004264916927181,2.1977822998191687,1.2334379072306296,1.4047375075309252,0.473288435022691,3.5865585048035085,0.7669759791168791,2.9684768050559045,1.5884144435245702,0.14229269038094913,0.645426353114135,1.5006031048976223,9.957817414921465,0.0007003050792392364,39.503062067957565,1.2147624924931784,0.5999127971409087,0.2979994732865366,2.49597486932233,0.30036531437493547,1.6980850928451314,0.40034784231605197,0.9984978493739963,0.5010748348232948,3.002378583523787,14.949006532026333,1.0519558229793662,16.04542974760535,0.39826349627182434,15.01649408929509,0.08023234372481046,7.969172231822288,10.040165241973503,1348.8497836144122,10.02378398210987,180.71828972429267,0.45220336717891624,70240.90028843842,351.586735932939,0.4987584983705871,0.0682563917185748,50.17538471345129,9.989824390365234,1003.2243395442804,0.49775298407269225,0.49859126710896456,996.7009408897015,5.001353373485122,71.69798199424078,84079.52173405685,2115.2354595623547,150441.32570505055
16.041694626067194,2.7399656542346147,2.047223461684931,0.0973755315080912,0.3483256883303519,1.9087389509776438,0.25308004626884134,0.9858651640883062,0.6506325605148149,1.6250207024796928,4.196911414102788,0.11764061443134098,0.2942635803211484,0.15215769239147833,0.3969931242233756,0.3115831917309842,1.2345909865124693,0.07085801149222777,2.732725493676538,0.9503920035737007,0.37702889626375524,0.24344192847895463,2.6996724592004484,0.02699864945344524,2.2146919603770927,0.693423739692566,0.01408385661837937,1.9923999459519786,0.5609664061445513,1.4981008076267024,0.32165045688701177,1.1036154985786613,0.1262295799322298,3.4799994247395825,0.1000388533049633,54.065008501306856,1.4355946426472013,1.0858580449204505,1.2352209160578627,0.3981438778384779,0.03355919155273022,0.281491531178772,41.35901601744774,1.8110997354617226,2.254208291106063,1.4077801558197856,0.09965181295469251,2.1824906822056964,1.233310717886725,1.4055921908813953,0.4749244669161753,3.596839939075705,0.7719929039735861,2.981406370731699,1.5904495781067247,0.14252427824141164,0.6436549678230983,1.4946734948085951,9.958358211523104,0.0006972639606517146,39.722303306959425,1.2162613463896947,0.5978960730899465,0.299094050267049,2.4905503240808615,0.30061690534172636,1.6985890044565057,0.40031631895105985,0.9952335541449701,0.4975000961975829,3.0095174563205673,14.996316173776464,1.0454987228327166,15.974952976510487,0.40002541774500316,14.94532402152705,0.08003707035982202,8.00230005758698,10.010283516634422,1354.1885343709484,9.991277881338686,180.69940805122812,0.44988603188809473,70151.92628606489,351.41625440998996,0.5005876060766239,0.0680658214981111,50.2412152951121,10.044269358614446,997.8128594249656,0.5002929167008288,0.5013524258679483,1004.2046782409794,5.004295332006224,71.6536368957155,84363.15070640059,2096.4342933503244,150256.7666603064
16.0139884163249,2.7538684147676573,2.0436297828292007,0.0971937887866532,0.35041284878063345,1.9061855946080104,0.2511976906187872,0.9872545393149743,0.6503199480158314,1.6294220593808082,4.216781189170713,0.11801756885969582,0.293978992847991,0.15201291219806387,0.3943895682391697,0.31105771224382345,1.224013164606616,0.07103471919240628,2.7344573483492995,0.9504572341837932,0.3768084760824579,0.24378848564363012,2.7231968735344774,0.026941283787745945,2.214500296385722,0.6872495912912479,0.014112654457903644,2.0054151412256163,0.5623460330338111,1.4940592148777827,0.32270754621025644,1.0994276974567663,0.12573110226762832,3.501903848632052,0.10007651878111821,53.79325681566049,1.4275490419807604,1.0877789998042322,1.229051960206101,0.3986420764725376,0.03353700742735135,0.28123083195540866,41.183095030781715,1.8206710215528994,2.251736133297358,1.4076321031646284,0.09983873125903814,2.186006729523012,1.229327535240434,1.414398352291916,0.4748528738186914,3.597672623699182,0.7690464217957046,2.9859380152337853,1.5907785541751132,0.1433750727282052,0.6465010678244227,1.5001752493968046,9.999447920917865,0.0007030990332092545,39.85207611841958,1.2260633601010373,0.5979388554917268,0.2965206347964331,2.4984327575518277,0.3007000204900801,1.6927385521721896,0.39949440652869356,1.000814594767876,0.49856273712525584,3.006934259933347,14.959430648246363,1.053577056159745,15.975723734028472,0.40039459378958847,15.006623101065001,0.07983715737318209,7.995125729904748,10.03459730918922,1350.6526478559497,9.955558696082733,180.38345812365836,0.4485710362400829,70172.21856868437,350.759612370737,0.4999324346427514,0.06807921358032698,49.886194259600714,9.95507354727189,999.1495670262088,0.500606683636431,0.5007703706285463,995.6454800365952,4.980944455248247,72.11628488063727,84237.2634315654,2112.0183227732114,149557.7132508215
15.93925476601222,2.7462056640187766,2.0528098762673617,0.09718636015859738,0.34859507643134263,1.9018116788984947,0.2524477879404403,0.9879899852930255,0.6490982464121914,1.6266571125941494,4.202202836318613,0.11765758138306774,0.2944172906972625,0.1512644268409422,0.3945239196380921,0.31304922536453816,1.2255493893289444,0.07064473339949427,2.72352402963398,0.9498674233198046,0.3756661164294297,0.24382762840899327,2.716705277004529,0.0269083662580949,2.2144291714187436,0.6920176897857986,0.014151604668127324,2.006725650222172,0.5594806313739767,1.499963441482346,0.3226566824088283,1.1048738309388577,0.12570198274207858,3.4999935043498964,0.1001890965001623,54.11417171016791,1.432764304833492,1.0908311808142923,1.2282727767685548,0.39863049768292846,0.03345422293160639,0.2815843500905886,41.237539925761176,1.8225106022631703,2.260970011241654,1.415569709748717,0.10017118332832896,2.196408604157537,1.225282660385007,1.409983556051441,0.47515158401054663,3.590120508194608,0.7683259687619791,2.9682732615359635,1.593150010097136,0.14298940960528697,0.6462043737445885,1.4997223454030801,10.034627077918831,0.0007000548450127289,39.79217476869773,1.222693091182821,0.5985964952422808,0.2974320070087594,2.5099798880629804,0.29919302138289,1.7033575094564357,0.3985804805279892,1.0025515837124923,0.4986164492478966,3.0028219611825397,15.009636523160555,1.0468868996568519,15.99862453138011,0.40151699210177166,15.027079402222803,0.08039412351927933,8.022764340879695,10.0143455434303,1350.8532278660982,10.043742864602871,180.04862418723454,0.44956202746786117,70416.75428387283,352.4146855926658,0.4998945844595008,0.06815187115015102,50.05418640910608,10.024088226192907,998.7363608318344,0.5012393942878232,0.5001552567132114,998.013561304098,5.006476061422141,71.92004224717179,84452.53862513576,2094.5398345876497,150477.26717392995
15.96905204440492,2.7626397304956996,2.055312879786299,0.09694829115679233,0.3516757970555602,1.9099919893071373,0.2520577679691067,0.9940542295275291,0.650711251877282,1.6332091848187311,4.2301427298255705,0.11779806696531314,0.2922157461922976,0.15128447021659974,0.39539152595637206,0.3123202160311337,1.2276061623139745,0.07085637114204951,2.717670931034074,0.9466167832928462,0.3769324984483674,0.24203851427026404,2.7158220950482646,0.02697083068939955,2.221526505502395,0.6926640041161897,0.014164093455223814,1.9906935496590743,0.5630064465952764,1.4930655023020287,0.32170435025499555,1.1013546971076067,0.1262674630606101,3.5018726634479704,0.10020538691828358,54.0595457975917,1.4314167181508395,1.082837432240054,1.224113592873089,0.40011913219568607,0.03357220625106385,0.2796020857067549,41.36073559282571,1.8155624286209526,2.2515095936280805,1.408456088809176,0.09970146750043415,2.179146200430894,1.2278047586731853,1.4102278862682769,0.4770387431442664,3.570243641332931,0.77009436400792,2.9819815967273353,1.592372719744058,0.14275484988175044,0.6414206629175154,1.5063203436027335,10.04527554288536,0.0006995676179677284,39.711972144889,1.2142541219980076,0.597283293846691,0.2967384688991632,2.5059686578712226,0.299181703473268,1.6946356027905645,0.39803334133102714,0.9952289754427359,0.49952691876167493,3.0012503379203155,15.011858877265187,1.0495580674023997,15.993529803542854,0.40101256874106506,14.968435520190017,0.07979017425440715,8.028345935042546,10.018926380771607,1349.6876970626188,9.977540482553401,179.3458472752415,0.4479183953853749,70429.29705554541,351.1976617087523,0.4977291474645594,0.06816647378016001,49.88978213407661,9.976307158771382,1000.4839098922128,0.4994972181159343,0.5019110830213098,1002.1941070060781,5.0205366284655035,72.2612294101148,84565.83916100617,2115.104241028578,149717.5446570892
15.953548896616585,2.7407916899609326,2.0526258135328233,0.09737589963062745,0.3485574312297372,1.916132467497593,0.2527133276592366,0.9912718919387373,0.6475827688669632,1.6243546138005287,4.210235434606233,0.11759781976873894,0.2933075878403105,0.15171114639009106,0.394999332798723,0.3118160803054595,1.2309927674431813,0.07070616455842453,2.7426563728510747,0.9433159095885693,0.3775523574293632,0.24178666224024278,2.7023228935377785,0.02703351847948587,2.225063717340844,0.6909970387648265,0.014131879096200612,1.9981659237403875,0.5635972586900537,1.4918333744527867,0.3229463334874138,1.1048347934790221,0.12645068543163826,3.4983641672702883,0.10015137731316166,53.921370786324886,1.4285016928973673,1.0909746545326462,1.231813740468171,0.3997396012556588,0.03359540522556831,0.27944836923758565,41.51960005796115,1.825654779543949,2.2438919117997522,1.4034811694177576,0.10021370795552981,2.183427188662611,1.236101068025869,1.4030794724779214,0.47371651191093267,3.5636058338223555,0.7721764491629667,2.982345125666782,1.5955401090992802,0.14366153712006227,0.6447091397008176,1.49597630255427,9.959264944079761,0.0007025638273148565,39.57886093959138,1.2248009223413163,0.6022697255976855,0.2983808714525653,2.5025998955143787,0.30135247940558063,1.704352256730344,0.4007331270847223,0.9993574075201848,0.4999199922286844,2.9966676329499498,15.066948153053989,1.0514502517385294,16.044858174035802,0.39814879894033023,15.052863945321274,0.07993411063795566,8.018972829985293,9.954002531482079,1355.3172879743606,10.015984558959918,179.92350142356838,0.4491160114455455,70049.37296365335,350.18018299935034,0.49815512926372574,0.06837524572401188,49.976743177067036,9.991193665929007,1002.0309423748462,0.49959907431339207,0.4979450185841681,1003.5205962231369,4.996255043257364,72.11180567108588,84573.02001924823,2110.629087915325,150058.1983067673
16.007203561148124,2.759612103520013,2.056634462008361,0.09688765045562785,0.35044275378531453,1.9169851690761104,0.25276433471606286,0.9862846885614917,0.6475832894887417,1.6302971996051332,4.199803782246675,0.11821180927494947,0.2929303436232047,0.15169221323715248,0.3953539835215111,0.3131128052676207,1.2345042576074563,0.07102116196544828,2.741298618818294,0.9522878657023001,0.3759692729445325,0.24201998980230968,2.718131924298095,0.026935893188741383,2.217347481623097,0.6932811787531047,0.014077254613581213,2.008152679573322,0.5625203245980896,1.490063530501616,0.32316027904801803,1.1028843317278083,0.12617953430837503,3.4939990911886865,0.09971883549265591,53.756079472251365,1.423267165726074,1.0832404742233936,1.2279887195508468,0.40016289958536727,0.03337632086676174,0.28086160511002733,41.292038198169564,1.815522092473951,2.2600787446666435,1.4169420580681222,0.10031143859660092,2.1802411843780614,1.232812170039688,1.4054658028183562,0.4753288012401742,3.594094947925685,0.7690775063644298,2.9927794822150036,1.5933131182556952,0.14271544689310145,0.6413912667607836,1.504730269271525,9.9958059408493,0.0006970088544171198,39.52251895131119,1.2256969288591246,0.5984580117269733,0.29939044171001494,2.504528989492447,0.299401473305486,1.698023373862139,0.40110815377643205,0.9993541497892539,0.49787375388832145,2.9918944238870906,15.054051745949582,1.0520598284382705,16.00016257778796,0.3989819826744625,14.996188592263499,0.08023107924622201,7.966523455771374,10.049476781873521,1354.8567943420953,9.981796578284822,180.66703808498798,0.45081771538456483,70298.75086402684,349.6058496662946,0.5020294732035256,0.06836603378909423,50.1516138791699,9.97995237903594,998.080036656025,0.5023234458999095,0.4999832996233171,995.59890713383,5.016785332351602,71.8036056160918,84529.952322778,2113.766059431349,149359.149019857
16.0131886764119,2.7632419129033625,2.0588338521002396,0.09722453647404794,0.3506317261834423,1.9119914048715383,0.25125219843252405,0.9915146759877634,0.6469187548690852,1.6273589424458919,4.206631501575596,0.1184155687223385,0.29223335326948235,0.15162120333345305,0.394049066057882,0.3109236214310271,1.2358877552350807,0.07075317992141858,2.721677996100177,0.9524146635659756,0.3742219631838189,0.24296152431953535,2.718254717875505,0.026973389980041066,2.2131006232940074,0.6914337487463065,0.014117242693819065,2.003505524322985,0.5606855090638279,1.5016516937888358,0.32219074477997406,1.1024758585225587,0.1265538626224568,3.5024068548238794,0.10028233747052694,53.796599640818386,1.423623388511011,1.087811385312695,1.2242745105545985,0.4008567590968748,0.03357933525988425,0.2808765919102969,41.252648076600856,1.8268381301091443,2.2521582277201073,1.410209976496045,0.10006759175954205,2.1808652272012186,1.2329573757732888,1.4038069357328353,0.4753723437529505,3.568159403717122,0.7677493049300408,2.9720509766710936,1.5822774596519664,0.14356032952849254,0.6459592751483946,1.4929692967149966,9.955698608799947,0.0007019801379323367,39.48429954450766,1.2196217867472392,0.5976437835257657,0.29827306403651527,2.51245851044711,0.29901606454662444,1.7077636254051096,0.4014619141757438,1.0048585496814377,0.5013309431680125,3.010709827543594,15.014189645936296,1.0538564828523322,15.937841960940705,0.40096661721747373,15.019308538050174,0.07964787718619029,7.983327229707892,9.971610680037251,1348.7198685857843,9.969835334152373,179.59469335947358,0.4490821356085928,70252.0492824163,349.5888815619581,0.49870550617361054,0.06827492927371039,49.97453396913804,9.953808863282998,1004.9921145207275,0.4990019600127601,0.498936724303678,1000.5487058659118,5.017701608966105,71.96890274500377,83999.49497941916,2106.386679342262,149974.4138250386
15.987691972323567,2.7633067811465657,2.0601669804216054,0.09726020940126077,0.3484880137447513,1.9112781257872231,0.2531402298139248,0.9942143560538772,0.646156445504315,1.6249489475570935,4.1953599714959875,0.11837734553230654,0.29297086131697914,0.15175383078740204,0.39530623638860524,0.31129928931801765,1.234706223221607,0.07073605336406495,2.723011684183023,0.9499946375614987,0.3765093091339131,0.24352333829766365,2.718725010703759,0.026792731869219037,2.2089441500601934,0.6868989070639774,0.014129157849539982,2.008689930804994,0.561050812246932,1.5012094766709247,0.3227379741249971,1.1052586773721451,0.12596319928267702,3.4783459465583126,0.10026523140058774,54.08187524959395,1.4329643910825802,1.0909477847885511,1.2284155457748347,0.40076126001289425,0.03342088929411963,0.2805496574896531,41.28341750881351,1.8137125128421963,2.239558948080045,1.4124170820405118,0.10037527308827741,2.1859357856114165,1.229129595216407,1.4030000119710662,0.47458606016952437,3.5721713317199386,0.7705713402319594,2.992173812048961,1.5900978258490321,0.14325101170366106,0.6453233094883482,1.494786478682621,9.984657060781183,0.000697292018858855,39.65648825238331,1.2247248853156387,0.5998856061044244,0.29786933588999237,2.492733088644881,0.29943065184026113,1.7074221927330933,0.39921198129704816,1.0023138658555,0.49771070832457237,2.9888494188028347,14.971721687445733,1.0542149190442822,15.955086664780648,0.40090697844034007,14.950128670034953,0.08009027363689451,8.006946258460102,10.012194790113966,1347.1147330424442,9.966210299695259,180.6956743484467,0.45031249771875664,69979.90613737355,350.5658976489468,0.49783545746462604,0.06838315726375602,49.961945388091486,9.963272623737339,999.4437233518254,0.5006976616979635,0.502142452223667,1002.0318519395952,5.000121764318488,72.19443680486002,84025.68129977836,2108.552852647265,149257.5932501977
15.931608180871924,2.753417305002699,2.043697266274953,0.09738344515784929,0.3504786364257633,1.9016660349136911,0.25172909159981854,0.9911187217632388,0.6493833609726601,1.6351521718165856,4.202861646160097,0.11839732492986063,0.2925729654681965,0.15125061999862402,0.3964356233633546,0.31119400602313274,1.2253798900145203,0.07062891732948341,2.7389520521475674,0.9519247324023064,0.3777359793057521,0.2425208777820906,2.708805667991923,0.026981379521655396,2.2159574396848565,0.6892074879855592,0.01406295570298138,2.0014473463870344,0.5628950788473983,1.4942820386426465,0.32046802226316723,1.1025949859470696,0.1261469125845767,3.4801930576174875,0.09981464767516578,54.156429935975275,1.4318619106936326,1.0880378432119744,1.2317181960708015,0.401817778139175,0.03344635278962015,0.28008503114492717,41.33898371258343,1.8254772735122056,2.2414715746737746,1.4058662282411327,0.0997282455124782,2.1929866648669956,1.2317414712029395,1.408193598005808,0.47393691329461846,3.5891165391412385,0.7663942945655137,2.9871143837802934,1.5853933565104967,0.14357597119143536,0.6434441845024531,1.5021344535501366,9.962096930976784,0.0006982771908591531,39.759601490240286,1.220614336494053,0.6016228642857873,0.298188938972487,2.501733279518306,0.3010747769451883,1.698719728594199,0.40158017887863,0.9987221524804499,0.4991429710338502,3.008382638302193,14.92673195992445,1.0465580172583073,15.931482518366044,0.40004842037203664,15.019210650199287,0.07960830075669001,7.972917083883227,9.98025413585957,1347.222055525586,9.959713271689452,179.41112542089098,0.4515617329243756,70322.77185680752,350.1545563604509,0.4988170373215804,0.0681128562542729,49.92445296869899,9.989806951462764,1004.0418165638742,0.501215578570076,0.499895768871745,996.3485726879007,5.007808082450415,72.31392886519515,83855.66735032391,2112.3381935134826,149520.17183282872
16.03220494949025,2.7413060410241936,2.0520502778751895,0.0969449710958708,0.3501459432175364,1.9119130153006825,0.25229867121926997,0.9918097088902867,0.6452073116484944,1.6333152146825582,4.195458564190311,0.11820889829470156,0.29189843020971556,0.15196871036003864,0.39555160296688796,0.31345812063272693,1.2316089527386567,0.07050844978658194,2.7354842003972557,0.9451004320251647,0.3751959253638022,0.24270461658828046,2.7174857094323572,0.027019457772533537,2.229420240926025,0.6877277170593786,0.014038018300312635,2.00657066038559,0.5608097866371131,1.4982399067742291,0.3235411804380609,1.096550642059093,0.12584231842373964,3.5028292032204993,0.10014998054707805,54.14588482594047,1.4318835862039112,1.0848648055526036,1.2337528358479266,0.4010370550196843,0.03364526234526142,0.280633100578722,41.391175180944884,1.8167935804265825,2.244797062526397,1.4170010422498922,0.1004772555162439,2.1906492575397256,1.235597552663075,1.4079717918112509,0.47666247303935466,3.5848282800508633,0.7716714090788753,2.9865024473856465,1.5921596755350995,0.14350382905618772,0.6433045653342326,1.5052378342644461,9.968341516392055,0.0006978997159414004,39.76624178985154,1.2230515846619965,0.6024138064492054,0.29732855505631806,2.488901736309661,0.3000224151762207,1.706380787911405,0.4018858634145874,1.0035782629520473,0.499949782248363,3.010901467082131,14.957095638580356,1.054422281337966,16.010695353762888,0.3995574543432084,15.012246177324647,0.08022720656789374,7.979209721021181,9.960187980276874,1353.1471213994391,10.04524689663329,180.24656056555364,0.44839162554340606,70282.63071999233,349.52487703586985,0.49901762376509956,0.0680796128276201,49.99375081204395,9.98213541855079,995.9752188984539,0.49904513651141325,0.5007378505970808,997.8908155550047,4.982153605869646,72.03225417481855,84424.24521683357,2111.949475548146,149958.1456696697
16.033771587347793,2.7591665130822127,2.0535442292267203,0.09722650780574096,0.34845978778499315,1.9059896565547803,0.25154593419676324,0.9889606113842473,0.6509217847174118,1.6252546680803512,4.211749461753406,0.11857963736589916,0.2933480680630873,0.15155754429999083,0.3978223560898413,0.3114892331274479,1.2244388097280632,0.07075140413136145,2.7229199005055786,0.9510228285689437,0.37494703393676965,0.24377724527403785,2.6974302345480936,0.02701544331852015,2.2098366962946274,0.6930259249235101,0.01403989046989224,2.007451672051168,0.5638620860515914,1.498413524848983,0.32050587519069146,1.1013325708744657,0.12614848649024185,3.4919961918767033,0.10013152557144672,54.16235670108953,1.4370857536414943,1.08722278941824,1.2249791476787577,0.39853587617458075,0.0335738175445789,0.28205287178933514,41.36353325710265,1.8126843051755919,2.246693502431361,1.4083786449073994,0.10049659533388527,2.194086175437147,1.2252997528586702,1.4077027817088879,0.4728556538843699,3.5854795661903895,0.7713300923703534,2.9668134030032025,1.5873847670666503,0.14357605886471989,0.6461046952336817,1.5011131885471682,9.99846233604746,0.0007034499633844689,39.76816719801719,1.225522149576589,0.5974295112861191,0.29714221044594846,2.488277775893622,0.3011037528440675,1.7033019344998106,0.3987106066113686,1.0047419060744212,0.5022789861130734,2.991737934147741,15.022051462956403,1.0517650806257235,15.920642680803432,0.400755119169074,14.95820102921581,0.08032105500048146,8.02708057060476,10.040529358467094,1353.4769784916487,9.966490543854757,179.74899776337932,0.45094019163113885,70058.00598185947,351.60694255418105,0.499180793624863,0.06817956694677622,50.00908190919476,10.018622775950357,1000.1719568728275,0.5007093364914964,0.4996902550905216,1002.7833132898334,5.0074983211322355,72.05371677654142,84156.57587531912,2105.7520650567035,149326.5145825372
16.026675148269366,2.741871322554799,2.0573830536880324,0.09750359814268064,0.3500978413317232,1.916630203404767,0.25243042417441613,0.986448474444424,0.6495602074499971,1.6380816453904545,4.190675144698702,0.11769900493290048,0.2932863803927638,0.1518710955690544,0.39654472257792467,0.312269581519393,1.2335422704551637,0.07049619926745965,2.7283788187090465,0.9514133099262592,0.37548398476410455,0.24300920679680665,2.697034780772557,0.02682580277777768,2.2191931436991283,0.6893028800712239,0.014130266337644328,2.002237599631831,0.5641371877745645,1.50231091740441,0.3211667278872675,1.0946940260193727,0.12644663316982674,3.4840363181572656,0.0998471097092406,53.72584063570879,1.4327600039059052,1.0846097839425817,1.2260239401430655,0.4000135629642463,0.03358388932848368,0.2800532632632526,41.48190194250928,1.8193079469960134,2.2478348862728796,1.4080192442407198,0.09964558096531946,2.186334679493998,1.234664793826718,1.4043905536350558,0.4771769250717335,3.565948375684064,0.768937643645705,2.983167923979256,1.5953716783173693,0.14249032342984583,0.6416886983229363,1.5019256718699256,9.979274663240478,0.0007010115146791258,39.80720741492243,1.214837820234048,0.6020669647384667,0.2966220043619362,2.5099706546322205,0.30142685442480005,1.702846738441833,0.40193702121977665,1.003219918421286,0.49772182750066907,2.985114328326074,14.928119773413341,1.0494950230791535,16.019741217778826,0.3999258872908021,15.026569548872182,0.0799596821072903,7.963405104248831,9.972616670485102,1356.6504271941635,9.984586383769866,179.6845783279405,0.4484375642205863,70523.88720705753,349.9242626216719,0.5007341328362692,0.0680867604613761,49.783236165031674,10.021675169732001,1001.3516816284671,0.5009008119781032,0.49865485203573134,1004.8488898252224,5.002918758107912,72.33807468403344,83928.19466436609,2103.0023446821588,149753.5282784827
16.040811988272935,2.7568082144928896,2.0497241477630537,0.09672969586009925,0.34886321998212977,1.9014100742417945,0.2528744767145079,0.9879187385162479,0.6455241386871163,1.6276230095540898,4.192203880210604,0.1185650514191808,0.292457973150949,0.15265826138231248,0.39672360561580766,0.3122062538007629,1.2296986130646061,0.07093266511561679,2.7350853166058102,0.9433597396560119,0.3775332668831865,0.24267915111166347,2.706023701593815,0.026874872856304525,2.224113278277858,0.6891445223787428,0.014082210179731734,1.9912692975925688,0.5615315261540793,1.4917526928013451,0.32314499739807245,1.0981796219151703,0.12658069292155769,3.4964400272895872,0.10025615153482732,54.15138266189422,1.4262667671511782,1.0877314528405548,1.224350927395283,0.3984030347518228,0.033455306618189545,0.2812122826947042,41.527287982035645,1.8155665564850172,2.255604237306846,1.4061125053200174,0.09950605560611633,2.1802416452465305,1.2310523710605104,1.4099597803999298,0.47390951983266477,3.562334413337981,0.7705236796892511,2.9894646777775233,1.583139863558982,0.14333815847407314,0.6448664543566486,1.499690321583017,9.954834135497606,0.000702964999914746,39.67104858440613,1.2187752049227507,0.6021688524125264,0.29902982312237153,2.5056815238250003,0.30098807994869997,1.69361358417671,0.4010436622203214,0.9982803408298413,0.5018374739673414,2.9961069439796058,14.933145592818011,1.0491009924860888,16.041084325612218,0.4000037282439176,15.039545086771346,0.07962821899269289,7.9741731362880826,10.006360793104278,1348.451735676943,10.01801757436702,180.83259761961673,0.4507193788231523,70124.00362688651,351.01864263151214,0.5020641324084808,0.06851832464471695,50.15158974887726,9.980151840910153,1002.4432115683826,0.4981971568466993,0.501248878082026,1003.8155859280242,5.02001162335267,71.72394484395791,84488.79697529285,2096.7891638042674,149967.59542992414
16.029203444749786,2.749566850566573,2.0467181468453077,0.09737867416508596,0.3505630757128741,1.9115832497136622,0.25207164023523737,0.9920368250013111,0.6473716801274235,1.6229709224381998,4.21157683487905,0.11826367755164771,0.29241153852931506,0.15145394172996662,0.397630891128882,0.31313489895400815,1.2314567408972832,0.07100291786482249,2.7427983850933413,0.9486565751372903,0.3750381231340973,0.24333731313699422,2.721235488622322,0.026951149866176187,2.2094825366835167,0.6928782149666513,0.014135768210990806,1.9980366202679478,0.5647397044181417,1.5003185396125482,0.32304792028351087,1.1048748321517483,0.12541986886554854,3.49957725255688,0.0998863464353578,54.10896833945372,1.435418210739845,1.0905720827743641,1.2334341672035292,0.4011771313384997,0.03343184508774174,0.28043762467459676,41.230671219262,1.8260167656978814,2.2532851457060548,1.4115893056831441,0.09974607803910655,2.1925192902407296,1.2294409862197282,1.4169832901739852,0.47672457429550275,3.580930187172255,0.7723751078681997,2.9700022490255784,1.583662267936113,0.14318683064353574,0.6454605007319265,1.4932958465897919,9.97009633511978,0.0007002608758384573,39.506525626716844,1.219073444602661,0.5998924786767498,0.29925699300177216,2.495391912409897,0.2990060054203051,1.6916276403982224,0.3984864324241746,1.0025086599882116,0.4997246094123307,2.9909617512820965,15.064954154148309,1.0530191523436065,15.938298350615975,0.3990758294195734,15.052416222378945,0.08015394533423793,8.03564361714099,9.957624943806964,1353.7180515094028,9.957641141584357,179.70599148424594,0.45112800945678894,70330.09102012998,349.1230808060522,0.49850971466425303,0.06859054439476263,49.81307375630736,9.98263789059596,996.8388950689632,0.49805727267705324,0.501683128726615,995.6134174485184,5.001802497416145,72.13872276843065,83838.44229903106,2107.808633522143,149751.0982728617
16.053367235803854,2.7581856396109923,2.056025053262941,0.0971015009066055,0.3511289186641264,1.9124826562766104,0.25169428258455984,0.9858486325590086,0.6451929865541582,1.6259478466413455,4.201562513533647,0.11850448338390762,0.2944648184978362,0.15145838424812427,0.39775336223025237,0.312644404836458,1.229982880470908,0.07112191814065902,2.735833823877371,0.9488878448696887,0.3749078206327143,0.242378998803046,2.721151697047395,0.026823345432141345,2.2096171935173414,0.6883869669754032,0.014097258356465324,1.9976392952146431,0.5644492128521884,1.4957810534452745,0.3232527496542807,1.101041292273882,0.12603039708723893,3.4781408275796384,0.09977103191378023,54.10793960938314,1.4340033881242036,1.0864284919715614,1.2350309724974997,0.4012767148123474,0.03337004825159822,0.28099734689610306,41.51369120327002,1.825611863128402,2.2408051765029775,1.406117017490378,0.09991303931680892,2.1845607209682623,1.2251899392043852,1.4118160860582192,0.4750354988948042,3.567648633203888,0.7706651413713334,2.9669480456115127,1.5881403528424456,0.1434183006878627,0.6465119196594799,1.4961785194919932,10.03595087989892,0.0007027423044608931,39.72241089846684,1.225882570351022,0.5984770549343568,0.2967155432116648,2.5085860787970886,0.29997279197759863,1.6973897159447309,0.39822093132596365,0.9956462447882105,0.49795358225340947,2.9905092756166693,15.070560138633532,1.0477047434916527,16.05072756807236,0.3980776551215978,14.97327225916473,0.08032495394638882,7.974803262630519,9.978402352041346,1354.4079509031262,9.962139168645207,179.1957297433903,0.4520968953974425,70115.18095208184,351.42392292427047,0.49813557955700677,0.06820860134014094,49.97999037907996,10.017515321742877,997.9324791112659,0.5019231687552002,0.5014057200181162,1000.5155789085853,4.9979605591719825,72.08607063077461,84406.0858690967,2097.3157037158694,150528.9620438413
15.998304445385239,2.7619719597197623,2.059338619120339,0.09674385675002957,0.3495956834151911,1.9105008671930033,0.252099780630081,0.9931916943317853,0.6456743538385384,1.6319964678420271,4.228633333188285,0.11858609560868903,0.29156455063507064,0.15271830227000563,0.39450395171000996,0.3121152856776844,1.2268803486541864,0.07087532485447497,2.7173608259534205,0.945519393812778,0.37525016438082814,0.2440099254524536,2.7122663607195934,0.026956008415314762,2.223907537069639,0.6892567895225342,0.014031476970667254,1.992140415265324,0.5617685036823488,1.5036061828396525,0.321191000139936,1.1021815059158029,0.1264115107623077,3.504196806417978,0.09979348641200769,54.14250475940569,1.4315441463256957,1.0870913817433603,1.2334242293718887,0.39895485045344586,0.03360471437756622,0.2811209452832979,41.51390764072909,1.8264741439499,2.2526403174680354,1.4034679650229194,0.09979774766013166,2.198278632414658,1.2315615650848164,1.41549979471295,0.4744515103847341,3.5801692429179024,0.7727919618047159,2.987808534461199,1.5880522679874676,0.14231736130903927,0.6464493867867357,1.5042953526972422,9.994916083071645,0.0007003236834099811,39.562671008398794,1.2189276332959975,0.5979791725620687,0.29713749732930067,2.508659237333086,0.2995874171333345,1.7053502964897478,0.39989559945619113,0.9957077777590577,0.49930763594303096,2.9897482036383303,15.02903646219395,1.0543196374915835,16.042092090258134,0.40111375043458414,15.054279982004065,0.08022133172062552,8.005485860192534,10.021427628946,1348.8653891775957,9.95707879758988,180.37004363162063,0.4509974743384056,69988.10298841487,352.46274476499383,0.49776255716319745,0.06856139598902207,50.23423919431366,9.980914977769999,1004.1246541810838,0.5016321812661523,0.5012205473263561,1004.5379156780784,5.00770285374042,71.99631406970332,84358.94274526973,2103.143890833755,149737.3307601193
15.933159300005045,2.7466452359062856,2.0562154986989563,0.09763296358618534,0.35166303101150564,1.9043946441353363,0.25218000804017937,0.9907499067678383,0.6459007880887186,1.6313305397051414,4.204222315577379,0.11852203959444003,0.2922827424466613,0.15250914101717267,0.39757154828811836,0.31273592143726253,1.2264905305180405,0.07063034130040345,2.7428615177273237,0.9439788595468285,0.37456024301108753,0.24416292445453855,2.7175038483805682,0.026966277255935193,2.212456612297435,0.6899236779375322,0.01414804752695032,1.9965774140241843,0.5602733400441691,1.489678851406989,0.3223945868012516,1.0977319134130998,0.12645822725786696,3.4824447812279082,0.0996515758121845,54.15822725372152,1.4366463112752392,1.0890112090141941,1.2352691441419341,0.39864733432499516,0.03348671418809005,0.27986957400693674,41.38121839056692,1.825299439577192,2.2577608765575015,1.4030087179591746,0.09988950339669986,2.2008201042477626,1.2310985740303249,1.4071263626087411,0.47447272273519836,3.5736477821294894,0.7695965079112344,2.9783457016810306,1.5901091265526397,0.14294924359028502,0.6441037721311198,1.4929198342548777,9.955442689647725,0.0006990980078124559,39.83274481269121,1.2235481541014992,0.5976609218514694,0.29798459625705515,2.5026146817744537,0.2999435677285053,1.7033586328286439,0.40198905263235807,0.9959647412993717,0.500077670157285,3.0003711438888767,15.009356819659601,1.046503158287821,16.022137246558273,0.3981773636903551,15.036168523039773,0.08013052762051208,7.986433893473013,10.048898936110005,1354.438508166061,10.003953563504401,180.88291873788407,0.4514854078967772,69927.92521474548,351.1895043419194,0.5004042881834148,0.06850461449745614,50.22037829578871,9.999203191330583,995.7738146368381,0.49989665680262674,0.5014389719345757,998.5860877479355,4.9763552452960464,71.85833511977278,84364.39028993381,2096.2854984612077,149813.94721303385
15.941300933600134,2.749338036272608,2.0426510265813276,0.09681998393970943,0.3506922957717497,1.9034678303429668,0.25113008540235127,0.9909159398371145,0.6450424878989467,1.622387779849443,4.207113887922673,0.11784081267020496,0.2931307348483449,0.15275009661828115,0.3957414377242621,0.31223730213766643,1.235156696602002,0.07078809080493914,2.737674590348119,0.948461226040737,0.3765158992518169,0.2440509809298735,2.6964690721214093,0.02700785283020878,2.2199487628363865,0.6907366741477666,0.014092958174046712,1.9952183725870465,0.5595609604084572,1.5036635318709644,0.3223988813842046,1.10410817811208,0.12573641843664915,3.482252163327038,0.0998357844447073,53.76500270922123,1.4299709812014,1.0917419456176423,1.2346255708610487,0.39998040181584793,0.03344933542605172,0.28101350766235733,41.43646364144698,1.823344506419873,2.2508010005812076,1.4033272491689144,0.0995760465173473,2.2003756721803653,1.2330286941301383,1.416320281270291,0.4742377466048369,3.5812511891756156,0.7686290297769672,2.9921862643941117,1.5866249607923408,0.1432771501645362,0.6419073579022989,1.4940787717661501,9.965563456430633,0.0007002061868663131,39.81671388487404,1.2260912126471093,0.6007360982629666,0.2981001385249045,2.507172064761629,0.29869123260766367,1.7052597530008808,0.40103351816396726,1.0002954152610495,0.497614934878732,2.99106590941574,14.980456889910645,1.0546328333722539,16.022158211870405,0.40004037045299534,14.998263963060872,0.08022398058529531,7.985890419117168,9.959452480378514,1352.3900846551617,9.98290160079039,179.68606710656715,0.4497962185624236,70001.4455911343,352.34962766633424,0.5017348521108624,0.06873590441838556,50.23227439796533,9.981445534521354,998.8059795868078,0.5009912899515003,0.4975792295127662,1004.9388888538878,4.975542154103306,72.02266986607367,84353.06421984811,2113.7177797824556,150216.20448116714
16.015515007952544,2.7445098807266333,2.0518638885967215,0.09744270987062847,0.35005457087634306,1.9153410341972839,0.25091542487812296,0.988370236764896,0.6509795942927349,1.6271221439329695,4.215130108206436,0.11802346401404683,0.2942793083590355,0.1514874132521372,0.39520557687405866,0.31313061719294427,1.2320442913007104,0.07083047894735368,2.7271307807013594,0.9471592703050343,0.37763530928719446,0.24341571371901713,2.72162856627185,0.02702701806326397,2.2210435777354913,0.6907582337220959,0.014122047454999018,2.006783380057597,0.5628939830248474,1.491231271910071,0.3234246249527644,1.10177027794299,0.1264660957624548,3.487373347327791,0.09997471635789063,54.01181245975271,1.433952577004548,1.082417846177505,1.2288603168523702,0.4010794255211753,0.03366489903659901,0.27932918036050786,41.29265412533814,1.8193602441906491,2.2437661882897864,1.403329602999663,0.10003954302410534,2.1932718295379687,1.2289675633502768,1.4081652809236054,0.4773066501608525,3.579195521131282,0.772295134789961,2.9736577903314347,1.5952499932238422,0.14346289055555583,0.6425040016620931,1.5023378242821255,10.018201497668734,0.000699598308702606,39.788635928949766,1.2176440001866031,0.5999056310347056,0.29946065208337275,2.491966891791325,0.2989433481660517,1.6939173776857472,0.40199243708733823,0.9965991327659359,0.4984511961841597,3.0058435975622224,15.038924493720733,1.0502841437073946,16.077227059066818,0.39815563552128497,15.018123130357315,0.0800851754555213,7.985699582982912,10.039944047007783,1350.7139030324188,9.97463402681582,179.25904532916132,0.4482320350209218,70460.85361161722,349.9939083544168,0.5020350265080586,0.06814016064961852,50.241967628504966,10.033334907086232,996.1622874159701,0.4979302825140817,0.5015171859121076,995.7806625528967,4.988109049283738,72.21689986267207,84554.22720419863,2110.634075826345,150584.8392311293
16.009582130085988,2.7576893069563617,2.0468058197340326,0.0974772280750641,0.3506290931759856,1.9114292542158877,0.2532405993281192,0.9897008172962609,0.6487727220994572,1.6301614626958802,4.199917527396147,0.11779983126754072,0.2944028423001108,0.15183600789618235,0.3967104488190495,0.3122093434626464,1.2347946048432568,0.0709824445752686,2.7185517833837958,0.9466295889412393,0.37679679492076934,0.24217709704346843,2.7100932018202695,0.026850979874000466,2.210337543901416,0.6934303080060864,0.014160540408530787,2.0049505230861664,0.5603197651941239,1.5043132371180343,0.3224211511511506,1.1051268298165402,0.12542364942318776,3.4786041280349975,0.10017724688521157,54.12951058227862,1.425363685642937,1.085011857864725,1.2310845811775557,0.4019986440806249,0.03360038780407233,0.28188894072060494,41.462437688070004,1.826868157126133,2.2501585132271336,1.4047006367526849,0.1002095574192315,2.1922223008005575,1.2298198057886127,1.4068273719088005,0.4763499643079136,3.59147068091471,0.7689542293312502,2.992747443475918,1.587928892940461,0.14243881436758227,0.6418524426867681,1.4999177320561337,9.957986299335113,0.0007015288878080933,39.79709403538218,1.2206035136588826,0.6023600907178812,0.29935377367090377,2.4986895271927665,0.2987673815046693,1.6954314898639151,0.400630464174854,0.999057843830498,0.5009250469707481,3.0050020555845833,15.015805220491757,1.0464072419524393,15.965746447369138,0.39951144650618325,15.04866269848974,0.08014577826941077,8.01159474128022,10.017213734471097,1350.0432280995938,9.953963171546805,179.46201723749812,0.4483813597011018,69876.00413900478,350.236597714779,0.5014386509584817,0.06813675015369237,49.80571125854096,9.962426401919151,997.6982169125644,0.4985110356902381,0.49756980558236796,997.7650231358434,5.024814723232805,71.88227023885626,83967.84834341548,2104.90977821581,149594.05269637422
16.009543232211314,2.7472680357760226,2.0581352470247283,0.09761593752287126,0.35074571440309327,1.9045697601318385,0.25193422434064106,0.9880736893537033,0.6499328379998319,1.6223255379792052,4.216840900331917,0.11779140765485006,0.2929443434265737,0.15173095235635936,0.3954645685079431,0.3125440114330337,1.2311745803011858,0.07061881518595195,2.7175413072484305,0.9513750867574069,0.37597107312290445,0.2432885144449255,2.709688330283773,0.026931994915664993,2.222818788873928,0.6866537797036053,0.014104689535440543,2.000042159378081,0.5597284944415445,1.5006808514591148,0.3211494671699309,1.0950997788252939,0.12638198030734507,3.5027430981207988,0.09974069475631503,54.01110578818793,1.4229207946390936,1.0894039000476154,1.2295672914543199,0.40116993242587323,0.03346416638084309,0.28028196956715085,41.5310508598194,1.8116033699020562,2.2429612122047193,1.408761017051315,0.10009633816139143,2.179161964037263,1.2309243166444086,1.4082867448088365,0.4756175097075747,3.594569663457294,0.7695447144895248,2.981626443570327,1.5894083597040365,0.14245448646459258,0.6458876476410913,1.5057779358086067,10.031146658128346,0.0007031331760204645,39.6673137158618,1.2218583254171331,0.5980100496299287,0.2994208882011171,2.5020138512468493,0.2992849893243026,1.7051913627322708,0.40034596446883425,1.0044967498196882,0.5013498868952432,3.0113179446963354,15.0069975013313,1.0501817384661272,16.041172235393706,0.39842005590198143,14.933104738722534,0.08038696179685709,8.033303642296541,10.045566094124489,1344.0919148572013,9.976930141191005,180.7227762825492,0.44815265809594257,70147.91576928791,350.31313897066326,0.501899252392503,0.06841236407451862,49.89518709110345,10.0024301175788,996.1244620561217,0.5011560136627823,0.5005916877722996,1001.0070878106092,4.99689221765042,71.85185579022767,83845.00270147427,2114.4100342118954,149874.83088233834
15.99934747263182,2.74658358575681,2.06000148568881,0.09748787919432136,0.3485851607867348,1.9120661437359086,0.2519612791256041,0.9929041851486743,0.6512226077587763,1.6339821998718191,4.22536350335589,0.11800310989277986,0.2926296421117576,0.15221778511588815,0.3969876969183949,0.3111499058715966,1.2300416660022753,0.07052656401864793,2.722256431802523,0.9516200222785577,0.37466419225469155,0.24375657625187938,2.706547344642157,0.026943987250021277,2.2291092454504615,0.6919382008925709,0.01414595769789158,1.9952229814020668,0.561222611272384,1.5004848965474786,0.3228926953689205,1.1031905749436095,0.12630253605656938,3.480633629132365,0.09978908664015593,54.148304307177774,1.4307702034589582,1.089765875861885,1.2312201068585806,0.40169800746098727,0.03362354190906226,0.28003017903933525,41.54923125044254,1.8163607163298017,2.24867206015719,1.4149523934514765,0.099824019075339,2.1854179050083062,1.2320744792475697,1.417045436710037,0.4732475206601844,3.5871979711454056,0.7702075564868701,2.977336401211199,1.593972754120354,0.14307841595105575,0.6459179037933865,1.5036578091712363,10.048511898393462,0.0007021760609397103,39.508106159619665,1.2234108674056383,0.6008982193212477,0.2967775752436763,2.5026372307129523,0.30075241080170256,1.6948523067251546,0.3997396465918943,1.000424862882439,0.49956576359297916,3.0112801440885377,14.950335480813536,1.052851333301847,16.04449459080609,0.39979211984357066,15.005921698785148,0.07972284995945036,7.975612605769652,10.003166481210211,1346.283190569602,10.030646538462857,180.20919255008764,0.44800460405281983,70082.2550033732,352.1276090653917,0.49888722024016807,0.06855028703590443,49.79690006899802,10.043053365394936,999.4934568133378,0.4999578281779587,0.5003491506561458,998.6343233960013,5.011264265060088,71.65050016730854,83926.53883582642,2098.449680315693,150203.0102758992
16.06249613033207,2.738000092890737,2.057225401299435,0.09751056721507145,0.3485181898175669,1.9031856628941772,0.2516221142170608,0.9861852291821154,0.6496736941554512,1.630066329814361,4.206243190008863,0.11826543819780652,0.29239318344307824,0.15256472775097427,0.396609708285176,0.31152109657358107,1.2304904340909548,0.07062968952107483,2.7432399742227935,0.9473895290165696,0.377491870814097,0.2441615897111774,2.7109699756652925,0.026961868808356094,2.221603878670095,0.6871818166661869,0.014163790945419046,1.9991327290203051,0.5642146347544158,1.4993294120287002,0.32072871466912983,1.0990875826806294,0.12561676867491672,3.4784781092706156,0.1002150887436834,53.656633775165,1.4366658101351835,1.086455667096534,1.2298740194770224,0.3991977155838846,0.03336118138439216,0.2809476971981607,41.3257438869314,1.8222581216120084,2.2512548206756655,1.4060084429400124,0.09996165392240763,2.185796579905632,1.2267986061990819,1.4138028314660862,0.4726815563119962,3.5717260063387792,0.7702393597642743,2.9792891504552275,1.596998628698021,0.14349143019819785,0.6456203209190923,1.5002111719990552,9.992890673238414,0.0006967559869800516,39.807637961456685,1.2191546974307776,0.5989258043503358,0.2983177704522339,2.5063534454724934,0.30006915396159817,1.6940429139830815,0.4016865858828162,0.9961284948992638,0.5023478581574836,2.99827431305792,15.066993479133938,1.054353822477248,15.985002762478441,0.4012001011621016,14.938465879774014,0.07966618741541744,7.988476528297708,10.010978510014317,1343.375834442563,10.001517512500975,180.85616442674734,0.4516130044287009,69994.24253035452,350.968484864984,0.4983570438455834,0.06823806994079629,50.21150041923863,10.0497778134761,997.4256098811785,0.49856033936503935,0.49941929662170786,999.4585642235204,4.979462433381545,71.74635023803492,84147.69629017009,2099.4306029577992,150517.4021542176
16.04024744994285,2.7509993068492196,2.048618901040902,0.09752172014472399,0.3488309837025088,1.9173991081043678,0.2508636750060888,0.9941916051717093,0.6456594891393219,1.6350872144178055,4.189709697800399,0.11837179224108192,0.2932463273652998,0.15126893206140676,0.397085870647716,0.3107568587792681,1.2304908367386054,0.07068105878982951,2.7370752935334344,0.9513485404994565,0.37586568039577084,0.24362679471894336,2.7212905356690436,0.02695089494458059,2.2160481887912904,0.6897468533489343,0.014061929681358889,1.9991681667921841,0.5605719044923032,1.501599528381116,0.32235393411578944,1.1014657058429143,0.12550893174347327,3.472600964733448,0.10028918663489755,53.932807388719105,1.436171213260233,1.0874047905278168,1.22649054584907,0.40079390634102535,0.03356732929840477,0.27948045001987865,41.47015210640118,1.8147680136499444,2.2444767138551818,1.4033929472172064,0.10012737222277286,2.1950748737168944,1.2266850474567512,1.414124798943358,0.47624464860916804,3.5767696302524663,0.7666753337489832,2.9734495227586857,1.5846803234679727,0.14365611007909185,0.6460462730613167,1.4936756470713632,10.001346002924274,0.00069836820430703,39.49434441307806,1.2178320755048477,0.597765511762884,0.2971737414225203,2.495663511548213,0.2997266713504435,1.6994635217042862,0.4000807890854655,0.9987000076444331,0.4999917479547961,2.9975357537825587,15.069665846639541,1.0454602291412531,16.01375221447177,0.3987745886855223,14.981315677988192,0.08003717264790952,8.020784755793814,10.047773111178866,1349.9138924525794,9.975697911597102,180.52483539264063,0.4487470760243132,70187.50274057587,352.086505930063,0.4995189925448038,0.06843897279237729,49.80977500953687,9.955596777347292,1004.8628247073322,0.4983944784605397,0.4991777451847762,1000.0468488717418,4.9937235804098705,71.7100841232174,83955.768352876,2104.8620734093647,149908.20236371813
16.04771101500409,2.7448241688244654,2.0590264599646493,0.09698889166714995,0.34940954530219953,1.9185818845886686,0.2528580181117069,0.9881879828622446,0.6473214447983355,1.6355788424877005,4.192574365180403,0.11775771804704736,0.2930924593667372,0.15249993434887626,0.3962558820291187,0.31196811000341185,1.2356840460944338,0.07052841855905885,2.737645799771118,0.94446429044934,0.37687543117328676,0.24310470777310741,2.7036219123118825,0.026911657676468033,2.2284230371325755,0.6898080673371917,0.014030427577786653,1.991132112161325,0.5627454198132481,1.4996636354819537,0.32168371513859595,1.0971705842585366,0.12627211790117693,3.483165224991444,0.09957401158583763,53.861271041846464,1.430559681910767,1.0920613850270053,1.231134327067854,0.3988332805845196,0.033611284850971444,0.28011468995099675,41.58009524018159,1.8168206832534741,2.259214153997797,1.4153432509512802,0.1003639927475497,2.1799125376398676,1.2343034006119078,1.4131203316772192,0.4742129168128977,3.579645523670695,0.7710773458093645,2.9932174019520246,1.594453343355014,0.14289775606148208,0.6449365093494387,1.4952880631316572,9.992394239573288,0.0007020391093331174,39.72229479871192,1.2234556396015883,0.6000589004128333,0.29764282743419856,2.5060635094521984,0.29878126457543985,1.7081363161819043,0.4017934950960161,1.0038036860620285,0.5019213904942482,3.000331683615043,14.99969185806808,1.0533608628005742,15.965321041952128,0.401399655117624,14.955132031785569,0.08030328581686234,8.003286817582852,10.03432110276584,1349.9074275781813,10.010843218606151,180.7682150343133,0.4496319551353864,69985.69139285469,349.4348727135665,0.500449895318281,0.06847598222231258,50.06035255467057,9.95371661207581,995.274154869054,0.5019770851002646,0.5009775099161268,996.1331720798664,4.978731839687064,71.75653705014582,84469.45954229908,2109.695960884003,150207.97978348713
16.02252652593711,2.7598690313309975,2.046585904136444,0.09702720758019852,0.34973899390385177,1.9193528118309724,0.2521383453353583,0.9904643212369642,0.6500061677358779,1.6247524513404414,4.206017382444526,0.11816680763930681,0.29442988913147156,0.1514747937869811,0.39581002604969795,0.31326541522256723,1.232774032141264,0.07088055640793399,2.7233690583103463,0.945034757760141,0.37552703822367894,0.24240491221245153,2.718359696859097,0.026959369222076368,2.2274413982836325,0.687730467943861,0.014073205679530128,2.0053710292594933,0.5601091421010737,1.4916947077051197,0.3216234495953317,1.0965508057674629,0.1254694173491294,3.4834658309069693,0.10037559951503983,53.67092690182961,1.430945303226341,1.0876848522181477,1.230379338897742,0.4000220348920602,0.033338274217369575,0.2794296954884952,41.39463858253817,1.8285232287633775,2.2479294550613793,1.4096098073511574,0.10048206311533658,2.1961125835790423,1.233322351119547,1.4100667698032605,0.47689008510269204,3.5829061117330716,0.7712065694094635,2.9885691545047077,1.5885146995936705,0.14364817650689674,0.6471427665795481,1.50130706748083,9.972205538725822,0.000701924314121278,39.609424597860844,1.2209406627193842,0.5975202211227499,0.2989160243009898,2.511477173971767,0.2987826645739009,1.7039371840275965,0.4014433554542589,0.996095062194155,0.4987339823478174,2.9967561374416514,15.050514049756016,1.049931028287782,15.941914128406662,0.39902548423614836,14.99510667613051,0.07963141139692419,8.010479765517537,9.952532189641472,1353.7917631476812,10.023385093750548,180.65779198555077,0.4484597073322642,70253.99635275417,351.8560414825308,0.5000787439029518,0.06814747015967679,49.79946280833856,10.010589740794124,999.976076082739,0.5021478006836607,0.5016692038551163,1002.237491916538,5.024119838027366,72.14011969213671,83867.72458167536,2096.107700676531,150473.8037901149
15.977712573376492,2.7616678041304645,2.0421740724185553,0.09690722097560105,0.350956086247585,1.9166367618370053,0.25292533478760026,0.9860314787259895,0.6472340789201253,1.6323860975555817,4.2276312954622925,0.11769203773662928,0.2932940046485975,0.15145814932908172,0.3969792236972316,0.31083787630480897,1.2361497846078393,0.07051132496497871,2.735059704359838,0.950626328147883,0.37509004158579695,0.24240423366643846,2.7126055850983604,0.02693509766333271,2.2248956766708807,0.6905540285150052,0.01405409981512983,2.0084828694930854,0.5601263570555096,1.4979766206200271,0.32335240915980934,1.1045426655059647,0.1255815621582614,3.48087723408101,0.10010185057705952,53.82221529196242,1.4333016303245394,1.0872435349685532,1.2271229076881136,0.39964415167044937,0.03356402220881121,0.2815003917952484,41.33601129382084,1.812810733977235,2.2466987326628085,1.4118396371461976,0.1002598321608464,2.1983145373261275,1.2356818851517797,1.410414034860369,0.47680598535496654,3.5714823930309976,0.7704593182010754,2.981173670790761,1.5942722368447222,0.1433905656747882,0.6426176086515999,1.5057879215110463,10.039149298333186,0.0007031376906802937,39.663193269147705,1.2259464547545884,0.6017094679845857,0.2984564983989962,2.4983064492576044,0.3010272936624247,1.7044903384345724,0.40034223306096195,1.0049714588700673,0.4987473068279703,3.004252622738598,14.97316907483275,1.0495573540235859,15.974231439063017,0.39933822082101433,14.981523916271035,0.079645343661176,7.963188886667837,10.02249222621743,1347.4472654650078,9.952121461082347,179.24666608183813,0.4486313215855622,69864.92632568142,352.4353966960773,0.5003418044007966,0.06832751266893085,50.01635611692634,9.961282010085911,1002.0184558001089,0.502347952471163,0.49815328567789574,996.5260012259079,5.006433169241772,71.74938954769404,83896.09531351301,2108.588684359851,150177.98620107683
15.954837921729062,2.7588874210927403,2.041907642329072,0.09703726280207346,0.3508360367533127,1.9121755131150566,0.2522521788019469,0.9918441138765767,0.648949078456955,1.6361006130585816,4.212895105332697,0.11788351568918665,0.29377964172868376,0.15163404433563224,0.3970279844615773,0.311313550014282,1.229758683328947,0.07096934886931434,2.733485097465528,0.944072332149406,0.3757990643850913,0.24375780901072278,2.7234623307512598,0.026891068657086424,2.2108075510407232,0.689076681401725,0.01409857914266809,1.9914685705659474,0.5640471354859038,1.4975807028404597,0.3217298922237612,1.098869029550721,0.12540566875642412,3.49065875918687,0.09997557608165117,53.8269167420707,1.4322690852742535,1.0860329205049766,1.230882697247216,0.40154016969916145,0.033454402044807555,0.2804134722180057,41.541447653707344,1.8174173095303288,2.2486356652290453,1.4142414523352513,0.10009186690239143,2.1995021000880683,1.2296391541641183,1.40970427235816,0.47282890976090325,3.569163453259093,0.7703079947335988,2.9706758969817404,1.5892619759913484,0.1426901435675824,0.6409140378497761,1.4996266414130837,10.014626998225378,0.0006988676358752442,39.78972589833479,1.215681857955694,0.5975477504125326,0.2992958276522572,2.510541413692675,0.2997196327455157,1.6986388420968141,0.4014041423191893,1.0003052111804596,0.498085568941336,2.9884462032815398,14.944669610746454,1.0529480346455233,16.016303402494948,0.3991990647644363,14.949311013060488,0.0796987708165072,8.019311000702745,10.038586256960908,1350.4195582200616,10.027271009718508,179.60963112898494,0.4503854870705433,70138.51442419467,349.423342612103,0.49993683387237375,0.06863720213631529,49.775891258913,9.997710597697115,1003.7326307606103,0.5014503596473832,0.49996724989833324,996.7134463926368,5.017426309814574,71.75025689929532,84023.05849079041,2097.0909927800694,149938.51367164185
16.02067166847562,2.7589957535521075,2.0492074209718276,0.0976575401039808,0.35033549945609327,1.9119942316737535,0.25118172583465836,0.986932148741749,0.6484965374979011,1.633600334281213,4.197568151549972,0.11798114085967724,0.2925786661796329,0.15190692090924432,0.3948996385145408,0.3108790553357809,1.2277921626573625,0.0710611930001221,2.738332663234589,0.9442236811875965,0.37445016000617415,0.24298287148603026,2.7039670576779797,0.026987001538858028,2.2196932221866628,0.6924336834091178,0.014044756033428574,2.0094015415345687,0.5635011095424752,1.5004711921490985,0.32341749603916603,1.099673330142477,0.12555760003171793,3.4898918360298534,0.10031522383941056,54.10382960917837,1.429836203590478,1.0895251251332945,1.226887518212942,0.3989221881676395,0.03352889695004833,0.2804803555307026,41.249709592259805,1.8247567973694765,2.2507233175738337,1.4102875315345733,0.09968930951967969,2.1843309799342236,1.2323703069779066,1.414961833463269,0.47346675769736796,3.591181976818751,0.7722183327850741,2.9893843721935447,1.5912997266408802,0.14278813408672777,0.6457453747352266,1.4996991813235805,9.972186408140525,0.0006993167073211003,39.66322204262004,1.2200652108640586,0.6023853814524526,0.29773527173747727,2.4946202704260254,0.30138704387307386,1.6956131192458284,0.39804446516296843,1.0034982101812122,0.5022722288538407,3.005463958424188,14.986147448128818,1.0504594241945402,16.053120251375464,0.4015413613197864,14.940378883006638,0.08029439737379279,8.009387985297305,9.9532278552136,1344.7145569847003,9.954553421371369,180.80740543065377,0.44966933056200004,70333.32336204864,349.1216756355874,0.5014658598328776,0.0683877122049223,50.211801334881336,10.002089749125517,1002.8880014922403,0.5006473334568016,0.500102692363198,1004.4824418886849,4.9997799611062685,72.28251962278141,83820.32633311287,2108.313666692494,150617.4923688512
16.063884052717803,2.7495889748388973,2.049427991902378,0.09750181905845377,0.3494225555978717,1.9183497832204897,0.2513717239837967,0.9857865384903999,0.6497620672129312,1.6284470053648494,4.203928227216516,0.1177886737466399,0.29440769574616504,0.1521089485126713,0.39794798119269115,0.3115119726836316,1.2289418216355217,0.07059592799026093,2.7280989403760683,0.9438478106507262,0.374122097523268,0.24288596854693598,2.716667248356465,0.02688307052977829,2.220399719861428,0.689624749679402,0.0141037794034689,2.0055120809549933,0.5637072789532758,1.5020607289143755,0.32107402430398413,1.099536289019783,0.12641706717721649,3.5054215777937174,0.10004298338240412,53.906226288140715,1.4337837052274083,1.0923447171888594,1.2290889660397213,0.39866039871293935,0.03361199277836412,0.2812906635602033,41.24309686202885,1.8167878692006325,2.2511975263251753,1.413263664400609,0.10028064658355507,2.1824605169992752,1.2265160332479759,1.4134421274533928,0.47317653377067687,3.5799341365534993,0.7703541395888159,2.9752127655043434,1.5947117458046174,0.14236424460936645,0.6457867425463883,1.5021904912247246,10.000721757567339,0.0007026066088823501,39.561851386611735,1.223669443228517,0.5981266472445692,0.29946152936972453,2.4883191192472456,0.30015959177753415,1.6943562858417622,0.39963190026589346,0.9964794667017456,0.4984691272589527,2.9868294152617945,14.926200531791077,1.05230271180412,15.992553685239386,0.3981823687407125,15.065845472832581,0.08013248811637003,7.981141850562679,9.99386951471201,1349.855100219226,10.006992781477086,180.6434104998052,0.45040455127230367,70517.97958592266,351.6658050516154,0.5024425859913539,0.06843471241947312,50.08922459423154,10.023789857206465,1002.5474703456898,0.49762214814168143,0.49813737160367577,997.2772238602909,4.98857472454382,72.29186509629263,84398.45640051836,2097.491077901748,149889.5325496216
15.958899447220652,2.7590712502806967,2.0585648382134005,0.0968736900129828,0.34970799773692124,1.9186491864183353,0.2523958653955828,0.9936441589965949,0.6470778553769069,1.6252681485696558,4.218053886990017,0.1175721630751554,0.2939959125574079,0.15238735247842022,0.39522743027470614,0.31199597994152317,1.2336800849653182,0.07110791650639886,2.725963981537721,0.9507491224382921,0.37485119622491453,0.24398060253822332,2.715047375276418,0.02680658687709887,2.2253242020597406,0.6915459979317511,0.01413416394142531,1.9968975483484936,0.5633476774045888,1.5018887537504466,0.3215077550887223,1.0967875343323914,0.12648872870108108,3.494212222867843,0.09996038716904494,54.114719939692236,1.4247948807031674,1.0903760546657089,1.2298871016933646,0.39817009704607215,0.03365832524970231,0.281480533346896,41.271937435493406,1.827711259556023,2.2597952750697545,1.4142365649613606,0.09962717043314208,2.183131751197811,1.2331246050993223,1.4158346613635278,0.47364633615499846,3.578597636501005,0.7673419134895549,2.9793446337163543,1.592266213167552,0.14231153349042538,0.6449204511145112,1.502096248915286,9.995500848686563,0.0007027678158381594,39.535096186151954,1.2145260043315353,0.5999749869598479,0.29809844286984466,2.494167229656092,0.30138488311996103,1.6958133630797134,0.39908064731493254,1.003109864548212,0.5021141183791438,3.0010841923801452,14.927858098041984,1.0484820662668366,15.955830372578532,0.40004407218933863,15.027385768390316,0.07991394902832641,8.002988798458073,10.025986031441223,1346.5729846143877,9.969596789826376,180.55014290428892,0.44791660630728375,69936.78169437975,349.15900611280347,0.5002769239672795,0.06846845864055623,50.015515347184746,9.991426902931028,1000.2902912341847,0.4984696890075798,0.5016312136241807,1004.8077300370626,5.002031144132303,71.90953598758924,84456.71314344164,2098.539164149322,149731.16034914376
16.07039689334965,2.7413730897469932,2.04204836934565,0.09724505579216647,0.35030596067838965,1.9118555669866086,0.2511544851371831,0.9921893328001568,0.6463299817090041,1.6373040715804343,4.198546997166381,0.11743042754533907,0.29319878641642,0.1515483287671222,0.39650915234837575,0.31115514568498137,1.2291154376795346,0.07057309619575791,2.7280565500482132,0.9445542128110976,0.3753907786970492,0.24226840382886725,2.718566360752422,0.026961696248486922,2.2126033906392384,0.6871220414124409,0.014033129989447838,1.9945334359226887,0.5618885967969015,1.4955012514570571,0.32351822688227544,1.1032147020971115,0.1254685152202623,3.4780967401504124,0.09952659905187486,53.71496783145136,1.4304206652282159,1.082399142443985,1.2245863757519144,0.39847264601718374,0.03355675357109953,0.27935083825661705,41.58437824287032,1.8178303099959647,2.2463232156230335,1.4096448609589467,0.10001786179461664,2.1882482932183076,1.229831808334016,1.4077402480005647,0.47415453524843626,3.563077886491126,0.7713228641123933,2.983494704991044,1.592684244000218,0.14363070872731287,0.643826665723467,1.5057265565145335,9.994394324685786,0.0006998432981922309,39.732755559029265,1.2165339970725046,0.5983041367353426,0.2980292988957744,2.489215245443007,0.29920997414827194,1.704988006610876,0.3998549337093049,0.9952662193354912,0.49780370709181143,3.0125854613571788,15.068507767251042,1.0514815902971266,15.94959121736668,0.3994723448298101,14.970820058478195,0.08022812505665713,8.002967174810061,10.027965654861468,1348.1168932379023,10.03695114634767,179.87249227451306,0.4496281833077156,70174.34906577294,351.19211884802263,0.5019705592657906,0.06837110479264141,50.215068118606986,9.989366833536689,998.2457269454171,0.49897522803659394,0.4976057600234993,1003.4914394061385,4.978961686888131,71.88071857386284,84000.85716438455,2110.145393254767,150648.88076350634
16.050673565428614,2.7450499540683246,2.049093025542384,0.09695411986333444,0.3514839306696247,1.9027180213746666,0.2531389252282246,0.9931052025914183,0.6493710235771705,1.6344660966033953,4.203236500570576,0.11775914607874038,0.2926525631361132,0.15151605213759953,0.3969755859373766,0.31192213677145875,1.2347454624873324,0.07106789410856801,2.7206048108853036,0.9453343971870274,0.3756640072484858,0.24207371913687084,2.7151336582770065,0.026963913231285518,2.2249139779652696,0.6897944511667246,0.014148393487283292,2.002116914934772,0.5647740981821688,1.5017221101250944,0.32271567338682144,1.0958563308276925,0.1264190760474159,3.483214470326466,0.09991891429554486,53.88992406943879,1.4275877405643953,1.0827437297574072,1.2263021753290269,0.401213865817729,0.03355101049429762,0.2819430560651418,41.522890191576344,1.8182204081140756,2.256439638384593,1.4110776516137298,0.09978630108282498,2.2004044559620524,1.2352704392182556,1.4045319981984736,0.47661225203790225,3.5648811845674153,0.7733019077920436,2.983700148075841,1.5846986576867126,0.14345368528320532,0.6441016350545169,1.4933932481202064,10.029842738479173,0.0007020183673229241,39.672881386910134,1.2228195379312297,0.5972408899740784,0.29745795765850797,2.504330559564025,0.2991918171765741,1.6991569934544122,0.401727787035156,1.0032675177857302,0.5002899827383135,3.002301489925935,15.058050902595442,1.0538121205720785,15.934127477501274,0.3998623095219914,14.953628048035716,0.07966657580567027,7.983391640694199,10.011064380534531,1353.9739993315632,10.041247636952573,179.86132104261873,0.44965045382989993,69938.64570313152,349.79928961256167,0.49801247445350405,0.06872551597368419,49.81379871820772,10.025664245058383,998.1776429016678,0.5001857389973515,0.5018635510605213,1004.3616745147419,4.987011515943292,72.29611397041926,84002.20087553188,2111.4159811153636,149272.87556528774
16.005637036203048,2.756209848883204,2.0569482488624136,0.09753157727757562,0.3492960374169703,1.9167451575410868,0.251555590509939,0.9873642969415619,0.644769546787787,1.6256921586586743,4.193936274481533,0.1182064251910668,0.2919592277493394,0.15212978294697174,0.3945208123285119,0.31263778582252894,1.2273622096702688,0.07066455704243027,2.7338325191026405,0.952161201668772,0.3778484199478382,0.24265315057610679,2.7220954501341774,0.026930214474973273,2.2290236023886236,0.6867421798223139,0.014034177372110558,1.9914914795540817,0.5637106886708679,1.4915802084751295,0.3209586037374801,1.1009393989218488,0.12657638178620687,3.492342225799107,0.10023259580086936,53.74165754144755,1.4359226889600254,1.0821723791699145,1.2273286738022247,0.3998148967653176,0.03340826767183995,0.28115967660521507,41.46400218810302,1.8147558159387998,2.238943303546467,1.403997873196668,0.09950042788502728,2.198878122369392,1.231496488051231,1.4049019373827196,0.47306443638044254,3.5913698961483314,0.7723950048874777,2.992735913278385,1.5845824483519462,0.1430318529070281,0.6415623058051637,1.5044345934716188,9.991248478380715,0.0007013707788960437,39.49362846910915,1.2233907581645198,0.5983769177085028,0.2990215569862638,2.492146462097957,0.3008702917127849,1.6937797974385582,0.40065366895326826,1.0027925872520946,0.49943116425556083,2.992329978417138,14.976679139196523,1.047864212419342,16.021290660856792,0.39817824697792026,14.931215457816307,0.07983021806388338,7.982157868935506,9.967707023817429,1352.9270017789477,9.95237629237688,180.76362258490275,0.45115869071908365,70113.89377449725,352.1293931992251,0.5005907675869682,0.06844803702013401,49.90650893047303,10.016310467361864,996.3969471108451,0.5001244964718917,0.4980805503036982,999.4514694125371,5.005813560485109,71.75196247502808,83976.99414652667,2111.5940751137146,149633.56930085126
15.935288969290955,2.7453439783349523,2.058920368776294,0.09738835664984544,0.350264020120877,1.916502014770607,0.2524036718700803,0.9930803399431769,0.6490183773742142,1.6359374024687836,4.215220744189195,0.11772255234584347,0.29165547615855403,0.1514000867753185,0.396049285311047,0.31347191734745633,1.233191378740564,0.0709950134105062,2.734471388429152,0.9518250674974168,0.37688532704147815,0.24241282308841694,2.7099859699281272,0.026874268266009235,2.2125716761620144,0.6880844017467107,0.01406970710714081,1.9934728732998457,0.5604112732037049,1.503233408614526,0.3214952302504341,1.1036026835854174,0.12545113132985278,3.5068151476967895,0.10026479174128965,54.12926063175938,1.4303705326135878,1.0884624271708376,1.228288074060873,0.3997281248838953,0.03358399884280007,0.27943676197247697,41.198178597721885,1.8268235630686587,2.241225171901113,1.4131165222856918,0.09969954279729752,2.1870699746125655,1.2274606627791222,1.4098637304071724,0.47655164206128725,3.5934441204523484,0.7678597428439929,2.9751619252749526,1.5953569780610939,0.14241317805276776,0.6415328156401673,1.4996937212953223,10.029014435611197,0.0006988518332675941,39.50915058168573,1.2257079840759189,0.6026334679335424,0.29845266622059957,2.504546910327795,0.3013010860540563,1.702445678050479,0.401153649717252,0.9996351586865542,0.4986400129907441,3.009975964553687,15.027657289421704,1.047790402798575,16.019724088185733,0.4012659359285781,14.965551783950657,0.08021452168697753,7.965787471119346,10.012494882414092,1356.7356039402578,10.036637473739894,180.67618449412194,0.4508116071877722,70154.76034988931,351.4917961369858,0.49910596168556065,0.06843609367959456,50.019839955224654,10.00437303509235,999.1198759045186,0.4992640091518065,0.4991517725717698,997.2473085827947,4.996927362246892,71.72477687061755,84549.16909572388,2095.9418439839715,150506.1280721228
15.9585997453383,2.7597135274356424,2.0545154569923176,0.0976091878178667,0.35129581540950244,1.9138407717001564,0.25112223063419153,0.9904855486660659,0.6469620857874929,1.6362881428609386,4.225670819599706,0.11778056419383047,0.29350307976728446,0.15175419293712697,0.39670563436174966,0.3123552776585083,1.2301346598151603,0.07106791145795988,2.723067172253125,0.9508199839775536,0.37671254903837575,0.24246848092354278,2.707877683949955,0.02678406481187071,2.222166201801013,0.692676447527231,0.01404611239769912,1.9926399692001195,0.5618570657108121,1.4937250146577459,0.32128171109475245,1.1015253714752848,0.125886923035605,3.5020281998052374,0.09992890612074358,53.9721450121527,1.428539846717817,1.0843479754142349,1.229647384909418,0.4008819217043638,0.03365169106212629,0.27941486228031703,41.40317317364516,1.8224745813671839,2.2406787118516243,1.414641311437305,0.09977595199865805,2.198210571616476,1.2306470656295274,1.4050943128803155,0.4761362992285406,3.567728780393798,0.771696913979132,2.989184306937804,1.591200913407536,0.14267266219777017,0.6435964551978764,1.500420306824565,10.016578109972281,0.0007009374787678682,39.64048837389106,1.2231496296830178,0.6016284981896131,0.29858506697326725,2.494303867605172,0.299908188860144,1.6988568690364358,0.40126716894377945,1.0030817998093446,0.5018304045231289,2.9919352734412046,15.037268185048106,1.0538891916910949,15.946638518570138,0.39815974824249967,14.940826282268388,0.0800849619013615,7.993731829636446,9.969505136392788,1350.3820982187171,10.028552251427463,180.64047182525454,0.4511327444225797,70452.55960710008,351.23555530848324,0.5016853684039158,0.06834335597117598,50.17623930882884,10.039581318881702,1001.8640806071842,0.4996552315232468,0.49890836956480533,998.2517947294757,4.981617755103672,71.67395649978776,84138.93058079967,2095.373175830997,150570.88204004735
16.023993294435623,2.7594508492712495,2.0488605415453587,0.09693168226125243,0.34926597590127234,1.9167754026039208,0.25104717094083734,0.9919628317584599,0.6462224727718547,1.6276066690466833,4.189078268300073,0.11797532474780946,0.29191107375422104,0.15254666406043954,0.3944070025592659,0.31122114983654964,1.2240320203923822,0.07114895718378195,2.7338612499731596,0.9493611082631163,0.3760709167905461,0.24389437486307225,2.7003574970992825,0.026978777149389364,2.2268181411661336,0.6867992856700612,0.014048207449838904,2.000942978017452,0.559696876344891,1.4937420224065114,0.32168982741416785,1.0962293931464737,0.12625722482700372,3.4898276404504913,0.1001398164408325,53.89614487607911,1.4287485268746856,1.086917269011416,1.2349140316468055,0.39958415531317176,0.033547657969932594,0.2816374327830145,41.4401181784297,1.815014371728253,2.241494092856417,1.4112813675280398,0.1002273952915757,2.1958853435892856,1.232383767028878,1.4029987045704855,0.4763007414005229,3.5837454922816,0.7737589966447226,2.9878847009539156,1.5888902938562541,0.1432518944416101,0.644746626132863,1.497560902172864,10.003352914443537,0.0006979306668563747,39.51645101224278,1.2228428982097737,0.5993047721655346,0.2987620257005507,2.4997084254300157,0.30092936812424015,1.7040733499682617,0.4010565238788868,0.9992933148793776,0.5023058962987333,2.9971576374443414,15.043971563738056,1.0498906824567118,15.957613706176074,0.40051565574681575,14.995366413075958,0.07981125588984357,7.990602534376055,9.965993733766265,1356.5751130990402,10.014318372077986,179.4123807247426,0.451190647512782,70253.50036710173,351.6508654150641,0.500422431867066,0.0680993595780603,49.85161986593363,10.026874433164647,1002.5435033210408,0.5012693766565754,0.4975760735871348,1003.051507913586,4.996956409739123,72.13943624496721,84019.06601787137,2110.6735778050584,150723.4226532158
15.96056620011189,2.757815435111464,2.0521514842870925,0.09697944913405175,0.3492802496534072,1.9144242795318127,0.2514565518660623,0.9855231563151557,0.6504232627430293,1.63144987283544,4.220881739945338,0.11812180401156404,0.2930482202865439,0.15241037321940398,0.39414733906443605,0.3114130858409846,1.231567865324187,0.07111433408393057,2.727096664741145,0.9525057577818935,0.3769598598012568,0.2429632983716711,2.708080192800128,0.026800320037593823,2.2225573099216698,0.686911240305915,0.014089999479884006,1.994754175254516,0.5645643278634882,1.4949530614152529,0.32196539700344984,1.0986304241167772,0.12554288435063216,3.4848551134041283,0.10027899883918412,53.97533658885359,1.4291050345418257,1.0904846031797508,1.2239010296070179,0.40130640320125305,0.033352444420177346,0.28173935324831323,41.5752500701959,1.8258088848843346,2.2391908598376653,1.410369532299436,0.10032879628275145,2.1909858583298765,1.2282772214843622,1.409586805516944,0.4730082960767001,3.579868028485482,0.7663644205748544,2.9842946403453485,1.5882581908239817,0.14255862046214718,0.6408919458830666,1.5063317852134412,10.005631902708387,0.0007010286736995404,39.79084914112147,1.2215444031505935,0.5994786242010784,0.2983802128450382,2.4938129144928753,0.3001840549015611,1.694994984122132,0.40166969122055485,1.0000956767884224,0.4986692014041317,3.004188975776037,14.938547940523659,1.0493071996954122,16.05855433903088,0.40107143401179735,15.030515928880831,0.07997648267411515,7.9957503294316785,9.951130962757201,1351.3505122822476,10.007700833129135,179.10950223772025,0.4483666959260942,69839.81794291845,350.0039789676857,0.49751926560990123,0.06834348057262876,49.988196560666466,9.993708166065979,996.9938920563427,0.5001177961493244,0.5015704731082524,997.9121525056252,4.990628771716165,72.03083460662239,83986.7919114452,2101.5854021938217,149928.65583628358
15.98180838436422,2.7587513883539954,2.057154367991996,0.09710559787761612,0.3498172529245352,1.918726677810453,0.2520077805300416,0.9948810173085594,0.6497029619670158,1.626156985200098,4.198594801209673,0.11759769609585446,0.29389700697777527,0.1517064303041071,0.3966961383404612,0.31212522478657173,1.2340097668257521,0.07097757874301777,2.7180903456350216,0.9464682937371608,0.37607557115764806,0.24373784255677797,2.7158001462767816,0.026913289662729784,2.2268459325595824,0.6895510064851569,0.014037347999923547,2.0074107145723037,0.5621494546376582,1.501616794217839,0.3216525031318108,1.1009740747706742,0.12578717718688323,3.4868441666081442,0.099647398221683,54.040248482921385,1.4268580655757765,1.0848448175401786,1.228206524239461,0.39972850446558883,0.03352551491052716,0.28121313821516913,41.462717887619554,1.818610992669895,2.249592540020576,1.4049285193031773,0.10002150608269827,2.198257541777501,1.2295135335395153,1.4161759916627006,0.47336497181466636,3.5884813586371163,0.7716015146099221,2.985409562816553,1.5925894294698286,0.1423169008312149,0.6455592673032154,1.4999952641218934,10.00241861897,0.0006968561084814784,39.55634963171445,1.2250142842722704,0.5988931700206492,0.29768376305743394,2.4922300879798645,0.30039657234642686,1.7040919148887157,0.40168504736577487,1.0006206361379173,0.4988781534040782,2.987128899445548,14.96491641570438,1.0512428276941448,16.075856570978836,0.3983167912710761,14.983254965713012,0.08013378856753145,8.005965675536398,10.01516926031972,1349.5033143678174,9.976703670543799,179.96895407558293,0.44946691258471594,70328.88919350719,349.71783001424535,0.4999807396648587,0.0687139987903885,50.01589697885325,9.97372094747851,1004.3585029580069,0.4987207869342716,0.5012559006899684,996.0953126007295,5.017604480490267,71.77001370307578,84121.8874719111,2114.8013080434366,150119.0920915591
15.962239349748018,2.736267247146454,2.039889179079292,0.09698089922498032,0.35009399177553985,1.9097114232311394,0.2530631417108407,0.9926145317369275,0.650752286920853,1.6301919844696142,4.207754655951308,0.11807798419060202,0.2926253880369905,0.15156043346683248,0.3973331758115324,0.3125632585407109,1.2278555945343703,0.0707619671171415,2.7225047258892516,0.9485957142571378,0.37546742661836724,0.24391264802144774,2.7107686356863696,0.02687625554154214,2.2255415587579863,0.6927951989042412,0.014144756092765233,1.9998983419039231,0.56119321155411,1.4994270762668187,0.3230203151000415,1.1052650353507014,0.125946136557308,3.495871581014685,0.0997931032532097,53.68760146311798,1.4264687255077588,1.0817225077586974,1.2301159594663065,0.3994926244504477,0.03355972206130392,0.2810236864943289,41.25252991721655,1.8231635530195685,2.242966505054717,1.4030339393339133,0.10047019266295945,2.1796409725303274,1.2280535136434896,1.4119389084974034,0.474384279051503,3.5757472877397425,0.7717150020615058,2.9830441872469837,1.5902922013957965,0.14355243292945377,0.6414762518804796,1.49954651313171,9.973906674252182,0.0006967576549371719,39.87008057302592,1.2228551272925614,0.5982971130959481,0.29770925408036153,2.4931506060938493,0.3005545658579514,1.6974576002144626,0.40167945032746427,0.9970755521915097,0.4992491309216267,3.0129544345813066,15.057702113115312,1.0478282865328221,15.997290988429945,0.40153481993381224,15.025595184101189,0.08010982374506663,8.01284468560747,10.042098113422293,1350.2318468495862,9.968177986056178,179.950902756981,0.4510299973581379,70176.47970427801,350.21479492096046,0.5008316495597691,0.06836595715094225,50.23141013066118,9.985214055091795,1002.1748692362879,0.5002753599495994,0.4978878238669971,999.6975791748526,4.976458187108272,72.20867882623662,84408.50013007072,2095.538274188635,149999.54207039377
16.07384631400916,2.7440775664562405,2.0582882175952113,0.09686086206529373,0.3482731085882282,1.9105829584578167,0.25134289313606756,0.9937543196003412,0.6491270145889345,1.6330463127670767,4.217295104957398,0.11821117005134975,0.29372404652942025,0.15225822923303978,0.39732373009126803,0.31218134106751705,1.2281634651534996,0.0707765277975524,2.7283684163744746,0.9464121597697689,0.3756821601406082,0.24272051780682385,2.6994619016075023,0.02698891856898499,2.2256935392333457,0.688879017251705,0.014162763617507857,2.008987250813269,0.564004764851798,1.4899547113977412,0.3215853219412338,1.0995307022344911,0.12627558251591517,3.4947049504718226,0.10017837861358936,54.05405475138043,1.436412626635688,1.087559895952008,1.2349697223132283,0.40125927554029456,0.03344570462318468,0.2815804730014007,41.231619208069645,1.813789425155147,2.2610785159235935,1.4089945092772893,0.09996061802400281,2.1998775760010996,1.2283006293698095,1.4062912290233005,0.47299465325282736,3.580809788918913,0.7676876064014055,2.967031219834588,1.5949778044052818,0.14275489359036847,0.6445112727722629,1.4940696845967165,10.000558263305079,0.0007009228807877043,39.660105880822655,1.218017278160278,0.598865730206396,0.29683596358365527,2.490392280243213,0.2999870884887003,1.693860097316041,0.39889380336788083,0.9966481767242495,0.5015124218066709,2.998491512030157,15.007888429709888,1.0508710605547067,15.983421579650681,0.3991937242025733,14.982366826490663,0.08002785855793584,7.988686180845861,9.963661592437973,1355.5847737189388,10.02324062418938,179.21928574883742,0.4518256497756275,69950.72587965874,349.45855589481874,0.4983660844886779,0.0686961951914711,49.86064713870176,10.028699192570201,1001.4303822520874,0.5000911153918297,0.49932796818581704,995.929341058947,5.010532738890077,71.92424266187093,84240.46217849795,2095.5645862259944,150413.90674477263
16.03076344206284,2.7508057601726152,2.049924302272103,0.09704159390025517,0.3494484136339027,1.9017576990461416,0.25247051825626493,0.9854952321814773,0.6447691936901028,1.622354993327324,4.197515138561394,0.11808283094347545,0.2935307964587294,0.15187952234157648,0.39563820924825877,0.31223957197169816,1.2311909790859796,0.07104425828923348,2.7387111069081254,0.9510670284193735,0.37729408971950323,0.24392298808346247,2.7114990849531733,0.02692559996709692,2.2250444171380295,0.6879231521337634,0.014080325005239914,2.008253059612385,0.5621279248600833,1.4902902606402884,0.32169590250637087,1.096268681235612,0.1258189214459568,3.491569661014297,0.10000513640175678,53.90486185416717,1.4231122469485002,1.0864032900274634,1.2242062543377048,0.39961944310302355,0.03354924497015199,0.27964991381418614,41.56250223738575,1.822375309117261,2.243645969300795,1.4085066361157028,0.09959690726330998,2.1795331859998752,1.2351150962069901,1.4124700951152,0.47632831898203437,3.5843737879526687,0.7731320945625848,2.9917983808653728,1.5829747209848959,0.1425559420765168,0.6433288869187246,1.4976163433192269,10.00255725316232,0.0006983657226120363,39.798031778005196,1.2139914249472852,0.601749078494879,0.2976822434242123,2.4876283752187445,0.30104119280682223,1.6990948264512573,0.4008989065718761,1.0037844872450064,0.4976715637156154,2.9928648615508755,14.942833738541491,1.0457791066841537,16.071302574688143,0.40122227751706235,14.979708774000704,0.08014983443424299,8.033555621902796,9.972081349387379,1343.4410349572602,10.032410834120693,180.40085699243048,0.44847115773939894,70174.73324727835,349.6785643724572,0.5005130693091457,0.06850093784260015,49.888341353757,10.02808371269171,999.7359634892413,0.5010317895564775,0.5006990559071164,999.507589321106,4.98963586310388,71.78709917077602,84418.11192914724,2107.9879101927677,149671.41289252977
16.074735867648556,2.7585343205947264,2.0423494463488034,0.0968720116377878,0.35015416733805615,1.9024054494142228,0.25317013177310416,0.9913664317106426,0.6451888077580135,1.6290788174049082,4.198294872952623,0.11798873186848412,0.29225878471427263,0.1525043301545473,0.3968755528701813,0.31326852383355663,1.2262848786612985,0.07071885770404346,2.7383392367335717,0.9468040657742136,0.3755453723205367,0.2441810734174374,2.7173403923652635,0.0269970599106556,2.2179347969616856,0.6905928378084926,0.014093028053447794,1.9990058715981913,0.5599076691425596,1.5021217287854924,0.3216475466364241,1.1009000683336105,0.126449910526117,3.499544356130286,0.09969823797703956,53.97388947719864,1.429938954576583,1.084392853887843,1.2243525522131742,0.4005191652320907,0.03359375139648195,0.28193990358165094,41.3299777777464,1.818165752157946,2.24241762668456,1.4168330859289935,0.10034958699630664,2.200021521664507,1.229942769798943,1.4059079175170426,0.4753476266302186,3.5754208905859577,0.7688285561172401,2.967554455663888,1.5832130725137619,0.14282668193076925,0.6467447186232396,1.5033453556571883,10.026055858017596,0.0006981400347351869,39.77306134967762,1.2188570933419696,0.5973563436628392,0.2976865444312045,2.4907813446858094,0.3010610983887943,1.705784999096073,0.3991498757131997,1.0011192230277557,0.4993187985917863,2.9896267852303082,15.022411096711293,1.0527311197547646,16.04395563857052,0.39859688234357266,15.00188677777427,0.07961911948575956,7.96721355981028,9.95810511530854,1344.0220757129318,9.983376934905783,179.7438232815357,0.450890416539316,70062.6061860475,349.6082567581185,0.5022343781549508,0.06865682586032622,49.812112877701885,9.986277869996915,996.6808465098496,0.5022955571371648,0.4992798879605228,995.9811742691793,5.011342199416494,72.15243661165347,83992.92252550948,2101.2417719618684,149872.52834623758
15.962832000283463,2.7441944119748465,2.056182603036382,0.09744479878828026,0.35067420224189666,1.9135673749357365,0.25205514246527294,0.9885241206518145,0.6494291312466934,1.62374679412182,4.194889068269202,0.117558992945376,0.2936818638916284,0.15213914214423283,0.3958026351023006,0.31192584178525784,1.234028979724205,0.07053214928350818,2.726812568853434,0.9504663756281463,0.3765934760333472,0.24284240653319122,2.702529646781,0.027020092686379032,2.2179558098554146,0.6926070615269346,0.014139174097684691,2.007230600660206,0.5592851016076213,1.4966615496768605,0.3212253769223528,1.0975142349074776,0.12570999880612874,3.486137047147424,0.09991070461615317,53.982261097776714,1.4271452130985773,1.0845300875783879,1.2282854808926256,0.400746057971742,0.03333255734383421,0.2813931267759354,41.323349166449674,1.8213875638731654,2.255884251575367,1.410152775863629,0.10014715124853098,2.1991967019899143,1.2242173551504556,1.407878356590053,0.4770275572566718,3.592079987903411,0.7708995754564072,2.9719332279516615,1.5873054753030544,0.14351187761806125,0.6452768681848958,1.4967847534449148,9.963224550180524,0.0007019653923387296,39.71024595291311,1.2256539459168778,0.5994389470627823,0.2975501003519934,2.494768903573997,0.299945640411578,1.6969864039220175,0.3982927623991482,0.9981212905789281,0.4985944296665153,3.009461549888356,14.96033887996879,1.049568151495699,16.027638118777997,0.3985969074909298,15.004692372665394,0.08027774956131088,8.006726460141287,9.998238643896919,1354.5748650785242,10.044725192737886,180.57777371892618,0.44958784251870343,70260.38844348988,350.96347771535204,0.4990165431134206,0.06835575896820809,50.16463338972207,9.980047984286703,1003.8955705711561,0.5024571465960407,0.49903383647867744,996.2273805462617,5.022858717442766,71.76316691496676,84439.60238814323,2095.2983387255445,149603.34764770523
15.961624849764794,2.7444239633814655,2.0585957270876496,0.09688440103735203,0.3488577363743101,1.9136609912911628,0.25313983910963944,0.9889039151484723,0.6497698736918635,1.622355885047841,4.223643082561777,0.11826360834332443,0.2941620838599364,0.1522089305109782,0.39774769311087543,0.3116563551176236,1.2328601367700651,0.07095969945941334,2.7236829945966985,0.9519870940306219,0.37704970473492927,0.24389023483396466,2.7062762161216383,0.026991797536760304,2.2158924774259803,0.6932043672450029,0.014032876546227578,2.0023837509470477,0.5598207860537682,1.5002744356047175,0.32156107633783043,1.104077046527709,0.12646960516374076,3.4853963365852856,0.10030998177696152,54.00765089047666,1.428949907079748,1.0852959801457778,1.2264367506570715,0.39825283381142607,0.03350581538848186,0.28081239378757095,41.366829322736734,1.8282008686707845,2.2390580276384213,1.4149392999356698,0.10030082144703308,2.1956666774341627,1.230306458342282,1.405634010832732,0.4767236770016738,3.5887564886333663,0.7725627233507296,2.9721264696835394,1.5908645623903523,0.1428798217117057,0.6448994840429342,1.5037891154030394,9.967371536844498,0.0006977182676248046,39.498903208372504,1.2158176574676398,0.598441039377778,0.29672610536571636,2.496392273872628,0.3005254988857367,1.7049822431716504,0.39938326505143323,0.9958382489796229,0.501296861630792,2.9967355106510887,14.96271413925811,1.0496922552421972,16.075178284171855,0.39949055934659183,15.068917961158006,0.07980253532774383,7.9684435808015115,9.96571788030024,1353.6960534878692,10.00376131164489,180.14746005068952,0.4521046877858348,70185.3949633776,349.5262411930396,0.5010925761717999,0.06820017033302364,50.04076900740121,10.035437876546197,999.7708107543259,0.49907142550450795,0.5003777329360352,996.2695129128211,4.990378202813888,72.00298280653946,84003.96823639708,2095.301383458045,150127.71146913277
15.984199578369804,2.7469917821344576,2.0601846623159084,0.09682265407899412,0.34878961473232173,1.9171866007139529,0.25106825938081617,0.994134466037603,0.6491143063811216,1.630459055350259,4.200670668692391,0.11783417870884418,0.2939550468898463,0.15132740691334293,0.39706345248374475,0.31302280053831405,1.2325333929792688,0.07048458930263604,2.7366244793259553,0.9501155937635263,0.37416923297388377,0.24395324857764958,2.700032506866354,0.02702395040427393,2.2104711069002914,0.688192541059106,0.014126824148976069,1.9927448262895378,0.5602295176702327,1.4896822395055462,0.32305126584408655,1.0949137903080213,0.12616704199981663,3.4928725257551894,0.1000112402605538,53.84269752945834,1.4271337446717123,1.0919670195941533,1.2335099067873976,0.40169093039466364,0.03357835581417442,0.28162352804177476,41.58212220711155,1.8191563309303616,2.2591551661519773,1.4035573456939288,0.09960787213524593,2.189789197939683,1.2294338709814943,1.4091288044285528,0.47517666034593303,3.5813737459836354,0.7728533484849301,2.9754082018178245,1.5870782311955276,0.14328871019219216,0.6449561914785309,1.5049477047603497,9.980927812694473,0.0006965447595137759,39.85620446984529,1.2144395498036098,0.6010800776601627,0.2974690593355216,2.4980883263847726,0.30101409833222775,1.6986328512915547,0.3985774861124134,1.002544350849354,0.4976010575853002,2.9932419896530167,15.00571104178374,1.0493465188029036,16.019236534242104,0.39952539077085525,14.983587706844421,0.0798789258080833,8.03098163751463,9.951729651109417,1355.9351665591141,9.985822167520173,179.75678896024255,0.45101651781622415,70103.59038077258,351.2792716873066,0.5020181533954307,0.06863679946450776,50.00768333880459,10.021665212791254,998.9243474510539,0.5013802207841542,0.4983509171837481,995.4563178143558,5.002036633795938,71.79504385306066,84403.6124037445,2096.607859858036,149262.74270725288
16.028112535958698,2.7500219845427494,2.0592663158400186,0.0969545560108434,0.3486813964112521,1.9008913280727304,0.25185950331934237,0.9860480871654195,0.6497861694803758,1.6230233684484852,4.227713777519958,0.11804820762942561,0.29357536981040444,0.15143899400082325,0.3943744410901072,0.3115434933827337,1.230251344833035,0.07085345538154136,2.7253532249113084,0.9458448385583474,0.3778101036391401,0.24244756846546386,2.7001877650145123,0.026862194649720013,2.2156459431792586,0.6894599728869399,0.01411744363682857,2.002062958664986,0.5631143891560333,1.4918605755070928,0.3205379408520606,1.103198907797013,0.1256436123259056,3.4835667086357494,0.09995567971440913,54.026610763174226,1.4251892573499436,1.0913741126203789,1.2278047862105559,0.40193065077135626,0.03342811320860119,0.28133340801521467,41.338953345457696,1.826125896792905,2.2491541483295308,1.4152244995918495,0.1002539386251715,2.19188402624816,1.226924876134791,1.4066141348387586,0.47733425493478493,3.595228890291403,0.7672158216011294,2.9711811225791593,1.5837483487412325,0.1425729130518818,0.64264913000373,1.5050644039766279,9.959518225099286,0.0007026748439620184,39.86726187615021,1.2173372288346402,0.5997374030744526,0.2980873985533996,2.4926422333214333,0.3006947291368102,1.701359979593012,0.39844870942003796,1.00395982312631,0.49901096346044654,2.989687419503141,15.072278160246059,1.045830544468623,15.929551469542139,0.3989502120273206,14.972889737609526,0.07994704213292056,8.01481361744436,9.98657133842299,1350.8010037444903,9.950581142563003,179.79281942733394,0.45200235903940567,70374.89291496981,351.71489695685915,0.4990225798824801,0.06839191250245126,50.172261751144,10.038015566975949,1002.1054302929114,0.4997827071553463,0.49786582522622463,996.1935330855215,4.975014646091246,71.89862383404211,83809.63686950265,2103.632208694799,150146.31243482616
16.015340822460523,2.751520681750526,2.044386502646859,0.09721865161244167,0.35167942575645955,1.9089421997321914,0.25294371904958945,0.9888259138675032,0.6487973279570393,1.6297039741772457,4.217941006254826,0.1184689058507385,0.29282683919517527,0.1523912471765546,0.3975148570134803,0.31290337898417486,1.2241520387861722,0.07044613427469092,2.740454799172497,0.9501738911490948,0.3777225764409607,0.24249573221750495,2.7178039396485794,0.02698110943874464,2.227932648072399,0.6913249926045403,0.014049001426930835,2.003618854790485,0.5625871983649882,1.4945100712249557,0.3210617354433834,1.104236099387449,0.12554885258364984,3.487284706594619,0.10012279852270572,54.16434545617609,1.4324449618394792,1.084879026022277,1.2245961417922917,0.3992708124913869,0.03343058349737007,0.2815956561054512,41.33891834711521,1.8126917596584857,2.258324492910579,1.4032045651616418,0.09950300939552835,2.189447096032247,1.224701409566889,1.4054471367339318,0.47730510176507873,3.592328267107143,0.7720330901046744,2.9850896329852765,1.5828102656394092,0.14348034945791266,0.6438144528416372,1.4939747996084252,9.980075101115002,0.0007000137768384918,39.48703401625672,1.2169795175712268,0.5990155417724206,0.29789209819181306,2.487549540139346,0.30019632786054384,1.694859773084769,0.4003890021229943,0.9973915030711851,0.49951359220790414,3.0037089059773887,15.023485890966123,1.0450712547777463,16.005611927692673,0.40126656667730326,14.955963456833166,0.08002559091019641,7.995809171390949,10.03499349079066,1349.173301507632,10.044384051046064,180.2743711758743,0.45027622449621296,70035.96497224859,351.20867942353755,0.4981562321123403,0.06834271096129853,49.89221397289237,10.017027650347114,1002.6399598152924,0.502143144273926,0.4986105038539051,1003.8475069826735,5.0172975742594605,72.26095073396606,84413.507127757,2100.110536387301,150566.80826251878
16.015927753928466,2.7566168218556752,2.043957775797857,0.09686700304051962,0.34921898072276153,1.910217181836416,0.25178989524222173,0.9938373195567829,0.6448443599004285,1.6231547888050188,4.202649755118532,0.11760792403428649,0.29272677930543706,0.15233074151273743,0.39795393477233215,0.31107047321134085,1.2271214880053394,0.07099026696388058,2.7237769570092976,0.9499315497415521,0.3763139188215417,0.24386239266015858,2.69735342659969,0.027029051932229778,2.2303063648644765,0.6867044757832845,0.014099930828456602,1.9980285220993834,0.5606183969097648,1.5041530540399048,0.32095221350313646,1.0973990994153147,0.1253803609467493,3.492799787171763,0.10036079863893331,53.97572326361078,1.4321679833317096,1.0822859024172728,1.2326421287950617,0.39963601767517387,0.03349119367506238,0.2809386387033261,41.5867533101935,1.8245169352540573,2.2541383595212774,1.4090396917904728,0.09953445051652887,2.1908471943248045,1.2319788391336337,1.4128790745543858,0.47551243514555736,3.5728531394986516,0.7678519417929679,2.9677848018466055,1.5932250188288637,0.14367322389597825,0.6441611446733864,1.5025977399805006,10.019260250256218,0.0006976300947407595,39.55770680300168,1.2164397622105163,0.6025970492022641,0.2965564285804578,2.5010292193252375,0.29963153286705063,1.7027089557147788,0.39888196865907655,1.0046117081972457,0.49915607667069944,3.012777803448497,15.013380053545166,1.0491018415392008,16.037421683722936,0.40021225869706306,14.945787378895698,0.08016359135973408,8.006359512984504,10.00656449856648,1353.2149680349353,10.015348018758292,179.7592366142542,0.44918319946343954,70007.11968966815,351.13366277179864,0.49899943879569847,0.06814036611159013,50.141348746080396,9.970913224218233,996.6487699184448,0.5017450048641292,0.5010106400433088,1002.6615696571093,4.992518027305913,72.0845540695599,84574.95510005178,2100.425777374452,149353.44314339166
15.947340489454795,2.7609303227644615,2.0455213871849667,0.09719149782539128,0.3501209912692328,1.9187862602378374,0.2514997271185678,0.9902117737808014,0.6509686456490762,1.6251319205670232,4.214120971206089,0.11748505597212242,0.2923055172734681,0.15134520670816784,0.3953274048807405,0.31108407348032513,1.233670513390713,0.07077408397797427,2.7274065058354977,0.9498232232485898,0.37768146942534253,0.24251775044489832,2.698258953383055,0.02679503086499138,2.227930173528819,0.692386399439643,0.014096526522374824,1.9929528592661188,0.5621488702964369,1.4995212756959915,0.3214598014982109,1.095407698317029,0.12577564646857745,3.496651031434485,0.10047836768882284,53.742927597677955,1.4359281471910834,1.0865284910507325,1.232007582943045,0.40145479572656084,0.03351924923846019,0.27946902210497143,41.29305579239048,1.8255128842389208,2.2511900663077933,1.4075899470762707,0.10008330172575469,2.1849316853245324,1.2268144266879657,1.4146303416393997,0.47452532112978,3.57190880429299,0.769300658526927,2.992534873203049,1.5849245401775547,0.14254987796742613,0.6430582457384899,1.4934065817746722,9.957492122602623,0.0006965768500885185,39.53960703449501,1.221712726027018,0.5981785568137071,0.297635814094197,2.505139633407693,0.2985954694852919,1.6950540015529632,0.40198355285395587,1.0009696180075307,0.5007998982508232,3.000481440240145,15.069883869388466,1.0462651187135625,15.930779646564126,0.40126466466984995,14.925614455429182,0.08004924944388307,7.9601129909709725,9.984824464521441,1352.036967334567,10.004732636730525,180.10775214362104,0.44845805787929144,70037.93930498694,351.60692915018944,0.49761648581603785,0.06846517377815572,50.00853280593173,9.984395721514211,998.3477530963219,0.5014947360889854,0.4994099843137767,995.7985968987633,5.023101971948028,71.73386586886818,84461.48884483906,2094.7685071742753,149796.59763269682
16.002428887463928,2.737069018312998,2.054798775861668,0.09696728520944929,0.35014408959257237,1.915583457778492,0.25222960682122886,0.9895605714198368,0.6469380081058567,1.6225852152314266,4.2273881842165055,0.11810847912528387,0.2933853991708138,0.15190957896609786,0.39549594013772926,0.31058556279129224,1.2259285970287703,0.07074728834160711,2.722948536600952,0.9436813103140387,0.37617301279193877,0.24291279630170423,2.707869208443868,0.026976457713279976,2.2222095181679995,0.6865597645234718,0.014136929295699933,1.9996517514077914,0.5620944945302622,1.5028319043187808,0.32074168728314173,1.1010934423079588,0.12572552126102535,3.473831224752193,0.09993738161972271,53.79334578499081,1.4228713493398453,1.0869233120591137,1.2276768180562523,0.3997364931194035,0.033336429933667935,0.2804243020924819,41.377750437422634,1.8193815848793835,2.2548808393521558,1.4169271407143504,0.09952786235173625,2.1877229814551344,1.2343876244329095,1.411772324333136,0.47729710707947903,3.58764029078489,0.7717267043893418,2.967367319033011,1.586426550529012,0.14311984788408585,0.6441442088415756,1.5039388713962945,10.049365769238248,0.0006979476298515995,39.65158877160782,1.2244754477003577,0.6020288952700126,0.29894523642783927,2.5030098404778705,0.3014795804944754,1.6975843586372028,0.39846517937654286,0.9963255990816181,0.4996784596295188,3.0091484995439597,14.992926937363627,1.0511695234184266,15.977283457664656,0.4008593248167096,14.947971248939423,0.08001609249468959,7.974810362162973,9.996859213670458,1349.061669329075,10.010456214003177,180.01718142477492,0.45214083507916314,70462.9466836956,350.14748143626,0.4981058840296309,0.06810229019747886,49.84899689939793,9.972210740929668,1003.8868136915595,0.5021242043992225,0.4986523514633512,1002.5873110065208,5.016788197928533,71.9118076189416,84523.92311376672,2115.286130388855,150701.69277732604
16.03870509260274,2.746470726202113,2.0444036124871348,0.0976790697064207,0.3492166108478676,1.9088231095079085,0.25140559383232175,0.989961576709135,0.6454752692342316,1.6350376216653895,4.2102150097910584,0.11790501276570549,0.2925990136781576,0.15212127215757656,0.39710835671873324,0.313255990212046,1.2342006755259196,0.07076142332062137,2.739117983323878,0.9482712739344112,0.3765195498746301,0.24342418178036626,2.7072813777027185,0.026896248290689994,2.2242754757100864,0.6886747048900885,0.014134814774131609,1.9970820628648023,0.5624804508848232,1.5020542120870426,0.3204647198411038,1.0971437404970248,0.1260770712682448,3.476252975161115,0.09970560173439197,54.04428412976395,1.4232192695432464,1.088196099577697,1.2242701317697704,0.398463694787897,0.033463264164426985,0.28200460571571817,41.40897630084004,1.8165824799388954,2.248004843014883,1.4109696881004707,0.1001194165199013,2.1849170820091457,1.2262767215868684,1.4099338614593928,0.4756880434385945,3.5913335637713746,0.7707145239334063,2.985734535712438,1.58974527025172,0.14309540853864347,0.6448722823234058,1.4960449686614488,10.043407415632995,0.0006989173722283298,39.72154025209234,1.2207436413468031,0.6021200728496074,0.2968485410377096,2.509605775421171,0.29891104515220374,1.693957016412075,0.4014490193318285,0.9975710190639516,0.5005589323552853,2.99890832213869,15.065139937881188,1.052961881874778,15.973599004445965,0.401253762986305,14.958868273355275,0.08009245708140761,8.020126701737968,10.020315847671302,1352.115207041358,10.032996883068094,180.1011751967812,0.4519275655770437,69932.72039393375,350.3637247416195,0.5014149600589121,0.06826871010416019,49.97147455364057,10.027287955772728,1000.3856985278712,0.4984380879310293,0.49837419266978655,998.0123229381554,4.99015062852897,71.7384056731784,84492.82109025492,2100.4242905166225,150453.36975389108
16.07575202913591,2.7453789386706546,2.059639735372871,0.09689984717666172,0.35051608657691735,1.9193815408488195,0.25277709722463326,0.9873240377888514,0.6464275155854855,1.6261276188887364,4.228649990042117,0.11769958565216093,0.29302817287031335,0.15177183172849643,0.3954506268250079,0.3117136397693627,1.2280940528137505,0.07087074871170389,2.727965374490995,0.947440789645714,0.37602253736036184,0.2426505138129396,2.716898564685377,0.026900936753396405,2.220204487129421,0.6879979314882966,0.014033847982781048,2.006185502321702,0.5639978079812958,1.4931264645459204,0.3215493040108276,1.0984381970857113,0.12623210754239267,3.479084533627309,0.10047871338235653,53.673799521295564,1.436774875163993,1.0823126612957583,1.2277554225212912,0.3990027730017292,0.03341947748394129,0.2820885372489616,41.37276179007373,1.8130750922805101,2.260851299211732,1.4063715845837945,0.09957254704189222,2.179579555787313,1.229547738370434,1.4158984863916095,0.4727055622527725,3.588061316230839,0.7681552481044797,2.971628001872444,1.5932402575873787,0.14335445876825423,0.6443800582434761,1.4955338315250042,9.950630814130017,0.0007016609445508498,39.71952703137491,1.2190550640564815,0.5982814917107582,0.2987805644954265,2.4892723817427034,0.3004281072156353,1.7032027730929016,0.3988930291595256,0.9998332491326795,0.5001009968469975,3.0027384577077174,15.060178195156777,1.0504873585501078,15.930770953448656,0.3993798876206731,15.0192490270281,0.07986651258994301,8.021435218249316,9.968990540609427,1345.1805690446745,9.973103266972599,180.67695300953616,0.4508142061547477,70196.07054460887,350.1694434337973,0.5020929541997177,0.06866592305987254,49.949700227333715,10.025272383767074,1004.135639157934,0.4990667670528556,0.499143591718136,1000.4580629275471,4.995418329443755,72.18826529450588,84242.09934700561,2098.9345574039585,149784.58090077108
16.027398248387705,2.7377194417050648,2.046764427090465,0.09672964542046905,0.3511230343471237,1.9026883276963855,0.25093455589654545,0.9928372708649961,0.6453400044697056,1.633003479446677,4.204942256539468,0.11837960536152434,0.29207075417564493,0.15136831395180747,0.3949244935108867,0.31334826130860816,1.234048187969921,0.07064833741366297,2.721976916054523,0.9447468610970814,0.3749517248066693,0.2422832567825186,2.720519891236163,0.02677087620934996,2.228438719713353,0.6868358304875256,0.0141460837111024,1.9985149447288317,0.5596238952169502,1.5014761079516712,0.32121573586168733,1.1041583085788298,0.12631784464430162,3.5068137895065585,0.1003318728906309,53.77035229259824,1.4287017773651518,1.08913737137732,1.2277375989621764,0.40018601447459456,0.03341211178480522,0.28115740306707016,41.324659254848655,1.8119042402977348,2.260524916402794,1.4148490403212326,0.09980371677260881,2.181888783124162,1.232893281931163,1.406061486223061,0.47550090685022894,3.5899910327946785,0.7682476637480511,2.9735821717267275,1.583029641368177,0.14274238286527188,0.6446275848809134,1.4948369523911016,10.045308279429715,0.0007015569101334769,39.56250787206855,1.2203735234039692,0.5993486453044954,0.29764941240812426,2.5014997049921552,0.29882445197696483,1.6951603316394737,0.3985987212186658,0.9967397919435701,0.5007760872402276,3.014884946632738,15.022665917293775,1.055089596981592,16.012321176894368,0.39913323447836047,15.055845724565563,0.07965375287614462,7.968194235073117,10.044762440887684,1352.0275001912755,10.042896202390093,179.33919573620003,0.4512071742910094,69995.88467043074,350.32037682645466,0.5019949568821731,0.06833929865890517,50.08526829847337,10.038727605424185,1003.708739283718,0.4975445362691166,0.49829107637837844,1004.1862163913567,5.003120793416112,71.98574399199335,83844.89929502805,2095.0023496717336,150680.12210552653
15.99581617320079,2.7578764761763765,2.044260028563664,0.09694443393782241,0.3502108936213797,1.9171820934685246,0.2514672214377236,0.9883051198391827,0.6483280714243035,1.622502090819814,4.204895886441125,0.11806641380977717,0.29154914253061104,0.15220976534609224,0.39422180547349284,0.312686271829563,1.2337106450693198,0.07103986668852758,2.73473349531631,0.948583689331399,0.37527643121823406,0.2428168113361169,2.6988092191455184,0.026955710318939865,2.2094479929703654,0.689402715883308,0.014100875708935949,2.003001790360069,0.5611187777697044,1.4961435338583504,0.3222813507584513,1.1046549226991829,0.12621668488527524,3.4814297606497036,0.10034726362059934,53.67013525674866,1.4267438765863807,1.0827406098922838,1.2293485752772921,0.40054770876301415,0.03351038343262641,0.2815737130014014,41.41793335121911,1.8151345384218773,2.2508194918762894,1.413320402253611,0.10000295336425885,2.188729133109596,1.2303578974468188,1.4106776202302693,0.47410014637158326,3.5926813033678875,0.7677491592137822,2.966078397226907,1.5938397262321335,0.14348950869252847,0.6449192215979265,1.4995341771436883,10.047520544624373,0.0006990953216593059,39.642660268187264,1.2211115755165882,0.5995825613004171,0.2981647891625313,2.5116640928133336,0.2992124960767531,1.6940255697385054,0.3996942049335786,1.0000399856320368,0.5010659829218744,3.013655195418926,15.028300550560433,1.0551153391339503,15.95941419093498,0.3988355603547227,14.970980212634815,0.08022969913808596,7.974921177798717,9.969619004966843,1348.808432768295,9.981754428739633,180.26366056045885,0.45175575164780024,69928.40476253007,351.0340490121875,0.49794200358856555,0.06820950149248295,49.904550773197684,10.007910294574673,1000.5487899225307,0.5007153312583988,0.5015945320861387,996.8722987812743,5.01216912387304,72.12025508755995,83857.07045962094,2101.7308364871087,149291.5490233225
15.93442950107858,2.7440541370015583,2.044733881370904,0.09758896890389449,0.3513782599700618,1.9114872695857146,0.252592289608897,0.994946053000014,0.647418048681728,1.6303655344448251,4.2163634124338,0.11849625869065401,0.29387025849362164,0.15133792110184063,0.3968432831251164,0.3112260388543982,1.226985290867461,0.07083344467749716,2.7353590132385945,0.9447694797573796,0.37530256316842436,0.24352517404032764,2.7005692540159894,0.026994071580138064,2.219024150030406,0.6905933327264386,0.014040836174170944,2.009090024886026,0.5642903312729389,1.4923604783803173,0.32252518933042307,1.1032242894060555,0.1255236789263134,3.4927031292233837,0.1003504539301384,53.91361956993028,1.4360601303609246,1.0820846066195269,1.235156291400576,0.4019088721909104,0.033384740603826,0.2805061772018817,41.43998460148953,1.8271569368468552,2.242339338890019,1.4076597942087983,0.100297929811701,2.1880290999233907,1.2312908047397255,1.4108460778773548,0.47724756555446374,3.567166817816222,0.7734529923280746,2.981911691327499,1.5964260209030798,0.14245365725569412,0.6449112794093864,1.505101650545168,10.028688150141358,0.0006965695682577397,39.661035128993,1.2153072300372962,0.5979169506466664,0.2986147373757429,2.511414488238282,0.3004022923235496,1.6932404100336775,0.39897598636742065,0.9987887439742391,0.4981267877558812,3.0104390430712513,14.954175777483115,1.0461102863109544,16.03610954754453,0.3985073294050623,14.986547917072276,0.08001240664380094,7.966418343495592,10.005578820406853,1349.7322140344247,10.016841627872694,179.4944626739526,0.4493548311482849,70294.04931005907,349.2405478684572,0.4980789747139684,0.06825194945261952,49.803178186953595,9.95395124690053,1004.8738242264767,0.49977879991091106,0.5001684200254981,997.5490489638205,4.975384362096024,72.18052141349388,84399.42462386425,2114.9469826378213,149281.65312360722
15.941923317502503,2.7558338788410177,2.0465165095655222,0.09677598748382814,0.3493033534766428,1.902125393276941,0.25285076650414,0.9937316382385054,0.6488870466944762,1.628135235273409,4.221316027245496,0.11815527651074018,0.2938555071990389,0.15201657917909817,0.3978150458217831,0.3113449051268041,1.2312814746076377,0.07101810124102001,2.740752727955506,0.9522351737881605,0.37560524125714756,0.24348440283188497,2.704314342005669,0.026940183033748292,2.2129898239740866,0.6894580131749977,0.014159253427671149,2.006218126342997,0.5619803645566155,1.4917132745309507,0.3216734005531725,1.096025468764478,0.1254563448240719,3.5041872472822373,0.09999143147203901,53.68863945509853,1.4330983608569459,1.0823713529171632,1.228722834630867,0.3989211621712502,0.033387651144871404,0.28079417262687006,41.48092953092834,1.8197668531729556,2.257218055235079,1.4158851556500942,0.10030718110453339,2.1999971672476426,1.235277142449276,1.414688487427097,0.474015004852865,3.568341087917466,0.7717479875454568,2.990296765221322,1.5951376639463042,0.14320538009021253,0.6461243509810015,1.5031074929162291,10.016536586130291,0.0006968260354836029,39.66431629268737,1.2143129225857923,0.5975542202876986,0.29812219386633665,2.4886869758473558,0.301239661148147,1.69915579627183,0.40079986659885813,0.9964779518246304,0.5017379762505247,2.9993420074899815,15.008816387941927,1.051559083888574,16.0063837204603,0.40025274848901937,15.036678499343392,0.08024517709663774,7.984493285073483,10.04220492950491,1348.0276051677924,9.977232560619784,179.66057475982745,0.4493633182082452,70053.51823776928,352.07611624563566,0.5003057634025899,0.06871986944124515,49.79197778768786,10.011398017404971,995.9602429733301,0.49979425042340264,0.49941367511266693,1001.8077491511197,5.01227224066406,71.8114274294873,83953.07418409915,2103.3056946046986,149612.9809507543
16.028259841139395,2.750486685368479,2.0567030288675934,0.09766779642509485,0.3495733775258216,1.9178691373037877,0.2526984740376289,0.9865263217739033,0.6501768154306042,1.6296985691905344,4.218805672677528,0.11823908169309723,0.294130879219684,0.15239697034924382,0.3972855100029468,0.3114412452501081,1.2358195915693324,0.07091440725071496,2.7374717818942673,0.9514021945866603,0.374585424904985,0.24260247842500923,2.7191038648272863,0.027013513155614576,2.2256852739695736,0.6898779316276995,0.014064908239168469,2.000500549798536,0.561422827263104,1.5027728930204958,0.3222165933294349,1.0988127298704142,0.125998084699837,3.5051315072759426,0.10011325847853136,53.76389279460233,1.4300011093802671,1.0866267050361273,1.2276679725838109,0.40094519804708234,0.03342237612806602,0.2806790850288589,41.36559923034483,1.8193969005438733,2.2515024500431595,1.4125844914514118,0.09964299984268576,2.185364319727314,1.2333558922369234,1.4157492094686512,0.47283712068367817,3.5647264875886178,0.7733404885426473,2.9695086386586755,1.59762069717554,0.1434693576484653,0.641557336506323,1.494037875798346,10.047729692986486,0.0006982837595977758,39.695343145616945,1.216782075578674,0.6006040470787842,0.29901328506085484,2.5039227296599442,0.2986398499768339,1.7016182188417737,0.40064406653839985,0.9970089800128115,0.5013105895037039,3.003806801088876,14.926432076555107,1.0547308282667098,15.991292734457499,0.39892951583206454,14.937929661287527,0.07989954315168105,7.984621528884126,9.979795314149477,1353.9582154078885,10.014592115550137,179.3394954196758,0.45093633346662815,70338.84414103912,350.9200643429963,0.5024788350767697,0.06825189982281962,49.77922781914019,9.952880621014925,998.2054805791188,0.49998958986041825,0.4978911552954594,1000.6579860917586,5.020043528262315,72.21374122661207,84356.23750236728,2108.4044521701517,150345.45084874923
15.99907302148511,2.7472994949974154,2.046036437813842,0.09681082905058334,0.3502175689075626,1.9094750954078235,0.251039635296253,0.987705870510731,0.6498610748579693,1.6260163459977175,4.2068727759222355,0.11760034303391194,0.2920326505731465,0.15238964549233683,0.39428402983653504,0.3113292815690591,1.2359143872268976,0.07078293218303325,2.73289962425666,0.9493346854152664,0.37485748143418995,0.24268250128834265,2.7073091498833595,0.026827553781041714,2.2140944406250576,0.6907442982148633,0.014044795058332638,1.992582908929985,0.5624119575145661,1.4962415908648947,0.3223604257599603,1.0947965546581593,0.12625819381636832,3.502211148500112,0.10002414029873141,54.09374701629237,1.428565175934034,1.0824229066933306,1.2284937932973852,0.3997854735532864,0.0336224551301733,0.28023604925245466,41.31347023160364,1.8270619173076157,2.2443967350734955,1.4120084961519734,0.09982663371292123,2.1998868839840924,1.2261823865911947,1.4131575298026329,0.47523780451901304,3.59713773994673,0.773804234571055,2.988752203392633,1.583694951443252,0.14295567993038716,0.646283063546806,1.5020772493663688,10.037896939348412,0.0007020955634699683,39.60578271871608,1.2162797976283337,0.598935383396076,0.2985839160733396,2.499526624403556,0.29863154461302654,1.7041221086920648,0.39817878746582747,0.9990930426164789,0.49981142187060756,3.0000908055463444,14.945863633236062,1.0526017969037385,16.055899556851433,0.4007916022071572,15.067660598121165,0.07980600051150362,7.972858407510942,9.956729526107727,1352.9905164348395,9.966210727053035,180.78872656453467,0.4504425771443712,70395.44849332073,350.64087632188085,0.5011742293193597,0.06836145737387042,50.01938190390701,10.027358173301906,997.3815355554248,0.5019225475655584,0.501081494144848,1002.4654013459595,4.9869081503351245,71.70489171600875,83851.29814616694,2108.0946985844566,149475.00357364904
16.079870632063127,2.762678810678616,2.040348123517489,0.09741875597596296,0.34916270218800505,1.906961185891791,0.25134558230134135,0.993272401668778,0.6505515150708896,1.6225085453751102,4.200318604564754,0.11793946418553532,0.29306393855254115,0.15137322325477806,0.397306911644184,0.31335401728661183,1.2288052405204892,0.07105292172847433,2.734814488498735,0.9488697294330436,0.3771996285637735,0.24293446196953483,2.711293105388083,0.02683938511623493,2.2247105016658084,0.6876475291920616,0.014063785780626994,1.9995984190842693,0.5613554561704098,1.4931014877072948,0.32100788111981576,1.1039698689448947,0.12611448221071056,3.4857210037995205,0.1003457804509496,54.08529401838618,1.4244356849137247,1.0877313947591118,1.2276090388758087,0.4001633394987638,0.03357302960374314,0.2793203808050314,41.39561559262728,1.8162095285890874,2.250765245253558,1.4044987742315045,0.10031756641823525,2.1909563390988227,1.226446080440371,1.4138025546781952,0.4728044665345175,3.583323077348233,0.7700135645249406,2.96628142145475,1.5860203170243354,0.14239531083045964,0.6454965718453274,1.5030865645493092,9.958929796804828,0.0006972644502926106,39.83089598233951,1.2163503388046362,0.598821966427306,0.2985491548898933,2.4890180805647284,0.3013429695352748,1.691891153120617,0.4013965700450631,0.9986090605655795,0.49825019961163663,2.9963247323721123,15.07092623242283,1.0503042667454203,15.929484829848874,0.4017661674622825,14.946534233194877,0.07964375008832017,7.963634072651806,10.032633489772703,1345.3157593267822,9.967898289471869,180.79940763096008,0.4505022501542742,70031.40287573804,351.17334376296617,0.49871546259254684,0.06839607738168565,49.91731122704166,10.012262653709008,1002.5880867066863,0.4992425375932523,0.498219565138191,998.5574060516742,5.012907744189929,72.20669883887318,84451.4653166402,2114.989749288759,150487.17422307882
16.074971684894436,2.7534867905641063,2.044451641555469,0.09730516679800584,0.3489424191948238,1.9020797314402809,0.2514993377580355,0.988641478003273,0.6493535938294045,1.6277681503935517,4.189082547690352,0.11849199073478926,0.2932619542793325,0.1515603522746106,0.39501905899709105,0.31082731753818404,1.2350005250031173,0.07060898768033612,2.742029666800034,0.945765671676139,0.37712518449865645,0.2418103987303724,2.709546714430386,0.026864818709378326,2.2163278038483325,0.6933958784264628,0.014131142206303255,1.9951155583820002,0.5634187226622052,1.491454644520471,0.3233714896223323,1.09919024847136,0.1256102352690673,3.482071434896855,0.09965514883990095,54.14211381491359,1.4272242786591987,1.083117789143575,1.2338486795308066,0.3988530364867076,0.03336404036726372,0.2811726845169998,41.18611521300673,1.8260500548048886,2.2514109652127576,1.4064301397442742,0.09997359375722435,2.1847968874073467,1.230404142594134,1.4110101821089784,0.47629049025966963,3.578785929638707,0.7722071111519486,2.967163461317642,1.5966993526157625,0.14255027747387952,0.6461675580670653,1.4999194767558732,9.96047174061945,0.0006990186168531222,39.84599358783733,1.224083510255877,0.601333894685118,0.29764194072534056,2.5022197703376516,0.29919636591281085,1.702513339726054,0.39904376130237296,1.0032900681952686,0.501022491123989,2.996582688525309,15.023922289765384,1.04816392961371,15.944904471897486,0.3989407357942119,14.965753205102434,0.07978129329243559,8.01426848000762,10.023966135871499,1349.4213792496241,10.04877938852472,180.70383708950138,0.44814172583255646,70154.24347961017,352.30322222721975,0.49860132104192373,0.06831682288146414,50.223473728067226,10.027606237468902,1003.3232500085469,0.5018974188869915,0.49835587836206446,1001.9927401731603,5.015140064505791,71.8030652388206,83826.45876957072,2098.2293898905937,150362.1043068124
16.031086501969124,2.7607724690663336,2.046247536937251,0.09731833522752033,0.3483437769186134,1.918310110229953,0.2521373213676146,0.9924590149422134,0.6465991273743785,1.6231858562818275,4.191594808673279,0.11837129926354271,0.2919802016376223,0.15249248281418318,0.39507045203077645,0.31212876879208995,1.2270715740919012,0.07048145934004002,2.731154214167437,0.9467403014928225,0.3757560135353987,0.24324678813666067,2.7049502051696597,0.026917163661403638,2.2235025647387485,0.6871678600441677,0.014078863615940351,1.9917989459634624,0.5592289667625788,1.490281915385995,0.32229693162122625,1.0954273579762301,0.12646431200530864,3.4990545984054178,0.09950881827091564,53.949486485300255,1.4229966023494238,1.0827519476235972,1.2360054661013309,0.399828092777185,0.03334161575256936,0.2816833328536877,41.56273902529182,1.8208805786044806,2.2546336973001773,1.4139497080298327,0.10023467176757561,2.1898800344596134,1.2340920186030542,1.4103853321434698,0.47385764051913515,3.562245602711579,0.7689111424184881,2.9675610530089083,1.5830560950563002,0.14295599065105036,0.6468572632444888,1.4940827164208133,9.977374999999679,0.0007023105471204657,39.64104600367179,1.2231574055210936,0.6002540059845157,0.2983097153122858,2.4915285840935826,0.29955684661769133,1.702069842484003,0.39810707278627505,0.9968832651474138,0.49943247304363847,3.0052378376633655,15.001438317906354,1.0522966873937805,16.0362979272594,0.39812421895357697,15.060256861989629,0.08025937212171426,7.981685465547241,9.998452492019865,1347.410024345779,10.040664215913997,179.7890741847713,0.4495322390975369,70471.08810614444,351.2233046681724,0.4981893480812047,0.06848619551930875,50.14722387192061,9.983784116694386,1000.2700554831201,0.5006342077706833,0.5000520835752997,1004.9912450946932,5.000339642353638,72.10322855440991,84458.23460042305,2097.3500760330253,149315.86547997044
16.07567837740116,2.7563871266181654,2.0478122804982446,0.09673117406946363,0.34883239895335205,1.9006361828402445,0.25173907231096615,0.9905430678174237,0.6458005791430951,1.6322796741482692,4.229123556731349,0.11857873154513954,0.29397617764429335,0.15191470354060244,0.3961877411371687,0.31201031776617666,1.2257647007229113,0.07105092523308595,2.734799092578108,0.9493076296414711,0.3749484451929451,0.24215717709600634,2.720109017527636,0.026813762352179374,2.2105365499864313,0.6908666758877947,0.01412881239928064,1.9923924482062267,0.5603525498578927,1.5013227940120712,0.3233832643431451,1.099741375887438,0.12636792626579402,3.48369706411398,0.10020323394073401,53.94084754967411,1.434907916064172,1.0899990449119028,1.2273448713459647,0.3985978208837966,0.03360306501881242,0.27938854874678354,41.46410416445516,1.8195616392432958,2.2404442343766036,1.4126587132326431,0.09998287408679869,2.197886219132351,1.2264161727280616,1.402982423962871,0.473244812384844,3.5717520391750237,0.7711722816367985,2.9759067681799705,1.5839301259215544,0.1436886500523326,0.6414769847471621,1.4978268051455,10.037660425649172,0.0007010683076150959,39.60849581141896,1.225738230711653,0.6000065913258463,0.2965341674896912,2.4876540834037835,0.30132302798876015,1.6962800707180883,0.40124825986414425,0.9954356002188457,0.49823458554640626,3.0107033852951957,15.07411369752608,1.0452951907806478,15.94682191573903,0.40089164756320755,15.004425443442525,0.07992477283689163,7.975557403036172,10.04454353586211,1345.5756254583014,9.976524956580525,179.68373662357752,0.4483736243838854,70207.42908352627,350.3132572932028,0.500539237502678,0.0683096149319766,49.80821176451406,10.03725973771308,1000.0965207313228,0.49910925244991833,0.4975818237613729,1000.9784647088327,5.014125216498959,72.10804410015633,84453.29131221364,2097.737451888204,150707.55446792365
15.953813326090014,2.7435864389882694,2.050252756036349,0.09671905005221842,0.3497985697084148,1.9041883527565648,0.252627525658419,0.9925517585033988,0.6487499617932702,1.6287234683577196,4.202010852112707,0.11838640513032182,0.2930207843042962,0.15199462951463766,0.39446919423997534,0.31112135510931044,1.2282840182905954,0.07094078781269095,2.7394258980596615,0.9526723154243479,0.37572714470146173,0.2428862865637732,2.7172102406644068,0.02685191005665833,2.2208994990675137,0.6912214195296387,0.014062811209209353,1.995591798987707,0.5611917913810025,1.4981629419803908,0.3212607377602578,1.096789845607588,0.12555838035187375,3.500794915435085,0.1003859714972638,54.12818560094304,1.4345993614897408,1.0830573338559244,1.2250523488780483,0.399996657316895,0.03350717802927455,0.28135353470123536,41.275300343938305,1.8278432839914136,2.2457234203423924,1.4110971062078799,0.10036421360742179,2.1905135135758704,1.2331187565714499,1.4135112694257428,0.4763776009209221,3.5911355278886803,0.7691719646943537,2.9759339760302614,1.5948256197926256,0.14311398586175053,0.6446936735478941,1.498678758761911,9.97016146586735,0.0006996985139847943,39.86635571761716,1.2174485759268252,0.5986320494482448,0.2968997368435534,2.4995295110252456,0.2993655911876824,1.7031811034269397,0.39854049832667504,0.9974731248269556,0.49780925524739794,2.986244127139793,15.047121520875354,1.054261720098568,16.042222213659006,0.4014606538809032,14.937989422130553,0.08031850742494363,7.997283186917662,10.026864382293084,1351.562723393637,9.984986981607815,179.5766382588951,0.4482815857303202,70120.69679604142,350.8493082000837,0.5024155754712196,0.06808350668580886,50.04507458110954,10.002499482192837,995.2289619031045,0.49914871165501257,0.49961463711502074,999.9426976173921,4.9866728042995225,71.66455215832615,84037.39322377037,2112.0804167832266,150461.78681442657
15.948920123920265,2.754023254555585,2.05868477118286,0.09688128867560195,0.34870036719072744,1.900872993695053,0.2511744768910345,0.9931081305204733,0.6500346535162504,1.6306593688555726,4.202993064478918,0.11836200089442234,0.29210639466332483,0.15145257806494902,0.39437327246301374,0.3130961369531499,1.232642568656697,0.07088820708895123,2.736209861718357,0.9446201780020773,0.3755668069689669,0.24376330000747634,2.7212943453069376,0.026903522725525108,2.2116097641030423,0.6933017695936475,0.014085199024336095,1.9963798932817485,0.5598643489463182,1.489704065426291,0.3223338281520694,1.1012367412049786,0.1256651438322698,3.478203337789536,0.10002800880049895,53.8751778355621,1.4271922527438174,1.0839371912096598,1.234419462056573,0.40193531183642195,0.03345161988034821,0.28125615311657753,41.54129999201067,1.8113902494108414,2.259181459811164,1.409988000799464,0.10005674926040234,2.19087322570028,1.22683800447893,1.4139796043179687,0.4761036072695445,3.5655293660948564,0.7704834951236618,2.9936193808108116,1.5959014033504766,0.14318004325102868,0.6420595851338213,1.4977083469504004,9.965035806946101,0.0007022535143049272,39.79057658584893,1.2250063713494952,0.5973803732848256,0.29938484617531547,2.511660683414557,0.300523229380651,1.7064897202438798,0.39975375149273057,0.9981340430100557,0.49827184228002414,2.9859473840974426,14.931299602908709,1.052011450429843,15.973851946481647,0.398216246698229,14.941830346437923,0.08013222701197129,8.03509441722417,9.99079781923179,1353.7483771611758,10.047358181011408,180.3749387380097,0.45100352895000556,70263.3414953726,352.54602358708723,0.4989990301717784,0.06859356410045712,49.957539031106066,9.96554196420906,1002.3937237473147,0.5016470095735557,0.5018179955972254,1004.2187849494757,5.012245579661583,72.01988535970129,84580.42980552527,2098.8863574829957,149365.9646451366
15.989060115260138,2.752261011157499,2.0536897823917992,0.09750659015336167,0.3483436482573479,1.9157690851133051,0.25225232427229355,0.9944841822343335,0.6470143753008483,1.631906748889338,4.221221687904554,0.1180193465964889,0.29199180918997275,0.15131569565347036,0.39446114661890314,0.3119841022969251,1.2317171879141273,0.07084992891459785,2.735812610672297,0.9436296692210858,0.3746326411129494,0.24363457046474504,2.7176200421857413,0.02695441704143147,2.2254485469604877,0.693197736596866,0.014162634832999175,2.0028896368130136,0.5609846603325053,1.489726225066413,0.32242377814932655,1.0992443423152078,0.12555525458926575,3.4800624954053605,0.10043652931590999,53.676150571667655,1.4341108320912639,1.0913702762295578,1.2323166745535428,0.39824536656526244,0.033615860729143764,0.28113028205755797,41.297713917050025,1.8223597279679795,2.2418222126617837,1.4129278304967805,0.10040299561815863,2.190474819695142,1.2355609031978436,1.4091271390462679,0.47669844340096185,3.5897966132884065,0.7668309072604432,2.992297046822396,1.5965257996960815,0.14278752468823083,0.6458897463979887,1.4958695616747812,9.953039308590796,0.0006979555599178169,39.67364637457223,1.214604763542501,0.5979600370986684,0.2993423052202771,2.4998460227791663,0.3009693015893444,1.695012586737124,0.39835408677236317,1.0028054805601072,0.4992441691429943,2.9987941330607253,15.073819353818335,1.0480735710472044,15.995703326765865,0.400539245326871,14.938360317109217,0.08017314568241167,7.996138481622002,9.967501447753373,1349.062315105956,9.996066784760151,180.25332655483496,0.45196710217373937,70368.02833157511,350.4575524567878,0.5023482410763785,0.06859892852186913,49.76397590303631,9.96165864139201,997.1801116204479,0.4979175179150343,0.49992713609608486,998.4071804219217,5.023646273186567,71.98036999002085,83968.60272930258,2114.9088842712763,150020.82268713607
15.931689563413865,2.7384740520780095,2.0535934999798386,0.09719494160413474,0.3504348078505711,1.916678506156471,0.25245708669966,0.9935817195944521,0.6495726214149093,1.6328427159738004,4.194620817011073,0.11797973658319241,0.29280396158951477,0.15206185692941884,0.3955689257262532,0.31237576421525937,1.2286772072555656,0.07084079346328506,2.7271300959598017,0.9518087545095016,0.3755240429594313,0.2435611659937905,2.713082223091798,0.026869205829016352,2.2268294097195356,0.6929502134689197,0.014136728290804368,2.0089717609176887,0.5616420436082797,1.5031936886480175,0.323211437966474,1.1028862604686327,0.12642235287589382,3.4980316640223985,0.10001230846228824,53.93825916438061,1.4288229209205958,1.088785861523876,1.2278449154967384,0.400958637909844,0.03350171364578944,0.2802878984782635,41.243987635345164,1.815550571543761,2.253154508165964,1.4081648752083256,0.09953316912619183,2.1862712628506933,1.2283561996974472,1.4062536424188596,0.47398499638650365,3.5873364019305924,0.7718962516948787,2.993675189186559,1.5839276034209793,0.14273076675624735,0.6412761667473166,1.5016995560085256,9.951638829330381,0.000697937494389404,39.7145136817413,1.2182766114977333,0.6002662575545443,0.2984179077752234,2.508473501696458,0.29967862566395104,1.6962412475488564,0.40015522053404723,0.9956968130767443,0.49770957111380854,2.9985671170502965,14.957711812504984,1.0448257740397404,16.02869927368102,0.4012646221469817,14.947181785568393,0.08005112181936111,8.038718796225702,9.976875568339874,1353.1159988836205,9.966210257761345,180.7777673668498,0.44775195113333577,70037.9375350886,352.54165877739194,0.5008534511900081,0.06820290238998847,50.14568279090822,10.039808557956032,999.872711707373,0.49828011826603824,0.49879296511116405,1004.4311411729574,4.983055139852283,71.86457292260539,83912.5037311752,2096.69800443014,150033.03758788508
15.983473486607112,2.7375196320126682,2.042726494972482,0.096750603944959,0.348336064823733,1.903858778791716,0.25261399621672376,0.9851962226852701,0.6467330137130938,1.6310560455579164,4.220259920231152,0.11820991244077167,0.2944310836144758,0.15165895343888078,0.3940205493628903,0.31055924414074165,1.2250494801381662,0.07113646828351747,2.731912318434438,0.9508380137015892,0.37782389710016306,0.2438365709602804,2.7074963902495024,0.027001112106155207,2.2185292703464428,0.6873363795068663,0.014106786520487568,2.0083149468157573,0.5635991052439173,1.4955318497101657,0.3231426694350295,1.0996060074427338,0.12623256415591663,3.484176417389786,0.09969471400676125,53.80944189468139,1.435364839930011,1.092323810604627,1.2270961770144906,0.39866145365145167,0.03335631271422324,0.28141247149436244,41.40158930573571,1.8210210236570588,2.239767143694967,1.4040929035800302,0.10041462298964354,2.1916804050557586,1.226546242179177,1.405875204281046,0.47376929013419483,3.5643825324960954,0.7665331770375245,2.986555563418858,1.5862437333497266,0.14283478494323415,0.6442406172382042,1.497300961416448,9.997878641324817,0.0007025550745793663,39.57845867424128,1.223553368012093,0.5985836919283959,0.2970671038713561,2.4893164687350193,0.3005526045637232,1.6984977747326704,0.4010817076556776,0.9963267113103307,0.5005167527663007,2.9853896113417515,14.960074497701864,1.0511512956314628,15.928966188291284,0.39950891499384883,15.009249423004,0.08018206925117008,8.016452484397472,9.964818059991051,1344.264799768202,9.98763583997998,179.5334508729183,0.449125611276676,70071.4525762654,350.50922777247615,0.500093002081992,0.06806436375386966,49.89900118222449,9.976436713986956,997.3622303255818,0.5014430959893966,0.4987564899832615,996.5096464105566,5.017591300306849,71.91571787743138,83944.92186935556,2110.2879253616293,150235.76149270797
16.071247962722982,2.7603893784381497,2.0539834649198885,0.09687048337400911,0.3499411343345334,1.9027188639830168,0.2521244836671683,0.9941261572137694,0.6447847726969301,1.6361290411791138,4.211655290926298,0.11758847443347198,0.29404268662311805,0.15205608244839017,0.39579473618037936,0.3119991206878751,1.2256626703810936,0.0705258186279416,2.734410491432086,0.9516063045185487,0.3767311647537744,0.24382810801155463,2.719343311449324,0.026774118914350505,2.226015198757916,0.6918774387366259,0.014078846752206728,1.9981969802001327,0.5633796538007062,1.5042837244708307,0.3235707970198367,1.0997122714755379,0.12636483393297201,3.4888155460928103,0.10036595914840536,53.99071818205512,1.4362439575902197,1.0924050005538761,1.2279113082222173,0.40191729525324843,0.03356449184388829,0.2799648079640429,41.18433803607182,1.8233458605608366,2.243753542812607,1.406212438556757,0.10005216806485201,2.1797272776850884,1.2289713418388395,1.4142211659573252,0.47275448613434173,3.5844371085298645,0.7673695233687696,2.990812613356644,1.5882619221695269,0.143446334930495,0.6454414025002815,1.5056675268893698,10.001685989488378,0.0006999027910362472,39.49645243524268,1.22041253187006,0.6001318582048643,0.29831705645200696,2.4907755409682832,0.3001199037290848,1.699218549180581,0.40038390396498624,1.0016055008307294,0.4993071170441583,3.000121591932502,14.984264672895083,1.05278764430126,16.0474277917511,0.39917176558836,14.963931890736172,0.08014265848491237,8.021921296425385,9.951086549157818,1349.020385749875,9.980773087841342,180.47973681706605,0.4483959332607938,70377.27896073602,351.4363273968976,0.5017146478686244,0.06873532644962635,49.98827756002511,10.01994114947253,1002.099609384606,0.5017228662467739,0.5000906259093038,996.0764774056804,5.0239681477544735,71.68092288809318,84600.37019598088,2099.850290650675,149988.7258815192
16.072105840599004,2.7548581648536152,2.051754007576706,0.09703076785883473,0.3492734211561853,1.9010760533841684,0.2522175572119173,0.9893080025292548,0.6462134717562399,1.6281126902275107,4.228563666961897,0.11841111213976314,0.2927960933862228,0.1527295286003847,0.3958499863809448,0.3115293226600311,1.2286214234974495,0.07106522861404958,2.7236597046911335,0.9453655341928359,0.37773165793881536,0.2435692734464393,2.717148460080162,0.026964638117291835,2.224060543455906,0.6871796109762632,0.014135768717458388,1.9949784380027182,0.5599341175848523,1.5042305547874828,0.32047972138257674,1.0948479970293088,0.12576048979087703,3.5020126520066035,0.10047794412133167,53.704348295405936,1.4285047896240113,1.0895468608760097,1.2317899974479243,0.39893350671566347,0.03344278398992577,0.28096490964777077,41.19770477398963,1.824699767387858,2.2449466106836855,1.4146296811989498,0.10018366884182078,2.1931845780069787,1.2332885417876127,1.4040093967547964,0.4738598609764342,3.5807782013415377,0.7721341037691273,2.9904018614292145,1.5881254481102933,0.14341991614108504,0.6421985652692811,1.4937365286476112,9.97465834250672,0.000702822037136967,39.697473651689535,1.219772459143159,0.6014600081396654,0.29654007693585527,2.490457577967429,0.2987988081772841,1.6935683408882731,0.39981380145879525,0.9978068291456476,0.5014286250389646,3.0101711735327217,15.063740902082,1.0468086551916063,16.000456269502592,0.39819479127657004,14.960986218770131,0.08009206189642061,7.993791385225427,10.019069924713978,1354.57956963748,9.955953510888428,180.78950334301567,0.44794081497899835,70520.04474286387,351.3529084338307,0.49771650009643637,0.06832724211163216,49.8791042286087,10.029857234761714,997.2545516929159,0.5016310625672654,0.4990617070021822,1004.8914367123856,4.988520455354269,72.13317177832216,84463.79616454292,2099.031470683883,149363.63361748075
16.0081995970511,2.7548696742336123,2.056504161770346,0.09697912655572066,0.35130300062325254,1.9179411429940916,0.2527035511843025,0.9851252088129497,0.6453251622585253,1.6381131188671927,4.219849240030668,0.11814961413153549,0.2941759906837627,0.15130025502716687,0.3970192163351517,0.3124825940181482,1.2342831162267724,0.0709967561974117,2.72958861236105,0.9439327809334475,0.3775393497921784,0.24364031045755677,2.706108333354589,0.027030176698506082,2.215806602488498,0.6891068682246015,0.014166929273542352,2.0033622215411904,0.5641310753730473,1.502804679576623,0.32211736364166194,1.0974366350153664,0.1264377817843629,3.4900658760912555,0.10006435103673322,53.9323014690597,1.4229871092638546,1.082063597170414,1.2314315272088685,0.40117774943477685,0.033485607925691566,0.27983097609159585,41.351356394626514,1.8248834886415477,2.2411939812130055,1.4108488043008953,0.10020221279640112,2.188156741423849,1.2312455240723357,1.4154070249360713,0.47363586285060966,3.5669359770046376,0.7666185319190948,2.9867411495878966,1.5963684402358047,0.1432722628856191,0.647068356477244,1.5031216610419185,9.978849476979235,0.0006982891256520656,39.746134404872784,1.2221449024615207,0.6001428739897262,0.2980801294644821,2.4979160358180867,0.2995497630879048,1.7022788926989916,0.40099006918416696,1.0031340573360639,0.49903918409919645,3.010732027088551,14.970411331643135,1.047951221263622,16.048960367299788,0.40187750173824943,15.064833854244489,0.07968886346613649,7.983078129148586,10.025989652586114,1354.1342885438746,10.000426652904721,179.12898500047294,0.45000831407992875,69852.9495335484,350.1029821971506,0.5007843002518224,0.06815006804136624,50.1062447718577,10.01213862363623,999.296942185963,0.49936077525888667,0.5020733320008541,1000.5317066190926,5.019444977153799,71.93695842245738,84290.69744228951,2114.5695131735256,149436.1289955867
15.962044906514324,2.7614590834368156,2.0484010904503323,0.09697841839748518,0.35174068899049593,1.902402197784666,0.2522810883867299,0.9928519379073882,0.649858068706896,1.6290520249136298,4.1908007595400125,0.11840241196683692,0.29388702079956874,0.15160081874357365,0.39536848859782214,0.31203928807307907,1.2252539676042606,0.07102695968518644,2.741523329211227,0.9461816822615727,0.37759435078966275,0.24373111291458735,2.7161740695324985,0.027026202349067774,2.2161072335893643,0.6928679353005692,0.014043374907262858,1.9995602830063053,0.5622923032786499,1.4913534749374706,0.32276427989952944,1.099726968602153,0.12594398095378095,3.4928422443379183,0.09963471168042247,53.748283563918775,1.425433787303557,1.0919125073343638,1.233360235558634,0.4001167879013181,0.03355341746900992,0.2811209885439357,41.291634599685565,1.8124762626318307,2.251236122140953,1.4066588990993218,0.10037347164881212,2.1842195616681295,1.230896196144902,1.4088733099167765,0.47615378842806544,3.596136714577669,0.7693190972362707,2.966421764919555,1.5925667591190558,0.1424697343687939,0.6414529896872151,1.5024233720449036,9.960281233547285,0.000697401439922302,39.65582723379115,1.2194183782520545,0.6024822858356006,0.29733287995472607,2.4975233776931476,0.3006225630790711,1.705559338915641,0.39939648147138285,1.0013107742001808,0.5006209294366366,2.994096228667723,14.942793179234293,1.0519164293809502,15.962890890862502,0.3992731294514064,15.010853276060198,0.07972864715142523,7.979319863898105,9.99460788169462,1355.10952426763,10.02722561246619,179.67167433653466,0.44910930999025095,70524.02840620467,351.40817940002705,0.500927670162163,0.06809570503856499,49.80248626686615,9.97944536350037,1003.4201112234269,0.5020533466481185,0.49845514672973756,1002.1419676722569,5.018706881556457,72.27280865122624,84176.31118590626,2099.9222871877755,150684.42592443427
15.964253302152391,2.743199114180174,2.0439664990523756,0.09723162446771524,0.3486251452297781,1.9113501344946342,0.2531180970124318,0.9900491952491539,0.6510154523421255,1.6366129661666766,4.222305900166872,0.11812750755405887,0.2941153861527761,0.15208357536411465,0.394840517201852,0.31332655996152525,1.230026935524097,0.07108868563668415,2.7270828821497823,0.9464426665121228,0.37700012737683714,0.24332670246136864,2.708366545737893,0.027001840460958715,2.2203680008196462,0.6866382587809072,0.014127241743798966,1.9912631334279456,0.5618937948751663,1.4923904305325548,0.32116918686515916,1.1052779671987716,0.12551298393432375,3.4989939814484954,0.10013744512690244,53.745597518643784,1.4362253324313998,1.083754396824083,1.2301916918289324,0.40116208776077467,0.03358829633573761,0.2801939203706557,41.53042483245382,1.8284101584842614,2.249415446050191,1.4121476457249649,0.09986451407754364,2.1868044139997163,1.2296275051495822,1.4057295766508624,0.47589965722840794,3.5680275866021045,0.7661898937162382,2.9781963878929383,1.5832650824728771,0.14308928743156973,0.6441311767054679,1.494558965967622,9.974599688801778,0.0006966711655288424,39.71728059125661,1.2174729675747027,0.6012779081353453,0.298386881121382,2.496839689764584,0.29856516952359285,1.6969427954515515,0.3992994551014213,0.9983270507415575,0.5022672171897806,2.989936788904623,14.965508938133379,1.0534901890037123,16.068025203868096,0.39987314241271377,15.006007317844526,0.07964228670685296,8.024643074326717,10.009456036961524,1349.7166358015204,9.980257558208429,179.89878777312077,0.45105890414346195,69887.77891276416,350.89390896587275,0.4976731903249066,0.06858622101445341,49.855508944345814,10.040338768680355,999.7609457800736,0.49978631863216816,0.4993017597622719,1000.1636090071224,4.991901395327229,71.89914573366713,83954.67244002112,2101.7417641674156,150467.57264898738
15.959310532986688,2.758834873156944,2.057406910765961,0.09736167703214203,0.3483573937368041,1.9111657399761368,0.2528395352350258,0.9886712550949783,0.6465926884580733,1.6270884419208869,4.206761516322117,0.11749279962702203,0.29223141734096086,0.15222334127836334,0.3958910375982692,0.31121170498860307,1.2352998136378346,0.0706552440087779,2.719880377929063,0.9451498225116601,0.3752351588728635,0.2430548185444501,2.6982472904270174,0.02699547941831049,2.2283799815048857,0.6887466190852131,0.014138819051950864,2.001993854647678,0.5639413953236208,1.4936611855102793,0.3223549590846527,1.0952996428822976,0.1253819095867873,3.5030769561949153,0.09979454778035632,53.88057094012102,1.4261644451928044,1.091095897049417,1.2285797706227597,0.3987164750176404,0.033536177616718475,0.2798732355563156,41.29094954391651,1.8231448699933732,2.260332437563756,1.4135928191401155,0.09962414238013415,2.185895002933661,1.2336452888950016,1.4068295777817228,0.4761403303794281,3.578990169409374,0.7729599456614477,2.9758026430477424,1.596909686161149,0.14286763159397856,0.6454569579787944,1.4954279183613013,10.003078945052849,0.0006986709451006727,39.48664989482201,1.2192347398162984,0.598034978467324,0.29936658403548244,2.5077147192067484,0.30071857537656443,1.6992066445388352,0.39903641929668326,0.9982436305029888,0.49852182081752205,3.001556659819175,15.04669145993529,1.046717814208846,15.920727591925717,0.3985024260667087,14.994139822398456,0.07961487682527396,7.9922614302038895,9.961115807415926,1344.7048466550764,10.021261101686408,180.89909497684175,0.4486251672842032,69992.22023419573,350.1556926571561,0.5014255467089921,0.06840403133492245,50.035338506392165,10.00465071504161,1004.3737135321753,0.4976742648486795,0.498289578026118,998.8211298210488,4.99940154847304,71.72203457511202,84542.0921018301,2108.7439300777414,150648.36503678944
16.07052819839298,2.750344658996066,2.0572366688918735,0.09743012546307744,0.34951177860115584,1.9130053712441109,0.2531409234939978,0.9926136894720887,0.6493569905289303,1.625466505342753,4.223940509466951,0.11786980440849464,0.29336354829932765,0.15227014519582321,0.39606035604962164,0.3109566259804777,1.2324287119123896,0.07062104756540988,2.7235944526101976,0.9444619833767302,0.3764509829220585,0.24207029595145027,2.7058053759522043,0.027004781471319416,2.2189580658588928,0.6927220825441744,0.014098973092192338,1.9935766761671083,0.5634551062159461,1.494806108156173,0.3235018421480671,1.0973834214799172,0.126405905752461,3.489785726235037,0.10034213226603639,53.73912483204205,1.431911459305311,1.0827953281137184,1.2337578449085573,0.39894261450200386,0.03347573778517873,0.2811378231060925,41.3809830350133,1.8250759241573022,2.254233836466572,1.4047887211234995,0.10027346281100538,2.1883242626958994,1.2312024200185057,1.4060036821149102,0.47463468506378864,3.591354368056798,0.7732822125522048,2.993073136103535,1.5931814125395893,0.14239784185034957,0.6436305584963994,1.4953960678272575,10.01976145645633,0.0006976295979976814,39.86950224312924,1.2162733353428536,0.5973162823353342,0.29902376977023587,2.4925567822179757,0.29857203824547845,1.7008173181437578,0.4018769350864851,0.9976749764735251,0.49954361490061006,2.9921150071711784,15.008697743713565,1.0481392862908527,16.014618163864963,0.3999120837323724,15.064337290736248,0.08013601399748581,8.01460752456031,9.998646678198941,1347.3424586011379,9.981396323061766,180.00718470535105,0.44861360030596026,69924.02976923173,350.42216736663414,0.49815237729897754,0.06821584092374292,50.01751189060983,10.029009480778226,997.2477158701176,0.5014583224168679,0.4975777080758004,1004.9702273190442,5.000846947547059,71.9826388930974,84337.78458893768,2104.4774529847878,149862.03342937698
15.979357326705873,2.763140407793032,2.057410682725641,0.0972023430865931,0.35117758417091954,1.9032976071488477,0.252074201315062,0.9895066951916048,0.6468652362032721,1.6368205710972261,4.2239979663864675,0.11848036142326382,0.2933961856077022,0.1518118562288307,0.3970169777764611,0.31077872896259945,1.2343428788325965,0.07046637575565129,2.738687198093772,0.9499333559810401,0.37445261119408446,0.24214220477047746,2.7087098084029098,0.02684616634637672,2.2281538969867922,0.6878805518384629,0.014088308274513552,1.9952094205750461,0.559904763758717,1.4934033290295896,0.3231591584509425,1.1023705015482064,0.12652194241302384,3.486694248576916,0.09974041268737703,53.65463778375619,1.4299307583945156,1.0819968470948842,1.2239025823425318,0.40041883256121075,0.03338771669958553,0.28086779923900934,41.42043104648237,1.8240738727211605,2.2473703946755,1.4128926926354104,0.09986596546343948,2.1811915374282247,1.227662878083985,1.4030566993436178,0.47482169113537387,3.588603139798009,0.7721925561845923,2.972016482251755,1.5837297257045935,0.14255016500290324,0.6471151115929459,1.497181541387239,9.99292844551007,0.0006970293859584152,39.79480626432932,1.2193715822763376,0.5975243873631698,0.2979193669289672,2.5053318655492234,0.29991911367032015,1.7079667569162353,0.40148665500991865,1.0001480699037995,0.5022025385426415,3.009341633928593,14.980240501626202,1.0528498032877618,16.000936373440176,0.4001564468990287,15.003093153032747,0.08024294283231935,8.033485955257358,9.981951768628138,1351.915934503506,10.012840886539237,180.6974950635884,0.44976245259098047,69964.54846451817,349.8282174237995,0.49775638244117576,0.06812689829046308,49.90060978592963,9.960256292437222,1003.710914281374,0.49931009272207644,0.4993423366244565,1002.5750637324562,4.990066881269936,72.15493123913953,84482.51563720284,2102.056747708988,149966.7179042716
15.971556632580937,2.7478870158104836,2.0516553165545743,0.09705384980335348,0.3498744654599608,1.9099278726262658,0.2508017495518687,0.9866701247783484,0.6482681058523496,1.6218932058312132,4.218596552329473,0.11847844868729364,0.2937458875306218,0.15171750982948426,0.3958013702418798,0.31247023640373983,1.2322193743451562,0.07113806780504733,2.729808377184522,0.9456255902181389,0.3754818413271494,0.24402653638608873,2.713596429522646,0.026997983627990153,2.2249747001105384,0.6932114693862385,0.014100173438023495,2.0089981051877017,0.5641687030220035,1.5021361241610425,0.32341388024208634,1.1002809140594978,0.1263059646899678,3.4919312183629505,0.10027626095817668,54.052188970438266,1.4336951799450237,1.0862222421178254,1.2336443408542115,0.4015059573490003,0.03354564543316127,0.28057271078802454,41.53620945300009,1.8250677958162103,2.249316002124997,1.4111261536540978,0.10018582525306595,2.1941242426633,1.2276757567869478,1.4070769525300761,0.4768398977564253,3.5956449988125003,0.7692459014768859,2.9923186314424006,1.5895340069106336,0.14252409940316801,0.6454997500773073,1.4931882763352786,9.961391637031113,0.0007030870390536876,39.68699230571539,1.2171497917119065,0.5998824568783422,0.29823296934618826,2.503472887284836,0.2995446669606388,1.6980858503212048,0.400199052941953,1.001266645490969,0.5021067822915721,2.9967682842766163,15.056203083265192,1.0551787904800216,15.974240558573253,0.39810913785372726,15.015655683314801,0.08032291813289633,7.964271118017731,9.969714984340625,1352.378030803889,10.030965289119871,179.25595240336241,0.44938682037141225,69998.64147785855,352.50111197544624,0.500912344142444,0.06838333673453136,50.18117614470911,10.003766232389637,1004.1133411319743,0.49869404191876515,0.4976366919898478,999.2873847896569,4.985213862161987,72.24172637050579,84238.72529110909,2100.5513693418643,150410.36084135363
16.004301661285318,2.7500768541230376,2.0434561905202857,0.09768134920797665,0.3505565632488274,1.9167771288547,0.25265452549982004,0.9900290452431599,0.6448230606830961,1.6327167242894838,4.193191335577369,0.11854452874135667,0.2922653463434257,0.1517983460999922,0.3962041753800235,0.31200815713500357,1.2319083196867668,0.07100068091436455,2.7370336802170594,0.9518686514945425,0.37588688595172737,0.2430830395254856,2.72013749225097,0.026841447071753708,2.2143594280882644,0.6866129521999011,0.014133625753767814,2.003751713187336,0.5607451681952946,1.4914598346080818,0.3205269495768397,1.0998664917667536,0.12561378768354356,3.500239559571946,0.10045003372905177,54.059254919967,1.4350278141257427,1.092334912396796,1.2329619685104158,0.40026929466905864,0.03360385376193264,0.28087923162653466,41.362067994652094,1.811491590642012,2.2532170588425644,1.4156050042648984,0.10019315148207625,2.187900803437836,1.2314378625095515,1.4144126820451177,0.4762551406397802,3.5796841883665076,0.7689349124762552,2.9769265404898926,1.5964857554178,0.1425278907586543,0.646337588573894,1.4954292557321236,10.048088974983445,0.0006996384005487476,39.77262520485114,1.2227983681253993,0.6016351863182893,0.29886239965768696,2.4884768683046783,0.29932000308997436,1.6954050612893594,0.40079437291246633,1.001833174550263,0.49898516742086807,3.008806258002254,14.971743086228265,1.048350819815173,15.983816137559822,0.4009783588374123,14.926766689714807,0.08032517220100328,8.015364394894975,10.008659837979522,1346.4539771818877,10.028551331799926,180.6710186643045,0.45000696024040626,70036.3448556773,350.4508975953514,0.4995812550630299,0.06826724612054441,50.10609425844319,9.984217430791979,1003.212172091079,0.49981845519962625,0.5006448009015817,1004.479523182076,4.99730268356608,71.76264926932151,84253.04008480818,2104.930019828709,150423.8749510338
16.057631914127292,2.7558470436666718,2.059664821494749,0.09697565722790075,0.3490871844603204,1.9060135780795084,0.2524306863690905,0.9873521560517068,0.6453329449082839,1.6377868715925445,4.202195113122308,0.1176724257176516,0.2925861345765499,0.15148080621744725,0.3941616405437528,0.31139279673083675,1.2280057141099352,0.07102019949646075,2.728242883706964,0.9502444115784411,0.3768862794112641,0.2437022507506618,2.721341590767442,0.026899631828954468,2.2112077632186016,0.6868167743051996,0.01405585424478466,2.0065842329369277,0.5624178441845569,1.4916125701174046,0.3208170886861816,1.1043065323172867,0.12602523825324893,3.478549228246023,0.10039674761486853,54.028994019669014,1.4296820925575904,1.0866202612971052,1.232123617046937,0.39935323678174006,0.03366746990483743,0.2814987446912899,41.448343284008175,1.8234116344169518,2.261161887166555,1.4031020211871323,0.09952282466901292,2.1962421103549055,1.226425521111222,1.4126108485706126,0.47501586709555127,3.57350839049523,0.7679313181159553,2.98824702763291,1.5847686124443325,0.14251197104610264,0.6436260460082,1.494289151946444,10.014151185309142,0.0007034437954569269,39.77837199384098,1.2212594664439809,0.5993678309629396,0.2994542091816052,2.5094985812719446,0.3009617723847516,1.695410113554497,0.3984943227746188,0.9967794107175734,0.4987934454720807,2.987450964813176,15.058263349375181,1.046694611357023,15.95625753411243,0.40155263342298764,15.068721480139502,0.07977742490054844,7.98353472743925,10.030010289723602,1356.3485624821167,10.014967609728716,179.89665243143185,0.45078560794008365,70378.70857356157,349.51092576925436,0.499676491775262,0.06864439461148128,50.10271233705811,9.965377430901254,1002.552131922553,0.5008372055705324,0.49882324384336973,998.4400288230736,4.990720324746206,72.35513894685849,83944.65860695427,2111.9341920812208,150045.9531295112
16.060883469569273,2.7632511812191467,2.0594522034051614,0.09754433396488062,0.3496975027477104,1.9056312940418019,0.2515451334295804,0.9915160665107501,0.6469752564044876,1.6289386848949445,4.192306902156645,0.11831979371471564,0.2918616052216609,0.15175228035955732,0.39635811853001934,0.312097265535352,1.2348355059178036,0.07091235120103165,2.7378909224551546,0.9461366673729247,0.3746172875863244,0.24359129189781645,2.700611990304323,0.026989890708801242,2.229834987238959,0.6885022022294871,0.014136801710250687,1.998746766370847,0.5608703650830621,1.4959692157007038,0.3224725906536502,1.1053687510053685,0.1257480551044313,3.497187417500374,0.09983487010316072,53.77597654575682,1.4318853426271183,1.0898402011325938,1.2326738481901491,0.4017703427143731,0.03336846867221051,0.2808141429050366,41.303430246070214,1.8257686188309132,2.240145597414275,1.405428828672668,0.1002720285617471,2.18681664491809,1.2322361413875609,1.4170289300556622,0.47480928323957133,3.581180835805179,0.7736600260867269,2.9873425259679744,1.5851784362598367,0.14343514930862586,0.6441021281712027,1.504310541192958,10.009855252487203,0.000698091320169962,39.80476962511259,1.2139247237115072,0.6023281813221609,0.2989494554926669,2.5117534997943123,0.2986066132221261,1.6989397865489848,0.3986765261695637,0.9987398953580325,0.4992989570491497,3.0029268318711146,14.990614499067279,1.0548885187423218,15.964443803337204,0.39967500183892046,15.030098220048151,0.07982123468072949,8.01790488754702,10.020871249306742,1352.8652160025965,10.017507642571617,180.57142863910246,0.4522271926346135,69869.92623103484,350.8599884223494,0.5015654046500979,0.06805803229152319,50.022576622252316,10.015979821560457,996.9174267355827,0.4995041025165887,0.501447255967777,995.666827210383,4.98174333665668,72.22901001958317,84471.38504727132,2106.9029908066,149874.27997832748
15.936904279212373,2.7585645255807782,2.044705779903377,0.09760162151356722,0.3509654329498382,1.9019958745027596,0.2523414426245169,0.9941641974323244,0.6504570099479254,1.6318476519312177,4.1961894744815105,0.11821268535151978,0.293486796230496,0.15213487677168397,0.39507234169844924,0.3132489260871666,1.2300316959021802,0.07065635757903517,2.7233175626186763,0.9459240490346134,0.3758537139842375,0.242345969136299,2.7104719347153328,0.02681715431878382,2.214915133128588,0.6873756916309995,0.014079892647038305,1.9981193934227568,0.5614588928936574,1.5003665658649494,0.3219464229810257,1.1021230583695751,0.12541175652659273,3.487786943825764,0.09958979779703939,53.88956919055768,1.4316473529946039,1.0902255570872608,1.2306176950879872,0.39951800909354107,0.0334210949158005,0.28198404200486515,41.26512035503441,1.8116719777262815,2.241582286328015,1.4170148218999539,0.10040612002976355,2.186063647407092,1.2238973448786217,1.4137676049788326,0.474052547222173,3.562892946130952,0.7696658553444171,2.977739847482605,1.587801961490691,0.14321931537884292,0.6454555324098921,1.500887756576277,9.951398677347632,0.0006966569119024342,39.83147592780386,1.216174600324065,0.5993883862278137,0.2968185113215633,2.4932325243766003,0.29995606097623934,1.6955042916628489,0.4006363306048735,0.9986730840235717,0.5014423338337001,3.00305851357221,14.963094758540606,1.0532380211436125,16.06913393124574,0.39848017719606443,15.025449521993831,0.08010463639193172,8.01357701877208,9.953118575049661,1343.629699128808,9.979481150005793,179.2444195360898,0.4493973508989973,70443.37229625594,350.3592605798917,0.4994642312387107,0.06824098507140963,49.96080160514841,10.029751213129693,1003.3089133442663,0.4996052948336639,0.49948430280980927,996.95065471077,5.023780082447229,71.8639166288496,84078.48779154173,2103.5234781647873,149370.6502652904
15.972566020292325,2.761841079370149,2.0412758514212643,0.09694775166900585,0.34901212850309943,1.9049398279830072,0.2531456317392673,0.9920646993110921,0.6507202504968375,1.6358290525416013,4.215251810511401,0.11807057420783801,0.2930266627160256,0.15228809035454144,0.39679922620554553,0.3123103074085058,1.2293719793938853,0.07092415738747657,2.7206274778117523,0.9484885393428117,0.37607256746659906,0.24308425990549126,2.710293187507342,0.026967320842926825,2.2257163421947586,0.6888241210054086,0.014078956147881103,1.990329720799128,0.5598267240818672,1.4934420063949796,0.3228555872901693,1.1032767828131358,0.1256824990668958,3.5029044585934335,0.0998756979690643,54.07067980696954,1.429526008874319,1.0893109680693094,1.2282326507537102,0.3982824262355886,0.033417607264563866,0.28125322905114936,41.56299240033914,1.8223349064622296,2.256051453685478,1.403149140068954,0.10026006303910538,2.1973482712818626,1.2289256104093855,1.4099138679505392,0.47287377215013227,3.568351956496118,0.7665848741498434,2.986894776369944,1.5947678383014874,0.14244039359890803,0.6467150783882301,1.5050928999205353,10.007628497267243,0.0007033480167357086,39.83176316020776,1.2166162297568581,0.6027242141216477,0.29783001902390954,2.491371647798368,0.2991002692693594,1.7031313069753673,0.40195023365260996,0.9994527169442587,0.5003656736592834,2.9940071876663095,15.051818627690247,1.0459591375415787,16.01315957649989,0.4003448819373141,14.925170960713508,0.08035244990947843,8.037947390830158,9.996747343993778,1353.0461613656823,10.03487119416798,179.3100689643141,0.4481307850419804,70314.8614178099,351.0787406760141,0.5008969683759971,0.06844924561128168,50.11319588634543,9.965490925832487,997.1561813909342,0.49868511583015285,0.49958260049348435,1002.5956033881527,5.016569840567254,71.92893355548988,84296.93713997642,2100.688505329773,149963.66535815122
16.070545684600965,2.7436553624295263,2.055902845217674,0.09675501277674957,0.34945835035460493,1.9130327223072687,0.252695522415633,0.9909126336000895,0.6503925594343195,1.6352288089619,4.214946961913765,0.11782078513794404,0.2926006718178834,0.15217494731250292,0.3966199447107846,0.3116711106987669,1.2287394639390228,0.07057116004363696,2.7163578493720713,0.947634939637884,0.377243963105065,0.24364769524081767,2.7233857831622523,0.026945570154646752,2.214092868290063,0.6912237067325957,0.01414631550975617,2.00281994020696,0.5618972901198163,1.4987741317929655,0.32047308440567207,1.0974162375788084,0.1255687489917562,3.4869781986977895,0.10039303653857279,53.741773562317654,1.4238650799260346,1.0900101414848553,1.2345252071412858,0.400125579276129,0.03345864980155941,0.28050501166668,41.45580667032371,1.8260287769821009,2.2430124096626396,1.415671842537982,0.10015739007605894,2.1952185629812706,1.2249190208970429,1.4158986601755756,0.4751339242887535,3.57506343459888,0.7692218175678246,2.9738324141259738,1.5846412615814474,0.14233456220193463,0.642482788582995,1.4999491756340804,10.01667606187462,0.0007016334255300243,39.717935699221314,1.2153159583112971,0.5995892914322404,0.29849886869177533,2.5060793924272695,0.2994735204849797,1.7072835029239737,0.40118152613324903,1.0035173093083603,0.500832724955851,2.997412814285554,15.065125276682881,1.0542151746437356,16.052556062875986,0.4015645085145792,15.062491620184668,0.08019708581258128,7.976026895262229,10.003854727215352,1351.5659185786662,10.027337345290155,179.99126501337287,0.4500579201339667,70529.79743818498,350.70230253417276,0.49815004919947997,0.06854342372215562,49.93127083001898,9.97485389469639,1001.2846196720006,0.5022718383607747,0.49906404427557977,998.7227124708037,4.998274501876969,72.13535600843525,84123.37748825342,2103.423139638443,150301.35809674303
16.07762161393194,2.744953861912082,2.051749213254236,0.09748616087126127,0.3489924477895238,1.916079895655923,0.25163442519212337,0.9861491270060584,0.64492136975771,1.6223893155716822,4.222530744260929,0.11820642757785321,0.29385992607359024,0.15238448068212915,0.39552866233447814,0.3133510178632298,1.2346487305936575,0.07069263295420816,2.7374512895821326,0.9510303595857885,0.3759566261230164,0.24207761796726807,2.7055029398162858,0.027031490234131754,2.224793765331199,0.6918955050647823,0.014158081327928276,1.994055257513746,0.56463243065268,1.4972715858561418,0.3227878648643504,1.0980003136078689,0.12578505272469895,3.4851000305259308,0.09984805887975785,53.67414547334329,1.4272769127102798,1.088602028439401,1.2349442672122604,0.39816666135266077,0.033338070499062775,0.2809593643153535,41.47264519045402,1.82196994138702,2.260643475226664,1.4061770425870077,0.09998124478237155,2.199108253788184,1.2314452164948189,1.411087419707139,0.47705599786099734,3.574232720623679,0.7673602539091308,2.968951080516009,1.5951177694889138,0.14351043619704315,0.6422861765262358,1.4993560701732456,10.00848517355264,0.0006974732386949975,39.81840805375059,1.2190103147186073,0.6021808425235652,0.29877502843250564,2.49487385687561,0.300649722648984,1.7040919855846042,0.39924505230542007,0.9975373559007169,0.5016171389377725,3.0053379912209524,15.035935984850601,1.0480370801610095,16.03555104379085,0.40085722627851583,14.974991239693619,0.07981636804145542,7.994511588256162,10.02390922017481,1345.8634309372255,10.037426240183553,179.55949683974708,0.4515283516528665,69940.44026490513,351.7101255684655,0.5003069746126925,0.0685104379473829,50.237068298099985,9.955255787867008,996.4912697303835,0.4978954240115112,0.5000981847967384,1003.0280724375034,4.97774123954839,72.20117281141971,84154.62563945977,2114.2920731451895,149824.04417985375
16.077535671718948,2.7515543425071356,2.0600448601333974,0.09732819314518795,0.34946217524431883,1.9157951058846947,0.2519671395217009,0.9881071991767825,0.6478596134178249,1.6360621752802387,4.219780140934238,0.1176150472036996,0.29399209166293766,0.15189575623259463,0.39434815923906713,0.3108991769692756,1.22466381384187,0.07092502416490103,2.7233815172547384,0.9441733885457997,0.3754949179054656,0.24389172769774256,2.713488530326943,0.026896295181175606,2.2251769214669865,0.6870736757717142,0.014153970810947323,1.9935547238263482,0.5593101647408503,1.494939535237385,0.3205782004264088,1.0963378668750972,0.12630113826414782,3.4866751845399984,0.0995068988377936,53.987499528427584,1.432961688804667,1.0913693430571612,1.2257516121067207,0.4014286629507646,0.03356991716296591,0.28087858917260333,41.291396596134426,1.8192327377400013,2.2432110871093385,1.4130694910771968,0.10020358979929905,2.1832445050422566,1.2269571853748447,1.4156556767989268,0.4748655030850338,3.581829995498652,0.7735314148240765,2.971269309571941,1.592021370471737,0.1433918413857066,0.6428371914874726,1.4971322520302637,10.039681930885656,0.0006971958416291681,39.54403872084868,1.2189136533348433,0.6017903458009582,0.2978658749682809,2.4942641485427774,0.29976088510826465,1.6990728275137115,0.4009081008386304,1.0036875008105013,0.49910625532254443,3.0062561882679235,15.030208259274731,1.0528029493322986,16.012041701940074,0.39805879399323474,15.02338010036123,0.08008983806211598,8.008921556497482,9.978129857923914,1344.571453334754,9.96893525896907,179.48916916658487,0.4485312427841357,70002.71089782161,349.3566684953462,0.49884662910772587,0.0687405534951923,50.00569061172254,9.984442286049726,1002.2048722280679,0.4998473022792601,0.4976474898138394,1000.4738971115022,4.990203328692769,72.05125240760604,83935.81362126209,2104.6326744928692,149540.46030309328
15.967810465605421,2.755147030460104,2.0444168815663137,0.09711945752889221,0.348505985038462,1.913574798911309,0.2520981368319936,0.9931065252799997,0.6482272889191453,1.638055684265734,4.199101652070897,0.11828568564906608,0.2928017170978593,0.1518114660667732,0.39691685612768063,0.31342133795799726,1.233143595367682,0.07067972690598731,2.7302700420619206,0.9453184870106502,0.37645209792792017,0.24276328665429397,2.702632406654043,0.02677117393743004,2.2294421996586142,0.687093863744488,0.014075932627168731,1.9938090734257639,0.5619669952917752,1.4924333243357089,0.3227605995372196,1.0969730142019594,0.12560367540272332,3.480119294100982,0.09979756331257049,53.9864613001998,1.4258476858593958,1.089139762635168,1.2291411018782703,0.39878803431229426,0.0334129149125086,0.28077672602208054,41.33976449502975,1.820249764800018,2.257033040755889,1.4035962224171408,0.0998936106307642,2.188148197078188,1.2269362810623916,1.409180496760748,0.47531650717626434,3.5830415038409327,0.7713077165719682,2.967387712311302,1.5893641200594002,0.14336838596755122,0.6437104918722392,1.5023472905285118,10.009044886509493,0.0006997530324349991,39.512918846752605,1.221625344906146,0.6002070780271446,0.29652694003295466,2.49267141736321,0.2986841987279834,1.7011939824221929,0.3980605918044761,1.0034242095108117,0.5022372699950158,3.014267369860622,14.958987669084568,1.049948978981907,16.062587003978283,0.4007493400941329,14.969811908305042,0.08026716150715629,8.00591489519047,10.02299845307296,1356.3370272598186,10.049750934810376,180.00867917315034,0.44845475633607756,70265.90903949893,351.3747387702037,0.5003607244613255,0.06834668141376862,50.040780120013316,10.003404030327534,1004.4469262922357,0.5016880021634681,0.499468445604876,1000.7086654130566,5.003302644933763,72.00771709199124,83838.84257826094,2109.47511414438,150346.90591391994
15.997469570621545,2.761043256575437,2.059920404435929,0.0975041512408296,0.3514975207206139,1.9097613011623258,0.25304388804456934,0.9943067653499265,0.6488007148255127,1.6243067543434495,4.195362153106157,0.11796732089245296,0.2936902508872858,0.1520021191970413,0.39718740529668095,0.31284173990539743,1.2263543799031809,0.07053999724730656,2.7356192826888375,0.9462972066723699,0.3776220523220124,0.24389547382374935,2.7086785512032687,0.026921656066778956,2.2277057075527944,0.6925624474538691,0.014108033380870497,2.0094382630648933,0.562117843859299,1.49013038168766,0.32220187843623366,1.1030470759002715,0.12661101829278085,3.476227363363268,0.09994053719669704,53.95671294860158,1.4354549294127432,1.0893467241317332,1.2266943290855743,0.40143755673649945,0.03355502150146569,0.28180920546484867,41.528397346949106,1.8132525771813572,2.2603605893332883,1.4093555795924062,0.10048255250143233,2.1831454563350667,1.2336078119635059,1.4072489715706158,0.472837825190889,3.5976866472224835,0.768487221967365,2.9674994737916904,1.5957319052614507,0.14290278902668427,0.6444923536333526,1.5072726553972298,9.998070907301834,0.0006969696895905411,39.755862655980245,1.2225693138213882,0.5981652494176337,0.29813532751736604,2.496730523412078,0.29864976475121446,1.6967972412435681,0.4016381304276306,0.9980024734533506,0.4986153156774595,3.013227385452577,14.982349023133338,1.0546258700839133,16.060837498640584,0.3998818580004987,14.982744249293688,0.07971017436238391,7.975249317772196,9.973244318194135,1349.5997775670755,9.98721134374163,180.54069178484272,0.4490850418206078,70129.02641629876,349.54619353696614,0.4988560998711894,0.06859358577491745,50.103550207971004,9.990222036652312,1000.7747320306441,0.4997916682145652,0.5019761027436346,998.9469075142368,5.0111057240301715,71.79734098323016,84155.5025239057,2105.6174264321367,149406.97018545074
16.013986956123023,2.752053287206546,2.043004434286264,0.09768468732558117,0.34857372650908086,1.9175502966306224,0.25197861942958544,0.9872547791155583,0.6454909357825002,1.6332505478420716,4.220712362482115,0.118204660005496,0.29276522165553714,0.15150231202253142,0.39714657009558735,0.3131582390697178,1.2286700121426484,0.07104158203136506,2.7337018864200884,0.9482557544514907,0.37641587591239706,0.24204683473677194,2.6998483134117106,0.026960983340071177,2.230432825386984,0.6900538485756605,0.014037114099364943,1.9913614671142494,0.5618165896048208,1.49936023810394,0.3208887028337318,1.0948633838283695,0.12628913129669112,3.477649989877683,0.09993817998400889,54.03622280174712,1.4246417182502376,1.0863777269020245,1.2252208980695491,0.39939003235004933,0.03363816515397644,0.28122247594887617,41.19260825168399,1.8133474779262804,2.2453609627882756,1.4155772436977545,0.10024708633921978,2.192573095733958,1.2257269160203978,1.4160471330889446,0.476463613447481,3.570671439669096,0.769263309351196,2.977865837197306,1.5913913513395876,0.14282097885973782,0.6421325707980244,1.5025048427938574,10.017755504046953,0.0006995966987560571,39.67470370373747,1.2145181761581738,0.5997365930345152,0.29889518679506755,2.5022870621827416,0.3012620970868856,1.7036807272042331,0.40111054819504244,0.9995841567380723,0.4983672469754389,3.0123655525919464,15.023879472749757,1.0542994834311887,16.018803592810706,0.39981792376214037,14.945210869718405,0.07991816383011209,8.0078042791948,10.043076426862536,1354.445652402877,10.001314166838398,179.9063836333162,0.4478997302003182,70077.56105011239,352.5587996575779,0.5012051267955281,0.06841692835321658,50.18114978814281,9.952305583260948,1004.5762422101529,0.5009983436513465,0.497566570736345,1002.0553180869906,4.9791563924684565,72.10051003393544,84043.32380602148,2098.9395416481348,150192.12221555613
15.9894465237492,2.738024383004094,2.056608028934777,0.09697267130010068,0.35041373592106273,1.912088788465607,0.2508815261148738,0.9949234338473403,0.6476608403179034,1.6251973132160968,4.207337077682624,0.11812161309670936,0.29154390655711004,0.15169620300836487,0.39614386779379157,0.3126067681776757,1.227703663314297,0.07073196803440845,2.722389536117322,0.9460380222901813,0.3767044639266742,0.2426045463152855,2.70402769163089,0.026845812619858682,2.222500675532801,0.6904196358750454,0.014086873096193733,2.0026463258811256,0.5628025038985135,1.4897112501689882,0.32148177163191344,1.097187177663477,0.1264146931975267,3.482162719642277,0.09981729609188436,53.93037121316638,1.4306778099749238,1.0903802820376869,1.2286215178486573,0.3991246569685045,0.03353626151290335,0.2813407848822186,41.59388610838109,1.8221530385178673,2.2497915054281146,1.404826258957206,0.10048692308481491,2.194051320751718,1.2258797144650075,1.409431449797284,0.4752864360940514,3.5698642075913964,0.7717901070340222,2.984480059177436,1.5857665829351495,0.14370035161008018,0.6468894252750599,1.4964828166444848,9.994181215460992,0.000702763515591066,39.64281819060577,1.225548810306277,0.598202445218252,0.29866758641117747,2.5024876516779386,0.29953855480959346,1.7037024734092785,0.39809684203806817,0.9973086984934879,0.498806477642781,2.9885241122006776,14.930094165665468,1.0484559488232879,15.954923945598132,0.39853146779820187,14.94859661165597,0.08026101317516865,7.967592229721552,10.022485522622853,1343.9783846725416,9.954063201151316,179.89603746065538,0.4494683385660085,70214.10722535987,351.58101376141656,0.49904905358058094,0.06819097462662461,50.16105840557623,9.9665306936507,1002.9845273741189,0.5004357343783777,0.49894684991642946,998.1425906401357,4.993531473063736,72.065577404014,84614.89850836614,2101.174647050322,150662.8018675623
15.952823496367913,2.739356348226751,2.050658332530619,0.09766313940632888,0.349947023281912,1.9157283776495886,0.2519308167566822,0.993465017949111,0.6500265601229985,1.6330349377471616,4.214858786089235,0.11802140853603757,0.2943383035919182,0.15208721735907219,0.3953550667244829,0.3131925173092715,1.2319684289087405,0.07084118648776137,2.7349732567080087,0.9465673076566116,0.3757024072396734,0.2422602952666999,2.7196210639708807,0.02694454426782614,2.2271986105255146,0.6887399949260017,0.014169856660691373,1.9971442034826612,0.5611778672152964,1.5038957128280837,0.3224993089206546,1.1047678656124282,0.12615515877673783,3.48115197071765,0.09989073650762512,54.10348966093508,1.429849305588129,1.08927160850126,1.2258983038215852,0.3995990744324,0.03361371815664471,0.28193791601797674,41.317278044938035,1.8140408252942564,2.239276968871338,1.404746120825849,0.1003356678949467,2.189029478541621,1.2274369441672177,1.413886806868889,0.47639386812439805,3.575065344583698,0.7730905308592342,2.9789007475276974,1.586203575776723,0.14357165092463622,0.6417650075173469,1.5074391527891091,10.011325222646317,0.0007029074322508178,39.55256204838206,1.2186471574274238,0.6022395055958083,0.29900456063402336,2.509296278746018,0.2993413774498612,1.7019995064235358,0.3995583941106305,0.9982077440346129,0.5001006380163594,3.0064515884238405,15.002777674619342,1.0471702280339104,16.049198821380084,0.4019111547178403,14.979431793370946,0.08027940225516679,8.029109021741958,9.976052124057146,1352.7716462251276,10.04384172017113,180.43174069440204,0.44788509793613956,70255.35368733358,351.8470024873559,0.5005906829111111,0.06807765805369369,49.810084541721125,10.030162228759066,999.8805336095297,0.5022898843771879,0.4995749079462918,1003.2170826479179,4.976774627041535,72.2455306057725,84513.3660862127,2102.096696204933,149714.1780621949
16.065585404402697,2.7576368799191977,2.0520079489447745,0.09713812727330715,0.3514423031642419,1.9147219420694879,0.25179042649440786,0.9899675293170439,0.6453978371266453,1.6350651434844443,4.224385665782651,0.11782965784432346,0.29244228544038126,0.15162339591450752,0.39470689652546903,0.3133970895659372,1.233186111890644,0.07075285109466331,2.719357654899004,0.9445818635976518,0.3767888044480114,0.24227848692603277,2.7058773844752744,0.027022935455017952,2.2218025934622845,0.692127596203266,0.014044147268743328,1.9966077238465547,0.5642233116360315,1.501647632371359,0.3227195089485516,1.1009614535541092,0.12570886448043822,3.4929832712727276,0.09955075995854606,53.74950679987248,1.4302611932264284,1.0815864935881314,1.2267063900735387,0.3986089921147016,0.03344824678158893,0.28170589746331387,41.5751867658202,1.813904063061625,2.243949178755644,1.4148909694137242,0.09967267619400852,2.1952848301260186,1.2249013850417902,1.4120911019208284,0.4738870755821504,3.588934292199362,0.7701491738699867,2.9704310715639086,1.5884454418538132,0.14302052455536987,0.6471940903911731,1.4997054359164415,9.965123968075162,0.0007003865945373694,39.568980346481254,1.2246307005948252,0.6020044090013243,0.2968933684214521,2.502209382428054,0.3005895216971884,1.695778296238675,0.40050550053435824,0.9996268860609023,0.4999103934767419,3.001538716588104,15.010520617371009,1.0522028796183334,15.99238845782803,0.40089054243513855,14.997890335437036,0.0801302531338628,7.98104879292652,10.004170140482254,1349.5679426552497,9.980219629284925,179.2121616003306,0.45004586128775415,69837.93629705707,350.4834474103778,0.4993532745132941,0.06849148722445925,50.2437144680704,10.03580011988651,1004.7508381121085,0.5022546854216767,0.4978705637087903,997.8194738411938,4.9898493790344975,71.6911347927416,84502.91791696235,2113.321682526513,150157.46099800573
16.062558548311046,2.755895152006091,2.0487813558344863,0.09685966819286582,0.35160473832943817,1.9136725231801353,0.25163254345058234,0.9863231426317335,0.6499373240707562,1.6349228441364005,4.211810686569702,0.11858994936771049,0.2926672114925493,0.15267193872347587,0.3965158377910799,0.3127376378484869,1.2351300477282499,0.07103445517459515,2.724230633726667,0.951481385228265,0.37614930487888565,0.2418939341088053,2.7147104662988215,0.026899918667156242,2.220813048144181,0.6893895248382145,0.014038536016517932,1.9936042670294214,0.5634412748592077,1.4930214046319907,0.32241127995174046,1.1004604628972423,0.1256489621011464,3.482341938489832,0.09988356761749369,54.114958484910204,1.4363106784257567,1.0857690320825328,1.224417656883261,0.4004035934727192,0.03347238789432448,0.2806784290418496,41.36597328078287,1.822813238729204,2.245599902652007,1.415536102553139,0.0999212493461572,2.1865323850983294,1.2352022233237392,1.4079998150023343,0.47301959674522814,3.5676610310723382,0.7716500714692769,2.9818573002845814,1.5905504125354832,0.1424022472785102,0.6418366507624409,1.4984432169022266,9.994800568659931,0.0006991360751632429,39.681088918163674,1.2228492901099952,0.6008142260131139,0.2983316306164959,2.5014444704315286,0.2991027847967204,1.701778820349189,0.3986338243275938,1.0021291486006312,0.49976143758106645,3.0024438184585254,15.05441918857726,1.0486675215654917,15.935961995139628,0.40156558802452785,14.979747568156142,0.07992521881782749,7.983681877678351,9.992016949087063,1350.2831052858573,10.034331128889981,180.39628851412252,0.45005976410217335,70367.17296876202,352.0902961042207,0.4977907429317762,0.06846308452652852,49.77163407677376,9.98081155012519,1002.6241626917293,0.5014564266549166,0.5019191360553613,999.9823792346479,4.979206875877485,71.73128536411777,83995.6804512106,2102.3094460684706,150039.84123840855
16.023349977879125,2.7407188464272982,2.0436238552697095,0.0968821460944956,0.35089227968208575,1.90621987789302,0.2511601127674789,0.9893206196445253,0.6463639062813323,1.6278695747850709,4.223640990334179,0.11780399804850368,0.29204733803316796,0.15159332806531903,0.39415605484451566,0.31325152350845376,1.2324227024760743,0.07077405958402813,2.7316616096446684,0.9456687825003129,0.3756378671102023,0.24256220055063069,2.718795125836277,0.026965481423546447,2.2152021468903706,0.691809510012588,0.014042744639841844,1.9940513916667328,0.5597878516151191,1.4930815475138701,0.32111834427738617,1.1044060999571261,0.12578251081823774,3.484947107279308,0.09959975062524207,53.676021136790524,1.4259872420119204,1.0830275165257475,1.2280887027127656,0.3987441774518424,0.033392187394199226,0.28111413546861314,41.572987645408695,1.8111271665435977,2.2546250117979545,1.4122446871780456,0.10008505445432095,2.194211329042857,1.230107003778553,1.416019540041243,0.47337656824080077,3.579053142269821,0.7711783955484808,2.992179222735787,1.589800225354146,0.1436821046423444,0.6450077496612279,1.5029881880742377,10.03182072220703,0.0007016374281284628,39.68897836257137,1.2233259282769307,0.5972143977144135,0.2992896465254353,2.5080787466128807,0.30041298352545714,1.6926688260245344,0.39917969539322307,0.9975362818770612,0.49878512491162624,3.0051630701385226,15.056420756083865,1.0519071176099937,15.982201557657092,0.4018769456841167,15.054387353481927,0.08014833472749602,7.991797251911351,10.018382744115284,1348.7579340262023,9.965518700466484,180.21390246826402,0.45089146028353844,70076.23834089146,352.37631233870144,0.5017712978068092,0.06845667113898588,49.78011788032974,9.951721583732425,1001.3988628232913,0.5015690294006544,0.5000017641672556,995.2348792816941,4.982241444085707,71.79209634662443,84318.58438092115,2104.706553020897,149403.3101888983
16.00026790472815,2.760161052642339,2.0487518576342687,0.09685956905206573,0.35027302763059887,1.918201271547557,0.25103209431952483,0.9865984367072702,0.6484331407687991,1.6273919465041593,4.226653101734115,0.11825106139833119,0.2919659672721099,0.1525634919478033,0.39656347648540696,0.3119801391359867,1.2270055212419466,0.07090599511040256,2.740878663268506,0.9436247549191673,0.37553056401583734,0.24405865261461512,2.7068268459823632,0.026775149111155756,2.2111520595511718,0.6913162442385978,0.014128216991930578,1.9923009007718135,0.5604219939792097,1.497956177891962,0.3226006362110048,1.096224692702124,0.12594504175071966,3.4921650284268866,0.09954970353401763,53.761077124296584,1.4359902090470082,1.0911303994825394,1.2278165423317888,0.4014719083219793,0.03354440491963623,0.28205191344097114,41.58296802211522,1.822128267954188,2.249276387204571,1.4049561593143858,0.10003035069989091,2.187772741002855,1.2317909647540775,1.4042118213568608,0.47659085936161866,3.5967226987999603,0.7677620929471769,2.9839569526777163,1.5948008210713829,0.14307780527867897,0.6468042136458975,1.5001779987120558,9.977054739180037,0.0006998012013515665,39.675185330036065,1.2169952798841097,0.6017217167476391,0.2983508849142341,2.4967592114426305,0.2997649686840454,1.6978189190160025,0.3997915941507537,1.00028094560461,0.4991546348608178,3.0095447032320624,15.06425506922601,1.0502394031443518,16.03381804702464,0.4017221567227067,14.953790927713849,0.07975177803081976,7.965808882395706,9.994210299246975,1347.7204907584392,10.006053405245856,179.91192364915173,0.44860587258513973,70105.62816858024,349.2170403264627,0.5001869237811436,0.06824340514129074,49.80617941730856,9.95658568639502,1002.1444890734334,0.49873670258699365,0.500793984880866,1003.1550851488406,4.999999287460708,71.73579791143888,84307.46190474133,2095.9823381728806,150475.71529764714
16.041846434228194,2.747307293177097,2.0452664527684647,0.09740368692905613,0.3502352343312751,1.9032212603024,0.25265315142480765,0.9883563542017536,0.6505521317519123,1.635370334350175,4.2005617348822115,0.11771119941186563,0.2927008162567262,0.15246281441450518,0.39453739009010746,0.3114260792485252,1.231957027710173,0.0704697113138686,2.7178760742204022,0.9504853820056528,0.3760840092342971,0.24313997365205106,2.703194213570663,0.0269085497747296,2.220999126184165,0.6894050226771599,0.014165483679427798,1.990985280302336,0.561521895608723,1.5023515752013006,0.32105418867654545,1.1047849722591891,0.12590611843278274,3.4780153042150697,0.09959309958761768,53.81677321177886,1.4360020522963608,1.0917729693055076,1.230778153116688,0.39847276126355324,0.03348545847708366,0.2804691514561214,41.27868903173509,1.8122837884724603,2.2473354106705505,1.4081931570935897,0.10020397969891592,2.1876835593359933,1.2240115452042413,1.4032322635054397,0.4758906984756744,3.5857561305130985,0.767384713360167,2.990913506705227,1.5925857015352751,0.14250529867720874,0.6426322271698242,1.5071049425135792,9.990774641978941,0.0006981574049142402,39.68957492681376,1.21640773114087,0.6017503013875615,0.29887702080743206,2.507521079618707,0.3003518081217923,1.703298763180879,0.39928561332351015,1.0037888794147587,0.49822080855793005,2.99263461405889,15.073903044108675,1.0548341654970574,16.0012193021827,0.39999643093874665,14.942523056805634,0.08012772000013939,7.96248259660329,9.98143464592448,1348.8982724364905,10.039398525561516,180.84321479363012,0.4521329912115097,70391.7297877665,350.133162947112,0.4977267536807949,0.0683491224830267,49.89869813388466,10.015519005302224,998.7105835708842,0.5019537797845194,0.49937016504042564,998.7799617487509,5.012955935756722,72.06481937384265,84004.925940351,2108.7193152885943,150094.4905696396
15.936649509216831,2.749099755560266,2.058583433455094,0.09691986330522255,0.34970116029656056,1.9057206407465466,0.25209303916464426,0.9947036181967007,0.6467678555730076,1.6354252139582026,4.224242256213539,0.11771611044760817,0.293798737497448,0.1527419453640147,0.397797923420087,0.3123299101260189,1.2257163917877376,0.07053049405356275,2.723634214183324,0.9489604469476781,0.37557220817334885,0.24348362087027287,2.7177987943757094,0.02681403342075368,2.228997529240604,0.6869679539374354,0.014066854873588708,2.006296001358485,0.5602225750650965,1.4928104602412422,0.32353161348620507,1.104536007715146,0.12639407676597264,3.478615657865328,0.09975513825860471,53.767228911778105,1.425554478045236,1.0921137535587377,1.2258921465141268,0.40098685269648515,0.03334958994676982,0.28082296452414385,41.21237478667228,1.8120239142930357,2.2439302311112748,1.4160010078426846,0.10013883016729164,2.1933156929380484,1.2275111649556028,1.413152992284322,0.47586237435612105,3.578628338754883,0.7714060616172991,2.9909406361017146,1.5973200530185845,0.14371012928273766,0.6439247302929547,1.4929912972443609,9.972917815095672,0.0006978779425721027,39.60085377603466,1.2182981263818622,0.60101206361235,0.2980765530986639,2.503743614590219,0.3014155186366032,1.692334223222343,0.3980575947222975,1.0016550544106102,0.5002312688251991,2.999482474891629,15.052999127142295,1.0464181953983154,16.011779098881185,0.4017277086248445,14.991878028669271,0.0800639325654073,7.965599948375356,9.98491830562289,1343.8088771458356,10.007237632315267,180.16285346041977,0.4520287814780335,70279.13611526573,349.1261163315612,0.5016661719806946,0.0682834848964079,50.107135846647836,9.976402852610773,1002.6022482539703,0.5021374533650296,0.49789659526368557,1000.443619521671,5.00202010091696,71.84623516006013,84077.67239436759,2108.708184166865,149688.91661825197
15.924900353093749,2.7574026205336843,2.052566454660622,0.0969574421000817,0.3516153934734227,1.9176099753694409,0.25317022715980064,0.9901211396565188,0.6462838788486774,1.624683415592765,4.228882840122436,0.11846117775119402,0.29370594663299326,0.15201598254580606,0.395542253921947,0.31263474877867986,1.2239672055552338,0.07081718854804243,2.7348774116110053,0.9504056446487775,0.37581606509086846,0.24359568821586225,2.699047310071457,0.02682825088016484,2.2121104023697247,0.688894881744814,0.014078031216645952,1.9974787932669429,0.56180793589041,1.4960469160200895,0.3219693196178156,1.1027785633095475,0.1255489410911796,3.484789659474498,0.09950013504205502,53.6556683562542,1.4315218195604407,1.0910871368658988,1.2276126894587378,0.39960758217856074,0.03340280860008945,0.2796973386717241,41.54897824423024,1.8213125842372189,2.2546096826186317,1.415384669734001,0.1000883932802925,2.182998222900375,1.2326237969430762,1.4134940653057786,0.4745912557206747,3.584181942153548,0.7698810337208886,2.975023382645407,1.5927414162596771,0.14263885693038836,0.6428889119550222,1.4985853312552138,10.011462025364137,0.00070246542860892,39.72559891754572,1.2227581925611302,0.598755943776713,0.29826049687040446,2.4900962942358436,0.299889816002386,1.7032279402145647,0.3987188900864766,1.004020970792734,0.49958596343010897,3.005134255969705,14.995484174712894,1.052438710769805,16.01348851862611,0.39849028981051676,15.063707170760456,0.08012804851590997,7.997765787908122,10.017660486255696,1346.7720954257645,10.026896088843715,179.84020573535324,0.4513726530661795,70023.42600675084,351.8885053270388,0.5020334588347113,0.06872888141054083,50.13835499357984,10.020401322147578,1000.1994196800923,0.498028671439746,0.5002992695037085,1000.6325302096415,4.978236693044083,72.13725087794342,83915.37091654526,2107.0336809718415,149958.94984716526
16.060008681971176,2.7426367221130423,2.0432597440977154,0.0972497383226158,0.3498608502616499,1.903530783372439,0.2522865546983916,0.9940175918494895,0.6495568448748366,1.625265779578396,4.198986899069557,0.11806792225435825,0.29352012521963905,0.15272807305646585,0.39443508637359886,0.31214459616579643,1.23599470449752,0.07052451492507855,2.7429011241443644,0.9476414468358948,0.37681738512327656,0.24281840971485646,2.719242295461179,0.02700989131228089,2.2125999670866734,0.6917059722675056,0.014032424273574961,1.9955372028462037,0.5622941649075631,1.4985449794994408,0.3215661579703383,1.097474820034152,0.125586279200934,3.480915972070253,0.09963022706998738,53.78124461943389,1.4345942943521306,1.0846903671432797,1.2350145740118237,0.39898091646682726,0.03349730790364293,0.2797668687108552,41.19012548886124,1.8222848323050376,2.2463497306299876,1.407815558669733,0.09990775212591478,2.196082935613707,1.2287668214838385,1.4041683352222023,0.4739490795964499,3.582725425811873,0.7737998491675137,2.9693657802627422,1.5871928803874478,0.142979398408698,0.646863504954302,1.494126329157932,10.029382195231104,0.0007015606827374082,39.603194550643266,1.2233397946399103,0.6004492431467862,0.2970206534667022,2.494643492831336,0.2994850209060741,1.6969914998456999,0.4009854615247096,1.0016029483716664,0.5015992757803172,3.000323875202409,14.977579748528663,1.0454613883054047,16.047102786761155,0.39829907597638176,14.970219686831353,0.0801351069201246,8.021133625138017,9.956851277484361,1351.4528387332455,9.963713891076269,180.46303193591447,0.4510343377676106,70356.09176311437,349.3393561958865,0.5002971264016398,0.06822274113667975,49.99790396912594,10.04894113308848,995.9047291603487,0.5004702601142387,0.49832499766050636,1000.1005092130431,5.001045007283016,71.96848248868332,84328.57162128859,2114.981761525221,150457.8280531376
16.073363785097033,2.7414599566247446,2.060111201925604,0.09701061918483025,0.34836957985327266,1.908782109408244,0.2513604165121748,0.9925949933510074,0.6453233796512344,1.6307824522733805,4.20113359991341,0.11765394512669958,0.294100621335318,0.1520235679623825,0.3953087605093498,0.3127678878357198,1.234344243014677,0.07075899819028227,2.7213219864332014,0.952686321960401,0.37546975065869903,0.24228437561515542,2.6992496762052673,0.02679881670882203,2.229835547735946,0.6930819567915987,0.014101118552650605,2.0038427054418113,0.5638694454769577,1.497860095087659,0.32253767959208496,1.105136713286887,0.1255873956751071,3.477393545232776,0.10025303176686894,54.01961435254493,1.4255091166890883,1.0848522490410426,1.232278637289129,0.3999774611856853,0.03363181417160712,0.2816463932398027,41.38466887113255,1.8230369332569125,2.2532278738765825,1.4042483090156535,0.09992559186376881,2.188683399774663,1.2348876171768375,1.4154324581993454,0.47289876848258355,3.592357049506449,0.770859955042765,2.965583533822158,1.5881182723312133,0.14355496935153536,0.6430870243776667,1.5026466980043076,10.006566340695047,0.0007006290207019443,39.672381569636016,1.219784570762146,0.6024158726725488,0.29774317221474056,2.49228530678773,0.29975919188258776,1.7039595160861398,0.39990096862069513,1.0023209668460504,0.49869891923759646,3.0024828354031268,15.05464883800176,1.0503076450999675,16.021891078925442,0.4007152276287318,15.035951934703423,0.07988023169619995,8.01014773664195,9.9916168475492,1348.52794364516,9.99752015711614,179.83406603412436,0.44786640873588407,70351.83698447533,351.16591895066637,0.498187898821782,0.06823673465614209,50.055517323178,10.001801685316291,1002.2342133105657,0.49994615970679723,0.5017231798843667,995.7745502132742,5.005659415669026,71.90751636649253,84048.34039919195,2114.3386613937273,150545.71124872795
15.949394564661887,2.737829517914988,2.057528725569332,0.09687855666175767,0.3514988751398843,1.9057468092039682,0.25177736775481957,0.9854953408364406,0.6482432032983374,1.6249263963537042,4.207098299110802,0.11849489873783127,0.2922750381572791,0.15220507669339634,0.394819879032432,0.3123427218465422,1.2274065970533705,0.07092854701253376,2.7373879957206104,0.9516088100430375,0.3775739176502739,0.24237136362825729,2.699945731333321,0.026778551123667754,2.2248919446521707,0.6878395570832458,0.014142323481508196,2.009296363083696,0.5600215607171389,1.4937564620183132,0.32207748834195377,1.0992360414411306,0.12590668645854303,3.4801269851692465,0.10038921502507173,54.007894795787855,1.4250503165377923,1.0816132523591522,1.2332310002623543,0.3980634304812821,0.03362743956136666,0.28078260006914507,41.568012472316354,1.824947788807848,2.258872731053107,1.4134378297197054,0.10007661695532251,2.1828400199680638,1.232800052200066,1.4113015353814398,0.4747846270757498,3.582097568184122,0.7679383741966219,2.9771519314161323,1.5840247423493328,0.14287097057293668,0.6437870450110136,1.505366581314517,10.002717982991902,0.0007028620798112,39.86566980184811,1.2144976490123525,0.6005828607199056,0.2974017163702129,2.5087831404814858,0.29998223390463324,1.6928274483996815,0.39886002651852637,1.0017388816842803,0.49789807544955056,2.9963723519193177,15.055743279903286,1.045056614822649,16.031392059331388,0.4007019366916164,14.97311054269132,0.07969017333885127,7.96819258154173,10.04692280482091,1352.38836989039,9.987599121910923,180.6003817983599,0.4482150129231197,69920.1705288502,349.80883920613314,0.5013178120088416,0.06833768466543623,50.071288148102056,9.973245112750014,1002.7729827945132,0.5015083261446005,0.49956628946064524,997.0928215392453,5.006502513792678,71.82441747440943,83914.82416858709,2107.43753872592,150019.3631882273
16.04535315134046,2.744288511197929,2.0443686995771886,0.09733658824426993,0.35070371052716554,1.9083452430816377,0.25185474661222523,0.9862730953616609,0.6478018358484796,1.637519646647575,4.193736678589947,0.11808020219247184,0.2915888853112879,0.15173456842500196,0.3970341315790312,0.3122095431468811,1.224847927640951,0.07076589661726307,2.718508769766502,0.9468010592907672,0.37701126856246603,0.24241254666562098,2.7087368510699497,0.02690009123658726,2.227842723025064,0.6873883731880567,0.014107109015299478,1.9906157997587728,0.5597145543593098,1.492819221744979,0.3227074799601067,1.0949521969919096,0.1265607870859862,3.4874756071845283,0.10033865194040943,53.76006320957736,1.4276806930789154,1.0894676620371149,1.2285141253066247,0.4000299515833432,0.0336035994974779,0.28112412409573406,41.52901908719041,1.8124740496089726,2.252431583497142,1.4114269808091324,0.10010709853449536,2.1919449436798715,1.2327532081008872,1.4148509129822193,0.4737155900922021,3.565843384820327,0.7667196101548001,2.9698211530826066,1.592479648422474,0.14288059266007624,0.6430307132623615,1.5061492646331347,10.040017587903945,0.0007002722408720027,39.6635329800663,1.2171993767410185,0.5997594122640004,0.2977345391076013,2.487673795969074,0.30077572995218477,1.69895574593607,0.39889139720960887,1.001662616773128,0.4997383416273309,2.9944119012984682,14.959621611794121,1.0453709875057973,16.00048353610361,0.39950177698100664,14.931049378321255,0.08024992530411842,8.024662741103963,9.999002557185943,1354.575155463766,9.998100553277272,179.40402498168984,0.45007919179843314,70050.45574346928,350.70286170172267,0.5023533494862247,0.06830118311598521,49.857944925376366,9.962855154633365,1003.8392770324458,0.497574691986582,0.5020372686251493,995.6177202420497,5.012632967908747,71.85142868455158,84000.39452693815,2098.262640025429,149451.7727495518
15.930597547961014,2.7405137263981043,2.0518137850436253,0.09726772761016869,0.34923376142408136,1.9134357437259362,0.25267946513962314,0.99475373196492,0.6476097051720782,1.6279558017503526,4.2299206616001115,0.11852174000548213,0.2942509572184987,0.15216535434085263,0.39646621787490005,0.3133352982077104,1.2297517745948225,0.07059714050702284,2.7432475631269027,0.9512428210226662,0.37433076225497763,0.2420582900144739,2.72035538445623,0.026846492316136332,2.224359764572071,0.6873629709912251,0.014053545247796907,2.0049473341733623,0.5646936192810318,1.497032916042088,0.32052818994336024,1.0970774872386846,0.12563800320838406,3.5051909999525495,0.0999191499912263,54.15134040811085,1.4351420599338314,1.0864652656266265,1.2241557785204187,0.4018918020760469,0.03333587392988624,0.28169965598843394,41.35408665585628,1.8163838226149596,2.247936763726459,1.4079824230596498,0.1001891192621089,2.19159263665298,1.2270099296934827,1.4103877662098383,0.47454851292456024,3.5950591359619994,0.7730213108832141,2.98349690812604,1.5973993481735602,0.14282143167879754,0.6413465285774003,1.4932147845579227,10.033344523439201,0.0006991844343582529,39.82295663941165,1.2194965693166402,0.5970670416192007,0.298085372250682,2.5023636546845296,0.29985452662658557,1.705746582737988,0.40057603263493613,0.9986473923633452,0.5010950119401846,2.994588403107609,15.050782145301131,1.047691088899051,16.026657772602174,0.39966036816986894,14.940177491391985,0.08010376381137128,7.990644304462752,10.013426339800887,1350.5386983288076,9.954159512489378,179.46896091001514,0.4509018948720572,70159.30021928698,350.7523512235105,0.49751199300095683,0.06826511396694905,50.08473298160217,10.038698808899966,1000.740070650406,0.5002032265414047,0.4998515738192451,1001.7848112388981,5.014906558102844,71.79889227653906,84391.19168046152,2099.608143566436,149297.68844954518
15.931948780830561,2.73752989209145,2.0454935579043414,0.0968376124483541,0.3485482141608805,1.903268915344511,0.2508362597217305,0.9884511613777446,0.6500918477370171,1.6308765909106855,4.191685094692853,0.11785240947064302,0.29279441561892217,0.15150206538406158,0.3954971270364287,0.31149067570041317,1.229923842725132,0.0709396828470453,2.729422248895676,0.9439610844048122,0.374327659934147,0.24394274141749178,2.715278106118456,0.026942281220186173,2.2291730683535502,0.6902863904625924,0.01403989498710669,2.0042876944280534,0.5601019701651178,1.4994879320130787,0.3216802787227061,1.0948104839001835,0.1254399672479439,3.4862529228886188,0.10009454312925631,53.732580687138174,1.4243765233145418,1.085654624688025,1.2337414229609187,0.40113602207338683,0.033561686943326466,0.2804904765713077,41.365967972812896,1.815012178307826,2.241835706271131,1.403173355150237,0.10036015004115405,2.1899164429877214,1.2238874286862857,1.4104113450081448,0.47385203853724056,3.5773995827308904,0.7713275651624062,2.98923037791818,1.5931876605786919,0.14356670705264096,0.6422917651494542,1.5024207771909373,10.038983127065697,0.0006986594994007821,39.79882239684307,1.2253706299532525,0.6008632612844359,0.29699950839429856,2.4940215042774714,0.30053994073913265,1.7062249820557638,0.39809502675307795,0.9982633136966977,0.49866784969186234,2.9976618305243137,15.040271667730147,1.0500294577821117,16.002926516466864,0.4004361037615926,15.00235105906274,0.08015060907210365,7.968562988284183,9.95228011511857,1354.4116637758539,9.997890790391272,179.63725282673857,0.44979437321635335,70287.33726730577,349.54266893386307,0.5001180575059265,0.06813372437259903,50.179784680170734,10.006238390938059,1003.1085961953528,0.5011050271109502,0.5015762780726765,998.4180740314358,4.981973129129622,72.2819554706818,84534.90882501146,2113.067893530054,150733.90762740956
16.0153867999251,2.750343654649538,2.056095284948539,0.09682105075112726,0.35099066472927865,1.9159635132738384,0.25219452385483887,0.988890406104081,0.6490123513815143,1.6367647882589464,4.195600299076583,0.11777710129355577,0.2935022619216171,0.15250648998535277,0.39660219351252357,0.3122834286196067,1.2249046167525093,0.07075307133827842,2.7406517692766315,0.9466883533894143,0.3755525810392114,0.24265386468866784,2.706280485340497,0.026874380111689612,2.226068685733047,0.6896899330218915,0.01411509907518852,1.9988484061318448,0.5641009476686308,1.4921908757907838,0.3207857456203656,1.0989849867929773,0.12659760247436927,3.4969728932702044,0.10011626985381616,53.85087936420594,1.427070673149826,1.091963003538667,1.2291011109498269,0.40084433976842626,0.03360399677829738,0.281142166840597,41.27932553719911,1.8161413032761953,2.2392671149978396,1.416618237703563,0.10033465299987417,2.1878978527097708,1.2348267760686946,1.405116893245178,0.47282467931310024,3.566943499764072,0.7729523289588683,2.969882624657992,1.5831332077763545,0.14255033203585202,0.6434530026560825,1.4999464678171233,9.973591713219621,0.0007021400171852937,39.86246626917915,1.2174482011313086,0.6025865256331555,0.2989474000458538,2.5096505068895656,0.29867909630297645,1.7056787128043966,0.4003437003610027,0.9953825858244083,0.501268251975865,2.992251452656497,15.044561357045946,1.0513228859629975,15.99877308334585,0.3980935339816407,15.058451209770121,0.07971805150163508,8.026375587971971,10.018816251916506,1344.189231830757,10.004221509957267,180.83115677882876,0.4519026397972308,69933.76512115552,349.7232986829106,0.49826817054389255,0.06857522334014153,49.830376969641875,9.95645814717716,998.9033212468778,0.502334447115793,0.49904129936178715,1002.2423604281367,4.9821980539166555,72.08722502735976,84279.35065178569,2113.507845283655,150324.83579517144
15.939325566099493,2.747381998042218,2.0397614054982403,0.09694824895766248,0.3516496413339511,1.9091546618226958,0.25292629564837615,0.9852849173941342,0.6504627748035873,1.6363471557931029,4.216459512830868,0.11754717606803929,0.29410172711116783,0.15260779312462444,0.3948161449160505,0.3133733106440952,1.2346868106006579,0.07059105252218408,2.727101305710788,0.9464517149788254,0.3759933312343852,0.24394527068535607,2.7201448133579738,0.02681275596337179,2.221135148876739,0.6902348358514518,0.01409300615821441,2.0042941959477987,0.5628203498206575,1.4936333596317362,0.3215111119718198,1.1042720510768682,0.12578047259043992,3.48804857755479,0.1004728966619921,54.10261010755779,1.4328451700272544,1.0848697269796017,1.231583624889328,0.40056808091183327,0.03347037331745762,0.2793978846115677,41.334756136202074,1.8201480292013645,2.2601281989467075,1.413207693529377,0.09960792665235843,2.1856511484500847,1.2302667117505774,1.4093107253849997,0.47264933279562005,3.595576580075479,0.7731111063696687,2.992627588199088,1.5888640221105774,0.14347672697490763,0.6453429800243868,1.5001761741404693,9.957713217875948,0.0006976749639672026,39.576130896881125,1.224830110350367,0.6009922094347462,0.29943943235721543,2.501660799526527,0.2987541141268827,1.6996219739181564,0.39844713781233604,1.0040136327476006,0.4988921716251571,2.990918096688522,15.001744740749704,1.0532244116625844,16.001655684981365,0.398152866378719,15.036443328836263,0.07962725706876517,8.00835027105541,10.011693347092741,1346.0650118136537,9.994657533595548,179.1111453994204,0.449026557093488,70265.76308143965,350.11271508040295,0.49773815488859635,0.06851919664451152,50.1211975943067,10.036298627619903,1003.7554596206751,0.4999815841010956,0.49953679541586565,1000.858651855187,5.014633454499706,71.98223916734058,84627.98490164262,2107.894703653779,149712.15984511288
16.04699345814385,2.7403960731684025,2.0589336366461057,0.09704482207349233,0.3506476668175766,1.9123933864092275,0.25098160018128407,0.9921940351107452,0.6467805850153125,1.6280632484963047,4.193013679853894,0.11836589952061402,0.2940555972458504,0.1514440863255868,0.3972379446692843,0.31324175876725846,1.2250467195080907,0.07115217896072981,2.7164742243330475,0.951246005904183,0.3762191730521014,0.2441111991359759,2.705612507784216,0.02686256810085681,2.2275563883868186,0.6914537333916544,0.01411417309693426,2.0028876921135006,0.563026426225238,1.4902311894410545,0.32076926242614373,1.096493825013991,0.12559275153701877,3.501967443203035,0.09989450981398151,53.904298515185175,1.4241283728432077,1.0910283467029278,1.2239762414805813,0.3983331844124332,0.033604556639759274,0.2796630859312367,41.51142076812039,1.8172775996693231,2.256212202758114,1.4036600103286718,0.0998412620185657,2.189589898121191,1.2315461654841433,1.4147407029029995,0.4737862261822379,3.58568820618824,0.7673186323606571,2.9887960055342524,1.5968882171640122,0.142352609633745,0.6412942860120151,1.5043131122859585,10.038023003269425,0.0007010375243177628,39.66459905957239,1.223282616905426,0.5987982558754701,0.2994654276042228,2.5086998339288042,0.30116139904601974,1.7060330062145708,0.40173154419972446,0.9956449469075397,0.5020431388179415,2.9924580829425467,14.978875942559766,1.0486409882582282,15.957189417526784,0.3997537033908607,15.00082799495484,0.07971893131635857,7.988761506811606,9.98481464595364,1352.3580502436519,10.008078381488845,180.38899653609155,0.4512777458523415,70299.20822232778,349.96210396913966,0.5000105978856809,0.06837713722429532,49.78702509706586,10.039448160484072,995.9143535663262,0.5023822129438293,0.4976587292827937,1002.2967884975008,4.989378725127684,72.29139612257971,84483.87051870812,2095.0014795077864,149282.92600870738
16.016510565190394,2.740363768619578,2.04004025201389,0.0976546647210225,0.3504650188474216,1.9006569040547925,0.2519761098423782,0.9866096146099649,0.6499775801724615,1.6223175182601621,4.20456556436362,0.11769087342057793,0.29440895799880207,0.15135872965174885,0.3968707609619558,0.31193144704378173,1.233892825522778,0.0705976851466382,2.7396995567199776,0.9522694815120656,0.37492128429429866,0.24237486994092675,2.722565391311636,0.026882280262607815,2.2274423970217287,0.6923627637278718,0.014073330210662583,1.9935757013557938,0.5612499000867269,1.4983757853806625,0.3219906161074155,1.1026047660482619,0.12606149933912125,3.500662466628644,0.0996039378623954,53.87716583035623,1.4230796974153057,1.0828781732871084,1.2279275396280243,0.4016060520706881,0.033459852015615216,0.2800641212552936,41.46068939708789,1.8237031723302657,2.249579893958099,1.4070181143611389,0.09980181046120552,2.1831134592603902,1.2283098490014637,1.4053223743092569,0.47567888314302914,3.5941298934788803,0.7681077485680734,2.97231801165375,1.596330627553089,0.14309728739133,0.6454797525144764,1.505837016191103,10.016497280415129,0.0007016972119961296,39.63514055825417,1.2253456527338509,0.6012233997715307,0.2967236499202536,2.502380414496978,0.29878397014434516,1.700376023783935,0.39835394977848204,1.0012724108387125,0.4997818291367062,3.001592374357525,15.02234258367378,1.04737865470822,15.971123375101056,0.3999282720890215,15.009946719417703,0.08033891697873254,7.988152246039488,10.009173030607457,1355.7043600669142,10.021782669334137,179.69101532293686,0.44961617766421186,70447.83827595634,350.651360890443,0.49876021869432274,0.06841578028692803,49.84299909849303,10.00820452179823,1004.9150168192591,0.5023463992293223,0.5005689973034758,1003.8627947922216,5.0157576398764805,72.32448167562552,84525.18802023148,2113.4164716107302,149594.32117361794
15.945282996600437,2.7374592249509413,2.053265771045406,0.09762136761657979,0.3517284749451329,1.916729742755538,0.25283414639935636,0.9901869396691828,0.6476886887297785,1.632287158817235,4.189905984880655,0.11834730182883803,0.2934614271621584,0.15149847452719264,0.396537359554414,0.3123103446887194,1.233542399363623,0.07103893407039413,2.723268351272961,0.9509812476073897,0.37480468031182546,0.24274293704880548,2.709800725245672,0.02698202651129924,2.2289039938696145,0.6866687947689524,0.014133451474506419,2.007550422481053,0.5645531959312526,1.4935253011949015,0.3209469324460569,1.0999883934484094,0.1265052641690867,3.4835649134060587,0.1000050607041996,54.17715368468653,1.429371261638285,1.0883940840090303,1.2360958271711848,0.39946903422606944,0.03342393154755209,0.2800901499120168,41.438431798954824,1.813861209400694,2.2424517018676298,1.406617880044796,0.10004093538935488,2.1975374503218776,1.2303600301507864,1.4139852444849517,0.4771733962168653,3.588592054260981,0.7710994717310201,2.9653441933225815,1.5891797406957848,0.14266831076606967,0.6440800028228469,1.5067662670021236,9.982044744394614,0.0006976254745320633,39.809315610005385,1.2259851124275214,0.6016804261311366,0.2969224081393724,2.5012673713063864,0.2997155707549385,1.7022683566121966,0.4006744481913293,1.0030709020894315,0.4987004325847348,3.0139403559466365,14.957203367878169,1.0460530291222427,16.052619399012407,0.39985299670584795,14.998534540605005,0.07985498837093086,7.963713058556948,9.969360108429644,1353.5320632223393,9.972440631073054,180.88679865072532,0.45128802046525235,70426.64753742957,352.17972995731657,0.5010945223560155,0.06837686903779112,50.20850616459548,9.992652677514481,995.9581907899261,0.5004822144858143,0.4980278239313701,1001.5538839912588,5.0248763378824854,72.12614974764728,83967.25302950911,2097.3769427326233,149784.5792851132
15.94332242657473,2.751916565838369,2.055803518094732,0.09735371047293645,0.35041019489220804,1.9087700838241084,0.25117527762542063,0.991364018563417,0.6474773735252193,1.6268290220759332,4.2167059520539025,0.117856672536031,0.2920282079405676,0.15197494063046615,0.3951651636565807,0.3127284848308826,1.2244289258469319,0.07104981351594801,2.7289447530315885,0.943411147511205,0.37462144287269794,0.2440824203839361,2.71100288068612,0.026972238695257417,2.228497654149274,0.6887601070537426,0.014106615299892333,2.0030064792376097,0.5639197082541209,1.4958037381138913,0.32345464395000767,1.1011783275143299,0.12647107911019018,3.475459195375136,0.09996334233684483,53.73704025829895,1.4358899287409956,1.0841193121613715,1.2326196556446873,0.39825147753782353,0.033399782954697976,0.2801943259127945,41.506667368322006,1.815471235306523,2.25712989884156,1.4140694117733823,0.10049220334565108,2.193879376722738,1.2316904827944155,1.4114316564572882,0.47314569090643704,3.5804733526334904,0.7727064182232287,2.965721532654143,1.584063816392634,0.1431437854454971,0.6462347820984375,1.4971099764282485,10.037147824153955,0.000698862686356004,39.666293884222206,1.2255269741390442,0.5995055525239741,0.29829645414299705,2.510886642609147,0.2992931465223229,1.693062910811134,0.4018321194873483,1.0005982960292288,0.5023292026882159,3.0110023386913225,15.01419397587091,1.0496990770752084,15.996840036419874,0.3986640659820859,14.99303430266735,0.08025738555923233,8.039103057232655,10.046034206389125,1356.2394109717263,9.951901088800422,180.02838970336268,0.4486505900201988,70262.90877581827,352.4343079606794,0.5018832553023514,0.06865074241411558,49.93285920387899,10.000117130404561,997.819443093208,0.5002692716544489,0.4990169392933605,1003.0873128449139,4.998220966202313,72.14428712832091,84524.82678141947,2100.78471836623,150183.1372688749
16.055330110725105,2.762395146453122,2.0430928658341876,0.0973763404575547,0.34977326583595475,1.9059034911451205,0.25113747836054384,0.9908452682822384,0.6469248891016948,1.6327374821068596,4.200779966229015,0.11741069799144224,0.29378297740524634,0.15148521731353617,0.39501991330600306,0.31117430512518546,1.228059564496369,0.07078962208017811,2.738529945141821,0.9494240853390747,0.37466895359581204,0.2422313328015522,2.7194053977946657,0.026832711118242446,2.213754765090534,0.6865746338347177,0.014138644677796809,2.004769036505393,0.5611435915186056,1.489624503293975,0.3229195525880798,1.0955930173352768,0.12595018959890433,3.5018711518328542,0.09974428211573133,53.84512939463509,1.4323002444645079,1.0888822791359984,1.2295412884358536,0.39973501043833304,0.03347303558397534,0.2806607938034793,41.32652637275192,1.8155667430118152,2.245861156120201,1.4096865186864838,0.09988214087492131,2.191873282463705,1.2316130367551827,1.416995626359803,0.4755470549684955,3.588399867817207,0.7669048447803832,2.987761374562265,1.5901415654096749,0.14352417806616183,0.6470326524116691,1.4959554841448532,10.042867511191638,0.0007012014861384643,39.77488029708596,1.2196628050114704,0.599128761492251,0.2988941014004053,2.4880492948313377,0.3001217871846123,1.6927551061644466,0.39901853933100634,1.0022519911800587,0.5012736930598194,3.0116713000139574,15.032315585168327,1.0518348327489995,16.071218767582863,0.4001496384109244,15.023082247342238,0.0802944502833401,8.021095611694633,10.026992554897081,1350.496203257771,10.002784480688662,180.2676720430915,0.45090245875678786,70214.35519406934,349.76639786014994,0.49874205818719225,0.06839526337654137,49.852032431717,9.992348738116254,996.4714102119291,0.49823116216566204,0.5017160758650607,1000.4224999526148,5.014021744363627,71.64830834977674,84030.47769347766,2094.8471774340705,149255.07321818455
15.925122624708449,2.75059191708914,2.04161185213403,0.09749001951746208,0.35005665669427505,1.905136243471776,0.25285341600285993,0.9900954128766056,0.6470331777679781,1.63110759554358,4.217266827664799,0.11806938836422512,0.29426806088612933,0.1517780400688097,0.39564339966556067,0.31311962589047865,1.2316910968418366,0.07113011685851768,2.7379760951639516,0.9481225600828292,0.3765065408707925,0.24277178511439584,2.699909196281401,0.02687501273563704,2.215148984324348,0.6912287510419021,0.014123856808124882,2.0087473578708055,0.5596365508155137,1.4965144997781308,0.3216736181733514,1.1003018222128542,0.12552064948039066,3.4897007862481204,0.10015701100369648,53.80961219637653,1.432151322906972,1.0844528512316505,1.2283924565126456,0.4016291532012717,0.033340894560869375,0.2800623153790008,41.57034683335572,1.813576179296263,2.247691675816596,1.4093527489117725,0.10015264733731717,2.1924478350617527,1.231559176828188,1.4162097915943517,0.4744907284592866,3.579635299442749,0.7735726010620908,2.9689189444942246,1.597126566410264,0.1436410409890214,0.6469203787202321,1.493505436089928,10.00775663314925,0.0007023672029427803,39.60607676189212,1.2211048506526698,0.5985386711838863,0.2968962480746771,2.5088064093717284,0.3014436611298118,1.6926856889816633,0.3984852835724324,1.0008860690386983,0.4979315563700439,3.003934960849427,15.032922861563257,1.0491036090755868,16.040998906681992,0.39845451608451515,14.970185461914676,0.08024611111808178,7.967067834975823,9.97850855033005,1351.6356978832948,9.974739197337861,179.96557693563443,0.45151736189231195,70020.34726004394,350.6449198646208,0.4975912618061248,0.06854252472238508,49.927529604212246,10.036005360175785,995.8856155088258,0.5014111517571218,0.5015689746783539,1002.7606887871106,5.011718973407147,71.81120829542881,84140.87959698754,2102.5992969329227,149611.55712339477
15.998670471380564,2.7554321584891723,2.049563898908002,0.09766117938703663,0.35073065454644753,1.908905552861512,0.25175797299855224,0.9908277055822837,0.6475578307424518,1.6254675942876804,4.210886035311351,0.11820380323398312,0.29258524369001654,0.1516706520561683,0.3948808747028238,0.3115720040052824,1.2268557209403503,0.07098627389593291,2.733786898734631,0.9459801175531483,0.377849285600974,0.24335398328711527,2.7003110164564657,0.026988591732265765,2.2256321865052286,0.6900001976544031,0.014062418356935452,2.0062175250708716,0.5598897923816157,1.4957729878690167,0.3230217787544445,1.1033158487683017,0.12616366421848804,3.4728202046122636,0.09983312230980733,54.100408998311984,1.4331655315383869,1.0903761710171902,1.2246246693887564,0.4017630777826698,0.03340923171291054,0.2802292464773425,41.53096731350213,1.8182931887702742,2.253219225751707,1.4107383263848452,0.10036607630342609,2.18246910543112,1.2250528314385998,1.411866187853118,0.4766370481053683,3.5951470380922483,0.7692294274421771,2.986998726715351,1.5882635053542657,0.14274099173206709,0.6409359269012231,1.4962516580343053,9.967017226583494,0.0006983802883291512,39.59616692401547,1.2243786955454472,0.5982202566565805,0.2989515102588656,2.508983559590123,0.29989132875055147,1.7038167646295896,0.3992744305051191,0.995177709317539,0.5010482576143179,3.003192384302891,14.994204545337722,1.054186245303429,16.03636125429425,0.3997023248586725,14.933006826174793,0.08030086858803072,8.038771424544656,10.013452103909184,1353.6207081795546,10.000602483956353,179.5259571024748,0.4518543037093946,70314.18823776953,351.04039320936505,0.5009104217639793,0.06840811319472877,49.77919224707058,10.016044114400891,995.0521688514496,0.4986017289561745,0.49827989633646635,998.4012225541296,5.020415781980096,71.69738516866647,84090.92038090361,2110.463779068441,150544.6374283469
16.037780661925012,2.762793319859578,2.0540163072250035,0.09743794644983611,0.34972723707390607,1.906219217620728,0.25190392582449855,0.992652378136412,0.6489737046124434,1.634431953373193,4.21537139525489,0.11827505959032929,0.2919911103845404,0.15173196097057562,0.39624231939745785,0.3104916279301773,1.2350712558919237,0.07061555879817558,2.7187661100011735,0.949557092018462,0.374848458817078,0.24315050135308164,2.703197267849324,0.026810138268287875,2.2252169130633024,0.6892297722925425,0.014110495788109448,1.9943224893529103,0.562294569790147,1.4958208196101703,0.32055494271307594,1.1024936099792786,0.12606597906385586,3.50491416090466,0.10030794996602971,53.948340367198725,1.4234657523007406,1.0897383552406892,1.2306032436659327,0.4013401260869154,0.03352604458140555,0.2793021911349021,41.520342122883264,1.8254467841068998,2.2409865598103016,1.4125919108653093,0.10002610065183715,2.191969184357853,1.2347890451124433,1.4064689162815753,0.4726875094940919,3.569566523774055,0.7731964704713468,2.971400410016363,1.5927747185088899,0.14341425052929457,0.6460170741610326,1.4926565559495657,9.950940241120303,0.0007034230707455246,39.6908829543435,1.2146771809138608,0.5971608532825639,0.29892609826098465,2.5101238780380353,0.30007347749517826,1.6978191391674233,0.40080942636097316,0.9952238834686721,0.5019945788457099,2.992682715029171,14.953636313459006,1.0480133197599886,15.930196421716273,0.39955824163080145,15.032212176908676,0.07999856508902277,8.013438322639118,9.971377195643118,1348.6215210217374,10.001948138249393,180.1306052490862,0.44858878417782994,70397.9283524288,349.43219165426405,0.49799143625414616,0.06822879529516726,50.07713698185415,9.957708716281578,995.0772559711576,0.4998609078779404,0.4992332853181221,996.5674631421231,5.007796193536277,72.10183061853522,83892.59219842358,2099.3123181671144,149797.46897787054
16.078406384601944,2.757386240509681,2.046661889404563,0.09765240556306717,0.3498422623826431,1.9077143400753656,0.25311960018048163,0.9923381372688991,0.6483100308219928,1.6316413538934278,4.229905322772552,0.11759042382895812,0.2925520776378993,0.15187994488398812,0.3979194095564884,0.310702685561622,1.2252233088631157,0.07075424220165036,2.7209703517728934,0.9497521899228792,0.37547614752150704,0.24384128413888387,2.7167373458855737,0.026892147027747035,2.2276585424926396,0.6872456500303726,0.014111434959647928,2.002102659336196,0.5605726386597235,1.4902578312575596,0.3221133406591323,1.1001504475451582,0.12619355081678163,3.4799812130583536,0.0996796433617564,54.167644455951645,1.4244757454825692,1.0924285713300517,1.2327057143220748,0.40051728895324107,0.0334463274709878,0.2817324233097987,41.55972450132692,1.824038288799887,2.254722493031497,1.4099034803230643,0.09957783486536056,2.2009287360645766,1.2240413311891045,1.4099351033313379,0.4743688879852673,3.5898855384411097,0.7718155088013262,2.9838158812826174,1.583238342827696,0.1426236947102696,0.6413863802881142,1.5071846454257392,9.962778289578864,0.0007032703490702218,39.52632419002541,1.2244192101983018,0.6004477810486668,0.2989885424626371,2.503350848955809,0.3008065115013153,1.7039237972078918,0.3990407479075569,1.004350482925037,0.5007182305211233,2.9910625235572588,14.9709063045431,1.0503470355754478,16.061092277519062,0.4011870124799842,14.9703072010065,0.08015078904981927,7.9601325464060455,9.983264104749095,1354.584535526252,9.965120119790582,179.73611147487878,0.44775469492681885,69847.3250099061,349.62798683373103,0.4980093152764928,0.06839297487111269,50.200002183045434,9.958464170640283,1003.6983686951633,0.5008407891916175,0.4983444743771418,997.897364942035,4.9847091741277945,72.20829488886402,84400.55926102005,2100.882816740197,149331.50149439182
15.946998521595594,2.75357159993647,2.0416026425314415,0.09723544446681881,0.35039525154261436,1.9135860939217364,0.25105589647743926,0.9896010882205118,0.6477628101100609,1.635465106330579,4.208682986108468,0.11789001899728374,0.29189673911571823,0.15229558581370362,0.39647436634613253,0.3126768835331882,1.2319222840360962,0.07106570095002354,2.7403015487012534,0.9461768372828809,0.3748058693421669,0.24403634032815302,2.715773381441297,0.027026692920657788,2.219932416619937,0.693189479160491,0.014046803349940377,2.0018072912402634,0.5619816524167203,1.4895545944746356,0.32101113386126623,1.0961881936634568,0.12544661970346155,3.505640402737674,0.10046536718477116,54.121192423170676,1.436990996462077,1.0905943200427866,1.2353158271622506,0.3987905245181343,0.03341855609287913,0.28171631954044635,41.381500037417624,1.8239488981765588,2.2513929545692104,1.4072595062354434,0.09978483484779206,2.1954351332749105,1.2303947698902602,1.4080173380967813,0.47555593856798883,3.577133765528336,0.7698080762930051,2.9853017091001726,1.5893316467113334,0.14364341507638656,0.6439046405585305,1.5069273423078364,10.034768815467743,0.0007027364915327212,39.784467650852896,1.2212752128197613,0.6001960059652468,0.29815393226038606,2.4925363685319106,0.2991431846186689,1.6920807510801608,0.4009822412099143,0.9962486350596332,0.5004107456566345,2.9891376929536966,14.934982009718038,1.0503527408697513,16.059695342846272,0.3994240577404136,15.062884126321897,0.07960824571053644,7.997259120669845,9.964676444108525,1347.5130365970203,9.952373172819973,179.1636254769636,0.4509576615915492,70290.4593172134,349.8466365980155,0.50200574488729,0.06852857622424588,49.91808655011586,9.990765317871212,997.9255579693152,0.5016529910585195,0.49996979967148963,996.3530758805525,4.985085687280889,71.85353693283913,84129.44431988572,2106.9500699320315,150696.24747023554
15.961908583003584,2.745281098056958,2.0402410160101745,0.0970761205003073,0.3506127711318214,1.918844469134884,0.2526052776127106,0.9862181654753615,0.6505274501426942,1.6355204698007528,4.1969078448906,0.11851252459425196,0.2936273102003124,0.15242988235540605,0.39583819307010376,0.3110661331162216,1.2336789941388266,0.07078402946330044,2.742760848448167,0.9447136112408628,0.37545631721236244,0.2435723793285872,2.711958831807293,0.02688205099483637,2.2244757539252458,0.6916101223270238,0.01411089916085556,1.9963820679683804,0.5626674281312669,1.497677280232811,0.32295845232386877,1.1016880362982358,0.12599593240182747,3.4732027942122223,0.0996669403188684,53.82190798295344,1.4314497143460803,1.0901779396336602,1.235657435650504,0.4003992215766161,0.03357666273845274,0.2810408854623321,41.36114194943385,1.8219961156975373,2.247765141923434,1.4093463153684052,0.10041100388825741,2.1913985265984186,1.225085054610125,1.4103350960108274,0.47715298602076706,3.565681534683679,0.7736281422725378,2.994531682441864,1.5909653393435996,0.14276038738312952,0.640835607299516,1.4927325751423068,9.988809540146127,0.0007019815025575477,39.85553381374071,1.2157882953224715,0.5999265156323146,0.29800514239135595,2.4970075843848925,0.3001198681988504,1.707225377940734,0.3997541166020693,0.9963777972809137,0.5008272478372834,2.985941235736002,15.066017289673745,1.0546188203889484,15.93474281657327,0.40020354738336156,15.044608555261881,0.07997166278379682,7.998301730764074,10.047020000350562,1346.361859255227,10.00263101888976,179.3069426906416,0.44911098067625477,70428.2717453005,351.62945340449147,0.5005600189344783,0.06813589977842448,50.1753492747685,9.979810929721761,1000.3498284395081,0.4986673734921507,0.5001036828428461,1000.6213953483907,4.992023422087815,72.0042635858109,84131.88576622536,2109.157278384421,150065.83699974217
16.060492176049475,2.7376151538318108,2.0402960925026736,0.09689726997082007,0.34866501801574684,1.910494609260409,0.25124433780999667,0.9852088813841381,0.646591390919174,1.6301500095151722,4.219020141733015,0.1179273058721242,0.2943557529821443,0.15154316804665097,0.3960556854579959,0.3112299332352757,1.2337720152768192,0.07057893299043907,2.7426017096894633,0.9500534295784991,0.37621381270509974,0.2430786058117225,2.706272943392838,0.026771156010184656,2.2292157476034236,0.6920350676196112,0.014048514989618175,1.9924415921238552,0.5609215257757892,1.5009391968793637,0.3220101913972014,1.1016963087169973,0.12537780479279623,3.5047872887313534,0.09966568581295444,53.812369677529595,1.4363942530822547,1.0895315527280611,1.2301361204771146,0.40145166405721366,0.033353022872749785,0.2795106539820734,41.24727110430541,1.8157151928036896,2.254703167528878,1.410457088570537,0.09992604458331483,2.1961886879514543,1.2277510753598495,1.4041549501704378,0.4745096403207563,3.5895375235933082,0.7698004600068209,2.9942190083884115,1.5956624241269795,0.1434160640175824,0.6457592830623149,1.5012168610425496,10.040114970211052,0.0007006291047878516,39.6294224858926,1.216289996755391,0.6018785694780097,0.29761598915368115,2.5072725808597496,0.30144900846062184,1.698278012174637,0.3993629650843205,0.9967009278580516,0.4998767580056889,3.004620553863488,14.971918010569622,1.0498494888941783,16.005931647760246,0.39910094936573026,14.928526716096084,0.07977249913402738,8.02425197090499,9.977806234313197,1343.4365960918985,9.992494865668519,180.32844823431952,0.45113584247837374,70121.57213299187,351.12212953820944,0.5012275412576395,0.06866624118760785,50.069949617946286,10.019086276781696,995.9867512782879,0.49960225143842213,0.5019447942492795,996.6072005594491,4.990497971056735,72.12813376637457,84549.59050580925,2095.7177997177314,150555.73796462323
15.955251634221261,2.7599235347997535,2.0579793290816104,0.09746776891743103,0.3514833579236077,1.9188081194984814,0.25307146897892496,0.990129977795881,0.6477646254252605,1.6235648620376826,4.198047429793334,0.11817979115523955,0.2919081115403529,0.15267241840488852,0.3949191021415671,0.31071434468787734,1.2267435173319905,0.0704806294053781,2.7208842467679712,0.9488312449226751,0.3752072545291141,0.24373181983393616,2.7074182842219074,0.026957556480146003,2.2246241243075784,0.6874868698629585,0.01403747797512495,2.006839879799587,0.5631287826328951,1.492134464210663,0.3225795739076376,1.0981241477764443,0.12544151014531874,3.480533819193151,0.10025580485255735,53.85109105955276,1.4306415268793853,1.0830492134886662,1.2249897235784954,0.3989570089553658,0.03349080011234271,0.2816740042189443,41.49901779001939,1.8138131722860884,2.2403581111789106,1.4061296592106438,0.10035232848470471,2.1903470601070403,1.2337749017501032,1.4081611090332002,0.47542960469946693,3.5833914357762446,0.7709758063323822,2.9791105079841627,1.5858539096597586,0.14289773333420436,0.6470574444595031,1.4965816837704073,10.022482833285164,0.0007031131040733659,39.70629025136891,1.2198698990109096,0.5977250267685735,0.29875473622485355,2.5102872753513266,0.30144205444614763,1.6949281775184917,0.4016802216520585,0.9987026795437532,0.5005957625666821,2.9917095190867,14.962258465688704,1.0512490606617297,15.997573260857305,0.40185759332675597,14.964669588120753,0.0803024293294449,7.996837973695322,9.963455406563037,1346.478210662547,10.025569961760965,180.58794074777586,0.44792803502715606,70118.85699953075,350.8495535786838,0.5005751667782864,0.06850302212478608,50.16527936793079,9.977338956383386,996.1192813226438,0.4984324338682041,0.5021842311558297,1000.4668212847824,4.985954744619953,72.20582263627102,84284.26980204564,2102.2072501685934,149277.45379529317
16.0452458336603,2.7559796430612433,2.0451231863593753,0.09697218261482843,0.3492002081032701,1.913255017793306,0.25148132675546153,0.9881225912748166,0.6472004910804137,1.6378272816182444,4.208320142932232,0.11785530291927954,0.29291216732449804,0.15233318932736717,0.3975194153117861,0.31353130166669496,1.2298285900126424,0.07077178126805553,2.725367506232099,0.9506457979866744,0.3765850039916735,0.24266797576798188,2.7105024795712596,0.02682086578801371,2.2243066589996077,0.6882896524750832,0.01407878599573218,1.9913623716138344,0.5604256718612783,1.4924323917858486,0.3227576875208954,1.102139145672838,0.1260480611991572,3.4860582722502946,0.10038941311958759,54.117059332757535,1.4314705429767454,1.0887168952494048,1.23364634367999,0.4008910998344849,0.03340784199653284,0.2807094334896611,41.24591557554214,1.8256307315335267,2.2534554794366044,1.4167551861664291,0.09963650968643646,2.1902222342943474,1.2327553271606146,1.4151795268887553,0.4766786392233842,3.5693315806833184,0.7737138712276809,2.994344015071731,1.5974580325005219,0.1431624663178647,0.6461376630645715,1.493640504115512,9.97554604167081,0.0006971439713032682,39.68220649252238,1.225669707946036,0.6008950245013932,0.29788453130872833,2.507320893398317,0.30015100861059757,1.6992800103381567,0.4005173127240735,1.000118006868657,0.5007077260619648,3.0090791106226344,14.99436277673184,1.0491077231114545,16.009386485961812,0.40161901453644344,14.988447342563836,0.08027819977599014,8.009373029646515,9.951239714659255,1349.6787347158902,9.971053542795556,179.37065944813597,0.448804970488449,70331.08014621881,351.3169477668543,0.5001842656416602,0.06839676368164725,49.944589002913446,10.038656789538097,1004.3245423806628,0.5013221889876891,0.49894112273249247,1004.1386408243173,5.015956768839368,71.72929903877584,84077.67508228072,2101.3711049597273,150345.07017175533
16.003823769694392,2.743589326069554,2.0444812896468956,0.09715869490189363,0.35058084960416447,1.910166665341457,0.2513978044434847,0.9911878522025671,0.651232951754001,1.6247297006454564,4.2111956221363105,0.11785327423336638,0.2921749585357113,0.15257074818829547,0.39781277118990144,0.3115326108415389,1.2281216741499517,0.07051096755629056,2.7332146627919394,0.9435116499834211,0.37598575117406124,0.24215633931441108,2.714669825514094,0.02701537681532098,2.2108709756829907,0.6919164093175865,0.014146610102491257,1.9935241261437813,0.5643752497351721,1.498810140055651,0.32211249695163935,1.1018855375526064,0.125733017509724,3.47343683924892,0.09994205122364208,54.041188046237366,1.4359867006144988,1.0862402284940296,1.2270928666067014,0.39852518201111975,0.03364589060214914,0.2799447628279913,41.560142383070904,1.8142443629048222,2.2391579866312137,1.40611150658849,0.09999278953688029,2.1866866393918087,1.2350149650599878,1.4106356919678669,0.473184405058595,3.584486885121201,0.7691448907550834,2.9853324520929925,1.5945502094753858,0.14369433856630226,0.6444936006185469,1.4980012600555266,9.993360035147695,0.0006993183522077633,39.66037321336072,1.2142667157568587,0.5984839694323311,0.2994535271973141,2.510700363178175,0.29864486690226166,1.7081528749203487,0.40116781665054524,0.9950274712613756,0.5020673177760692,3.013811076939415,15.019313702710177,1.053027454518666,15.973205064865033,0.40028928504619565,15.034732492370715,0.08004900871418612,7.9843684058900495,10.014920027130456,1354.568655495438,10.033600821485262,179.33790774047458,0.4497543935828182,69858.27796149856,351.3358383253357,0.49871081107420645,0.06869436270922016,50.0591279713722,9.990061761474237,1002.3146318927667,0.49853695847575086,0.497957159029293,995.8738153077452,5.004140257992392,72.27998535288539,83977.53182761789,2110.474018520272,149306.43528852554
15.976534411711624,2.754227204012847,2.056688136532863,0.09763078241057684,0.35046399627735675,1.909287077841938,0.2508928037078852,0.987778911703728,0.6507417645017258,1.6313512136522073,4.203376713838138,0.1177036039105392,0.2918680150911248,0.15238243956733907,0.3956530095006917,0.31336203401997187,1.2294390180477064,0.07102541060702629,2.719905487114556,0.9446906043065831,0.3751472767994304,0.2422497002224196,2.722919669914661,0.026982890130926498,2.216634751803345,0.6901367797844873,0.014104687984464319,2.0021441810999336,0.5597723261228208,1.4947392330703206,0.32066669395427205,1.1046097174053728,0.12587835188074872,3.4979228948441428,0.10042082640950423,53.80726766248725,1.4241062434943725,1.0852196705821315,1.2321031467703216,0.3999991898660106,0.03335760944522386,0.2794935408365737,41.4725985483749,1.824305125170237,2.2412139250712366,1.4141555222818971,0.09984555912071574,2.1805437801252086,1.2279564907812013,1.4132496990340297,0.4757399466356406,3.5793366574108645,0.7683033256358144,2.9775543492437873,1.5881176098203138,0.14284273249553922,0.6439336226006657,1.49932925756522,9.960246890571916,0.0006985311869632681,39.53283056860718,1.2212455738179593,0.5995368901025994,0.29851233860965193,2.4896900800459587,0.29953472721832847,1.694565979529004,0.39836835085805183,1.0027344677910544,0.49815468310665284,2.9902474475421976,14.980016654806752,1.0478240092961382,16.067170990140454,0.40195458573980436,14.988360105206903,0.07976090786726371,7.999848934903426,9.999566860373585,1349.5415216325541,9.95203362288532,179.33107851804155,0.44838453864924166,70077.9629763042,351.1534603956017,0.5018892176363602,0.06821077563232322,50.1356000289051,9.972620785936229,995.326167012969,0.5007492916595457,0.4985731646538896,1004.1965500834058,5.021670970689954,71.71562288736881,83953.9195477206,2098.904206465689,150617.1577592557
15.932483808884154,2.756907121028219,2.045647944853265,0.09728012639368477,0.34887048720266456,1.9158547164612547,0.2524303452910843,0.9852593527050515,0.6462966189516622,1.6294515092869075,4.211312486518659,0.11838618034600852,0.29266880619911156,0.15264880349758636,0.3947877861891467,0.3131160645062976,1.2349728842193135,0.07088969437254351,2.7427633999723935,0.9471523675687612,0.3767493046945097,0.2418095373614,2.7038938403104753,0.026917853262702487,2.2283457294950417,0.6931251871405341,0.014111200105516699,2.007117410665165,0.5636816861390268,1.501096899616753,0.3207488969956512,1.0997650289432368,0.12598268693598128,3.5000322923539557,0.10008610751238887,54.082432590554475,1.436527243288576,1.0875941960925877,1.233588045715676,0.40024223994568653,0.03354211039796871,0.2806326497604802,41.58022652106384,1.8257799070102037,2.255668681095565,1.4075971248857333,0.09998541499075558,2.1979477065465103,1.2353675138164033,1.4170154551474132,0.4761135388898357,3.5882640201748073,0.7668728401995268,2.9874959168154778,1.5875631869013551,0.14352141165619237,0.6408524550173972,1.5065157846286352,9.998388084044084,0.000697395690286076,39.72007623807715,1.22234283741609,0.6016787899004613,0.29860150561782745,2.5013343823534058,0.2987458320758006,1.7061692723823825,0.40193361797742755,1.0027800698606824,0.4976737108770989,3.007670936262733,14.965446155532915,1.054852051940676,15.93016120960229,0.39836903357131886,14.952205550606152,0.08020252648876092,8.01211239697665,10.022723670549837,1348.0274372959184,10.037957575684494,179.9032609371888,0.44835351498922893,70369.71862888134,350.9736413041339,0.5004670550524858,0.06832142263558443,50.10535977005976,9.953556795421893,999.911757657343,0.4996357928848433,0.5012323901582304,997.6586920948849,4.986685571594301,71.87027923482576,84194.61556308829,2098.892919247766,150276.31052033766
15.973057801652915,2.747841998180121,2.0511806652552713,0.09708032282495535,0.3507042947410267,1.9129833282840394,0.25264722391144273,0.9902277453200463,0.6471408936174889,1.6251283816901612,4.207342905339026,0.11844015732045651,0.29188960646952045,0.1515674106692156,0.3966543734022731,0.3122338492930861,1.235119081971787,0.07046655555619043,2.740333494618645,0.9501376444342794,0.3770359427436052,0.2427051610026103,2.7047785135572715,0.026769367637341807,2.226380394651468,0.6876647171861665,0.014061384213666463,1.995531228948936,0.5640775697009874,1.493824868945412,0.3217607000114865,1.1027207897557758,0.1264942614609744,3.500162270194294,0.10003541386685617,53.641624805818246,1.425107144599479,1.0843216621012859,1.228939316314145,0.3994487584584998,0.03350482612497503,0.2804530612700713,41.48356900887912,1.8118505988966895,2.2611313839571405,1.4148371298207754,0.09983496666723848,2.1877399661711547,1.2357035925250486,1.4161448405344164,0.474492574436322,3.564234246670095,0.7737573410241109,2.98458185073283,1.5930687287858747,0.14267767150934674,0.6460524567851501,1.5008622281453672,9.997024233382204,0.0007016884139365776,39.62916971202599,1.2191387387779973,0.6009139609680444,0.2984159675319798,2.5117796491753492,0.3001885539278035,1.6969567526378684,0.39914975550987897,1.0003401900640367,0.4980977947090163,3.002642967247261,14.983538241117362,1.0484459693244315,15.950796376641724,0.39998165344974024,14.930644941183177,0.08008574714067994,7.982843926742185,10.040507002662235,1350.3558855800052,10.02805872370179,180.6321399525191,0.45170542431819466,70442.11624136035,349.9067521553424,0.4990165777533922,0.06854222966853886,50.01880919374443,10.010933228782575,1001.777293149887,0.49807126307488253,0.49834153219623883,1001.3783622504966,5.006268565993192,72.22855076152442,84374.18562465468,2098.846593217555,149355.10855053188
15.982563963613043,2.746459989566355,2.055482028711189,0.09736668182360939,0.35130270860334994,1.9100813999870518,0.2514675216791043,0.9900420787080394,0.646156453041372,1.6228366489027939,4.2099866564566195,0.11789805403460121,0.2916294311262149,0.1523363360954942,0.3965716304512217,0.31067026277143156,1.2325832899917002,0.07050463818511174,2.730482026082271,0.9491589002291705,0.37599618566629656,0.24360119624497317,2.706898855454579,0.026822785048537467,2.219698257201106,0.6889114348531133,0.014050829965350618,1.9994216689630957,0.5603220388619575,1.4965553341343536,0.3222979402308121,1.1031041736982627,0.12644498914043467,3.4958688994471907,0.10039354219499552,53.941154152417404,1.4330091812667811,1.0899388415292046,1.2339956050766252,0.4010074057997832,0.033634808732186564,0.28062380348704075,41.57769624526046,1.818185216033188,2.240329285085006,1.4055178283931786,0.10005826589075328,2.179369475179526,1.225785948015644,1.4082244906203245,0.4755904112891478,3.568026694328573,0.7705764543011283,2.984861739905076,1.5941921849620289,0.14322948462297028,0.6423905330409779,1.5074604030784347,10.038824867814434,0.000699114632733668,39.49318245784512,1.2203502403424478,0.6021911380855076,0.2989593909310223,2.509938925968225,0.30140854877117573,1.7036214783981065,0.39864959016791784,0.9953641313734354,0.49825703641065566,2.991032996261263,14.934208544895704,1.049511243111191,16.045420434122544,0.3980170071816163,15.045543947602418,0.08034024587042468,7.97215887656127,9.952134615859432,1349.7214267404174,10.036853021057706,180.42629655889726,0.4479061459135096,70303.60043148174,351.9848716164292,0.4988552482428692,0.06850493473295746,49.99697447978538,9.97056290665476,1004.0150939936976,0.4986150418241425,0.5017023771224625,1002.0165519585839,4.986045450571642,72.1521527290589,83811.84400178264,2099.4485167483713,149678.10751101308
16.062270389805274,2.761423155962088,2.0453053373294945,0.09717536812893841,0.3516856820658118,1.9131701708141506,0.2509156752385352,0.9889251768134552,0.6474909199867235,1.6268442656375077,4.2108383458812835,0.11827850445037476,0.2935610969791598,0.15177435321748295,0.3969370933460494,0.3121063107571473,1.2333150125631116,0.07052663342095732,2.7273999482765046,0.9470012795327729,0.37544277857893976,0.24348122232186192,2.711548182862398,0.026869304962150866,2.2208059112600407,0.6914103111702544,0.014124692970070244,2.0052134823917354,0.563975289996062,1.500583696290148,0.32097004801518875,1.1038123676837917,0.12578834926990903,3.4957925459447483,0.10049096973835406,53.79929153405059,1.4267140163312735,1.0835451167214942,1.2359541588410101,0.39970774220176886,0.03359509492934056,0.2794347152872035,41.25772749408691,1.8120499566473216,2.257101788137761,1.4044524043053348,0.10042316158097722,2.1935862884544215,1.235037316309777,1.40871490694484,0.47512187477023854,3.5630870877077676,0.7697374755110309,2.9827033647528283,1.5836493822775652,0.1436881664371751,0.640808278132389,1.4965117591627304,10.011562158088381,0.0006999834681207688,39.5765140381495,1.2259383948544489,0.5981332644210318,0.2982036886534033,2.4903971019510776,0.2986684192444898,1.6997938199505234,0.4012188002634046,1.0003131502854399,0.4989681521776241,2.9855018907920527,15.066079814706653,1.0469747882324365,16.01193149688796,0.3980621050316686,14.939580684669687,0.07973613561167309,7.968985109329945,10.00307536711835,1348.6102211022408,10.030128501691522,179.3091675107822,0.4496898060528035,70131.64506577954,349.9254993625744,0.49797980742319553,0.068065293364207,49.759413943103056,9.9898625032465,995.5427728825745,0.49947278779271526,0.499687047683481,999.4538595351835,4.984582773567333,71.99907501042166,84120.31930669762,2115.304542928251,149318.05352702943
15.928620561225735,2.758924571794124,2.045203389640094,0.09689264045328062,0.3513106984150818,1.9106251257791027,0.2522917899509681,0.9851288107444953,0.6464496665079804,1.6260750085714866,4.220983561513389,0.11786495165674199,0.2932268853754523,0.1526564934469456,0.397919321509847,0.3108372675475819,1.2306871654065683,0.07094099249587009,2.737700041090324,0.9519826256787471,0.37685854794982937,0.2434615425297308,2.697916046936601,0.02691205635377479,2.2221925924740766,0.6913558334172174,0.014111754224666387,1.9981890020181325,0.5619295109776763,1.5039957742555483,0.321449714375367,1.1031290266241662,0.12613537454892654,3.488039699688374,0.0999143185093666,53.93006887475584,1.434287032769145,1.082892772177037,1.2350510857748145,0.40109658739727944,0.0334494244694832,0.27932507969304465,41.22660292760828,1.8135279952377912,2.241080550622761,1.4043991836108456,0.10046014517886244,2.1934702743825145,1.233943856338119,1.4108856740481535,0.4755675523178308,3.593639739863298,0.7681671628190705,2.985796834325362,1.596349012766284,0.14362389793730881,0.6436396706621195,1.505350683105,10.00038595626311,0.000698305201853425,39.58118055947401,1.2194115514806214,0.5985473311468233,0.2965993363569874,2.490138674821462,0.3010476604069548,1.7065026487607566,0.4014921754201803,1.0005371234228828,0.5021760867820221,2.9999727783564456,14.994381707596906,1.0497310126430126,15.960657909319176,0.4004540134757444,14.992342670291919,0.08037972613349581,7.973758511696306,9.95767042585209,1347.9903875622679,9.97155499127042,180.8854282527382,0.45026360216847844,70083.54702724481,351.3708358276713,0.49976555752105156,0.0682008363952256,49.947259653647286,9.978635435750572,1001.3759257781741,0.501582843008948,0.49881288549050373,1001.2132667218818,5.0104239931020675,71.906407787697,84200.50364405425,2102.0280909896587,149809.3574524436
15.991394646707452,2.7443741304573033,2.0497607643125786,0.09744518235604809,0.34963004205389464,1.9185078620072176,0.2512893487322507,0.9895000970127821,0.6486589188648005,1.6307052100698942,4.2288162021992095,0.11779270708261703,0.29264146241438627,0.15214543598569022,0.3963816128988754,0.3128968158341391,1.2336225436818589,0.07045369663857716,2.737212643121315,0.9500653950305535,0.3763224958769524,0.24255527780540637,2.7210312194059463,0.026964081079474365,2.214611780357534,0.688656019379578,0.01412967425502955,2.008353086375255,0.5619468414223663,1.5026766193644447,0.3216204086577193,1.0988468012242227,0.1262342859142113,3.474313765200487,0.09963892183081355,54.03314392308495,1.4263118225363196,1.0834681093680267,1.224945348509977,0.39889941788855166,0.03341640775446273,0.2802541397867626,41.57142460219368,1.822632056822421,2.2543495559618667,1.4048217522901183,0.099692666688592,2.1987308971006674,1.2316520022609885,1.4143660790340862,0.4743229475050222,3.5827640060598362,0.7700169986113535,2.971221277902863,1.595163835225667,0.14276227142322365,0.643786755210689,1.4944948964553493,10.013835669569362,0.0007020379481056178,39.64444208036234,1.225833210522693,0.5985455037499956,0.2991117801157847,2.505530387421948,0.30128178487919577,1.7040910196285466,0.3999794091108966,0.999134704635311,0.5016469974338081,3.0102109041819043,15.013335587668102,1.0521223054291422,15.994057205782436,0.39887348522672683,14.932497071838938,0.08012296430581409,8.013537042611802,10.016526356170882,1350.842500784477,9.98424008613878,179.53566595333427,0.4480456717121193,69934.96548888185,351.32015983930586,0.5013403567276989,0.06867881402094315,49.791958380719706,10.031402623805295,1000.9741977863931,0.49900658193287767,0.5011289637256178,1004.8935403308392,4.993970882068418,72.09175529515367,84009.59474030203,2098.7908410757127,149473.69691536613
15.925144577373867,2.756154787700149,2.042742158760106,0.09737133729219999,0.35129363106198297,1.9166200529043684,0.25149339187966546,0.9862816213434823,0.6476310578512874,1.6248050140984385,4.204674682479865,0.11808120921538223,0.293422936595577,0.15157185211320692,0.3949200925974689,0.31314181838551464,1.2354721193765978,0.07090085182350826,2.731551273419992,0.9494985344564867,0.3746036129821527,0.2439648048704989,2.7021029426344954,0.026945644083984935,2.213827748783919,0.6914199615799855,0.014135734167826918,2.004820919384966,0.5615992857078781,1.4986022768466551,0.3223155234244944,1.102423441391987,0.12599874109041476,3.490254550498392,0.10018440846508264,53.73217835458793,1.4321804615819662,1.0831762706103878,1.2327654706984013,0.39955565246014163,0.03361376020928271,0.27954467213773854,41.37366065947079,1.8139433574475623,2.2582994218835366,1.4047159969488192,0.09998519527990972,2.181355001909318,1.233661863182892,1.4069267580184284,0.4754467811843776,3.5681911443758505,0.7688573652792088,2.9684881757505868,1.590808213741849,0.14228993794311798,0.64717538040413,1.4987441829408619,10.01294471970742,0.0006985074670316714,39.58208887062335,1.2242228462086036,0.6015490973268317,0.2984270102427165,2.5063076226981504,0.2990259394589344,1.7073795682021604,0.39981898196051446,1.0036871166783037,0.5011802846063383,2.9935776376431615,15.010397534872073,1.0548997808818605,15.925934102101994,0.3997059269199157,15.01808093953724,0.07987191684835215,7.985433287811504,10.024869163077444,1355.6204130759693,10.003762833209818,180.80677752602844,0.4482057541387751,69990.73325596753,349.42340490016,0.4996776714251235,0.06848667286801244,49.85023596027697,9.994853868191134,1001.8439459501695,0.5006974363762335,0.5006464097413174,1001.0603226556933,5.024330516059196,72.154023482029,84554.30551039641,2114.5089209860507,150539.51823573612
15.935226894604865,2.750804224286746,2.0475710058682406,0.09680835054078445,0.3502247313682096,1.9045149484832407,0.25220597778433745,0.993142150002135,0.6473120706701365,1.6373322057285356,4.221218324920207,0.11835905286095898,0.2918640137684525,0.15267164708677455,0.39415673549278646,0.313072953036129,1.2242147031539135,0.07056101986383458,2.724958921076888,0.9502539701799484,0.37750182076424577,0.24340459199508624,2.716172527733197,0.02684344889012193,2.230553358495898,0.6893633661041745,0.014158220846310984,2.005585085496565,0.5612540380407361,1.4946517348231374,0.32257792883583064,1.1048451843004077,0.1262171540229267,3.5024742032689407,0.10046628281637851,53.81835441726036,1.4305504288081239,1.08818600545642,1.226521272864803,0.4011901950686217,0.03342018896498929,0.28128069712278636,41.399860839131335,1.826127413122145,2.2502599888857686,1.4112220089644023,0.0996810723339287,2.1967492900604215,1.2287961297079826,1.4111243971489074,0.4766437791391198,3.5792621316095623,0.7682633777609976,2.9730091412643262,1.5910545835110648,0.14270142179954018,0.6429602615133405,1.4960220774337871,9.994628683540267,0.0006997625753397231,39.69028525904926,1.2211328261212326,0.6005274299802471,0.2976044106343379,2.5100169764635782,0.300034969578015,1.7056459742075818,0.4002295147630906,0.9987061319691086,0.5011932401772119,2.990308802474056,15.070452048020408,1.0507591768883107,15.936666507078995,0.3996854330596218,15.03188073745467,0.0796544877739892,7.980910436963967,10.042437416601198,1348.0587402452438,9.965916262837254,179.27708885253628,0.4505357819433367,70222.7989940065,351.38838105640923,0.5022901837918357,0.0680991208923331,49.848835509090584,9.973382432413633,999.2708886942825,0.4981051316995571,0.4995493496115458,1003.1619462872243,4.983182891370864,72.29993793579125,84557.32061335984,2105.2733812040437,150540.23633710435
16.033840130382497,2.7460603075109584,2.0512659057169937,0.09682735129196926,0.3499851683044458,1.9163025999165013,0.2522148047941852,0.988832103075302,0.6490598664732687,1.6377727437326588,4.19179097238303,0.11779982990044935,0.2919919020360272,0.1526945602265585,0.3961817713958538,0.31084456769833174,1.231379691719362,0.07080029749450045,2.7179694488115933,0.9514555990136334,0.37678657794654463,0.24179773027264767,2.72245711802749,0.026808343128662506,2.2089058165571998,0.6894981737267268,0.0140493503276199,2.001402958579712,0.5609402344373855,1.4922871159557174,0.32356281081454724,1.0981600191778689,0.12589256391355302,3.482818980843179,0.10033698698112464,53.74653629630704,1.4246755026497,1.0911464458434827,1.226105325127644,0.4014317520336621,0.03352618954998737,0.2816077043822727,41.21208842520357,1.8284379005530347,2.245494660933334,1.403776639952646,0.10026488579339643,2.1829581369018296,1.2281686760593111,1.4113346532814788,0.4729509278651349,3.5693292212642116,0.7699158561942712,2.9776727085172925,1.5909154168867812,0.14332694498300286,0.643053270234791,1.4985660854166591,9.977238136174803,0.0006988778790379792,39.501848375851054,1.2209775144182005,0.5980366723524362,0.29864453447860057,2.488554836655949,0.2986796278171497,1.696339720353396,0.3997536169803859,1.001936083521208,0.5009609170269632,3.0142013725381283,14.977746672992833,1.045373185150548,16.057802302571783,0.40092255067202215,14.935218288974873,0.07966667075113472,7.998130877970359,9.98416449504602,1351.3010226333665,9.971916091443397,180.82681042430656,0.4500546077239877,70357.95949271668,349.5569899919153,0.5005846252081627,0.06864978297666748,49.76149531617203,10.003998619536116,997.4676162386958,0.4998919439882241,0.5015799756477584,1001.9007069927386,5.012724956489994,71.7924116534095,84491.01835755743,2107.3995340442484,149353.95317604102
16.058033495821505,2.7377832691122213,2.0403397976854363,0.0975244022565739,0.3482955829729578,1.902139091201247,0.2507827215642729,0.9937647595509561,0.6450496267652943,1.6279246809760908,4.198085378774342,0.11781315999514877,0.29238643636038525,0.15258956502320195,0.39706407400038735,0.31320125265279414,1.2327065241707709,0.07067988644786923,2.721423571763887,0.9482823094741348,0.3754610730116683,0.2433484935848461,2.6975050732461994,0.026957292165758578,2.2155502137293515,0.6897394594824438,0.014167484567763185,1.99431150889221,0.5598512243749421,1.492655913496711,0.3215218413526036,1.1003985881841847,0.12660508505699478,3.5029089300633878,0.10021495644542655,54.02888747763881,1.4269081025688926,1.0916520245580423,1.2304864915780578,0.39865008247485745,0.0336508513428721,0.28071831824475385,41.24741647735786,1.8242812254265561,2.24401027739646,1.405596103841456,0.09976759147585954,2.191714254213871,1.2274488503531118,1.403525469980017,0.4744656110092934,3.570491076165802,0.7700881445330511,2.9787949357895114,1.5832915208911167,0.14263579908779142,0.64259275875295,1.499771049482816,10.03222188327382,0.0006980302188901797,39.5443684713776,1.2139124632457148,0.6006390191350387,0.2974804067708974,2.504253883812862,0.30057042718327376,1.6922599599142303,0.39967364678862033,1.0046798269736075,0.4988757189854038,3.0008865130419133,15.005672035595566,1.047485788202589,16.04468101902571,0.39801473145379546,14.959018576025377,0.08007402181887743,8.033383493336338,9.950953115312394,1351.3617161328636,9.95033667130247,180.22107142564664,0.4496021793490403,70135.99871579374,352.5103510177502,0.5009112317182735,0.06819234760875488,50.248668607417024,9.975667773186535,1001.8590682265987,0.5009014749772307,0.5017486250869412,998.9886687524007,5.009798225656268,72.09067757319336,84157.45860496619,2113.7559037416163,149627.89439003135
15.95588377221324,2.753585677018139,2.0436504660847064,0.09752075495221596,0.34943886339641433,1.90849299997597,0.25245943596113124,0.9938125067607064,0.6492309892757375,1.6233855451670371,4.203182367574277,0.11829507424056553,0.29419470938211645,0.15220341721940114,0.39638077391634385,0.3116231650203675,1.2297300354144955,0.07075201710308979,2.7178563178098956,0.9434671653678436,0.37644143841672917,0.2430239082445252,2.7030865407821296,0.027005650009064998,2.2134864067807234,0.6913834418958668,0.014140659170448946,2.006804539505424,0.5639081582545932,1.5014039008798048,0.32186411655769426,1.101363027159604,0.12645071633748123,3.4872180994737207,0.10017085497528658,53.72645603601858,1.4309251043452313,1.0830981689685686,1.2319715792148338,0.3995073238129574,0.033408827383004464,0.2803091062957823,41.473366547037514,1.8274262083184816,2.2390038213456545,1.4053166560510566,0.10020573334026912,2.1915052934720083,1.227775951483775,1.4121398618682885,0.4767441409225231,3.571335636476617,0.7698896757652677,2.9657188667706524,1.597091336074753,0.14343135053779774,0.6440327830572367,1.507379969864024,9.972021862948393,0.0007017077938429014,39.78694020516256,1.2240364409085465,0.601110577821501,0.297077959995424,2.489783352987776,0.2990410716235883,1.7060914148793664,0.39960798041310885,1.000461660888995,0.4976268649753472,2.999742855868452,14.986390390249987,1.0503628825621303,15.980043749619037,0.39830176880518003,14.931594047912595,0.08035983757696555,8.008305492541648,10.014339627194795,1355.608153788743,10.005086150457977,180.20799510656082,0.45010367363865406,69954.59239604333,350.20864832123385,0.5019216995579463,0.06836160320159103,49.852074767636275,10.032804039482423,995.8730488800236,0.5006976514302119,0.5010006224044984,998.0376829992684,4.983344239642259,71.96277079180727,84425.76525415771,2113.1398572943735,150473.00534769948
15.93752467168745,2.7423763560842875,2.0523982075690967,0.09740403262801847,0.34828058382922816,1.9031731582216795,0.2509769226080866,0.9884269815195359,0.649171598937642,1.637224064885663,4.192718931300103,0.11800718778585159,0.2926263271259747,0.1518454487675965,0.394289463420699,0.31133956117593226,1.2269552087514974,0.07095455544053027,2.733872732469935,0.9492922230390857,0.3760724110310545,0.2426162670067614,2.7030567645205945,0.02676853534194044,2.212184002597827,0.6880671826309472,0.014167054458156284,2.0094090331272563,0.5635042838242549,1.4986515805763534,0.32254356306184073,1.1011060395872487,0.12618500598027807,3.480201368108844,0.1004767019166391,54.04835382583546,1.4261996853109673,1.0871483531036286,1.233557372916863,0.40164464042995535,0.03346108790735984,0.28065433090103503,41.31131044639372,1.8177537442407883,2.2438734603535875,1.4033717550427196,0.09991633079746268,2.1893556711962345,1.233442732024388,1.4103189640354037,0.4741753868156513,3.5786840932198705,0.772280222606041,2.979432338321635,1.5908774098731853,0.14253238849066024,0.6408291712287871,1.5064451496801832,9.976796487327924,0.0006989330250699192,39.5271711178163,1.2201585752527693,0.6014225930788097,0.2985544799136543,2.5088900528698344,0.29935971027977476,1.6968492757640639,0.40186229417188307,0.9995659979795055,0.5016725685881284,3.0033450612002195,14.952129720098016,1.0548031005505036,15.97191084649367,0.40056716607905196,14.963177347238531,0.08006053448826364,8.003289165017659,9.97610382253042,1356.5984069388865,9.964068351977918,179.8974225760724,0.44789119869697014,70310.23835952215,350.7370328683485,0.5003004627959685,0.06853577892489489,50.132004370553595,10.046582769120826,1003.6399611515883,0.49911902347868925,0.5011363236661102,995.7596442315743,4.981810342866902,71.9709210843431,84176.99942484988,2105.121051242636,149962.79551282094
16.022620588670364,2.7624944998007104,2.043290127175535,0.09706145351200239,0.3485099291680766,1.9042696790135318,0.25322800885123403,0.9854416114903404,0.6461446322939121,1.628802020395329,4.20127137952017,0.11805336337282613,0.2944370084813663,0.15230997858217613,0.39562720696532716,0.31257076262552486,1.234578756409504,0.07060813398620804,2.735922174132226,0.949080249146087,0.37687916430121865,0.24198950917054768,2.7163127175723907,0.02697747893422066,2.224156554449772,0.6879109596359212,0.01405224956386141,2.00476753311581,0.5628301212232008,1.504240023147056,0.32185427992438315,1.097022481118223,0.12633984981582838,3.4986735326433522,0.10002270311622721,54.04264509960585,1.4272914716076788,1.0839098799652995,1.2254009726839847,0.399161911659457,0.033551779789756445,0.2800219134597256,41.548705367879926,1.815445688767898,2.254150074724594,1.4103886620711625,0.09971154710830309,2.1912307148907852,1.2355932173053181,1.4162629032092056,0.4740100717466133,3.58130629000333,0.7673115905332659,2.979077262459525,1.5871617691032363,0.1436141608936117,0.6448544696999541,1.4952739114751776,10.049233904668895,0.0007013592282557188,39.535039213598786,1.2236545306525266,0.6003453503359979,0.29770277856367316,2.492407930466526,0.29933378309646247,1.6943433809027133,0.40121341998266413,0.9977297498860668,0.4998498093597872,3.014037429262344,15.07418358156981,1.0530583152591486,16.047825700891604,0.4017793876232221,15.044523436771884,0.07996076105433937,7.964824872505817,9.970836990325743,1349.2514151174366,9.976541016499427,179.69252875954564,0.448015188454996,70218.58502693391,350.34923865656174,0.4987942015355421,0.06847549520836042,49.888388598297276,9.99762632220439,997.4640217132563,0.5009025708067679,0.501770764647444,995.8171059311287,5.015992515277496,72.25322267836634,84602.52034255255,2111.9009881737134,150078.58624042655
15.931240653293528,2.7382973405623723,2.0437823657717185,0.09714858092500407,0.351594038733549,1.9037992547314708,0.2520977692585936,0.9949309017606073,0.6448492808839326,1.6226158104747443,4.200313311966653,0.1176756749192751,0.2929959021693054,0.15187908704368655,0.39633122780821595,0.31089888154416756,1.232285864952171,0.07059800314573084,2.7286893784119233,0.9435761592176161,0.37711995575743595,0.24330887003650986,2.702107740387802,0.02692737116659155,2.2186015644107617,0.692251247494534,0.014168204584300017,1.9924904089801367,0.5619443991554871,1.4933776041616602,0.3228039765860915,1.094879096602036,0.12605616458740534,3.502462623803756,0.09988928633590305,54.09216023833403,1.4249505329554635,1.0915472000042792,1.23358486496523,0.3995643939330385,0.03337626030316314,0.2807573264810733,41.46053943794245,1.8132464630415954,2.2597464224853496,1.4137040944848698,0.10045163134258234,2.18560342977762,1.229181192177708,1.4063355404849498,0.47392547157518694,3.5673012637089587,0.7671143170690717,2.985089376289625,1.584545398914683,0.1424758122228269,0.6442227320690369,1.5030599711591974,10.0278038463575,0.0007005616732692962,39.5615795695155,1.2208934073280593,0.600754784022152,0.297279130335714,2.4911121326206036,0.3012769521076546,1.6931311017915782,0.39910872563105715,0.9973144829705809,0.5019599215791881,3.000058780176562,15.068486919912436,1.0534463019471525,16.0407793824391,0.3987071179607127,14.976653064650005,0.08025621630695154,8.038682462565305,10.037792079177768,1356.0535642371406,10.014184977703076,179.9690710758084,0.45006624689135283,70152.86871773702,349.65904366046385,0.49902881042295166,0.06811981587713896,49.794280081035225,9.981183449470844,1001.6612585003169,0.5005685503350901,0.500297315312975,1002.4893227597778,4.996134579932238,71.95831335557448,84226.17348002155,2095.876730873307,150122.53818542778
16.04003829886173,2.7435001654251385,2.0572736845105086,0.0969727623063315,0.3500462472512726,1.9171524597281748,0.2526000839885585,0.9907536615425413,0.6487952995862462,1.6236248506791284,4.21839142833052,0.11813207241737853,0.2917826853491349,0.15142894944234975,0.39786518174172,0.31099570786855024,1.2348680082369776,0.07064129038814788,2.7271641158223066,0.9485260384751919,0.37647326471470344,0.2429946031949883,2.705892660992564,0.026899646906219255,2.224455259337496,0.6892857332317159,0.014106379676679803,1.9975834650129163,0.5610441884546534,1.493988314512067,0.32111113183886547,1.10286847061211,0.12660970956337902,3.4735618842066804,0.09969606278966382,54.16027707029586,1.4277373853594646,1.0857931531246285,1.2320045037063976,0.39941074075483174,0.033497554652501704,0.28182481974502166,41.4168140191818,1.8230372229920409,2.243634384816627,1.4066364781189389,0.10039155757706245,2.1991450539124098,1.2337758436048858,1.4046711206971498,0.4765130293167536,3.562788352622008,0.7707434692968895,2.9852228179470988,1.5888298018462679,0.14297027524983352,0.6455575095521967,1.5059231497977486,9.968933779522711,0.0006974693928793534,39.731580855186564,1.2167152670979677,0.5981653482679302,0.2971164041782921,2.4924209642575335,0.29993135434594714,1.707894629053152,0.40131227994742197,1.0004333559286878,0.497905826264912,3.005187943712901,14.992671368477438,1.0529227793002134,15.999033175639413,0.40067309495335696,14.95500742984627,0.08026657234654307,8.022353924895876,9.987401454356558,1356.2591960843401,9.966039477575217,179.1360238652275,0.4511841185301935,70252.58007443447,349.50484076254446,0.49829753322520176,0.06814752111495218,49.83342657675854,9.996140731146754,995.5096229887777,0.5000969325198593,0.5005268669248683,1002.2736817197806,5.022301660021177,71.69938353111702,83819.55179768475,2097.4038679548357,149755.97205627288
16.004057874277912,2.736367862103353,2.053943578275892,0.09764408971559115,0.3491242262340615,1.9006180234491543,0.25263817825398194,0.9926734981657535,0.6450419408391104,1.6319123533609339,4.199173552472597,0.11815679209943747,0.2936632891269984,0.1515785696861434,0.39505260793419417,0.3123481119324591,1.2310118301856907,0.07107340604470375,2.7302830584241042,0.9508417947319336,0.3768723466263633,0.24340265099878425,2.7016470476996997,0.026839840957190234,2.2214822825241964,0.6870050112874655,0.014035851964105879,1.990996340196969,0.5643677492302352,1.4998275119895554,0.323084372047322,1.1050975851717806,0.1262532211107044,3.490534713134745,0.09997901790870962,54.04263326392675,1.4352609306639141,1.09058292727964,1.2299132274324887,0.4010940361469489,0.03349215646003425,0.280375470389688,41.30625625976441,1.8118927308743515,2.243276157123666,1.4132430994727252,0.09967171081874712,2.1987857775168935,1.2248165665286306,1.4036708889595062,0.4749101417825861,3.570071369262294,0.7669427376390027,2.9668840648101504,1.5904340148442486,0.14265603381466777,0.6443591357180699,1.4947244667937807,9.952442402867497,0.0006966908145199077,39.526308586041154,1.2236117175184769,0.5996910840511778,0.29836910411230205,2.509374735972456,0.2991378146048364,1.7063129262518484,0.4009825418692984,1.002290181107827,0.5018536837005102,2.988776330618049,15.006075169944042,1.0498270998781234,16.02623992613385,0.398951955462538,14.944098938997813,0.08037875522714902,7.997254521959326,9.973202028672508,1344.9868577338475,10.00935982756155,179.365972081107,0.4485736918590148,70499.32983455136,349.21798356070303,0.4984341511172176,0.06851711380166174,49.85844701035337,9.968194000440207,1000.5650025478141,0.5009797820950771,0.49965316372865776,1002.8128785587322,5.015760502807021,72.08862067402292,84276.53218147534,2111.6582225636234,149272.54491167536
16.00170157201507,2.7397901457585077,2.0442919136354814,0.09763642725981767,0.34826298583539783,1.9063139677331873,0.2511289897514912,0.9906971275328549,0.6502308042933622,1.6282214872940861,4.224195505576492,0.11792947901459601,0.29419849877537646,0.15252735634382275,0.3947281252342047,0.31320139976742384,1.2262185382397417,0.0707931994810084,2.7217009067126017,0.9469236642585754,0.37782587212152857,0.2436442906628966,2.7114653991895357,0.027017143724623084,2.2168854180939483,0.6877451204369769,0.014146382318135814,1.9902435072187343,0.5637118261296538,1.489842201794586,0.3213057049887354,1.0984104963209296,0.1257713466998639,3.481045778172016,0.09960817846076514,53.642164376463775,1.4339283794349744,1.086531674188038,1.2258419122206268,0.398328708117936,0.033425776663202234,0.28029122816445595,41.374031086895336,1.8127391739106749,2.26079827512977,1.4067393229832676,0.09994129589442297,2.1945774379299525,1.2276653406830407,1.4041132071515396,0.4744135671639755,3.581892843268467,0.7726315051828729,2.9760641971507975,1.59619338327242,0.1430658877568779,0.645400613969292,1.492952488285583,10.039572732276739,0.0006979941295597251,39.610904685327284,1.220288594372777,0.6027589792995538,0.297540111826933,2.493012543522829,0.3013821815803164,1.705243893737257,0.40065368087691144,0.9990963635223542,0.49960227489960735,3.013520113272069,14.935343774943465,1.05270375215812,16.01618407638716,0.40187374096132145,15.008760797103989,0.0798244320236039,8.022393502178685,10.048562857866518,1355.5006243470095,9.979473921773462,179.72343052442878,0.4511466908655045,70250.9120488914,349.1563956973009,0.4982093082396247,0.06811647656463521,49.83936435825573,9.980490975644086,1004.6719954727556,0.5008823466692576,0.49777380644074437,1001.0736513079463,4.996833214861562,72.18290854274228,84534.30965477697,2095.847738409359,150719.8987770892
15.929264840909564,2.7563902670972165,2.058264205651966,0.097444671037727,0.3487777629058424,1.904422661092507,0.2508437712547712,0.9863476120156515,0.6451553868322935,1.6227243117980543,4.212614909546815,0.11750050621042663,0.2927804306088047,0.15231868772565688,0.39407993363826965,0.3124332981091341,1.2331633615561912,0.07082596242673975,2.729333654653154,0.950188371389886,0.37611179465828204,0.24302255778243384,2.7181792238090705,0.026990802230385243,2.2170788850079166,0.6894168057425417,0.014142407192332965,2.0008973617764574,0.56304989144044,1.4906403702986089,0.3206970873413786,1.1003498158808738,0.1264022267057246,3.483597319042481,0.10046063226340703,54.05034138344258,1.434028476736381,1.090630948939507,1.2269802048495648,0.39932130239875574,0.03337217465114557,0.28036415879270504,41.19788093245015,1.8245770723482475,2.256807535192449,1.4059620769097898,0.09998989903365746,2.19376664185725,1.2329832485400585,1.4166190803439274,0.4735781031540771,3.5709327159324533,0.7727248692914735,2.967996953849516,1.5945455279766234,0.1424756772320738,0.643771191385798,1.5013836472904445,10.026787757675553,0.000697301707702845,39.808586250934056,1.2242768020344228,0.6017609968149055,0.2993031875213076,2.5093056286344675,0.3008039361726723,1.7013487089339503,0.40123449831404967,1.004753328700331,0.5006865962439527,2.992278153700167,14.96217688048778,1.0531078660488034,16.078311993012242,0.39884124733802273,15.07051270449196,0.07981463132212573,7.99302423434268,10.040815327741822,1356.2344953094344,10.006695440971423,180.81016284503232,0.45154088585350743,70439.14371268905,352.16207293700234,0.4994312440438327,0.06807897559126423,49.832326133398205,9.957446836762475,997.4239819548674,0.4977764695140563,0.4988847036848593,1000.8896007476342,4.9820529935452464,71.86733482531498,83978.69217418335,2096.4769014434037,150264.14788252497
16.062884214173,2.7559398055745796,2.053776392527467,0.09766949373570302,0.3508094628634004,1.9013496598939585,0.25128998105545813,0.9913608749584423,0.6489010073120624,1.6354213541998994,4.195636945634274,0.1185678358369377,0.29304773256144045,0.15263902691988337,0.396116198377492,0.31102317418821346,1.2281675315861686,0.07060258575432796,2.723563356476498,0.9517005923390912,0.37553900367092174,0.24222889042004167,2.706329097283563,0.026931542307040764,2.2133596718661597,0.6869017692493343,0.014152468924701907,1.9947844064575877,0.5644523592914117,1.4902207463809243,0.3224856990368173,1.101817667811404,0.12556659551899682,3.4957665986113375,0.0998876375774266,53.84626165419387,1.435397956925371,1.0919177462228415,1.2259424013692428,0.40073639598060784,0.03338432790216595,0.27939474643431433,41.24494081699413,1.8224507365083784,2.2550948409792357,1.4100992169593523,0.10045166564969506,2.195785385889875,1.2258379041514063,1.4058819202587025,0.4754563892973892,3.5740321616082396,0.7661568767317777,2.9658239699524556,1.5885387738493708,0.14303376994262354,0.6449873727227139,1.5039470973031612,10.046875887312073,0.000702372057196082,39.62283713862143,1.2204232648152216,0.5982955200805743,0.2993968843311485,2.500886073308237,0.29924901075333366,1.70380874396244,0.3999515612958739,1.0049672507085496,0.497873552933971,2.995064165260289,15.066277784178485,1.0495925993044921,15.969887123242994,0.4004194888456386,15.024674032484448,0.0796742459895554,7.980750988611972,9.980897530845882,1346.5684421866067,9.988287761563765,179.70247529953346,0.4510413974152306,70251.43421413928,350.6215640690131,0.498500020111456,0.06834571737358,49.8402420133511,10.045214585877535,996.7377363063205,0.5017933868365222,0.5005779037973661,1003.1081783814959,5.019428068404368,72.21886916254978,84286.19612498066,2100.0952208020226,150240.00879570295
15.920774968145103,2.746630323177377,2.0573382556025868,0.0972782811784779,0.349162182937499,1.917490653866188,0.25077847803110115,0.9937909582716231,0.6496812634662593,1.6242359328182958,4.191598271929736,0.11853245775062142,0.2917314072262596,0.15272011766094498,0.3956856909930863,0.3115429334890773,1.2318455413782525,0.07079720109493588,2.726998304877527,0.9493287332716913,0.3754362501714177,0.2418684794889379,2.718797727369977,0.026903937985190418,2.2241443959283593,0.6905186998076912,0.014116101120759714,1.994378794659106,0.5644427927280371,1.496217409120694,0.3233527116363349,1.1033760982441099,0.1262773031231958,3.4886081133755518,0.09952264364451957,53.81038086984843,1.4323574635736167,1.085159201794954,1.225069266642089,0.4000710352201775,0.03338425064804324,0.28015606097682344,41.390791802170085,1.8130162928878182,2.2412818921119695,1.4059122523799972,0.10009180567714465,2.1994870337435737,1.2267901508493333,1.4130995143365315,0.4735245478959677,3.584851436414788,0.7672104392247905,2.9902923562852157,1.5938558928744015,0.14325843881586112,0.6408744218387498,1.5050461477742783,9.965085051504056,0.000700234423107037,39.789779338006966,1.221606380306052,0.6019141484023162,0.2986223793662377,2.5064019031361977,0.29939630644760656,1.6979447988171033,0.40000581172262095,1.0008616074538697,0.5009583550659078,3.0016672419707193,15.031568585043091,1.0463328781248742,15.983143458275427,0.40165322177735335,14.957543562927132,0.07971492869468541,8.019584627060174,9.969442914512287,1349.4277285764726,10.02118316997951,179.9727301537262,0.4518067993871054,70447.39214644233,350.88035264850316,0.5023042468228202,0.06825757332647409,49.86694597043559,10.017024491543342,1000.7278207916493,0.4987555345388985,0.4993556572942502,997.3302700631497,4.986848857289269,71.9046510610902,84568.23963894216,2112.049600113785,150018.6272777034
15.996443122220416,2.737115659344616,2.0492270713861536,0.09732031109745302,0.35097506572472437,1.9072492121174576,0.25305685968515007,0.9933679085568016,0.645292872705838,1.636568053290009,4.198331112590398,0.11849951527333695,0.29338289186574046,0.15186611877330067,0.39574834644903767,0.3121959005725365,1.2342296362534435,0.07103854114205985,2.7276768534534823,0.9513087782293992,0.3758945474361703,0.24279964875426882,2.7030421679547656,0.02698821317457687,2.222665410538919,0.6895247128658774,0.014122895108140474,2.0072202397778414,0.5603017699561827,1.4953898577729348,0.32161456726400667,1.0953362404583435,0.125790926000767,3.4991365758470216,0.0997533401400946,54.07761429711523,1.4365101259709983,1.0839995588783353,1.2288888954226949,0.3985253361530054,0.03356436826750767,0.28065003534468985,41.426717596971656,1.8250722187853423,2.256214029952577,1.4102252564959652,0.10038232081576606,2.1994592949866147,1.231607773682685,1.4034915302664277,0.47631083711342564,3.5940306361266487,0.7704361174959894,2.9859706643736024,1.5877111034166729,0.1430030093018282,0.6459198051107296,1.5056394174437424,9.961521626636044,0.0006966203014777459,39.629841258878976,1.2186691949166586,0.6016399822524222,0.2965356197398994,2.5066000812590183,0.3001089793314013,1.7033630316106985,0.40003703436970356,1.0029072490274282,0.4996853469444695,2.9953752257867214,15.020477857765378,1.0494166720722438,15.968548229923844,0.401654185608926,15.033491040856736,0.07975750195245813,8.019208477604034,9.97523968148557,1349.0721897308313,9.971742203920806,179.3039361216448,0.44954578645113175,70220.65722481043,350.1757043995255,0.49787501499515435,0.0682287519206804,49.8728286919563,10.00907522093552,997.8214867884772,0.5001688793595472,0.4998516981556883,997.6635779205008,5.0120608587731255,72.12066567891578,84362.80966498068,2103.6018839762155,149724.89451856914
16.01451855851247,2.762624984257916,2.0486461837417322,0.09736065543647457,0.34979822384094794,1.9182626917124936,0.2514070860509378,0.9895881594564037,0.6479588667225514,1.6337269620977002,4.219317103847105,0.11828254144186391,0.29368251491861347,0.1519540325637728,0.39463603540983383,0.31315576690594815,1.2278454484117647,0.07052410519268518,2.719865747795948,0.947950313196999,0.3757215117133789,0.24339736974553153,2.7130315557430844,0.026794393817405622,2.215487822394189,0.6927341581075325,0.0141376022526184,2.0074108240518873,0.5593135704392571,1.5031689677733975,0.32316267121952424,1.0994750483622062,0.12621872092727662,3.4820425770996803,0.10015858821404999,54.07106758585934,1.4297648489353203,1.081872332978241,1.228971048207084,0.4008999209917359,0.03356825830248851,0.28066155387504144,41.59103498631104,1.8130302348251999,2.242311484172026,1.4065924156242016,0.10030354492497509,2.1957557206144473,1.233354970630025,1.4153526821729778,0.4747288263317705,3.5735049123239464,0.7707729421987012,2.977314177668637,1.5903790657636314,0.14248551076935997,0.6433327033586643,1.4995895106382642,9.958744043447698,0.0007034614667960972,39.49659345538526,1.2251180904997832,0.5974811889911704,0.29907070697975785,2.501206044423739,0.29908900460413856,1.6954325826108967,0.3994064334496698,1.0029402272394234,0.49823573107546265,2.99226694272799,15.028901689593518,1.0511969088861963,15.987331931459307,0.39824214491514315,15.008774818388964,0.0797833770109822,8.00896802615679,9.977451590999383,1356.484467988054,10.009059397031203,180.1283499840682,0.45151545772987184,70528.11290844106,351.84953077106076,0.5004694774799289,0.06864865095756571,49.84060453202215,10.026422937130736,1001.7989887393179,0.5003162554027026,0.5018337808036222,1002.0965713829914,5.010836673027496,72.29501385214255,84378.92689164454,2099.8516734064624,149525.4378234403
16.00211149215327,2.742710084315699,2.0540925345725087,0.09753311371642347,0.34927135603057097,1.9178973612482735,0.25262219714082523,0.994832595026112,0.6460476039549258,1.6293732171905286,4.215906963279323,0.11831024271121361,0.2942069627725809,0.1525947304485322,0.394955042789291,0.31175810988743335,1.2326851501353755,0.07053967848415135,2.7425406710093214,0.9503411122248174,0.3772364454832261,0.24399008985664558,2.701272495585885,0.026879053235447196,2.223367069147606,0.692224981753205,0.014133558621609723,1.9924306219994572,0.5628186763961491,1.493916983732691,0.32169892294643143,1.1054365285495555,0.1255678903223775,3.4761928806446867,0.09990914412701428,54.10630143255455,1.4251695782912341,1.0824340872072633,1.2290018418914899,0.40052919229678663,0.0333843219907761,0.2815549808992123,41.53317458681575,1.8204112458506974,2.239435436792724,1.4102270421553373,0.09971418224705506,2.188819524483355,1.2331947679089081,1.4037173059331018,0.47262572213967396,3.5668774771897795,0.7664993437927167,2.9728605183172863,1.5884778620950606,0.1433999831273171,0.6409753073527387,1.4977648523110907,10.04294440214377,0.000700534661169528,39.809659731145295,1.2197988719760844,0.59758344130686,0.29706707855715553,2.506452058360973,0.30109232257542506,1.6994482108118283,0.3999698264986842,0.9995012229099537,0.4975918155630635,2.987865295280219,15.073783211385559,1.0451911431617231,15.975835049167314,0.40076274495816033,14.988724641609304,0.0803861310478821,7.962619095170719,10.037455895976723,1345.0690476539526,9.97048220908601,180.05094680722343,0.4516715460340782,70121.70037541594,350.1457126695097,0.4995083600295886,0.06812253083504823,50.16911716185828,10.041521509893915,1001.7577467194869,0.4997233481369945,0.500570753988694,1000.5186680737794,4.977577757624144,71.9239833596536,84343.06700208041,2112.3211706072475,149788.45949341703
16.051083537837368,2.757065188793996,2.058800857813219,0.09767572681020718,0.34839606289660185,1.9088056903380028,0.25268937168442984,0.9931993489808519,0.6452968953648044,1.6317374267504654,4.226774853037305,0.11767792970405178,0.29255276208163516,0.1518401688873511,0.39558236950239084,0.3121925235602073,1.2245979190317715,0.07099766636024143,2.7197045442695016,0.9509702353578995,0.374184274798556,0.24369747313399334,2.706077738954349,0.02694192587948973,2.2128776189194834,0.6902553663889476,0.014071674702154277,1.9900784933530602,0.5632652925033251,1.491478703043698,0.3234158475765975,1.1004809695436304,0.12537210963863613,3.5055278123643214,0.09963278369920903,54.09002769040687,1.4275586730901295,1.0877398342713207,1.2341294206199236,0.39820063263991046,0.0335603194321351,0.27971357067528957,41.47956627422478,1.8138248129501293,2.239243732479924,1.405141677683298,0.10012573778820962,2.2006374167473206,1.2357825004939773,1.4134642467019698,0.47654175716460984,3.5933879301584555,0.7702183239782164,2.9719123542235537,1.5925614222093238,0.1424874777748483,0.6461404026522748,1.4986813654727993,9.97664917758571,0.0007024042060339277,39.52572119023224,1.2257928821792408,0.6027024709048828,0.2983241884670804,2.505303182279095,0.298611448301633,1.698930411558924,0.4015384664824169,0.9951152215465447,0.498953099637463,2.995615219832148,15.026261945649342,1.0521508092976886,15.93043033875736,0.3988700611727727,15.048824594965112,0.07975345420025078,7.982922706790255,9.966224431937068,1353.4332711998575,9.952710645829743,179.64344344850514,0.4501454181515,69835.31525488311,352.4629010763043,0.5018464457676337,0.0685007643026097,49.969565418475746,9.965530690846755,1000.5363934681382,0.49869603986195293,0.5006900868122979,996.4558609227233,5.010855962606584,71.87249171389452,84212.66882867695,2097.8814290443097,149634.41524211792
15.992033881658648,2.7488499854513977,2.0602454446908225,0.09704002965192289,0.34854532241408887,1.9104625756025742,0.2515510008603323,0.9937399889220129,0.6461227321733137,1.6357973082255919,4.216886604259675,0.11763182756218762,0.2927223741813391,0.15198849743052167,0.396086324265834,0.31167893612260633,1.2310409220813894,0.07095345285163797,2.7301688178312227,0.9489710658533616,0.37735207844419094,0.24299453689635178,2.707731709009748,0.026832144989542183,2.2118163007257294,0.6885665738039428,0.014086769073876482,2.005285153850423,0.560411949791308,1.5000261266822192,0.3206444891601749,1.0962423035589528,0.1257811739747065,3.4889467865290325,0.09968092840700409,53.70084587904331,1.4309413041247248,1.0860433088233126,1.2289654756524737,0.3992317867577706,0.03345686792386387,0.27981319739204796,41.29504464958362,1.8207693670972251,2.2505015666232175,1.415723576547684,0.10033253991867362,2.179205521297607,1.2266760961492535,1.4154665022049329,0.4741200778363213,3.579201862261588,0.7713473839307471,2.9812920429522083,1.5821274007350425,0.14258038575560458,0.6414268314967644,1.4950146788602743,9.964736869285085,0.000700859451716165,39.64292484630237,1.2147119256436993,0.5974937425545607,0.2993420620734937,2.4913690492497196,0.29926152031527925,1.7012630137456406,0.3987484233746801,0.9969752939244031,0.4978629382929276,3.01442463440455,15.01590757962828,1.0503123116630901,16.062187292408648,0.4003777006586338,14.964462489619033,0.07997780664161087,7.99820629423549,9.989807958788488,1353.4240116227313,9.96096827969794,179.38658659315254,0.44942488320047863,69881.04063814392,352.58012473638934,0.4999789720120742,0.06809227261983233,50.05394809735133,10.028110457741066,999.0771625027992,0.4999026610591511,0.5010030000127725,997.338177882105,5.004883194349986,72.09428063463045,84467.54347602981,2113.2320580278756,150661.3322135072
15.940212222639534,2.758697358458536,2.053596330893083,0.09707434774235145,0.351479839105447,1.9168782349951565,0.25269138431153443,0.9856190948091634,0.645907004253362,1.636818765725407,4.230302153364205,0.11773721871266397,0.2923477439230427,0.15216766344369614,0.3943216794782371,0.3122973842662447,1.2357648758097055,0.07065624263255668,2.7366269397152334,0.9482360590405026,0.37520029060664717,0.2427873233565903,2.711384320533006,0.026970367936781717,2.2209056488753744,0.6929334679738914,0.01404598976778166,2.0091539535266234,0.5622846609485729,1.4953804742639716,0.320634884426828,1.0977587303990521,0.12592179749783483,3.505253628226521,0.10025642533239104,53.672281128634346,1.427538876345229,1.0869068692863235,1.2343060476182712,0.401105709952177,0.03340490613523329,0.2794381399954193,41.23784017603825,1.8200598721734595,2.2407722461252724,1.4064715844599949,0.10032134769981277,2.1878527729024135,1.236102601882675,1.4136093568308208,0.4738833617755001,3.562371018268303,0.7702094975584985,2.986134502116056,1.5895179604279717,0.14358130166448757,0.64572560397048,1.5003040368410057,9.951892391358978,0.0006988677283638532,39.677781148618436,1.2169528589652263,0.6020259115284528,0.29777492404940537,2.4925950124402982,0.30083729818607596,1.7018408242804215,0.3987883137873731,1.0003274604811863,0.5009726061871513,2.9984529997611196,14.970357306787816,1.0519915211471524,16.029962573692828,0.3980677497142433,14.960118796352202,0.08011705284468702,7.977931582732749,10.046265485172192,1345.447677644768,10.024821606126718,180.89698072838033,0.4493096031006657,70254.37685709946,349.4865615884173,0.5006091174541277,0.0687334655814746,50.236429584648526,9.991177818969692,1003.2062045522933,0.5016329985111341,0.4991363331114492,1003.2274763622057,4.983120229061772,72.34479302149435,84517.67125815475,2105.2229878098074,149827.9830854062
16.071351781185122,2.7382059684501265,2.0499669861522722,0.09718731238723022,0.34958463644248927,1.902601186764436,0.25137348091842493,0.9947828706172381,0.649995524997642,1.6355140154599268,4.2104012801566535,0.1181909540086612,0.29301466737705223,0.15226958629526258,0.39743933496034634,0.3111968954750942,1.2355459872371968,0.07109283716624876,2.7277966523320902,0.9525201987658047,0.37743829079640134,0.24188238806883014,2.6975912939229807,0.026955759551799463,2.2262975176954742,0.688265939746006,0.01409982186748892,2.0007849683305072,0.561694248174755,1.490549762764884,0.32109484544879635,1.1034596181305947,0.12546208947469092,3.4942627087591305,0.10013415819996488,54.15609383052976,1.436970552729347,1.0918376122569855,1.2305082536539191,0.39816710288885315,0.033425395704999944,0.2806312159906629,41.199241702708775,1.8115751714479718,2.246040518753792,1.4084115606095502,0.10008084437121574,2.199479582524417,1.228661476270715,1.4036280771552376,0.47519020721096517,3.5749150556304197,0.7730884975357198,2.9779586424545075,1.5871665789865015,0.14332014876708188,0.6439565489858545,1.5008264861974172,9.965206741544666,0.0006991263489510103,39.50002106706896,1.2231095213548155,0.5984734899767954,0.29686913696735473,2.502237800769727,0.3002382889641646,1.6968685586815164,0.40184940471177166,1.0013552131057806,0.5021319694332025,2.994017870499254,15.007770458891631,1.0490919676530357,15.986125336287273,0.3981910692878343,14.957945458154095,0.08029546035937984,8.027988424107894,9.960509800988543,1343.4949986438564,9.960204576964106,180.2498425210792,0.4488292030758061,70366.31492451565,349.1361027202296,0.5010788629263556,0.06866429128987221,49.772403237238215,10.03673949385993,1004.1786881133831,0.5001792007501694,0.4989226435876129,1000.6281414907335,4.990529333880626,72.31191113968302,84247.74273002442,2111.2877283435228,150164.9553081084
15.966145159490658,2.7500035674769583,2.0577877722935187,0.09708615250775529,0.34944466142657105,1.9187178219323415,0.2515818336508407,0.993559060659483,0.645915259066608,1.6347551168818617,4.214854199479494,0.11755183196291193,0.2917223593351981,0.15169342708766764,0.39662352580283744,0.3115635548283995,1.2271851739952215,0.07085795973329118,2.7423547456271278,0.9444151639002115,0.376543625732367,0.24400213723533307,2.711113822454435,0.027024866109337554,2.2221732596655053,0.69119095407922,0.014141070484033265,1.9939944716374247,0.5623382796340135,1.4987105235306843,0.32077687548134404,1.0995106297802903,0.12634105474716484,3.473970647528307,0.09991349200726325,53.719006381789434,1.4253632049449272,1.0871366849736481,1.2242126263717956,0.3996998268847511,0.03334111122898716,0.28189454721222773,41.54850464702386,1.8147518157194042,2.2402305982845845,1.4064839627479369,0.09952839191040651,2.195141874640773,1.2309089014903343,1.4106181378313984,0.47667186803906875,3.591073386024136,0.7692983881542033,2.983288039382284,1.5890747461385708,0.14317733387055706,0.6417558200641076,1.4970012035438498,9.975188359179576,0.0006976722690973155,39.64581095340137,1.2227632926517191,0.5993763400370568,0.29943825420519254,2.495052266940783,0.3013443893461282,1.6947904126512991,0.39928309834436243,0.9966408146898182,0.4986895507531919,2.989713347112655,15.018724096677749,1.046856459080139,15.933621144334568,0.39906568291531075,15.026760010232008,0.07994290504123375,7.972492646751299,9.956345018895545,1353.0962885368397,10.020410966320071,179.93074448359945,0.45012487046270616,69999.87269936387,350.818551328715,0.5011430330717096,0.0685857283102732,49.92024743569026,10.017885055584898,999.8648442332772,0.5011966790670531,0.5009539032615371,1002.5035669889517,4.983244168800755,71.87192789327314,84013.090460765,2103.8857993790743,149947.36868968292
16.026769151768665,2.751914196185395,2.051637434896552,0.09732926126445376,0.3492051139701201,1.9047691139379832,0.2512822751563643,0.9927665375617312,0.6453902558762769,1.6270023111051537,4.200749492178993,0.11810847238969388,0.2942428813427406,0.15257546386867435,0.39443733379295126,0.3121254559108628,1.2243075278972917,0.0710070235708012,2.7265798070594305,0.9452969181718319,0.3759402232244317,0.242842301074408,2.722008778343409,0.026774427225740405,2.2299896482231656,0.6881671615824765,0.014049949534758771,2.0048364761513287,0.562126882342479,1.5029228416927083,0.32213729146369535,1.1000601437257536,0.12562976396701941,3.505697105179253,0.1001644902183375,53.96475569768941,1.434147797201239,1.0826658156276425,1.2345068853915544,0.40000193084332847,0.033601241374686876,0.28129685471263244,41.36982647679574,1.824908718794614,2.254965550670068,1.4030024785484057,0.10020924743819688,2.1901924724987105,1.2341754915199805,1.4143659869019352,0.4734355804415952,3.5628789603010964,0.7676617057976117,2.9871855330817465,1.5959044870823613,0.143286820843258,0.6460645847574771,1.5013086131454716,10.000652067673997,0.0007032925481652405,39.51357817489608,1.219040522073504,0.5986683433962532,0.2968737119034729,2.502639424939954,0.29928975113107076,1.6993703972851815,0.3985463544327513,0.9988998651105971,0.4985012742214255,3.011908112478211,15.003359423891112,1.053145207643187,15.99771621317393,0.3981695372437931,15.029183033966143,0.07963825874564538,7.991603234287255,10.004693935465896,1353.7776822591356,10.039859976660544,179.4686648059088,0.45073607466845683,70161.10592276942,351.8086323670223,0.5021992187616527,0.06842254950606212,49.8933855074302,10.02985091972593,1000.2673588052533,0.5019113919762893,0.5003303656971803,1004.3712295360583,4.975876830940117,72.17205035707508,84081.76808009938,2108.549458875186,150663.52015301088
16.024625788345915,2.756737097839416,2.0429900342380423,0.09687974354154567,0.35025699235256286,1.9086745454386576,0.25102009937082176,0.9922605199601058,0.6492892388111052,1.6233426852101187,4.190998450732002,0.11785699971998778,0.29338949718121027,0.1525982226274281,0.3957406420695453,0.31070240131983395,1.2341877324742592,0.07053442909758412,2.733750782224095,0.9471795381712144,0.3775399837022555,0.24349793351301974,2.696453864352923,0.026865772961486234,2.2129028615277453,0.6885063673609035,0.014085752762402984,2.000827702023962,0.5636769050680408,1.4908088306786595,0.32181035284295223,1.103857900402215,0.12591454709830183,3.4906733956948943,0.10027860596276482,54.02477138372363,1.4301429676716968,1.092077301686014,1.2242954266829567,0.39821804103217423,0.033475666432558476,0.27973958303451146,41.27266280726816,1.8136315021223277,2.2543283012950663,1.408889885955995,0.10033417473319534,2.1845334159096685,1.2315181447269687,1.4059595297829652,0.4726937998496707,3.586763278067374,0.7672705034721702,2.9857755575281435,1.5930316757803347,0.1432404459403559,0.6445922209046739,1.5057738341143954,9.95756366615708,0.0007030227330150083,39.50777663951361,1.219942945026218,0.6025393978830732,0.2973114092579522,2.5084476140427423,0.30027956742333056,1.7061401576330688,0.3981942694705096,1.0005594135002966,0.49844325535864425,2.985542056369818,15.028343151259708,1.052621681968067,16.037807388389936,0.400907901260703,15.044991274017383,0.07997567181072529,7.987806072813831,10.027096311735448,1352.2472178071478,9.970000636627155,179.88352774799802,0.44856977696895795,70377.73996765593,349.9827583580222,0.5006134780567721,0.06856099128122897,50.2458020094593,9.993314255266158,1003.7246051345112,0.5008217696381243,0.4975422419075797,998.9127908986934,4.9947059054008065,71.726130108027,84158.02282770001,2096.9264748346777,150503.0767336663
15.97790355387478,2.741285847645334,2.052087369511706,0.09754756982335225,0.35152224644987506,1.9175308572410215,0.2529627725782634,0.9884957097423829,0.6480351309167935,1.6279023334191252,4.227777214790858,0.11751953488693258,0.2931591566467344,0.15161529678797833,0.397387482020313,0.31149836118636204,1.2344733159329748,0.07110305438259634,2.7210447167680942,0.9504103154713329,0.3754359182555426,0.24276496109445167,2.703885732600228,0.02693138333031408,2.2165183102230177,0.6916602492791758,0.014139267375714469,1.9979026456188036,0.5592166614437913,1.4905042374327315,0.3212716753639811,1.1049926049438887,0.12586619975646815,3.49852381120374,0.10043607791934646,53.824649019539244,1.430876446315397,1.0908297253670818,1.2314120139446152,0.3984488824340938,0.03359030826977151,0.28183428779211206,41.50124630593314,1.8245962057617993,2.2557531672360094,1.4115867981702759,0.09974780993151838,2.1989973685500357,1.225435559685098,1.4146148700241312,0.4743320278553117,3.586222759231778,0.7723492477541444,2.9888979529661137,1.5846121675212586,0.14315861285827208,0.6421617834565756,1.4941815642517344,10.001356131077419,0.0007034126893579417,39.871124249431425,1.2208954944135149,0.6016330449834696,0.2972540403402799,2.4931090546348376,0.3006195694277885,1.704861992182114,0.400967348495238,0.9960450755319273,0.49928136276459356,2.9863254049780306,15.04292433968071,1.0480233368277114,15.988757570356297,0.4003155533770246,14.925082876446552,0.07988329616809127,8.018182648893285,9.978606528465193,1350.9514453618874,10.047717137075125,179.31268132270463,0.44895708431049,70311.1113804964,351.21517719237085,0.5023900169157876,0.06808166821769294,50.18899706884028,9.99885450535543,997.2689900320883,0.5000168213581819,0.49956098100591084,996.7933476653432,4.985969786768456,71.84746193722619,84254.95717105534,2096.224241561265,149383.26816730737
15.973079384838107,2.7557004994797407,2.0598052548340844,0.09672566718789809,0.35165319225493574,1.9135533930707036,0.2530104843333342,0.9903597497433276,0.6477598466510073,1.6346481029236426,4.212151768250418,0.11846889128442947,0.2941516752315221,0.15204629233060046,0.39629210797923814,0.31186357916098023,1.2323296962584966,0.07092910812804325,2.734111194403636,0.9438510771931976,0.3777430710522748,0.24260051346272765,2.7031224696847365,0.026822272293418346,2.210438096010769,0.6897035715366042,0.014035360895031157,1.9932180902611913,0.5592196464449132,1.4921299791034606,0.3235946904721622,1.1004559909781695,0.12545460722631527,3.4922387216088655,0.10010079129685732,53.93572954478342,1.4276546282582852,1.088709212153692,1.2256040930757284,0.3988782517662148,0.03366573140546859,0.28046305505702424,41.244221045685755,1.8148498624840788,2.2550429722869008,1.4045891275822708,0.09985397933430262,2.186241883870631,1.2266541679505722,1.4096734154712323,0.47314810771559107,3.5784451037154756,0.7664011766407317,2.99401618917781,1.5916674937209876,0.14239235033381456,0.6420082692182421,1.5035467439439778,10.02316716340767,0.000699054883820706,39.540499905059086,1.2204383128354253,0.5986583835625153,0.2967984895388414,2.4961499635513698,0.30075303772933065,1.6975203810178912,0.3981631207890138,0.9962039728513741,0.5004817302505066,3.000664584284495,15.026229406428477,1.0507533782246932,15.999556602107063,0.3999004806417925,15.06923065828224,0.08028983215762617,7.99063028132209,10.015347128919315,1343.5258428664006,9.952095078493162,179.6734299325838,0.4511464515104136,70480.5953325906,351.5120074285105,0.5010319473042826,0.06807996896743164,50.215079666484066,9.958679343179064,1004.4690815727236,0.4982085314922113,0.49766692258136863,1000.6360995032833,4.980682416351982,71.66074690527208,84352.32915339973,2110.015323190719,149689.41259639763
16.005361315747987,2.7523662420584003,2.0430473731422008,0.09714174149989625,0.3504793912655819,1.9173667257734222,0.2517955321426501,0.9919734013754417,0.6480108912111145,1.6333754882641969,4.222166275009026,0.11803605073296962,0.2917140317026282,0.15257061413843634,0.39639993533726636,0.31231400565561535,1.2301164194622698,0.07056917160042732,2.7296225594820025,0.9483490867727277,0.375562958127242,0.2421473202150727,2.717106620257569,0.026888322568422756,2.2244546941732786,0.6868741620458084,0.014100617338256686,1.9914755882598174,0.563312484999788,1.4982119883334766,0.32184347936280416,1.105201265050545,0.12578078091059272,3.4873088481680594,0.10023753005679406,53.92350515505134,1.4322668521582662,1.0921771625268641,1.232406825286529,0.3986028348366074,0.03340263130249893,0.2817381869543864,41.20290647366234,1.8201670136811499,2.259133999697598,1.413894812057868,0.09961566709267858,2.1952661839435814,1.2285494418988079,1.415658115761372,0.4753457790610872,3.581746065477626,0.7662170776765558,2.9725397532916924,1.5886127930676714,0.1433202029821546,0.6441291198934178,1.505288084060251,9.953435025645952,0.0006987602243081361,39.71872355025782,1.2219368231622767,0.6000144554431238,0.297698580603947,2.4892888982171715,0.3005887272879698,1.7068633462215081,0.40123535215076295,1.002012299963905,0.500670804458421,3.0081612216749516,15.04150975046332,1.0448228745884003,15.977255748885218,0.4014722145148989,15.052617534882367,0.0801679643397647,7.984725636651923,10.02979124231892,1346.3759889662203,9.972409905255464,180.0643204395966,0.450321034410954,70077.65914897609,351.23411605524666,0.5010455610725912,0.06818126901141808,49.894307606979076,10.019983811796125,1004.2725117364366,0.5019222103997207,0.49814823579701806,1000.6972535433861,5.015008776769392,71.81087511788823,84331.5823079121,2103.4767792412144,150244.09704094255
15.92513700432843,2.7448562071575853,2.0460502157423237,0.097120950338682,0.3486508829786236,1.9087894219387402,0.25210457558689514,0.9853139230108074,0.6467099297367774,1.624739846495236,4.229878048291764,0.11756365513326403,0.29337332724380133,0.15185081660380154,0.3951578318276687,0.31310471600184586,1.232018272309609,0.07088517379714461,2.7189068520164335,0.9457150289687413,0.37515961082145827,0.24284054279612066,2.721421785890771,0.026874082575560503,2.2161820664590017,0.6870394643301636,0.014083779061568946,1.991047151352727,0.5612424490639417,1.5040027323650356,0.32218051562564587,1.0967975757273054,0.1257470169737649,3.4924813893524203,0.0995192854449234,54.12540881756384,1.431117374987045,1.086916126634733,1.2326596762628306,0.398801044431097,0.03333975054654053,0.2810234276381994,41.249274997664244,1.8111227672482042,2.2596506263369363,1.41406670497973,0.09961420109028343,2.1986800839763587,1.2246811591880997,1.4142721557855387,0.4745937399752393,3.58065088166625,0.7712961304096744,2.968043094603638,1.5964833278342827,0.14249040645087985,0.6468438023676474,1.4938722426630888,9.967200836936765,0.0006969028899123719,39.63944106251272,1.2211085667771024,0.6007504480934858,0.2989789864888278,2.500709495845298,0.30003033487163466,1.6970444806292948,0.4006044220475342,1.00408528921616,0.4992765014858359,2.9956906412746296,14.976498684177832,1.0471378392815893,16.010673692238157,0.39842230046553073,15.050219568159928,0.0797102022173467,7.973914391090373,9.956857423877272,1348.3981868136436,10.025764530186228,180.73816943971238,0.44970426351481607,69996.11352143578,351.66175444747745,0.5009407192322539,0.06852424500814445,49.97171167910798,10.006529826150885,995.6196689281437,0.49875006336283795,0.502134725562285,995.4177971547607,4.9900799994345695,71.8031839044931,83899.62050319894,2113.932605117438,149438.84408516542
15.998299413558764,2.759336510887361,2.0398293762180106,0.09681948890346856,0.349446629705697,1.9032675365699019,0.2512003021905176,0.9909024425517722,0.6458656902340479,1.6322632098726366,4.227493329471154,0.11768072586125201,0.29215699506417864,0.15125731825848215,0.3940780789174808,0.31167747487018815,1.2298652175835485,0.07057543003832956,2.7251675715525794,0.9445901383380141,0.376681489276158,0.24273984238389384,2.7163504544136496,0.026913534213001047,2.217276040931938,0.6908719301077222,0.014030510843503348,2.003807289037086,0.5612752923803258,1.4972032375315776,0.32207537949338166,1.1006425360129863,0.12625500700686218,3.4764115498974197,0.0999889777600931,53.68527778659281,1.4261983918204046,1.0836223052551839,1.2312141249118305,0.4004243899467045,0.03361085130785585,0.28076129694778534,41.49127243767266,1.8270812192443873,2.24175456926658,1.4131156676935106,0.09982793609728041,2.1851395961372733,1.235694686448978,1.4058610403617182,0.4769691269450629,3.59158904978669,0.7729154698948226,2.9825623075159746,1.591346822306814,0.1428606923793485,0.643361920866948,1.5052600079804008,9.988775516101274,0.0006999068781458438,39.87696868481867,1.2182226290625797,0.601935550100914,0.29733604922611984,2.488126840742355,0.30028028358953135,1.6996488816231377,0.40114669047857787,0.9950415257004344,0.497852801939542,3.0107903674458187,14.997124648140298,1.050066921064135,15.956017111431708,0.4017036844257419,15.06216308882503,0.08001335505210427,7.977425883725797,10.048279144217933,1355.2981615424458,10.002141100891846,180.22751737356336,0.4497285051200604,69975.70546781721,351.5066565698322,0.5008456706957084,0.06843237104803171,50.157222984429715,9.995183659678988,1003.6091672476439,0.498585091762759,0.502309027249116,997.0508026521817,4.983005956026244,72.07444620504172,83868.32854029267,2098.0099518123143,150343.5517253371
15.969304244757664,2.7582533358560526,2.042938833182982,0.09708851300700602,0.3496020078169157,1.9096255762968983,0.251774188352903,0.9888791786320619,0.646888275505752,1.6220969553855902,4.214908455282802,0.11796871981303154,0.2926287181612381,0.15156135047136132,0.3975499047314936,0.3111822287320805,1.2351773712848877,0.07059982289966282,2.742869930014101,0.9472401698633903,0.37612301742701754,0.24251110954933552,2.7219018022332064,0.026841511558070432,2.225110702321721,0.686691386756808,0.01410827934262037,2.004831511573947,0.5618363077333663,1.4991454572166445,0.3228631431676069,1.1000026180030007,0.1256447959017334,3.4863973432298048,0.10023077900783939,53.78659566374786,1.4318880951403634,1.0831769338923483,1.235292606768232,0.40041193250076157,0.03348937064785336,0.2815744451631098,41.51299909850409,1.8126712793234674,2.245658928098135,1.4094159395332264,0.09984053995863007,2.185998885779708,1.2281819406588972,1.4049528955449784,0.473192232348398,3.5714191265963073,0.7666896293202667,2.980304555796433,1.5844848666541484,0.14238162104590824,0.6461712188879837,1.5013126425935543,10.039836002732427,0.0007033837493848159,39.71711324520783,1.2236109233281551,0.5979572518789735,0.29859113872821774,2.5012388550472826,0.3005291786103275,1.6932803113557853,0.4017432604680708,0.9991748734917996,0.5013789964357469,3.014718360374825,15.055996799383674,1.0480229075814038,15.984316193486535,0.40059461645005057,15.005703473908609,0.07992824036758645,8.012269576297271,10.040952836934087,1347.4281948479968,9.962833833774777,180.31634921549184,0.45040317749790154,70466.64979150606,351.72141846204914,0.4994855137957593,0.06849119727574615,50.18118351964419,9.984747315916696,995.1382654856553,0.5006317024518695,0.49762962693151935,1004.3747990163376,4.983409942481995,71.90946977398495,84586.8203195617,2096.157539020182,149256.51380080104
15.936581849108887,2.763366057861125,2.0596704396820753,0.0970878303314737,0.3508500996955625,1.9145063288439108,0.25099153683976316,0.9873776872499835,0.6505206055699173,1.6245508579975638,4.210878010523289,0.11769809987874635,0.29316881065107137,0.15153872666267978,0.39487436306649765,0.3105860130588,1.2360291080700423,0.07052607142268909,2.7276963937063083,0.9472184496652264,0.3752616346659132,0.24371439640529607,2.705601450804185,0.026933746126867605,2.220954608466721,0.6925117992923672,0.014145047050956249,1.9943589463588356,0.5634056282861282,1.5013797498176769,0.32334977783709906,1.105095393633205,0.12629858094148283,3.4882525978992303,0.09979297066902937,54.106589785199155,1.4359424291892204,1.0826254900531418,1.2306681694478834,0.3985167771122415,0.03341677920468046,0.2803721315420125,41.31184086872689,1.8239311806545957,2.2405267403586757,1.4116042069365256,0.1000814145289809,2.1962895701342386,1.2250391454781098,1.407639725215367,0.4759362412633426,3.5875783984329543,0.7696121186131424,2.9788607291126614,1.5973928530228387,0.1427515060214719,0.6417467386481092,1.50679263097487,10.030960814326114,0.0006981594404993161,39.821759550973184,1.2169780772724654,0.6019646848502719,0.29838311692336716,2.4995645055111577,0.30128421872105876,1.7052592548125443,0.3985197002996903,1.0020556895710686,0.5014475097610338,3.0012338287262335,14.966410256738117,1.0472119662343837,16.075863355307742,0.39974717385951686,15.002823751157512,0.08007853258576443,7.968050512260603,9.958129539558572,1345.9248482575608,9.956532906686265,180.71725011762658,0.4484161092184451,69990.10077623415,351.0009108582756,0.501981021129524,0.0680915373522458,49.85798722881791,10.021735041544877,1000.1917981191133,0.5004725917830746,0.49758476902486104,1003.6680523295112,5.003937036441198,72.24074484352147,84601.52419841995,2109.8869994544807,149296.5157316425
16.033844714528296,2.7517454435447903,2.041872561670934,0.09697685510520304,0.3488409433538231,1.9181144705179747,0.25274411398103425,0.9919884536156683,0.6497063177423174,1.6316503107922151,4.224956723345095,0.11767975761520054,0.2922689783851779,0.1521394594763347,0.3972281361804481,0.3130476599814992,1.2358579135064343,0.07098569769120974,2.722703882570373,0.9454465672151074,0.3757954136810279,0.243364866372596,2.7103520836698656,0.026783650227384093,2.219598198079784,0.6921879809104619,0.014063384388558238,2.0027006524603483,0.5607058237072329,1.497833365151164,0.32264715203267846,1.0967794447716486,0.12630182938431764,3.496160495275852,0.09981275995970107,54.12293085757883,1.43401135233365,1.087229713353774,1.2248670204867211,0.39976248607347603,0.03344299992654893,0.2800331842658656,41.449425097025866,1.827675488822792,2.242047470876313,1.4134070851392049,0.10012171488019764,2.19365800644728,1.2342457824541526,1.408243899435522,0.4753778831891365,3.5720102851745548,0.7683384294940517,2.9803958173996916,1.5821660723826025,0.14263980486824154,0.6417564893193872,1.4942980189179533,9.988462868244955,0.0006972305326641495,39.5428219869151,1.2220583310851225,0.6009080527425688,0.29932615432535453,2.510506830964334,0.3011218210426673,1.7032462241436501,0.39906635744758207,0.9967815774090996,0.5022470891064843,3.0137888696996904,15.000665179756487,1.0505083436205602,15.92085966076642,0.3985943423852942,15.00689914477557,0.07974543449243511,7.998298347351099,10.029491580342365,1354.0605024826527,10.036165831209518,179.52428173406676,0.4496935377549416,70271.02265212769,351.1545067009503,0.5024953659049453,0.06824697648868636,49.785669725204066,9.988786201128235,1000.1801357748144,0.4994361960901785,0.4990968208290223,997.572594156565,4.996374218027514,72.13622551876534,83915.30626963363,2112.6944890765667,150211.6833580025
15.937179280515874,2.7368967887049376,2.0408028200855006,0.09680183808519603,0.35050238677181506,1.9184203593370126,0.25107592467921097,0.9878648902660943,0.6503707129315406,1.63009247673675,4.206932286074012,0.1179684127307292,0.291831282826741,0.15157377619857984,0.3978295862104543,0.31244748540826445,1.227371308333881,0.07111646017968075,2.7272016207958933,0.9445953903736777,0.3777495898740016,0.24340321369793286,2.716851299257821,0.02677155568219675,2.2151858286522526,0.6930734509430511,0.014051429096190667,2.0074695539978333,0.5635200299105574,1.4951814072782357,0.32324524816604633,1.1046497761041214,0.1264622521757993,3.48677105539031,0.10008713505279912,53.805484144106494,1.4247083304117663,1.091370956487778,1.2359182241954254,0.39823434435424465,0.033562892073838654,0.28196104097198105,41.434667142399576,1.8117571414906712,2.239085561010478,1.4100578438365914,0.10043994500821048,2.185157156574854,1.2281590127460293,1.4141735167350769,0.4764328930893304,3.595882277207328,0.7726077735400851,2.98279884758925,1.5969761981436832,0.14316361784673656,0.6446541698366937,1.4927325381108807,9.995545721099369,0.0006968006582442638,39.838231763200746,1.2140277414772733,0.5988420114133868,0.29947529854007154,2.5073766257761427,0.30077300715432814,1.703618972350896,0.3982049620874745,0.9978819965824367,0.5014922670232652,3.011866558330671,14.977508393807392,1.0474738705125881,15.95774325354558,0.4001922555483973,14.968723025959857,0.0796170694337648,7.991259990906305,10.005373349950528,1351.8122813220202,9.984295471292992,179.66500567994657,0.44902744537779016,70268.5522196985,350.11080625728823,0.5020842640819219,0.06825067416819806,50.145467989775725,9.98197310457703,1001.3474063888876,0.5009950786276913,0.49837186674929673,998.7996604211617,4.981379100390339,72.00767206286372,84555.77719695236,2107.025764342839,150302.4901928107
15.965288613875515,2.749126202813968,2.0549359647925427,0.09684162504241048,0.34867597938970885,1.9047367009359049,0.2513367349031918,0.994577739545759,0.6457877826267809,1.6235640233292485,4.194746433739888,0.11764943503173118,0.2926153484621688,0.15153967317622663,0.394367688707107,0.31086624893146764,1.2335629166908746,0.07081421348719626,2.736712553937667,0.9449351104319874,0.3752674492885574,0.24417200224189242,2.698771607669576,0.02688350233324879,2.2154661077353714,0.6866006078496145,0.014107395713777691,2.0010001060355913,0.5609909887427329,1.496584710631756,0.3216520710652054,1.099606262739052,0.12643854119338774,3.497467668421476,0.09978024462385797,53.76958655064269,1.4332206124342524,1.0840054758263744,1.2350133061255821,0.40133126597547913,0.03341709388093293,0.28154631120997653,41.26224873671823,1.8113524704328845,2.2603752136250215,1.4136850443679307,0.09998902341701045,2.1975162862684385,1.2247826024785557,1.4133795223754613,0.477167547237161,3.591405546559915,0.7694739029720686,2.975420065613397,1.5962394130204105,0.14270185508155112,0.6468171662896522,1.4972977424371368,9.96250148121721,0.0006981512291044504,39.68773096763516,1.215499493660351,0.5992797429347833,0.2992094498353503,2.4898471910661586,0.30034363267390646,1.6983639987495578,0.40058981940964,0.9998960809003871,0.5018835251856252,2.9970749478612904,15.001264276222166,1.0461164390627178,15.998449054573749,0.398458923386215,15.012469480801613,0.07994191500608985,8.022669680272625,9.99184769774627,1351.7630381572756,9.95589923700408,180.37803323105157,0.4520584520197288,70145.35006953967,349.1502073867239,0.5005182332790382,0.06815730125595465,49.9839842349842,9.953245565215706,999.4281163984416,0.5018724292773475,0.49817693379268746,999.9832572302172,4.987693603729229,71.82794206360157,84331.6769618301,2110.2262353855854,150559.92803590748
15.96451939269338,2.7381963465135177,2.048816784939992,0.09728222271523808,0.35083853205551274,1.9148909692284168,0.2529163154058118,0.9853585262082483,0.6511168674310017,1.637609095417918,4.190446531202485,0.11777968872847976,0.2937780398861914,0.1519673357777689,0.3940383812411125,0.31154671325923156,1.2309709490112493,0.0710687427278917,2.7389885663847573,0.9522311079947794,0.3758794099774506,0.24372480534780577,2.6991799345690826,0.026904965167340873,2.2292480929647507,0.6923380484973716,0.014121940988762446,1.9929840664334502,0.5602132966804304,1.4996744246458515,0.3214383283798236,1.098123927421094,0.126438004710947,3.473264302930708,0.099892517873016,53.768874665943855,1.4232375339607386,1.0839191499311627,1.2261162441820896,0.40001789697884993,0.033478289229703945,0.2806205605681577,41.546417483726394,1.8198985963647192,2.253127605851501,1.4120795142894507,0.10001687439570367,2.185724556770691,1.2349588507812688,1.4091282748284044,0.4753378579183767,3.582117366824401,0.7725228129214651,2.9810317008823053,1.5893147558348026,0.14294288726566978,0.6458028689464138,1.4974496266211745,10.043485114039314,0.0007024262277029743,39.53649632740225,1.2177703160561204,0.6024337191953075,0.2973395466209185,2.49544145638155,0.2991523679560766,1.692424698907185,0.3999138245103586,1.0025485301580557,0.5007999870439547,2.985828749165722,15.003507435954761,1.048218035930043,16.022686189731118,0.399620639296979,15.072079512794943,0.08026276013306859,8.016029673012397,10.00156670613199,1351.2300238539615,9.99421355383257,180.53038290752914,0.451837053617341,70532.27493250326,351.2167658681296,0.5009094271486796,0.06833150595831057,49.7542365986234,10.020323676924006,1004.3403543506719,0.5017981227563288,0.5018931038654457,999.021259450735,5.010677576519612,72.09966958511849,84245.4716095362,2097.666597262925,150113.1630860155
15.967774547587945,2.755598702169842,2.05911947477344,0.09742128338413128,0.349158351200649,1.9093362337543194,0.25216346160209063,0.9922389130262471,0.6457180518688403,1.6304171581425362,4.2251617461472435,0.11744255390136078,0.2936668104727543,0.1525782634744741,0.39717122427781315,0.31334733805139126,1.2334773390022131,0.07081276040240181,2.729370306037259,0.9435618401680171,0.3741899336202233,0.2433389093909748,2.7039134081419456,0.026848108652582907,2.226816857590584,0.6873177725850957,0.01406952068258355,2.0037007714724955,0.5593617821907771,1.4972962445822753,0.3206651841697354,1.102878224599999,0.12616957388153843,3.4937884629307465,0.09972128505568062,54.03113506909855,1.427164011911214,1.0877697567326512,1.2249819658953254,0.3983843460752723,0.03339748672708791,0.27990282620725815,41.23538038006044,1.8130521217543478,2.258528197565393,1.4107703309035384,0.10012217702538993,2.1853532966427816,1.2245324946427336,1.4166026596473653,0.47288163367222763,3.5915500301481336,0.7712711655241697,2.97724412623094,1.5939208971311807,0.1433785673060521,0.6464361989624189,1.5006738796761523,9.971370721214898,0.0007005080514863189,39.521008227116425,1.2184899936630857,0.6006621992562066,0.2972606236295102,2.509127068721537,0.3014281555360046,1.6927904711936317,0.39882357070489666,0.9997301160364644,0.49768970712979294,2.987787822955163,15.060096018541488,1.045228063367265,15.95959748042656,0.39969453082722217,14.928068882523936,0.08024847504048152,8.026400621447928,9.989467024034726,1345.9740833691576,10.039235803623704,180.32140095347074,0.4501073780106094,70106.48262944489,351.00781067337283,0.4987475576966866,0.06836552645245478,50.09294886119315,9.991135886482315,1001.8495457246635,0.5011936278292759,0.5012685595723938,1000.6917792706507,4.9842193989862515,72.14440297943024,84479.86977248364,2096.4597800489446,150593.94895998895
16.07060811069113,2.754626488344253,2.0420268301160447,0.09734938745313958,0.34949623943024605,1.906249630338227,0.2508326453064134,0.9922258574573725,0.6484320859564889,1.62919792749361,4.205313782032271,0.11789598562265736,0.29286256733900595,0.15196578269176161,0.39440681518081816,0.3116266015360406,1.2246376512760841,0.07099535907668397,2.730607136877832,0.9508394039689728,0.37573424320531684,0.24215702904894082,2.704568497277205,0.026828408515881523,2.2186658673681574,0.6919934848843092,0.014045945260407222,1.998002003492892,0.5597058664131285,1.495375096572119,0.32226572225152633,1.0952587225460215,0.12545396871304842,3.4980448028930997,0.09990749775837979,53.82988018119848,1.4326643721684964,1.0824863776216724,1.2344244940576912,0.40110170404303114,0.0334630309955524,0.2806121617831395,41.3476644670168,1.8251911898785382,2.2394023636225975,1.4124165799805828,0.09980254775265932,2.1961220819681326,1.2359520786971525,1.4068835930940014,0.47474279576476597,3.581703750997991,0.7703930778755861,2.9697658059008787,1.5913236140318245,0.14332019489427486,0.6468595434370529,1.5033807017142466,10.010330694801395,0.000698132755406472,39.52045471917134,1.2216388825023554,0.6007510963489698,0.29901128936544386,2.49865255195553,0.2990161301925488,1.695320354867876,0.3999055956177885,0.9981205266495199,0.4984013356765057,2.9882355381606645,14.986852638125917,1.0482939420681605,16.07444407521117,0.4014256510209439,14.95252371123676,0.08020268267625001,7.998415826821988,10.04260986394989,1351.460770255698,9.97039934278493,179.45274289224244,0.45210284631013187,70475.55477123515,350.80985804846193,0.5003197018853223,0.06843221492860715,50.1317385301367,9.997448592422156,996.2263015025688,0.4991214171758994,0.5003413801962389,998.5107438849379,5.015677423768615,72.3224916022455,83993.7340215309,2113.1915253867505,150323.56025414803
16.013912879924774,2.7398357418303463,2.048174479344146,0.09768148263474007,0.35051922992266465,1.9117511529469822,0.2508297554070745,0.9882267945025953,0.6479232495193276,1.6323091367617475,4.225034581005587,0.11795052082093728,0.2923391486309331,0.15166754881881,0.39456573122876987,0.3108940810436546,1.2276054198956967,0.07098874187490867,2.727630923504116,0.9514086934070372,0.3776888158908953,0.24196827096239043,2.7157132999116254,0.026788436523538423,2.210492365176476,0.6884528078357206,0.014043825960715512,2.0032594364949334,0.5632145919496204,1.4990847861556713,0.32224264911422357,1.1030936301362069,0.12634344879557746,3.502921935245221,0.10019319580293365,53.83230186961658,1.4303529317213868,1.0868978222556305,1.2251767623244054,0.4012469723718069,0.03363830604170281,0.282059735756302,41.28568381455298,1.8126406515436286,2.2412484416641063,1.4142905873240808,0.10013174168495723,2.195609031156773,1.2349839157629106,1.4061403965504058,0.4743544052390046,3.5904668852706125,0.7681473176043736,2.980180017535569,1.5891008657058308,0.14313628637988735,0.6471440264803497,1.4940557250967528,9.998464238350781,0.0007032129076852942,39.61963754504279,1.222935287193204,0.6025756225485243,0.2972270101214717,2.489534506347388,0.2987270790861439,1.6927408916114368,0.3994020834110959,0.9962621463048615,0.4995251291652543,3.0076238273323264,14.969733929619448,1.0497838909101578,15.940379007505651,0.4007931588477651,14.972651217936507,0.07970818061226242,8.036373644547872,10.026962245191182,1352.0564239924436,10.022299964367692,179.86588617635812,0.4490924899457946,70181.99063867344,352.0112328034859,0.5023189634371485,0.06847201241211358,49.938179815450354,10.021820599143537,1001.9706779080601,0.4987373213605358,0.4996775701316073,996.3401361757412,4.995113916899971,72.18917913949767,84054.28563942239,2107.8003385303646,149741.4745120044
15.943536587606179,2.75663815776899,2.051830900995932,0.09751634484817615,0.35062633937546256,1.916058370167006,0.25113046916067894,0.9911343783646821,0.6471406132631641,1.6340180554517376,4.213371622496592,0.1174739325160504,0.29309828971026597,0.15237132282767807,0.3950606420265033,0.31248212270133796,1.2341933869695003,0.0704921386209703,2.7321300107282216,0.9516744565120433,0.3745953387847055,0.2424392718501655,2.713412541469185,0.026922914466448122,2.226513393912554,0.6908904648381364,0.014110694147157588,1.9990370277384404,0.5596297609638186,1.4983635920137661,0.32089433517598254,1.105454344400967,0.12546891010339148,3.4751924990006264,0.1002873294320647,53.69498818977385,1.4286425907858729,1.091646914432744,1.2335409543540583,0.39893136878156377,0.033416595005124144,0.28095900260547435,41.38438715964137,1.813024783773019,2.242319565154507,1.4142708382787625,0.09984479076236913,2.196548368316112,1.2261848757279137,1.4114019986525668,0.4750242664581709,3.573784600069426,0.7708360431980841,2.9688111383121676,1.59566784760565,0.14334803818380526,0.6426281082191884,1.5012022765827182,10.040216890431001,0.0006994561335351966,39.625773950831615,1.223647154852507,0.5970071161252132,0.2985553922435592,2.4928951515304014,0.3005827409828386,1.698944317076472,0.3980811809002036,1.0037425985082782,0.5002326987870084,2.9944080372892223,15.030506945688018,1.0499573752671663,15.9255917751989,0.40060102560390964,15.070429742236936,0.07977758354430091,8.029034087564744,10.012099491348966,1344.3016282109952,10.022997497889152,179.89468227788518,0.45132180288973356,70277.26894988636,349.12542055277515,0.4981314860323137,0.06829906870008948,49.990927158767,10.043212728725743,1003.2197220790636,0.5015080772913245,0.5001978819753722,995.9286370517335,5.012290375584238,71.70231479195479,83866.95403518148,2099.8445595006942,150633.84560264583
16.039987005622745,2.7383579451585356,2.058587664316868,0.09747544067506506,0.35036274975896214,1.9028749747310458,0.2515467095783494,0.9880267500547593,0.6489075054691079,1.6314322748297272,4.200621845838033,0.11777709710307295,0.2930540342258949,0.15252501802733978,0.39451985113955274,0.312704302782543,1.2360967929488031,0.0709768108790904,2.7284048914431107,0.9501962749211373,0.3773561811325011,0.24365245524235477,2.696795728303032,0.02680087175554965,2.211278565958388,0.6867695990246927,0.014130247743205667,1.9953474689020565,0.5632473961289034,1.4994864936420003,0.3220760279162075,1.0951568564593541,0.12575468584059693,3.473496304750343,0.10041002024122099,53.80683438247499,1.4242077786118426,1.081592371924748,1.231371605782118,0.4004838761985692,0.03366579997303563,0.2801066259895308,41.20230677885431,1.825084758862839,2.2456030940269383,1.4076122924721535,0.10040773433883195,2.191650609064938,1.2287743006750012,1.4163528636815976,0.4738851330169313,3.5628689092445547,0.7679277396823792,2.9664149537789317,1.5885331827743543,0.14347342517874126,0.6470601564543308,1.503004813799445,10.04261149092326,0.0006993597242177433,39.60171512282209,1.2157815477885794,0.6000052841962359,0.297484275405918,2.4901884424180287,0.30129574515588137,1.6936029647038737,0.40095895764799594,0.9956807507135168,0.5001355823349325,3.0052440759557886,14.960180172243085,1.0455443213098803,16.014938336547285,0.4004116275868779,14.971797374836802,0.07990095468015541,7.963648461228071,9.979578858797113,1355.1651334131095,9.967129451004123,179.94249340991027,0.4507957179952426,70394.56882646772,349.40037809024153,0.5004591806204796,0.06848706647898817,49.848690679198256,9.953084851705793,1003.4436689842439,0.4997003491603687,0.4978038963411404,1000.7802870872529,4.993845648022002,71.69774494332508,84031.72423984793,2101.354795145638,150112.35747199354
15.98453336608136,2.7391922848904553,2.052774376086289,0.09742239281098561,0.3500255604028656,1.9016599991986554,0.2510001264807726,0.9944019942048697,0.6459870875168472,1.626862161271381,4.217894327434883,0.11834436602685519,0.29420428543643684,0.15184068234725942,0.3979494763366075,0.31076413846018597,1.2340163713489807,0.07063865115624561,2.741932582156423,0.9514999810168497,0.376986137482056,0.24325210631563568,2.702261766781444,0.0268897579219833,2.2096722453093873,0.6914448846591982,0.014045838976710901,1.995165764670937,0.5605671787050832,1.501310591377688,0.32168008594854997,1.1003799507535772,0.12563285938073782,3.4842101637817535,0.10001189894307355,53.745145316830786,1.4327143187705393,1.0864485364019962,1.235948900125974,0.39898612158629976,0.0334651799660397,0.2818920287116981,41.549764319012695,1.819711890311393,2.241530855176238,1.4087138174471736,0.10008733062180264,2.1846176181148165,1.2262009344008657,1.4104432710417412,0.4734611139625287,3.5934083436142696,0.7667216547210047,2.9945245401292873,1.5906032938592034,0.1436914941183696,0.645619763365862,1.4947934712762907,9.972743752780248,0.0006972486283269338,39.770901043947596,1.2159576333690352,0.6012874781692071,0.299071305502075,2.4977928610982514,0.30048311252970317,1.706718328289804,0.40101250244036796,0.9963076061955117,0.498962561169688,3.001069128498928,14.964640370361783,1.0500621999363644,16.07245292047074,0.3998126682645158,14.964250477369843,0.07971726294302321,8.032087800242119,9.972979318910127,1345.863871328658,10.005113728197061,179.93107989340442,0.44948549201135457,70237.19932390441,351.1135244346105,0.49784201259083005,0.06834180436491093,50.11049330802388,9.9881679146917,1004.9765934763242,0.4986769253048545,0.4999818214311735,1001.7392928052237,5.002393134273392,71.66813264778665,84222.50843273285,2114.818291910888,149859.995824748
15.938588620595134,2.7368346061832884,2.0482014287907107,0.09689410850769394,0.3511714456132914,1.9186381177461374,0.25311013578313346,0.988757842387937,0.6477068257540286,1.6269857995671921,4.194383108422454,0.11806966578675283,0.29208058138990195,0.15133030046027135,0.3973837559702258,0.31293136989530607,1.2352432737964518,0.07067780328333963,2.7401206708882557,0.9470373242966269,0.3743936506479713,0.2428975538848356,2.7114576047474257,0.02688173288757324,2.2263366762314223,0.6889776116568869,0.014159369603364313,1.9914832674597596,0.5632386892422917,1.5034218003506052,0.32217118231047026,1.1041654612666096,0.12624170729502118,3.473057073784004,0.10017124464441399,53.99440239065069,1.4228503927471212,1.0860125771101665,1.2243272328298613,0.3991719951899895,0.033663005130444686,0.2819358777022729,41.466513252615634,1.817576707974876,2.247670168424738,1.4034888270912202,0.09983828491818594,2.196228021237468,1.2302380413301965,1.40967115664243,0.4730577151231218,3.5950002170815893,0.7683296637894149,2.976510503733804,1.58730828665786,0.14275508976658213,0.6446396462685968,1.5019054851488067,10.009856210556482,0.0006969794868892105,39.8663124730326,1.2226106498920015,0.6022963721014553,0.2969858145904182,2.510802701754095,0.3006650419995919,1.7000121675199835,0.3980925300495226,0.99753185770077,0.5016937068418061,2.9963754509901017,15.026741509107286,1.0524233268147354,16.04410395326807,0.39952940913186774,15.061475006732554,0.0798337599672678,8.026885167865755,9.992473307040452,1346.4120895145097,9.984344935151256,180.53921418985124,0.4505169175534894,69927.01385168915,349.5506139242317,0.5009360040340279,0.06822181271518489,49.8543297424588,10.024950176692276,998.226536728959,0.49784152629964057,0.4996241743579183,1000.6917870424468,5.005074459850308,71.68212389383785,84171.89183025771,2102.043779958771,149923.40212935064
15.926671568393237,2.7443791900387207,2.0529409000444137,0.09683639070333194,0.35160727136088077,1.9194336953270705,0.25164831459651926,0.9917914588196322,0.6488770260281794,1.6245747864952562,4.205292972008849,0.11856716262523176,0.2919090856029755,0.15211426869328185,0.3963927557467242,0.3109626793342084,1.2304335522000276,0.07109556316218206,2.7195074145815026,0.9450587635878185,0.37508116346546055,0.24360988039057951,2.7120935134244686,0.02690095415034753,2.2264838254672137,0.6933000433000205,0.014057130085240226,2.0062410083765667,0.5612698966434092,1.491700488619671,0.3212159947249875,1.0988922613140062,0.12650294272412696,3.4892464926387405,0.10011430306260077,53.658366700228534,1.423765295977529,1.091764675731102,1.234161309097919,0.399958562602719,0.033399633416682714,0.27940927296859747,41.58674688979065,1.8110032356394246,2.244097075169899,1.4125930319179492,0.10043789825621006,2.1816135988704097,1.2333688592873153,1.407627930644065,0.4758536625257791,3.5655594696482513,0.7728090895671124,2.98617527323202,1.5972440692472967,0.1430034593953118,0.6464967321666023,1.5006059794094613,10.001278918591936,0.0006971622729485115,39.80466244846769,1.2189288707297108,0.6006001502660416,0.29844906105367147,2.5068702825543294,0.30022603293856953,1.7020384793199268,0.4000830186584017,1.001139517229965,0.4997211450667046,3.0082923454497434,15.046576087193527,1.050179629524048,15.943460486289295,0.3994939918896665,15.050990800447185,0.08033339920172791,7.981364240139013,10.044110260025452,1346.9856287770692,10.041887684274652,180.78378394686752,0.45002174358968206,70498.20651288795,351.0428819501074,0.4993944514401403,0.06861214910159284,49.804261050756,9.971665506834933,997.1325010552581,0.5006103676428887,0.5010443641258135,1003.3742541352733,5.019993098229816,72.2700342118695,84364.2594700078,2113.732101560535,149663.316812514
16.036044148196364,2.738358354372155,2.0423171827071678,0.09693379072401949,0.3486093685983191,1.9188942176701616,0.2519149354582578,0.99402637316873,0.6478485750228807,1.633254721879098,4.202494192909096,0.11853178523442702,0.29163724077305986,0.15230005496345586,0.397783504772234,0.3128990237248523,1.234029434232208,0.07065780741813195,2.728685450130154,0.9445509952200661,0.37553528492582,0.24180549770155985,2.71755465631542,0.027021860321410875,2.224458855585769,0.6921410533962051,0.014101899231292016,1.9938333694059889,0.5632409828942417,1.4939952785592892,0.3218696705153008,1.1044073462917594,0.12583990078693238,3.482648996166215,0.09953169450373649,54.0186054004546,1.4259276448404592,1.08851545878194,1.2283592313389826,0.40115070273855846,0.033630614651089095,0.27995811899067824,41.510987564542425,1.8136812109295957,2.241920865270297,1.4089910836995359,0.09982450950136837,2.200668755185414,1.2337389415017976,1.4155023400965752,0.47327098887010954,3.5876598022520185,0.7708029891554592,2.968057329675795,1.5946692511475,0.1435059079754543,0.6466667588949121,1.5065973080453432,9.960781056914005,0.0007026752060156928,39.85671885560761,1.2223276891792336,0.5981031080155675,0.2977044962601309,2.4897527561197155,0.2985127393364388,1.7071410554362014,0.4018893536382862,1.004192928904461,0.49876981291501704,3.0036333279149963,14.999954643755895,1.0499584995016014,15.98853341150896,0.4017647218224755,15.043633409374856,0.08027749485392223,7.962768854034634,9.991195016711789,1351.322706578213,10.015872151053527,180.71078358975458,0.4485015131442736,69894.27956638561,352.24961685498937,0.5000330962090749,0.0684268234451793,50.19500032934027,10.02498099723068,1002.307544892322,0.498430142305979,0.5006070514628821,999.5007122706676,5.005552074936231,72.05448756789991,83812.07562967158,2101.713577285156,149936.70481059488
16.000035507460737,2.7389854049152036,2.0581700474779354,0.09703895485330931,0.3499629769139481,1.9131271936138305,0.25255208572293103,0.9887924724041718,0.645596651114405,1.6252292780085014,4.195898683198208,0.11769808260933314,0.29330368375080507,0.15205435340710066,0.3946877765733864,0.3125663314936736,1.2246335678009566,0.07109000177144678,2.7318070097075835,0.9488571562398369,0.37519496084372567,0.24302827791733822,2.7080015725781883,0.02702125079399698,2.2105921163544666,0.6897152758859251,0.014141103946417481,2.000891541816885,0.5623665249451122,1.5031558977514115,0.32159973076703335,1.0945227079108402,0.12653634598120067,3.4737037852158794,0.10029740412390709,53.71570524315683,1.423145783884713,1.085420265479367,1.2344778940490981,0.39814775147627424,0.03342049783600094,0.28007979118332976,41.22229058936601,1.8125845563924774,2.259184063841009,1.412753668735087,0.09981113753522372,2.184269225113972,1.224377438918507,1.4080088999603397,0.47405538918933354,3.594931457147086,0.7678479159514032,2.977173387877808,1.5928940239693574,0.14274428793599453,0.6458147015816934,1.5033938463735759,9.953546895004202,0.0007024908143946742,39.62599554844802,1.2150694400656636,0.6011900735914948,0.2987364970121262,2.4892752424462414,0.2995617619656833,1.7067231683058042,0.4006777518774203,1.0003392169954786,0.5000205649417384,3.0032524899772763,15.02295314028206,1.045472784077113,15.973463726401828,0.40010660780886775,15.034551220952412,0.08019421978135266,8.008440746577122,10.008652483065676,1348.2146364996906,10.033470006652067,180.74952041357093,0.4515584283484798,70443.02159191473,352.3043919220842,0.4985103181775381,0.06840949157503123,50.0172701488665,9.998542490410646,1003.4848851956918,0.49912519466618527,0.4983065685314291,997.7430061349969,4.982156382534006,71.9314488324592,83888.31279537619,2096.3184698178598,149926.5078742683
16.016182519719255,2.752960151677431,2.04164187639165,0.09765837085182247,0.34867611201044046,1.9130648521674298,0.2529793740519274,0.9938091838167329,0.6480785957011453,1.6263724806607769,4.223803305072832,0.11813285595952579,0.29385276652231745,0.15184798789142553,0.3976371774939922,0.31334032912765986,1.232919369277252,0.0711133373163943,2.7287305010664444,0.9451035151184477,0.3765861992152653,0.243372677167345,2.709764826895937,0.02683560639314097,2.2227604135505663,0.6877973801972382,0.014135715152434288,2.0081362406515195,0.5601264111769351,1.501794461441213,0.3210290798948211,1.100004667142573,0.12654085010740002,3.4754366040429745,0.09958976672005448,54.15729782997734,1.4251215457819268,1.0852830577242856,1.2294956262025551,0.39802678391655716,0.033395506931320595,0.2816218340152209,41.397803604141856,1.8180689434207116,2.254094317748898,1.4075292452158763,0.09993853844720298,2.200812607120131,1.2333737196389063,1.4107610236024362,0.47512704093602764,3.592324936132118,0.7707766755101726,2.975210503911293,1.5886928881328084,0.14254724726411597,0.6469593125362145,1.5022830946663577,9.989857042075805,0.0006990192154477951,39.841494550240846,1.2182958497548202,0.6015381887667159,0.2989995704461516,2.5102450084788708,0.29961915556304697,1.7045105573562005,0.399307527067344,1.0044401912533074,0.49755580080842277,3.002105713485986,15.001492790534089,1.0539650360136654,15.95460996031126,0.3983491516051503,15.051965934380226,0.07988008151633919,7.985993539802608,9.960531046746459,1355.6707953165273,10.013295782960782,180.34593079773472,0.45179072099113665,70423.32398417617,350.7009293284478,0.49829886020770314,0.06851786270941411,50.075357615434335,9.954707958503286,1003.9940134581715,0.4991761962074135,0.4996438987374601,1000.137813955414,5.020600961820425,71.76275270680547,84100.42236267368,2105.0282176548662,150737.84808967952
15.99036016753985,2.7472097898350314,2.0589180496175796,0.09735697300517696,0.348822509915549,1.903807815555494,0.2523640207681743,0.9896738479268856,0.6448181130075682,1.629162050920467,4.228511172565014,0.11829190708474863,0.29317170535176973,0.15153669809546613,0.39534913464198573,0.31354951456338764,1.2319563600555805,0.07064161160456162,2.7364971498575916,0.944126138980118,0.3755133897189206,0.24234178789662963,2.7207318190989893,0.026963254143229122,2.2199444969431106,0.689363820827338,0.014150560794994913,1.9939086338123115,0.5596101669686971,1.502266008612359,0.32314791750469996,1.0971738407448304,0.12561605762097047,3.497723620322375,0.09964338517197148,53.97574378248316,1.4328776549933808,1.0883259220709933,1.2291012189962065,0.4012647108695719,0.0336440444622762,0.28127742426942026,41.35645392358467,1.829021763982476,2.2488618564140888,1.4045893143020045,0.09968258222623896,2.1866699831725676,1.2259547349869417,1.41392392338429,0.4726920020694256,3.5766306221504554,0.7729121946441392,2.968608554696508,1.5912097327182098,0.14362040404765544,0.6412410803228618,1.4977458863915423,9.953766176666738,0.000701275360274544,39.64726372775046,1.225457320896336,0.6011477396087532,0.2983037829062641,2.5102580580766425,0.29888898683125503,1.7048185646512177,0.4009192189124671,1.0017325096631728,0.5006903838963145,2.9887311899987647,15.047106506203958,1.0514191176817353,16.043435676643213,0.40150436034851106,15.006363897634422,0.08036550818953421,7.968736110432163,9.95040378654011,1347.7042387908637,9.971655009478,180.09649780069407,0.44901132928392895,70314.03875596292,352.4325241236331,0.5013462823216367,0.06834545226651668,50.242751468885295,10.027118238576676,1003.1088158223387,0.4985237452324354,0.5009344973292071,995.7063537251589,4.986765470672255,71.6518352128439,84383.83140814844,2094.915917970358,149923.76516443022
16.023818776561715,2.7446373777770185,2.047279249087157,0.09755785055659111,0.3514049456461024,1.9168511711083187,0.25262983476653744,0.9877975405903999,0.6452439078424912,1.6298157346638098,4.227866943415762,0.11767358089886423,0.29214897971202664,0.15242506617969706,0.39636427321841833,0.31170141561398973,1.2344608443858183,0.07085843001068241,2.741473304133353,0.9467500643326895,0.3757897238882368,0.24196555753250565,2.7064143833401766,0.026813843138951028,2.2096288727720634,0.6883147571515268,0.014098678356118619,1.9949471551895157,0.5598030779643173,1.49627446454341,0.32086606837322396,1.0954459253389466,0.12657983014568763,3.4891608738731996,0.10030232734440835,53.73251968559627,1.4294501633281653,1.08254248067581,1.2289151491012242,0.401305599094653,0.03363157045541497,0.28075335011426045,41.301591903773954,1.824249139389285,2.253125888632541,1.4095837192757747,0.09997536353635987,2.189851390930163,1.2280226799303198,1.4102674881180428,0.4728975260602394,3.582512580927712,0.7699707754740208,2.9776327672716714,1.587201499444412,0.14317414588734995,0.6439032409205081,1.4940125943582137,9.987445268819076,0.0006970355377422005,39.63205442308032,1.2204005491669692,0.5993461737790853,0.29752805746196076,2.4945287323023106,0.299645317510328,1.6926782818873147,0.40197560301057467,1.000553391368612,0.5006808787508137,2.9904942195676525,15.06351071425034,1.0507472223244076,15.986299830845493,0.40085285610875965,14.97065255825096,0.08034771255036402,7.973545129953434,10.033311050973408,1356.299212264197,9.999174259061036,180.6779878190887,0.44807203279703717,70266.63171294388,350.36556343541787,0.49932155687284036,0.06836604851586983,50.04838818859568,10.011601350600994,997.7827262002353,0.49941972980874677,0.49874763127890076,1001.3254029756964,4.980101741669464,71.9449736272262,84613.93900521466,2115.2887836196046,150026.94488012404
15.959593601563093,2.752296138123193,2.0497634461055685,0.09675529708266115,0.3517118314270132,1.9066988944881655,0.2517461846858907,0.990134254169968,0.6504647972609157,1.6348756494222647,4.197603661153445,0.11825540664368035,0.29409747460433644,0.152325681152427,0.394571169921498,0.31212136332815854,1.2341642626004024,0.07058449689407326,2.731052068131261,0.9496073386306025,0.37650899112934,0.24204404781375818,2.703969052739209,0.026914023739341805,2.2135345431011912,0.6888526131454197,0.014088025764631048,1.9902724800260458,0.5620585769657798,1.504406505750783,0.3217046224496152,1.0975172823079338,0.12568877418723245,3.4905295876510842,0.09995601043818397,54.10514619493404,1.4319911998084156,1.0858983488733027,1.228594686459063,0.4001887623626873,0.033417378301293474,0.28048342761809053,41.30102810115453,1.8202814848900228,2.2510485534127254,1.4148900105717217,0.09975117715824339,2.1988634759799472,1.230433800671943,1.4131983520852296,0.4755304399978188,3.5917795913285,0.7712561755016839,2.9654299912493642,1.5882553771137007,0.1436268608439492,0.6436873547191615,1.5049257695957743,10.036895980127143,0.0006988280457239494,39.82194516454524,1.2185047069468422,0.5971521625740598,0.2985793342941053,2.5080072320430995,0.29985482254660184,1.6944479591606876,0.40046113912878245,1.0023825680388976,0.5007740847614578,2.995673779203845,14.980249409866623,1.0505155229507332,15.950942988068647,0.40138470581176544,14.940347856861294,0.07998923974359214,8.028755121956756,10.002941799703308,1353.5228176289531,9.973957753960734,179.90192244649245,0.4509587705261229,70454.53792119904,351.3719041784956,0.4987138325252662,0.06815806428534202,50.17076991091961,10.005403588862558,996.8387206226757,0.49992838367828657,0.4981316132454444,996.0517164871757,5.020998846225425,72.03213156390491,83999.55681373572,2113.0256659139154,150748.32635699847
16.061472323324637,2.756808760889325,2.059472371622904,0.09690586038825458,0.351321927680192,1.9073019239542461,0.250821239518016,0.9853705416306905,0.6459771665925482,1.6345556684397227,4.226699881805995,0.1175609955099382,0.2940119710422567,0.15238831810249548,0.3942268074374411,0.31272193540028176,1.2243220645415707,0.07063190878615468,2.73084382661892,0.9518797747226894,0.3745161227216375,0.24263138202574805,2.712084446597083,0.026964615213269625,2.229221627845914,0.6897850658118927,0.014148066823697049,2.002340433927347,0.5603367833189898,1.4981914266059824,0.32140049269928767,1.1022400665705718,0.12572852150543246,3.4817232610786224,0.10044536328649374,54.130329871571966,1.4293099566610297,1.0898856314304495,1.235929368943922,0.3983545004779663,0.0335355653586063,0.2800080675853666,41.51417622470891,1.8127456777089097,2.256498235383071,1.4057785915203342,0.09995601935901104,2.1968726751022123,1.224679800892266,1.4160371938284486,0.47365740471865353,3.580026065723504,0.7718061825740645,2.9687802134371957,1.5917290555792794,0.14302226143525656,0.6445527724332712,1.5024374297052097,9.992062803795678,0.000698591384469423,39.55455305791506,1.2253566050561329,0.5994082547344832,0.297351028525832,2.4888136665353993,0.3007536192691313,1.700471675696263,0.39876385683014504,1.0039337384101965,0.5021689030732734,3.0114202893351494,15.00914565573725,1.0486694374227974,15.945901717853289,0.39950897325022305,15.016825594487722,0.07978124269587497,7.9971170177517585,10.00730928697551,1353.124365600132,9.959135111633596,180.6605932685955,0.44980233483543425,70239.50084920054,352.41493949107434,0.4983398935669147,0.06866298843873615,50.15221521226793,10.049402736634153,998.9304228456531,0.49813423553230385,0.49757088076909334,1002.9259588804147,4.9818298096227105,71.86032872474445,84621.37286627365,2103.7810986759714,149596.80855480995
16.040517369269942,2.7437177263171555,2.050635948444708,0.09686692669179416,0.3498629152353381,1.9025245982618038,0.25268819868124026,0.9886648763026905,0.6468258479244258,1.6380487086245479,4.2238804763603515,0.11806363180140789,0.294301541853661,0.15156132607182904,0.3962910023090093,0.3133386586320308,1.2308573903176163,0.07066405676619869,2.7385082091395576,0.9445759200025956,0.37469152112107357,0.24356163348258553,2.6983288931218032,0.02677911968056067,2.2173154588167914,0.6892955548329898,0.01409572069465038,2.004814643088859,0.5623869536143631,1.500196822201621,0.3205506604403585,1.0979727357844031,0.12658767270977375,3.4874790073070896,0.09972249167119906,54.17528366693019,1.4287318494023344,1.0867693587563598,1.226602705460729,0.400625412295533,0.03340192207453501,0.28100855546004844,41.49655410349324,1.8227736405507946,2.2407836010623874,1.4040748147589968,0.10034235154742362,2.19885984432871,1.2255186225315953,1.4082439886403462,0.47573181759131195,3.5920102180659472,0.7731491861095191,2.985920746110914,1.5843948448409544,0.14338374187410954,0.6463121205738782,1.4977695895544298,9.999415267848038,0.0006976646782637881,39.60243333745895,1.224511555304335,0.5975330833846902,0.2987820209062448,2.4899409268516006,0.29937786124652116,1.7014010108988145,0.39801325354898953,1.0017537249240684,0.4990809758407753,3.0074571093008444,15.071285513201993,1.0491231354560462,15.924799343123777,0.40139556630732165,14.966186752355995,0.07971889318730702,8.030336958564742,9.97325297031892,1351.4213514386038,9.975398364530776,180.38242475097,0.4506693596647175,70188.43443548452,351.0630658796456,0.4986362176535353,0.06807299793399486,50.15035445225209,10.038930128483816,1002.7786929121711,0.5010396246830143,0.49985962064098477,1000.8390310298228,5.009581360271948,71.65888428013385,84146.72219354595,2099.204650975719,149796.67363821954
16.039877073879815,2.746243124619714,2.0549014423048404,0.09765862020604978,0.3514818397660884,1.9162595447452793,0.25288953683963716,0.9889499299635979,0.6495006538653479,1.6327223226118015,4.23032975945237,0.118088380239355,0.29279421464203853,0.15251264559704175,0.39698831046114597,0.3108295685308352,1.231184246326184,0.07086535312552907,2.7335933585318175,0.9521854018897234,0.37638365393680223,0.24389914581848784,2.706162120082702,0.02678093493879976,2.217229944810107,0.690225418913655,0.014146998314271856,2.002636976172898,0.5616751756279126,1.4964292329379965,0.3235992364371997,1.096054782218993,0.12562895025808188,3.494372324129709,0.10020140548565232,53.85338328807651,1.4233094848510313,1.0872392698411473,1.2256256298153694,0.3982241932461516,0.03344799447715195,0.27967727717930346,41.364750842901664,1.8247628392386375,2.239808535824799,1.4099984702863257,0.09999698041267581,2.179088880569837,1.2329304882128178,1.404215276315238,0.4770522628248518,3.5849892498019145,0.768366184214606,2.9926733741967633,1.5884173222862599,0.14265717263282396,0.6432561848713718,1.5016738041157396,10.022359698700908,0.0007011327541930209,39.847146720774155,1.2255652892480584,0.598182376855334,0.2992293763560923,2.49016704664386,0.30137067534607526,1.6959088624003853,0.39906315661253133,0.9992154555105099,0.49840871144242455,3.0098315595697773,14.943710622021573,1.0493625324384526,16.06514496172204,0.40054155639437705,15.016074726686714,0.0803957153791431,7.961803926591789,9.981979368510519,1344.9377459415978,9.968457727897036,179.48880809734948,0.45057100549755286,70022.0601514389,351.44607418545417,0.5011903482526775,0.0683329083566995,50.01816363719897,9.963209217410252,1002.5263936496987,0.49959559141874255,0.5016731760231844,1000.2621951969608,5.009838232169733,71.89817953928554,84103.01592238853,2103.663502694928,150204.0513085303
16.001045373033694,2.7583676023536783,2.040873346336344,0.0975893275289488,0.3514911283319722,1.9051118456571718,0.2509939564026093,0.9907113766451924,0.6451758227053732,1.6255943650544902,4.210318529821527,0.11813429748947887,0.29210431314038504,0.15265776170230247,0.39473803946421454,0.31091940608707713,1.2258465358096686,0.07110410353119884,2.7403404488398,0.9435732273931436,0.3768520736090932,0.24196357759278753,2.6984909157388577,0.026785949434374963,2.2273175857186063,0.6894993058648614,0.014108041157829692,1.990616273336121,0.5642530113491495,1.5042158792550226,0.321147274989395,1.1017216670124297,0.12622529172390778,3.5062731804686056,0.09998376614885666,53.76870975840815,1.4280020416702495,1.0885175792901933,1.2296615915522162,0.39831762972035184,0.03360296768759245,0.28172250242255853,41.38103168407398,1.8204271609648235,2.2498103987916567,1.4104194213653638,0.09960262233850062,2.188546560232415,1.2293588662133699,1.4170177721238404,0.47285610257433736,3.5732745735288853,0.769969163565462,2.9903476132929883,1.5893836701287674,0.14270113922049765,0.6442271272853225,1.4969554020644753,10.004832147245752,0.0007013290218119445,39.69221443830429,1.2213375496371504,0.5972323046501518,0.29847322423667794,2.5117418848670647,0.29997493426232075,1.7051460399489975,0.4001956213611189,1.0020399872361414,0.49904956077285195,3.01400592443359,14.95727174736207,1.0464205250401704,15.92728390272905,0.40016476224971315,15.017835136565694,0.08011961757842291,7.9737785187818755,10.015143709155968,1345.4789386224493,10.025499315607117,179.59544026816272,0.44964920662833374,70088.81728428711,350.4058798493243,0.5011047174118954,0.06874047667734778,50.01366487577316,9.99010388936637,997.9369911278184,0.5006223911454559,0.49975591607598857,1002.7283586841991,5.005334456950755,71.9365833995451,84592.48530650185,2094.7121193148796,150284.23203692224
15.985726633117922,2.7395946003871923,2.041650256763533,0.09734513805523708,0.34876720602655303,1.9168010524659944,0.2515235385254882,0.988454044321246,0.6490376063424206,1.6254386712833107,4.189246350727642,0.11793607862135734,0.29308168775058263,0.1519177612062711,0.3958336471517828,0.3125171053623587,1.234251972081281,0.0707047779382766,2.737919553992571,0.9438542421040059,0.3759257808181562,0.24269904916811444,2.709076989672593,0.026790107543370467,2.2119820110104538,0.6885750117256098,0.014068067959309965,1.9977019316508235,0.5617597948894137,1.4928259525649705,0.32238388980538674,1.0986340371787857,0.12544577045365138,3.4810550152178927,0.10006014729385296,53.96761747584734,1.4342851504387155,1.0842333530344916,1.2307652438365477,0.39990442087640443,0.033616752583340855,0.2813455868012306,41.23767878095924,1.8283496895517566,2.2467423293804707,1.4164097385819703,0.09978522104780324,2.1893197602679444,1.230620704916662,1.4038466430103227,0.47602441176935617,3.5658486310477984,0.7674140533837593,2.973749217671909,1.5973258660812983,0.14367655628249998,0.6439311978880945,1.500499816593969,9.971184311735211,0.0006994262915187723,39.87221717126337,1.2235476633030329,0.6011843939527423,0.29733967644434167,2.506576481227189,0.3013996617216115,1.708295205332943,0.40039916860729347,0.9966073204778422,0.5023203502843151,3.0012413624767706,14.930751086468904,1.0456057187685148,16.012361269635793,0.4013411753484615,15.066228214190298,0.08035554888874404,8.006289156307236,10.048140921092648,1345.2695472706368,9.959466765067049,179.15450019698798,0.4512335944840259,70474.37606838172,352.06237453117865,0.50219818095263,0.06843287840927961,50.13152072117414,9.98367098732954,1002.6657889387672,0.5012652299937826,0.49967801438710374,995.4376564957923,4.98831314793568,72.27733322714609,84284.48812603689,2103.002212870072,150671.09299418432
15.978630703441944,2.7452722805575847,2.0555451684417476,0.09705935610025426,0.3498118162770449,1.9142489484167287,0.2518239028570098,0.9882406506210076,0.6448597196589183,1.6358772855383215,4.211124229685831,0.11841457160967733,0.2933452774293217,0.15154501290023017,0.39545811736600517,0.3117418455092538,1.23294862963538,0.07083410662026038,2.7337265457303395,0.9503992000058972,0.3751497185810817,0.2439282400697795,2.708733805344048,0.026943341788881758,2.21374409103138,0.6881602692839213,0.014133133505898647,1.9970081215348465,0.5641128826547502,1.499466263931842,0.32253268111633787,1.0986829403483431,0.12650736460290515,3.505517917320578,0.09975793924963566,53.917850681929934,1.435819125418752,1.0826659195251647,1.2275102216822948,0.4018177060741816,0.03349496615205789,0.2819674648583896,41.34040165054567,1.8205004934381923,2.248967764982497,1.4093967198186776,0.10041771292745015,2.1942626779441454,1.2354824971581986,1.4075964012861637,0.47734599597042415,3.5874343873477,0.7671610885907477,2.9774057045538767,1.5860038180053022,0.14262170686740405,0.6467663202745151,1.5068992424118057,9.951416670010873,0.0006974662571712523,39.591848969396594,1.224242371159629,0.6006666344914631,0.2981949746057247,2.5024568589275953,0.3013517610600878,1.6961884374586655,0.39849328843657905,1.0010781536816733,0.5023443453902703,3.0063001279002877,15.058817454181126,1.0541599933737877,15.955081134542594,0.40074239382280474,15.054333133797591,0.07968107270983041,8.012118263438731,9.977200316446176,1354.3425518816355,9.97232076150444,179.77215689836456,0.45079534166105956,70221.17991516966,349.5366098562384,0.49862647570148655,0.06866391460316644,50.24438979568486,10.019397204008179,995.0976467260086,0.5012170032892415,0.500714127924356,999.1182035544387,4.986402290625679,71.75930245493224,83860.29222701724,2107.931641404421,149755.9118603705
16.0028821214569,2.7506932301195626,2.0521997009177113,0.09729189872261414,0.35006676860173314,1.9034127493023076,0.250808148772712,0.9907542295304091,0.6475024655929457,1.6285349341310438,4.207055764160908,0.11754397958374138,0.2920602551284566,0.152246474743008,0.39605457463555005,0.31234214647213426,1.2254408896595306,0.07102241085206203,2.7265230645074925,0.9490719224444125,0.37587085610599696,0.24292302506170052,2.7175495307517727,0.02679518384509026,2.2105603428795177,0.6872473022938408,0.014169837319528757,2.0085429625851328,0.5631271105346352,1.4962147608046876,0.3206639292984225,1.1035298526095623,0.12560869767539096,3.4820721874985745,0.10034079194204444,53.77917897886595,1.4349274437928146,1.0901081521819191,1.2341486699614803,0.40069716480790707,0.033450462150236164,0.2811299422250368,41.52621768369249,1.8245394359337646,2.2581456313612214,1.416817786776181,0.1001901452673702,2.1993759857983637,1.2271928670028645,1.4166761066459466,0.47694904169118046,3.5635764986060345,0.7706964479610594,2.9800885565078836,1.5950181235165832,0.14246566639119027,0.6441779969207839,1.5000189569433582,9.989553902926554,0.0007034452792873433,39.69569200996383,1.2189415817303748,0.6021384203023454,0.29692438211307814,2.4946890575131366,0.2993366757616074,1.7073729116502856,0.40152131886399345,1.0010668435029901,0.49909814714072903,2.9990431131573936,15.010671980835053,1.0504209118142438,15.960949655144368,0.3985219504160813,15.061145453609617,0.08011267787435719,7.971607390674155,10.04898434805537,1348.802243767949,10.023297011809385,179.41808649805867,0.45194744563417283,69886.67927216293,352.46934139932137,0.5011356129586165,0.06821343529021559,49.840452870206256,10.033710091422058,995.3992395135105,0.49807140058888405,0.5008642803976207,995.7736699267712,5.002062269752965,72.05331802921756,83804.99476315807,2102.414284955817,149292.7959561491
16.074701655689886,2.7421713471593385,2.053889055579574,0.09736890018755645,0.3509528115905651,1.906854756743271,0.25120468297720827,0.9903019719007007,0.6492593018579953,1.6341614118236731,4.191009338433249,0.11829813850114275,0.2918644265051855,0.15203746164815937,0.39621942778087244,0.3108363966018071,1.2357071744868786,0.07089771562416333,2.7224622364169306,0.9437425099849306,0.37703408807636385,0.2438293970097351,2.6989060747668776,0.02683474885699748,2.2231607889357528,0.6894409422368278,0.014077794232684309,1.9984890256954315,0.5620298115571059,1.492279398959919,0.32163956350130307,1.095268079836878,0.12537763010723116,3.5065842472750575,0.09955480786067987,53.663888933079846,1.4355764562523572,1.0921745201276802,1.234237778359252,0.3985582018108966,0.03354674310940028,0.28125276713926123,41.50244111101427,1.8129545774082516,2.2475419364482527,1.4068429666253026,0.10015451601260217,2.1865748731850116,1.2301085180207232,1.4117827681633044,0.47673760035056056,3.5950688226005574,0.7714895483696825,2.9697604611295914,1.5961837825842289,0.14257745727018792,0.6411225325933156,1.4990590672697892,10.01846382456814,0.0006975455504303131,39.600388317642576,1.2148767312755284,0.6007092384212807,0.2986205486813667,2.500492168644479,0.29983329626459054,1.705910928827639,0.3996767430013256,0.9994176963854133,0.500386640488593,3.006115482717436,15.041554582278247,1.0451786096738547,16.056185052246718,0.3998052873755572,15.060880870068477,0.08002907456484376,7.998066648422903,9.969538644623396,1349.5896556857128,9.999292966269874,180.71006091608507,0.45174188778272445,70172.46554135454,352.1596836116794,0.5017719536783009,0.06870669539061686,49.93080165697556,9.971222813425321,1004.4392448834212,0.5004243067369261,0.4998332879989529,999.1145828969226,4.979237603948911,71.7869480139023,84035.48966803227,2106.0802210755032,150025.06753744237
16.00685862750121,2.738352691231733,2.0399503505019085,0.09716418371319799,0.3489271888616242,1.9174810905658208,0.2518258996761018,0.9885347240885057,0.6482851558506604,1.6320962101830032,4.192400825971098,0.11828477906646369,0.29193810609927023,0.15182783363031893,0.3954331957761536,0.31221578498472086,1.2323304528412478,0.07101297945269003,2.7307410730022643,0.9447331143284952,0.3767367862433877,0.24294848282150694,2.7124100931014796,0.026884857303240625,2.2181417265880685,0.6913893764036433,0.014103399309056571,2.007355950117552,0.56336816636751,1.4966453879914685,0.32107975079017276,1.0946933208344534,0.12562880379285682,3.4823663216693994,0.09961811320040477,54.001156977778166,1.4275129113948068,1.0818937695121935,1.22922359241611,0.40113725538246936,0.0334463155305963,0.28182934500286483,41.536021189716585,1.8270866861201067,2.2537752728366995,1.4143229939502207,0.09988897510684591,2.194231496771945,1.2266039777609932,1.4058365344614636,0.477107171317597,3.581747651410968,0.7667019172503385,2.9709795704375166,1.5893852968012583,0.1434946263530868,0.6465499384533405,1.4942018660006442,9.956202860189615,0.0006973518173016142,39.74800961241885,1.2204005201283865,0.6014273467076158,0.29827821234600427,2.489897132463611,0.29927289589055167,1.6971363759387148,0.4008307857630463,1.0009685201729057,0.5022341178350591,2.989365680449235,15.065793948043192,1.047061579398241,15.974954721381962,0.39813831699564356,14.969479107409285,0.07975976537376427,7.977380092869388,10.007220383473243,1353.790627226091,10.024495731201418,180.5924660005488,0.4510410118486803,70516.42115279849,349.18046755723975,0.502439480418328,0.06833832279359368,49.98890207881998,10.007735002573284,995.0852327017584,0.49840854991573164,0.4997298529443951,1002.6951732573918,5.018504404528375,71.7463681777798,84011.40860974681,2107.2601466306455,149791.47457752566
15.967666099826541,2.7467913243889615,2.0541327135824115,0.09690703928175794,0.3484666710234562,1.9005160267811314,0.2520672081920584,0.9875251719691684,0.648399418385134,1.6362101617658875,4.201313000045799,0.11762661314590807,0.29153961564997527,0.15273165644340184,0.39606663378689116,0.31294253474280503,1.2344046233752701,0.07115061185409476,2.7398179797911824,0.9460476773061571,0.3762420184561739,0.24412444729581317,2.7136145444787165,0.026972378152763193,2.2290278932734466,0.6907842057318383,0.014127137784379738,2.001765473253711,0.5610931428110785,1.4932394639020137,0.32242998046081905,1.1052923612271175,0.1265243332367745,3.4798740886889874,0.1003427571125372,53.651829165829824,1.4312791183560503,1.0916777536628075,1.235649825764256,0.4004122316519294,0.03354382278121913,0.2803909677563154,41.48256395360696,1.8153718964816914,2.239512101743822,1.4147277844275397,0.09956036222975966,2.193607100202685,1.2292242497687815,1.4035599226286717,0.47338412529278406,3.565705743339451,0.7678009214489531,2.984031253180878,1.5911228771860473,0.14290409851363806,0.6462092644351218,1.5037961687361467,10.018270701543464,0.0007006920473116179,39.757816373483074,1.2166644452657813,0.5985589303391342,0.2973983836169646,2.506026568170699,0.2997968240535513,1.707811564874005,0.3981608074623394,0.9988316679770802,0.498273634141403,3.0094896205711494,14.996941313654903,1.0512601779232436,16.015671936375696,0.3983162648149626,15.0425607274077,0.08025758142995085,8.008595143648112,9.978094734341003,1353.0252396436142,10.020066578842581,180.7425700318882,0.4482780009223076,70469.60844537496,352.2281196479812,0.4989876370205663,0.0685478792721111,49.88185407816235,9.973509582081054,1001.415349359972,0.49775016667117666,0.4979823862895457,1001.6014362298562,5.022593459553778,71.66450791975196,83809.24484774588,2096.048944028354,149252.49668144758
16.068529992815517,2.7492861538683337,2.0539383277327676,0.09711872804687378,0.3517403575403411,1.9096166894766655,0.25310695003370864,0.9914811434658913,0.6509013434545541,1.629920810657576,4.225950851975671,0.1178039863379259,0.29347231124301004,0.15217812088666002,0.3959478711727392,0.3120046257185128,1.2259424899064462,0.07108746719635865,2.728749927818113,0.9446959275453242,0.37676827518032063,0.2435520014686149,2.6976726764960706,0.026855028638862303,2.2218705870369475,0.6922189197234803,0.014073295329187593,1.9959930990154193,0.5633295119660535,1.4927964899549517,0.3232751158099098,1.1031945710681488,0.12649524969087544,3.4848957255882587,0.0996657359342565,53.95585463215481,1.4255665562196178,1.0844576500454584,1.2287769815121932,0.3998509139101616,0.03344050845970336,0.28009570886627033,41.28517028710477,1.8234604734214703,2.2456322645383686,1.4127410091701265,0.10024288474323091,2.1946916342197524,1.2350975791951855,1.4164082478533115,0.47332258787676046,3.573577018944311,0.7722150335641113,2.9883977338101437,1.5831779943751112,0.1436607130404715,0.6462939574499177,1.5059880625823616,9.970438479503125,0.0007000064397571372,39.656407149192454,1.218295644093106,0.5983641308804484,0.29692602756046377,2.5092627106692595,0.30009130694289254,1.70171405255712,0.39904640464731056,1.0043505308125849,0.5021818832446742,3.0051435027181395,14.973082947472026,1.0471948637928197,16.0152434116451,0.40133151637104175,15.070047570032845,0.07965455232382347,7.986735720464571,9.98911493815124,1348.2318425527308,10.016777619595732,180.0849716739731,0.4517611837518226,69987.28088574095,350.51678544742,0.5002057985875566,0.06861668897892796,50.161619825793366,10.035937222900841,1000.1913472777239,0.4987079970895143,0.5011312775845352,1004.546735249783,4.989264983229173,71.78283466986935,83808.87212928642,2108.50414854993,150067.5226253275
15.941554298127071,2.7417366822523435,2.0533255629357927,0.09713780900007482,0.34906630818994455,1.912021223508947,0.2508727177458615,0.9852104078584,0.6464504877234821,1.6265691556355106,4.193343910636041,0.11754554227078294,0.2920266628764627,0.1523414053468373,0.39721241647918254,0.31100660746172776,1.2319282719641973,0.0706114259717603,2.740375599711705,0.9458094353933472,0.37460794051240387,0.24285212473001927,2.7006291686510226,0.02681886068265836,2.216427194808926,0.6911089715867945,0.014045976429340799,1.9956821802727707,0.5640140092099405,1.493613327427687,0.32093239879919655,1.1003697808343176,0.1254119780085243,3.500607895713261,0.0997224616314461,53.71207375019294,1.4344072995135622,1.0907257459010584,1.232887197590522,0.39893838747879484,0.03350904128294159,0.282016668282997,41.38079738834148,1.8281834430252308,2.253968288628675,1.4148644416341527,0.09969240000957347,2.1993454930303664,1.2343461370348252,1.4140192001511338,0.4770958096554443,3.5903418630462354,0.7705909527611117,2.984430968094753,1.5951022188821642,0.14335629582319467,0.6445911375254975,1.5014711901299103,10.038028212037883,0.0006965693812997433,39.7664839815217,1.2208010640066642,0.6020297639575342,0.2971222021499985,2.500633589143489,0.29888293293788054,1.7027093694440356,0.40105507143527186,1.0012353247178585,0.5002738563987335,2.9953013687885757,15.020967642551566,1.0541948070804623,16.035426925104062,0.3980918121639134,15.001308213834298,0.08018913355557691,8.000333042232102,10.009135004552224,1355.5563895207183,10.037395006443406,179.24636593443807,0.4500474894326457,70267.84403676269,352.10517247866227,0.49882750307001467,0.06815366009480088,50.04857730183963,9.996761212838283,997.5770520141837,0.5022146407073264,0.4990877799021328,995.5528592977251,4.977939961495261,71.78477921398947,83888.24940548363,2102.7831972841286,149370.6970744739
16.009786432319096,2.747480758673873,2.052007465755054,0.09767553792361013,0.35172165557901,1.9084152546951418,0.25166497591289894,0.991797373532294,0.6471425639003604,1.6345359896885212,4.214279296261657,0.11764539492304152,0.2927504630922459,0.15255276023402545,0.39621127900159003,0.3126549464222227,1.2325811636484796,0.07078736593263127,2.724416914605093,0.9489132922013783,0.37454509831624755,0.24323661060608512,2.699234217023997,0.02700808367013326,2.2254139471725276,0.6878003488467939,0.01414013711158215,2.004517056252411,0.5632838595226275,1.4945341682988396,0.32207322567583196,1.10094352285601,0.1258449926405093,3.4921079209183015,0.0997440164060665,54.11210033527527,1.4365828123677136,1.0851165871755006,1.2280614903267437,0.3988648404920531,0.033622201074655224,0.27975505655801375,41.513697677817895,1.8260483812178776,2.2458649267474695,1.4139027614755362,0.09995297199224137,2.1866811121086123,1.2348385545815241,1.4093447461209898,0.47288734102564495,3.584815866152422,0.7712166179060151,2.98401258448091,1.587779069552464,0.14325541919455637,0.642654647418758,1.4994654326391172,9.971670671997629,0.0007007927670529985,39.803206703401614,1.2150915320680378,0.5971620740578911,0.29877818052262456,2.4955719953960664,0.29947147643576855,1.7011005720284877,0.3999469502588084,0.99621560030198,0.5013021756569931,2.99028814431159,15.04890423357252,1.0527756502467147,15.946756256819627,0.4010328546821638,15.02414092932911,0.08038545609825666,8.016946311485185,9.989021745315348,1351.6207781818937,10.016187222428862,180.44217059973548,0.4498588163091692,70411.98250547155,350.1224426028062,0.5023167015289384,0.06827033455574255,49.7687730783034,9.97001349189534,1004.2744042149541,0.5014502569010236,0.49969685438950895,1004.051552956136,4.987331652519062,71.80816193556535,83898.54207638754,2103.7881998797066,150021.18840941662
15.943222589724483,2.7394016511367854,2.047754263653551,0.09694010554259795,0.3502599239961241,1.9104648021345234,0.2511494584323382,0.9851814423958443,0.6489382370171225,1.6344480336186908,4.209506281003043,0.1180890911124289,0.29435281448959877,0.15240690990826564,0.3953418870871056,0.31309294122245085,1.2305964545351697,0.07081552958299107,2.735238103494739,0.9473315176006363,0.37743170473600995,0.24219150116552182,2.7078838502184674,0.026782948317655403,2.224559753221645,0.6884150370572011,0.014089484878825817,2.0077272441234575,0.5602369247275538,1.4895487053791847,0.32225154575710724,1.0993129976440423,0.12543925051617622,3.4828889740178317,0.09973910602223066,53.780949234918886,1.434142172080337,1.0848776303721668,1.2298724059900323,0.39906208033740054,0.033650930958420665,0.281469718188209,41.3582466736072,1.8241310974146145,2.2458335673958922,1.4041094414239934,0.09993052220373813,2.1914144192729643,1.2281470624310251,1.4086116912736184,0.47601853691325335,3.5941570162777294,0.773034616530753,2.982255616051444,1.5920588966808955,0.14304692010944742,0.6431707580288892,1.5035723954405587,9.9611245283733,0.0007027580991962316,39.594179885348396,1.2165696302475328,0.5986439652440688,0.2989289164651903,2.49422236278595,0.30032861575204683,1.6973336820553726,0.40062561485885007,1.000916265413624,0.5024888326131075,2.994328679702262,14.977471106053176,1.0468370592859837,15.994225307542962,0.40134944084736324,14.956649705344049,0.08036912786217627,7.96105258262357,10.030514873014688,1352.5869475142645,10.040525347399893,180.03926252066339,0.4508143396488287,69865.7767952166,350.49932407192,0.5013534977836153,0.0681325434734655,50.14119870147948,9.980827331880063,998.5298910795926,0.5007368742896868,0.49789081986259703,1001.2462610105268,5.020686196253602,71.70751028000255,84002.99655216132,2094.762995339392,150026.98499571142
16.036953631985906,2.76172595076929,2.047294606907108,0.09685858621226937,0.3483517959799249,1.9066576187113464,0.2520308140874713,0.9939676566888554,0.6461626059256119,1.6345851757156156,4.209196725610308,0.11843369131879819,0.294063780888491,0.15254369578077492,0.3956093270908838,0.31152017349694333,1.2263996502007128,0.07060772774983805,2.7331730589476453,0.9523792023710305,0.3763984052987878,0.24278693148291333,2.7030196363653483,0.026940879793676778,2.213582987627054,0.6871942948493048,0.014042689138520074,2.0070091874260476,0.5613382765676899,1.5035918913123367,0.3219895085302743,1.1021065669221137,0.1264119591604561,3.5030696721376176,0.09966254947555958,53.75725863932584,1.4249963110127735,1.0864081349190595,1.225756924877917,0.4006034615000569,0.03345404702266868,0.28200264875680614,41.5210354363798,1.824081898031814,2.2542460352669185,1.4035084335761596,0.09958368559531677,2.188513230643458,1.2351008116133027,1.4042757973653879,0.4746206624973574,3.5905221538950367,0.7686124045617673,2.992795595186393,1.5969117273335598,0.14236647279931292,0.6447496355598435,1.4946835815608623,9.994101072462808,0.0007027846310391531,39.51071204826482,1.2253357991218576,0.6029667613305315,0.2985073320305935,2.496406791425576,0.2992530379826634,1.698854330714288,0.3987193064655153,0.9952005649742579,0.4978136931305909,3.004906968059965,14.928113327302423,1.0479153484176926,16.02822230214163,0.398699111544561,14.97484155247798,0.07962515328098384,7.96899379977048,9.97259252279614,1344.9533880745146,9.99720599426609,179.32850545638462,0.44912331914735026,70338.90471461893,351.4098231070753,0.49941499541154066,0.06869486423121043,50.14361127449055,10.010717655765678,999.3677870209339,0.4978001808954285,0.49956426366163237,1000.4526625043668,5.024550875716471,72.32515654098532,83884.43949360853,2115.08855228034,150381.92644478468
16.029109705068382,2.7610979265767863,2.04641363728798,0.09710212234443866,0.35129831433034897,1.9024362338439411,0.252527082814994,0.993067239685877,0.6504952079357242,1.625422516498558,4.2175462772798475,0.11751114719939364,0.29405761963153515,0.15197233504723162,0.3964916933363682,0.3130962912696871,1.2300740919956359,0.07080613023484478,2.729035112138235,0.948954570811919,0.37681713540047634,0.24374155881151705,2.6972576745489465,0.026859132785507573,2.2185021110313805,0.6872309844305026,0.014135478606526593,2.0004575143566328,0.5592005812367898,1.49896663799049,0.321481650830311,1.1024953977984502,0.1255964158746934,3.472592211443391,0.09958682392017286,53.87786968099369,1.4335465393517122,1.0881295455601536,1.2240340891863033,0.40036643316952647,0.03349402813011725,0.2815324018782869,41.289284096479676,1.8239845497561222,2.252964976954833,1.411734174866524,0.09990555543952884,2.1793313779697785,1.2261580001889998,1.41485391822818,0.47555501000172146,3.582797439452668,0.7701978214638182,2.967392559333669,1.5875779420019822,0.14317038423853898,0.6415885425886786,1.5063149115769665,9.957264803377658,0.0007012585022698043,39.60113281962415,1.2244368303003321,0.6019610220752667,0.29750296977551866,2.4990528320797507,0.30137733419465856,1.7018343288380247,0.39802400932094617,1.0027724114114023,0.49930656988330374,2.993275222072162,15.04982113578943,1.0549090352520119,15.929926411993195,0.3995614248990735,14.966957269154936,0.08031820314501176,8.029415597077575,10.040111713495248,1343.8259049546168,9.955010974591186,180.09252069244405,0.4485010567266885,69910.15604262604,350.0291693596774,0.5010470030240572,0.06851741138704048,50.14259606192674,9.956275277995662,1002.6641327001776,0.49995308760866963,0.49906497606750894,1001.1028461501112,5.014976506920185,71.7147899802692,84469.77402595228,2106.461709550532,150180.08104232972
16.060632345902867,2.7557746587657235,2.051712245365841,0.09704061401606207,0.35003608556540133,1.9164284218414982,0.2532489302068084,0.9925359059424703,0.6498802534214175,1.6332505142312632,4.221238615617366,0.11769695199015615,0.2927768306111168,0.15208511389608378,0.39619587795613587,0.31230347551160265,1.2358244779530356,0.07105153153943237,2.7389498461363155,0.951131908966315,0.3771029328396373,0.2434354645286647,2.7034023022171545,0.02699570121213313,2.2151100244786712,0.6915517311828235,0.014045148703482545,2.000945569851448,0.5609816592921136,1.500060724966402,0.3231440234503982,1.0946707988220634,0.12551404561481033,3.5048505371560537,0.09973927099621174,54.03441857295003,1.434469417889199,1.0896147820964885,1.2242449201264916,0.4009416945627249,0.03365462636539649,0.2803317024305023,41.47702459314702,1.8159317486160493,2.261192745602599,1.4058875945638958,0.09980556597965413,2.182727132376745,1.2355986804759203,1.4110071119183554,0.4737981785605263,3.5669153028342597,0.7728860124779027,2.966967255647502,1.5922778819522907,0.14315748406093937,0.6457503595259906,1.5027276933403153,10.033647516995725,0.0006967662199325584,39.652339602599966,1.2148877864003382,0.5994313039035686,0.2981812607325397,2.5023443716594436,0.30127430486827106,1.7071692759565815,0.3992391463881006,1.0019906872241,0.5010635369125038,3.0137145596504613,14.93759013218915,1.0512300913760095,15.985162171061821,0.39938931292635066,15.017624117127998,0.07982362958964324,7.962869325974875,10.027779265681424,1344.4217674440883,9.982819825866084,180.17086662530332,0.4505568116924488,70298.68815470902,352.60506455918,0.49950693558983467,0.06815204619080113,49.8189745365685,10.001024863409349,998.8373945734428,0.5020658184269527,0.5000546590144779,999.5195406129391,5.018117848666117,72.21319800692588,84391.1095795419,2105.57581278098,149602.0081936555
16.010795931448524,2.739433542192109,2.0507546545403184,0.09754160079995193,0.3500525451899959,1.9017578970190954,0.25081892118831567,0.9935688394656622,0.6462133569234312,1.6304188939719453,4.221652815193295,0.11770878905624982,0.293695717313419,0.15135444467741463,0.3969845086255171,0.31063964864740745,1.2272588166529543,0.07062774659080436,2.74068562817174,0.9483268704633913,0.3772899643218953,0.2431999394678005,2.718317127887702,0.026913810938735416,2.21888808052633,0.6910900419180849,0.01406988929742193,2.008374743067969,0.5642937283869995,1.4906038111250093,0.3233420570707741,1.0965005147684608,0.1262284040147992,3.501276342887536,0.09974123858812275,53.70118248316405,1.433663355815711,1.0863742015455045,1.2298362064147395,0.4010474445363187,0.03341752165648296,0.2795692051794319,41.579458471788755,1.8236337964695806,2.2534230280108165,1.407644484969564,0.10049570602071314,2.1839237164990117,1.2260406157686328,1.40743780362327,0.4761350340667756,3.5705849706827313,0.7685582633323148,2.9808828931036824,1.5923841490882036,0.14249837906056656,0.6449958765041115,1.4982158277208204,9.984615523880825,0.0006970531261973514,39.86806783680977,1.2223560706686079,0.5975992872973602,0.2976013856898991,2.4895016977415048,0.3001245962873053,1.7034024890453772,0.3982262084808519,1.0042216829885038,0.4993706757209419,2.9920437967951874,14.94447840288169,1.0462790828583852,16.055967448717155,0.39992019909740967,15.044767326497594,0.07978166248780696,7.985436217508276,9.9912614769459,1349.385994725778,9.959767929837232,179.18100473992735,0.4522315302561502,70298.8832054996,349.3078201185913,0.501362825689843,0.06830500195192071,50.148230207550625,10.044980207228583,995.2657321032548,0.5023214637206289,0.49832880411585984,997.9723256760077,5.006347267347548,72.1554685555265,83933.29851258757,2097.355190410762,149679.8191395971
15.97209589074296,2.7450011079916177,2.0432618921084935,0.09765762498035736,0.35104325223090393,1.9191683944566502,0.2510012173870093,0.9857982212459812,0.6482331150847296,1.6318658264055077,4.215690113479121,0.11752004332652041,0.2940073217910295,0.15198436468835239,0.39547783021786564,0.31201384679326466,1.2243476597757834,0.07059827421288975,2.74360877779284,0.9484982606243465,0.3744153138184216,0.2424965900157037,2.701457395371498,0.027014244452574897,2.226797870697251,0.6903236346236713,0.014163701215148866,1.9974573890753502,0.5640511184751418,1.4965141038754,0.3231225949368664,1.1044075709415866,0.12595333523425425,3.478762248767652,0.09969237385483476,53.79617602397562,1.4260380596496343,1.0857853171174976,1.2300821778550957,0.3983484544507983,0.03363723047826267,0.2793033261570425,41.24028837413305,1.8110530670239005,2.2609468857686763,1.4087401689756747,0.09969602569127319,2.1816489067337854,1.228406066214136,1.4167101774630266,0.47523144437142734,3.574780987357975,0.7689569645457172,2.968596629192971,1.5902704147493512,0.14289159484843064,0.6454738016543399,1.4953792146695595,9.96373375583621,0.0007005702245935006,39.77602856174445,1.219969503180579,0.601740198451622,0.2990164377412959,2.510415741566362,0.2996345371800999,1.7068738687962048,0.40083621551085563,1.0012491246543906,0.5002688713395325,2.9855915917528564,15.009049572349378,1.0529294078343512,16.078138819721435,0.39973245867289764,15.073523675284138,0.07973687090881058,8.036655998264372,10.00896551057729,1352.1946894949579,10.007368016369565,180.86912350998793,0.44794933794399466,70119.16252459738,352.18657768545546,0.4983354641104862,0.06844760230460699,50.01178881496254,10.030743007647636,1004.1825294669635,0.49879417502698453,0.5009657202784276,1000.4768798716719,5.008139317395526,71.78427202937615,84019.56598836943,2106.0492673145163,149254.4183695615
16.03462804383877,2.740693125406473,2.058841687999968,0.09755051018562107,0.3504317290123603,1.9174692015073875,0.25322785754323973,0.9927220693034511,0.6488205784133315,1.6291732925170126,4.223200972842968,0.11824123423685674,0.29291983517179715,0.152000052709635,0.3949265864007783,0.31290040102557193,1.2346534686322135,0.07045767037303333,2.7194048400612103,0.9526569148430036,0.37478968430664333,0.24357476419418544,2.7094808378126456,0.026905743474972935,2.2113059812602933,0.687501149413461,0.014110985382935067,1.997552595103492,0.5636717369387786,1.5040655120950823,0.3230056602752855,1.0989650761882526,0.1259775475594437,3.478018411756214,0.10019569165532843,53.88162093387475,1.4351105872421477,1.0886525620305103,1.2259476818661876,0.3996439318136844,0.0335592779126667,0.2817046878551344,41.32824880769231,1.8230847955142995,2.2426558386416087,1.415706449292023,0.10007516980329863,2.1958823448608173,1.22873127280821,1.4162116307064627,0.4760455073854883,3.567600936239558,0.7703864286569687,2.9731982087604654,1.5953004170216631,0.14340443889489585,0.643964871089135,1.4970288993704988,10.035268696576473,0.000702453390299211,39.682077601458936,1.222650534304381,0.5987130038770532,0.2975495726834098,2.5111014002955034,0.3007088305127966,1.6927260490606635,0.39983093368223094,0.9989574488036468,0.4986549462869767,3.014848254021685,14.94536865011733,1.048049803305914,16.055794974953844,0.3985290986719643,14.981420833880598,0.08010735404842675,7.986951660714587,9.990882071955422,1350.6765311829588,10.045268689452955,180.66763243480685,0.44825383305348876,70230.7270232197,351.40787228035987,0.4991288091519759,0.06823871076210855,50.04886658004987,9.99149781376596,1004.0506489002568,0.4983177722039902,0.49770541931309825,1003.9961629928224,5.019806243640023,71.94007452880408,84424.8025779482,2112.277303712453,149632.33537055887
16.024711049703242,2.7565216228521767,2.047078590895707,0.09763350693689513,0.35163503412414265,1.909746502423612,0.25093151972732786,0.9941477894601338,0.6481488742656797,1.6241128822584014,4.219771294910801,0.11822084126193043,0.29194478483791786,0.15165778025877344,0.3974424748003229,0.3134651059198979,1.228834600461317,0.0705412870471055,2.7259590565934304,0.9480722119799104,0.37524959396522745,0.24327045961901528,2.696664727754412,0.026985132156300624,2.2276513669575633,0.6919561851786082,0.01407228428831445,2.0026474375497667,0.5612425088921805,1.495342440993611,0.3226733028511485,1.10377894703936,0.1264170494622992,3.480614956434765,0.10015802873690388,53.78442716566953,1.431836701871746,1.0855565166464183,1.2335664921277543,0.4017498730983382,0.03342964367310081,0.28173526181314096,41.48933622641792,1.8212016219943175,2.250561823616873,1.407452206417065,0.09970328506334786,2.1808761580070293,1.2326131224588268,1.4060864211919408,0.47497809190809653,3.5939553738377583,0.7713175191819782,2.9701431968554917,1.5937278159342476,0.14259221244976536,0.645802616796116,1.4936656832578963,9.964170914993106,0.0007030393326408597,39.59281691842713,1.2157377567968122,0.5982894470303342,0.2975860772042057,2.5084403970914746,0.29895756376068583,1.6917677621476164,0.40145996591376054,0.9979965868565773,0.49788458570819544,2.9858330014185244,15.059936596704084,1.05024297411785,16.017679862685426,0.4004642243136878,15.003329075586416,0.08021540902377992,8.032486880177801,10.014107733646911,1354.6424358923264,9.9509615817528,179.96433878509364,0.45046821408131554,69972.31832482184,349.6780837467537,0.4981812186121128,0.06825281693897334,50.16170553404149,9.952764875937511,1001.0242777628804,0.49784076933018906,0.5004659815282543,997.5220783950798,4.982867122825221,71.97539959689676,83984.56196004577,2102.4375222064696,150199.57601385386
16.069796796858416,2.7532400887477326,2.0501448984618156,0.09725540408322962,0.34990232544219857,1.9111996833314924,0.2521768470562613,0.9899227310009628,0.6498686506057378,1.6282191486521256,4.193519843498612,0.11816880155655868,0.29386756233807,0.15242562700941442,0.39501844128073454,0.31245870541642984,1.236132627991143,0.07052003207207601,2.730621219846665,0.9461550729752509,0.37709499938524377,0.2425740883062303,2.7163301108655014,0.026808662206187207,2.2103866776894456,0.6872683060828848,0.01406620114576487,2.0069902856470483,0.5600354378541433,1.4900148554555923,0.3231381438747601,1.0986237048238896,0.1261118048101534,3.475474569026549,0.10040734454359948,53.91239527646309,1.4241308451293004,1.0884545282718385,1.2283464582963335,0.39941362821054777,0.03346925322780293,0.28072280217560047,41.43938901714992,1.8135647144816978,2.25572324167292,1.403332722829327,0.10019917285768912,2.1830642148037587,1.2293459358193,1.410867870245753,0.47570005416495775,3.5904190671373124,0.7701247131368492,2.991327789124217,1.5972353124244207,0.14368074700968408,0.6428379758795655,1.492982612706754,10.021579677010395,0.0006982632838869,39.78621800867142,1.2139610066553712,0.6016630992146905,0.2967190293192388,2.509483675802055,0.30045393681135313,1.694249106586268,0.4000312877663042,1.0000520136989903,0.5018951929048445,3.000970101813466,15.007571538311977,1.048099498667299,16.03656068597506,0.39820119280862964,15.070192962816677,0.08008500071902347,8.027653223192953,10.02810668805353,1346.1950579923011,9.978907606225679,179.60042021695972,0.4487648312725533,69842.25405579971,352.017174555604,0.5001892624010368,0.06846236989367059,49.995851696534714,9.962436358945459,999.3610288865535,0.49896816605922684,0.5019602927332372,1002.0120812085993,4.9831328695211194,72.1453804787641,84251.73097328558,2096.1943075598933,149354.32665635936
15.943589973051903,2.7585386792206243,2.056763955386867,0.09730515165015045,0.34830469211328524,1.9065070232461128,0.2517502899338422,0.9878654143415413,0.6485257069378183,1.62286404361642,4.189790734567822,0.11810368284238491,0.29231007395828307,0.1522835244285526,0.39709926763596204,0.3123464983611538,1.2360232543055234,0.07090119219830884,2.7374460840716894,0.9493368443234027,0.377148460823792,0.24273416262128897,2.708221092299627,0.02685566543436042,2.221697810119774,0.6891350363898558,0.014168788536243584,2.0020600747021415,0.5610766388074834,1.4971222454839603,0.3229035735273081,1.103367289784487,0.12617274790361926,3.4726313351418887,0.10036861309705221,54.13092426580975,1.435314582246424,1.0888600310031613,1.224183323257949,0.40180312102982046,0.03335521551940589,0.2797161022737229,41.442938265656096,1.8193049305209934,2.2557320565721897,1.4118773343408382,0.0995041899766358,2.1931276473361105,1.2344061051811974,1.41496526426746,0.47337268823609485,3.5745355445185267,0.7670703764200594,2.9874941735807314,1.5920282119218976,0.14297774010201045,0.6427104477451554,1.5043064724682385,10.029143341991677,0.0006999382607537264,39.53097014044488,1.2195773801200334,0.602376400879592,0.29825057446748704,2.506350019560752,0.29938400390263015,1.6973337794633354,0.3984684832160464,0.998428050763689,0.49834806750968397,3.0011693950242604,14.984070823690324,1.0535253927202295,15.981236499287492,0.39884935344793443,14.937635230292036,0.07980205708951851,8.015789065070793,10.012623086711551,1351.6192701925677,10.035817072285845,179.55505692354387,0.449868566676521,69949.12519565666,349.8833354772934,0.4993545923297452,0.06854164265159354,50.16685469830933,9.980721399711559,998.9776429748662,0.5019383033110077,0.5014012004880339,1001.903350379749,4.9953571698850805,71.88556250463581,84399.15236953035,2096.4395222652493,150065.19945118393
15.929728837179695,2.7533917839563395,2.0514024343377293,0.09677211851465535,0.3497195278773094,1.9041257934829654,0.2527512679802577,0.9940914994661316,0.6467991124702087,1.622327898821529,4.2267412569771,0.11840653631575603,0.2938697667985042,0.151781695821901,0.394335638018219,0.313481597524183,1.2299189502844863,0.07069848074864149,2.7375678487792343,0.9496182464388085,0.3742774145774161,0.2441139063599062,2.711519326984732,0.026816136175021574,2.2092545264471224,0.6903604392134263,0.01411325967494912,1.9919924930504311,0.5622524956852218,1.4959779015562147,0.3217991587269202,1.1052278779785791,0.12574281600182236,3.5034072037874715,0.09984451919295811,53.73721936844062,1.425027403640119,1.0917897356535848,1.2241364909691013,0.39887664255490457,0.033446558782029685,0.28114013735314763,41.33859391305243,1.8112715270387483,2.2503815931350033,1.4154209662176829,0.10038657103363774,2.2007659358759986,1.2280614281160627,1.4046767254868602,0.47295530803183305,3.593141882572288,0.7719112461818051,2.9838016959800426,1.589948489560911,0.14293899714643926,0.6439610501910322,1.4979576695726058,9.997467716162863,0.0006979723063835259,39.52833032334648,1.2164778010109365,0.6028257838957642,0.2994622457488959,2.506287786713007,0.3010115736236486,1.6932606281404834,0.39849210643075944,0.9959265464127348,0.4978159783395374,3.0074202479123686,14.93346046080587,1.0547149259193997,16.024645927212013,0.3986835050671476,15.04762838687015,0.08025895500962628,8.005111102603715,9.959098398736527,1348.660504770398,10.004853731261132,180.4388323213456,0.44909326680673434,70443.88914993733,349.99541431887917,0.5024909924539829,0.06813669782738715,50.16647479981259,9.963221688113846,1002.5931305222575,0.5018115061426942,0.49906459265211345,996.0133392716887,5.024995457926147,72.33915761466677,84427.27160983205,2102.6106221170994,149451.60096603446
15.986888046689787,2.756059420882221,2.042873461370869,0.09673032996482259,0.35141412340580913,1.9138198062288374,0.25248847712438266,0.9944271389958379,0.648134170596756,1.6270346543533734,4.227236819667898,0.11857325765384391,0.29159494756623805,0.15174262277450423,0.3954551261969775,0.3107870307595819,1.2265753510109274,0.0704633159785232,2.7353621610858307,0.9442734608239985,0.3774574796976088,0.24320406035629405,2.706101910155972,0.02698309061525047,2.223344883244561,0.6917458573525351,0.014153266467989103,2.006153300656482,0.563568781317845,1.5004407563922213,0.32160551267457615,1.1016701425502697,0.12608278059298966,3.506174261439001,0.10000093553344501,53.76003198685782,1.4293955154703464,1.086072246710108,1.2296127512470931,0.4003241217204463,0.03365008753920614,0.2800854924822372,41.584172416688126,1.8250884037405064,2.2428657208522567,1.4069042125522198,0.10040932524975395,2.1965994134870264,1.2256133378319904,1.4111924170693257,0.47394071797362136,3.5846450622820973,0.7674865814574804,2.9755870048837445,1.5882276027144158,0.1430539235246668,0.6423212013235503,1.5034161952865701,10.030926671322206,0.0007009799278361396,39.839942741333786,1.2235440413520797,0.5972640865498383,0.29676246927006256,2.503999215606267,0.30066562644105865,1.7079543839949423,0.3980133301708999,0.9973696050937061,0.5016587547672677,3.0117460071974858,14.994664829595976,1.0498294323809276,16.05657909467975,0.3998398747203245,15.043114246980604,0.0803589841078291,7.980947698799269,9.977439991111227,1355.9211365339754,9.992429929228562,179.12830884542947,0.45001120379852094,70263.94460735393,349.9743613999153,0.5011370519264498,0.06821733276948404,49.809824661975924,9.974936567551554,1000.3390984757357,0.5017789408783586,0.5001466609728308,1003.4898552135894,4.97820931945735,71.90826221867317,84156.41316251534,2111.3513265719803,150165.97022066303
16.04560586116495,2.745560310491068,2.0588976718372707,0.09750487414106768,0.3514541994189569,1.905469404907431,0.25075655445396816,0.991143263585835,0.6479519114107523,1.6345469528134382,4.193054493148011,0.11811262701131425,0.29211777224915525,0.15202219028265987,0.39464695249258774,0.313286508756461,1.2261043087434038,0.07085315428629636,2.716503143741169,0.9447430371210199,0.3759974965745045,0.24188453681887737,2.7111594099951173,0.026815085853508197,2.225029170937787,0.6925412112746839,0.014136454984937905,1.991267806965065,0.5619794656351945,1.4911793178156292,0.32170716536399246,1.1037350172915588,0.12542186200415342,3.4813326549536097,0.10032657002671773,53.859285546958716,1.4262155850103373,1.09188509148353,1.2257654828776934,0.4011544316712377,0.03339215599762235,0.2819997872262281,41.50840486849188,1.8159309986771017,2.2608813198113262,1.4045638809407783,0.10035959688273005,2.194367503575827,1.2259887776332574,1.410653836683023,0.4726816428550677,3.582617970999609,0.7706329673922425,2.977274081214926,1.5951582109892957,0.14361596824579229,0.6442174264240654,1.502609303405417,9.964585587479615,0.0007034866861850499,39.82202112155762,1.2254781385944937,0.6016683853880361,0.29747228494348776,2.493042036248024,0.3000331428138521,1.6929041885468559,0.40020727394702915,0.9986992000393401,0.5011396699385848,3.0037707664502564,14.961978017423549,1.05245113967821,15.969778067478513,0.3989943689962543,14.98778303507724,0.07972628273242843,7.986012805229455,9.975984861039468,1343.543353867831,9.9800876288195,179.94030013546276,0.45148382270165355,69957.7520325434,350.26435993866835,0.49764686913008693,0.0681093740171042,49.92805745115857,9.999992837257869,1002.4826198530983,0.5013159004040255,0.5020698936156028,1004.0779611126192,4.980074984091325,71.72067779990712,84208.29792311962,2106.8834210541054,150146.83537866722
15.997804193684773,2.7632329807070795,2.0501835917364972,0.09762312225946022,0.3517086697864732,1.9089308183395914,0.2510770858553695,0.9882765886947474,0.6470833381742528,1.6363297458337862,4.229437454091066,0.11761019186091727,0.29159381574359017,0.15250260785570324,0.396232238634041,0.3127836574086419,1.2279295546619176,0.07055823199952099,2.7235752283237202,0.9437195841118974,0.3755707825576833,0.2420261213146029,2.7090182084775405,0.026980491380332382,2.2099573929090437,0.6927373160339502,0.01404686448460556,2.003119616426471,0.560541810888091,1.5021634260317802,0.32042333350950947,1.0991352591207149,0.12658199664207545,3.476490024508988,0.10026064434779541,54.0321697154051,1.427414199389192,1.0822221414584032,1.2340970731127696,0.4016195146925613,0.03337532328144703,0.28167635263634444,41.5279211480535,1.8214018163853503,2.256379464323185,1.4035066522219295,0.09999617698676944,2.2002271211399713,1.2333851502217121,1.4067306950062897,0.4755867731979402,3.569709283428115,0.767860366877281,2.970742506605508,1.5850707073664558,0.1429989862156414,0.6427751018314719,1.5041693912382241,10.039411174261673,0.0006999131366439253,39.557513760252434,1.2260755888244133,0.5972821934293701,0.29814793924812283,2.492991229410215,0.3013129727727689,1.6970243750351692,0.4018321724702467,1.0047280125332663,0.5022148741958282,3.0087817439202427,15.036182340378058,1.0547540978100083,15.955787191359242,0.40123960932217184,14.942023179757697,0.07988950237278024,7.992146549319802,10.04953264229644,1347.5831849808924,10.005473357400357,180.24028331092015,0.45080027518661714,69915.41387187167,351.07745654443494,0.500673608361004,0.06867589038882614,50.22864668917,9.973502720356333,997.1051885939482,0.5009187315535156,0.49994741795927883,1002.4356687111044,5.017423597237337,71.64769294953553,84529.93274237805,2100.0624028341877,150704.09539099745
15.988841921212524,2.759692305658519,2.0438486773787736,0.09722445258988462,0.34847150817237643,1.9144854992338771,0.25311409159035125,0.9933969180870722,0.6491686879225079,1.6237886909878942,4.230374707121412,0.11781587569171016,0.2933890244730468,0.15165492973303946,0.3972961956821583,0.3116206713875253,1.2286553332859955,0.07044917185946922,2.7320566528441232,0.9456369352481072,0.37758615440709564,0.24368805425449305,2.722251151763105,0.02687034148341174,2.2235904073210335,0.6896674336090496,0.014157716581277105,1.9964852235028818,0.5610363144235931,1.4949931745182263,0.32199288128183534,1.104264911951979,0.12563140904003894,3.4952806458323646,0.09980595730082087,53.68501267418795,1.436487294815904,1.0901064189091245,1.2355598315526017,0.39960107867923345,0.03358608838222669,0.28112426351524883,41.43926122107376,1.811632920513604,2.2403639052020585,1.4057032053857013,0.10024965395871897,2.196533694951306,1.231810816622563,1.405658168678481,0.47631868200153465,3.566162171904972,0.7730339801684468,2.976566268592652,1.5936106943533774,0.1425273779307405,0.6428039794752787,1.4999290974608277,9.999635498771127,0.0006971803982661961,39.69917294621793,1.2148164385741227,0.602542079890994,0.29776686704049404,2.498476975373821,0.30023098058125675,1.7047884702390317,0.39827813935454454,1.0020297804541218,0.502052654224585,2.9981759019641867,14.926989803814964,1.0473473694928994,16.070567357914918,0.3984720781942902,14.927042037082888,0.08034868802813386,8.029042058259083,9.99603920479638,1343.322832527195,10.008377053173332,180.57017138646415,0.4490373185304058,69952.31919983636,352.28982605655693,0.5013396315525638,0.06836448756203987,50.20250738743849,10.010815597895968,1004.4408859402272,0.4980158050298865,0.49968207465264947,1001.7921675354038,4.995394869537933,71.89183147051955,84375.56840223666,2107.2247208559315,149673.80873040747
15.991040306720498,2.755689783696378,2.0526015697902458,0.09715434157399996,0.3491600167481726,1.9026386432238,0.2528572413661691,0.9931711043727505,0.6487342014697612,1.6311628770360467,4.194689483796709,0.11793714321533688,0.2929527252942605,0.15194135073592577,0.3949786827045043,0.31082629247744437,1.2353059509253361,0.07083989201139602,2.7398981445377215,0.9496304186496165,0.37720436090457565,0.2423098741537104,2.6993235266614217,0.02693063110733942,2.2210954925362114,0.6872155956001144,0.014115692645991216,1.993637982525897,0.5597978987695408,1.5042638715277832,0.32217940666847816,1.0981274400423562,0.1254935503324567,3.5045436135655263,0.10044257917272448,53.77897462575733,1.4290708586722238,1.0885821021566453,1.225217228505613,0.400147829067443,0.033405745067330836,0.27992881564001626,41.432657224722554,1.8165433627742875,2.2511329412994594,1.4066485596897238,0.09998768942183804,2.199465872093138,1.2298121218560074,1.4100190535410149,0.47496599049639804,3.5927649343597774,0.7713993909573899,2.9660126338094206,1.5839254704754873,0.1431113795058313,0.6456755648796092,1.4942551059895115,10.000278460256249,0.0007009974667002025,39.6406383503343,1.2223607874399813,0.5990557581483119,0.29836659578546315,2.5066427581912256,0.30136745066561926,1.7023612177356864,0.39940631772695706,1.002212406371137,0.5015223977250409,2.9974390885521562,14.97938505303174,1.046350913945749,16.02830394345005,0.39977947682594106,14.944936301426402,0.08004916580251369,8.039190302331306,9.955132966797736,1350.209498046015,10.043582560286648,180.826429259864,0.4492877492881495,69951.52659880773,350.59185421649426,0.49909264493682,0.06838808872301824,50.047980063631,10.02682402840502,1001.341573902819,0.5019602717832934,0.5011785512530426,1000.1864743387545,4.980964962073646,72.21870198429131,84391.35130320139,2101.5513617597003,149597.93590295597
16.025292727448598,2.738566206757686,2.055888644465638,0.09693453192451378,0.3503271632618693,1.9062480338073953,0.2519426450758422,0.9929762316790545,0.6466199414249056,1.6223893782517376,4.192208226740879,0.11749788054154163,0.2928799281071346,0.1513665870097852,0.39565417011848747,0.3126173085459138,1.23467238445828,0.07060277369454239,2.740283033773745,0.9525322369138988,0.3764726612405115,0.24357644599068645,2.7095403154338125,0.026785634105661343,2.2302106805436663,0.6930723395878552,0.014075011277871044,1.9939148209762476,0.5595580238818122,1.4969673476342058,0.3233677559693339,1.0949503550772386,0.12614055027327561,3.50171111389406,0.09987970250218547,53.97036667991869,1.4291965292427227,1.0822758934569272,1.230054869901778,0.39835623147048516,0.03356196477218923,0.2801669438023811,41.515205982745044,1.8215840565351769,2.2597881916299856,1.4133521673219243,0.10022485352208084,2.185721020343756,1.2292855764822115,1.4134625183037748,0.47605453971535017,3.5868839797629755,0.766211223269008,2.96561618028967,1.5831227229379339,0.14233016437513,0.6457571479377621,1.5007034194588167,10.000489555289755,0.0006970991958997445,39.788970517371865,1.2150327010106337,0.5983308823018462,0.2989503494479296,2.5048144288988943,0.2987778397545191,1.69275619827835,0.39962598803006494,1.0010339375184303,0.4987338038767964,3.0025552149246155,14.978910455712729,1.0509306274567634,16.03608189523522,0.4013726484927241,14.954377010906057,0.07966809637249062,7.96947041351807,9.9665379893188,1347.628786767257,9.95286355504435,180.59856959095316,0.45157074805712516,70331.59658445747,350.3664393750832,0.5010337441432313,0.06845103092578059,50.08117276130817,9.958788372205357,1003.747167818154,0.4992434002128582,0.4988461264497894,998.9081429357933,4.987364903774797,72.3558019020095,84334.1288459116,2113.34445914094,150676.53940350932
16.01299849575233,2.7582642581967614,2.058308432566043,0.09685980859568735,0.3491920548260201,1.908120836721305,0.25230956264867976,0.992656141392559,0.6469956275681824,1.6355858282536875,4.216498602280185,0.11784898606478535,0.29352949147031154,0.15253509248167607,0.3953503675480569,0.3116473837612449,1.2323595571991992,0.07075031410091608,2.7212003350114147,0.9513574934165662,0.37487780710468876,0.24238361297740899,2.719967798526313,0.026938186148278247,2.218481700007102,0.6891844845614664,0.01405533632908425,1.9913583240176167,0.5643009513686762,1.490184615001442,0.32058860646818854,1.102773117631077,0.12649611732127844,3.497318970556279,0.09974207648716485,53.78635750295965,1.4365977039034863,1.0891748968496586,1.2340319958959285,0.39978547072276716,0.03359263528054347,0.28204952561000857,41.33069645617474,1.8167335170579149,2.2397163228935617,1.4133420176865683,0.09974066991822078,2.1846106559093172,1.2316236885567762,1.4133674808219192,0.47456051190924214,3.5959145938272683,0.7673951803403619,2.98081502972834,1.5918655411007965,0.14316785528067733,0.645010123214295,1.5020082491657962,10.029170258111584,0.00070219857463256,39.86945248204131,1.2253643202965492,0.6001195650845194,0.29861372375504286,2.4975607165615816,0.30045194315204643,1.691626555258654,0.39947037076418535,1.0041453516915455,0.5008750173600663,2.98551839320388,15.003403014300634,1.048591827785343,16.0494040702786,0.39845937775583834,15.015609454127297,0.08016965614918449,8.007636390446702,9.977443506941384,1353.9580699908824,10.029359437286725,179.74967334928496,0.44895002134164735,70297.02484095284,350.4062180571487,0.4992267465511258,0.06836618200880691,49.97904528239935,10.032962236186787,1004.5281904904901,0.5010673145054585,0.49794117208113986,998.3778499575459,4.984480683369513,72.11755083445415,84293.64532009333,2115.1556593482023,149921.54460086295
15.936873376277159,2.7527058192071077,2.0472723520575964,0.09688700038479546,0.3495484602569147,1.9049993080760808,0.2512369755597366,0.989838038776021,0.6500088696786348,1.636286334183463,4.199909292455158,0.11793912137829263,0.29400467210039616,0.15274278957415707,0.3973857310372672,0.311981392176471,1.2345526720892288,0.07094629211247767,2.7194489713671297,0.9440576616901367,0.377640353197512,0.24403139492013504,2.7088717086485903,0.026943530870985437,2.2156663818340476,0.6913896508754964,0.014092411990739236,1.9969696528541263,0.5616661965036245,1.4963346448986636,0.32342568593520465,1.1042347846401186,0.12561498682359354,3.4822685308048356,0.0997993748193357,53.64668764340627,1.430435152943967,1.0868118579307793,1.2253826136273491,0.40196095018452055,0.03358753056255089,0.27981042453114374,41.4749866573703,1.8170995313538159,2.252989070651755,1.4095839216891828,0.09963885787345891,2.1891258988532996,1.235678752101859,1.413498640654835,0.4756012656208624,3.5922982620609045,0.772531152750586,2.9915684767719988,1.5837808708527903,0.1424701143326075,0.6459248795735651,1.5074301328131459,10.00625433526302,0.0007032498623458089,39.74460479159368,1.2149408915453532,0.6025575178030432,0.2990108531606971,2.50089620033344,0.30073171994660847,1.6974764159923241,0.40046312113000565,0.9991323937737948,0.5001356660939161,3.004096590301052,14.933080418248943,1.0457582460724655,15.933185993550742,0.40037971786005566,14.986936159339535,0.08000004827832687,8.000022515367439,9.954047063211883,1353.9967947652792,10.020068800073574,180.3382218542484,0.44790412913857885,70288.47879788908,350.8716061986808,0.5013028382275714,0.06812426010112285,50.12335429788849,10.046168818234575,1003.5098643640155,0.5019708527992861,0.4978790045027856,1000.2964346062793,4.987333123030709,72.03234525445176,84384.96706371178,2110.1956500560505,150737.39395240965
16.07322023868108,2.743046726750888,2.0585201134960576,0.09757326191942496,0.3507820266818924,1.9053712606659705,0.2512143901836065,0.9893625128156968,0.6450130942064853,1.6264778389994594,4.192039494445558,0.1180289188920817,0.2933414834358405,0.15140918415986504,0.39748077316922786,0.31074201478902613,1.228723385559941,0.07080069499676142,2.7322419289595845,0.9462851193087376,0.3768011957946884,0.242614504336573,2.703297907887909,0.026887404466449466,2.211418201454168,0.6932164914014692,0.01410706376118298,1.9928810751875312,0.5636639027120198,1.5002990808424985,0.32177623117344295,1.105320718767331,0.12600077494015446,3.479975028324196,0.10029125550019831,54.141135003754265,1.4266019350599553,1.081638056231752,1.2313441448934785,0.40093112015687327,0.033419886360702054,0.28200148254725493,41.25243505941297,1.825481051637432,2.258466978146812,1.4053594683081196,0.10000134383677839,2.1796642252501615,1.2317452362499386,1.4106553579797763,0.47632179142225495,3.580045740150172,0.7688749088173563,2.969172818929343,1.5828620705152332,0.14304122979838496,0.6466976133694621,1.5039900724346444,9.98931206760931,0.0007033860812431685,39.55461123024108,1.2260710732560285,0.5983808146723109,0.2970112914328171,2.5089583075236632,0.29990656055394516,1.7066615792127084,0.4009921609862646,0.9965673003369476,0.4981096213946903,2.9984029969679002,15.009231725768732,1.0491937483121092,15.953918201524997,0.39887012163072544,15.001486352516945,0.07961143948803315,7.995115854044196,9.953322506853764,1355.0373213932874,10.01201115959991,179.3883390669868,0.45120855038532426,70176.81799712105,350.9075664380019,0.4987806364108633,0.0683273293980379,50.18907696322468,9.964720043728006,1001.2370709851212,0.49858449659905574,0.49972402185068493,1000.3302123922759,4.981089486542263,71.6965274464468,84197.5761328549,2103.091683564549,150631.4930601687
16.031679391153386,2.7609123452659015,2.0587802429683704,0.09673253169420294,0.35132951400031726,1.918756890813711,0.2518806602766183,0.9913462775054396,0.6470019330580887,1.6234581184886754,4.200005661610639,0.11750504209947359,0.29296129712271995,0.15223345219637927,0.39404069549266074,0.3111540544332963,1.2247573528461493,0.0711297457867652,2.738274937332756,0.9435537758759519,0.3771805943613543,0.24379524745578668,2.7182719974712115,0.02700179478539251,2.219299056462376,0.6882019526874756,0.014152233165979215,2.0066929368598543,0.5607338666468916,1.4982083675646298,0.322183342106958,1.0998628131125952,0.12613685168161226,3.4754805415100853,0.09995464380017599,53.79132895160571,1.422883929066893,1.0872084302212404,1.2283358562643176,0.39972495172348066,0.03336980246178293,0.2807157768338489,41.294855110315254,1.8109105937502485,2.2563002475048806,1.411802524997379,0.10002791600287297,2.1926730475347487,1.227831098874742,1.4046848175160471,0.47432040334209274,3.590341851149611,0.7708336484404206,2.9886790339138707,1.5963962760316164,0.14264201004760196,0.6466689160154097,1.5024389854705522,10.006077819539145,0.0007000224666402225,39.66758817899712,1.214801554758459,0.5973278425733939,0.29749630629710017,2.4925888777014618,0.2987598346329248,1.6919154335556175,0.40191355160147213,0.9971209397467717,0.502423449437167,3.001335050298061,14.953774876643374,1.0462756616644944,15.952128730222544,0.3994551115959247,14.955748728635875,0.08026241717783733,7.989362564308939,10.002694522179397,1350.016616853485,10.015953718344413,180.89532262860766,0.44974603308611527,70057.53229653821,352.5333921896294,0.5024881132639561,0.0685921579936571,50.14883494680957,9.99073241614369,1000.3890227813353,0.4992590549863112,0.5005942610197902,1003.2573958519382,4.993703300479045,72.02533918430036,84442.55494384203,2098.8715615380315,150165.55071112473
16.044121274250095,2.7376840660177213,2.0449510775097104,0.09673855039894479,0.34827244514803934,1.9095724875755589,0.2525056997305488,0.9888420900088665,0.6487846471193655,1.624971232685369,4.224163476698576,0.11783785698642303,0.29360711793097327,0.15143751196821667,0.3972597079175188,0.31205634747626765,1.2357842975915339,0.07073300256532448,2.7401828882278165,0.9471667030440176,0.3745256751643698,0.24345595160054262,2.701408379559702,0.026980660264799977,2.2163339859701354,0.6917693296983474,0.014097383081668484,2.00074010015147,0.5633186301593432,1.499470884888379,0.32252877306555544,1.1017483964467794,0.12610744017453157,3.5007205033151023,0.09980002008901812,53.738331135721225,1.4333627887433902,1.087432938212912,1.2349275230064,0.40186034160657425,0.03362298989199764,0.2808334979613272,41.49518233559244,1.8169848623642755,2.2390821325933277,1.4139546242377872,0.10028149790612169,2.1792260426138816,1.2344722456183652,1.4153782837584827,0.47414806580416496,3.562717415524599,0.7728953574023819,2.9672014381719327,1.5857420500068293,0.14306088144345278,0.6460384825564325,1.5042272626647166,10.018117636644053,0.0007023007262520655,39.753579180395064,1.2216798046385502,0.598006188184188,0.29782096663054064,2.498784557080165,0.2985554951192577,1.6983938235007923,0.3989083553258248,0.9958966776034617,0.5002316047153726,2.992110352037557,14.95355674074059,1.053011348573927,16.049614915071007,0.40064342767645,14.953450318809738,0.08010615478666289,8.017065793565257,9.973330987686419,1345.0447373856505,9.993352739616748,179.86375243879186,0.44843986356962395,69965.63937976905,350.8686568876718,0.5001371134434484,0.06842589528813339,50.24101678895564,9.953960798757684,1002.8629048114855,0.49925904002057225,0.5012645370482448,1002.3544012403019,5.005992267936196,72.0944310066555,84348.76629679407,2110.212018430856,149447.43002967787
15.977734215780185,2.759405237376778,2.050981625458928,0.09684710151513717,0.35161577052100434,1.9193176767469973,0.25203194657498634,0.9903286212932385,0.6466523155761918,1.6302634377725564,4.229735840036889,0.11771039118917731,0.2924275274105904,0.15260420156890497,0.39554220533570056,0.3134742851826644,1.228149939728734,0.07044927968549336,2.74238671445419,0.9455066496843443,0.37672989301268095,0.2419001419967362,2.716727653986473,0.02682469856119047,2.22666557910547,0.6932195399508656,0.014035876926114941,1.9973598414598315,0.5632126752472786,1.5044316357869945,0.32155900399202464,1.1054447777713785,0.1265029731486738,3.497653983026103,0.09988189682410112,53.92990090286182,1.4331509588027895,1.089018872649881,1.2273973203695965,0.40022887029185894,0.03361223329801889,0.28063003719953644,41.41741789180927,1.8168611307168927,2.242352309834656,1.4038803127492445,0.09990605558204713,2.1928857592564714,1.2331981735902007,1.404135166224063,0.47413781695579243,3.591023010138888,0.7670143662105049,2.994699760024049,1.5921097495552408,0.14362922516559662,0.6454830110777078,1.50695816620573,10.016533281581,0.0006983765353939032,39.799147821991966,1.2166580512155036,0.6003900346556574,0.2976216623743979,2.5074777111613717,0.300778469463815,1.706186203133161,0.3989877891197036,1.0049755634352777,0.5015268536824711,2.996601095748528,14.944149561535468,1.0484189681537253,15.936989192209625,0.4004614887347616,14.941938359311578,0.07994441010384833,8.013405396288423,9.995307066287777,1355.152283539901,9.974099255827893,180.04300561224224,0.4518593134539481,70078.9726914561,350.77424578891817,0.5021642236397186,0.06839953051231919,50.18212052981749,10.04404603425052,997.5610232247964,0.5014292038491635,0.5007687748623839,1004.8671917394845,5.0042785423474445,72.21079951633143,84081.0565472267,2107.239540637996,150417.87051574388
16.074706134444153,2.7431756247766597,2.041367343010274,0.09766296817909872,0.35035924580082395,1.9007794914015428,0.2520503736243345,0.9943168285646274,0.6511390719797412,1.6271590919805676,4.221868373005651,0.1179512642976154,0.2927011686878201,0.15239245402963458,0.3950890716552778,0.31177029713149246,1.226882341178406,0.0705469874334401,2.7267048598076156,0.9523534851278005,0.37569499337974577,0.24344523583016137,2.704175473316634,0.026998281046562985,2.2227727877472874,0.6931081327066655,0.014075459245531345,2.0007606714369586,0.5602636766077089,1.491549187003721,0.3222748580205655,1.1033375842061834,0.12562174106419766,3.4970817855223006,0.10017155489811441,53.900592074891534,1.4338168380399423,1.0880207630668373,1.235491948651399,0.40105482238122303,0.03362950874940336,0.2803108603349053,41.51872256105538,1.8289548402382616,2.2424279588357674,1.410157630179246,0.10036233598308653,2.1877361174348224,1.230101268038036,1.4134915457611321,0.47654231293427163,3.5692431913012026,0.7691615468849661,2.976856255144408,1.584479905605342,0.14241534686740395,0.6455758307275452,1.5052798863458507,10.045191865036458,0.0007031940649521932,39.876290676201656,1.2149125164743662,0.5993807843119124,0.2967548251321302,2.504447249425439,0.3014171746873948,1.692123622019586,0.4001053187502155,1.0003326333096028,0.49831637458350375,3.010004058114001,14.984208418886874,1.0491648780819538,16.07391333204365,0.39898953476560944,14.982820202822275,0.08021612028096176,7.998398602652489,10.01034199871829,1349.700477357718,9.978332552256862,179.39290888215058,0.451575603691365,70024.23976532646,352.61511292723833,0.4975503215223213,0.06866125194209695,50.22368415098528,9.955870494520365,1001.2757334205966,0.5014133955715409,0.5005768171334888,1003.801188615533,4.981624013421959,72.32310499657441,84253.53358188723,2101.724052095435,150037.77678935026
15.974290410316934,2.748774685016041,2.04295746011308,0.09753499726736481,0.34961366751555,1.9093699212012578,0.25303213131251007,0.9940293200615917,0.6498667722242923,1.6223392533233243,4.2271084579091625,0.11763270826834105,0.29281919535794004,0.1526125461133943,0.39439637350411166,0.31085528148828817,1.2309355094367316,0.07077714236450046,2.726988174650182,0.9509356118728891,0.3774839956493269,0.244194171160967,2.699782250072337,0.026947410160098672,2.228243810149273,0.688209572221458,0.01409718503138373,1.9901433596990727,0.5599465229616787,1.4913946972012329,0.32266835206369276,1.1013447414610253,0.12541875852468107,3.493339739773537,0.09956814279277582,53.74945601733518,1.4357394866604265,1.0864267549577755,1.2334605593752646,0.3992572466749113,0.033369609416298754,0.2817896540130498,41.250858025272976,1.8172634760606117,2.2545277761602973,1.4112944317216265,0.10042799005121586,2.2006799848451704,1.2256535602693086,1.4061448741544968,0.4756610244125584,3.567352993667985,0.7703250877239208,2.976210308367733,1.5961712665796979,0.1435978755749202,0.6424468658105534,1.493935021656091,10.049107979996101,0.0006975492680484414,39.55041893188728,1.216976514004262,0.5990451244987278,0.2969503818698325,2.495555776035024,0.29856607209707536,1.705116722862452,0.39905420832215976,1.0031778427625464,0.5007346088142679,2.999416382902878,15.070843926182096,1.0488100371953168,15.94854211071927,0.40030975718549117,14.946022459319797,0.07982145280127005,8.032619131187229,10.039215859787333,1349.537290386194,9.997827075704489,180.12021062989908,0.44812881307626173,70008.75998121103,351.1506444767087,0.4991058308667961,0.06820395928607216,50.073680410719525,10.006643579294645,998.2707281801856,0.5021869563726873,0.5013884484032428,1000.9614164998069,4.985473277100742,72.1066295695373,84369.09648135921,2106.710659961462,150206.94043458905
15.945956561504392,2.7454623130210947,2.05801027077542,0.09684727286094527,0.35031391893129404,1.9175952167916692,0.2507756725912692,0.9946245031365049,0.6504840561682844,1.6335055675284877,4.218804569207968,0.11843391335529725,0.2920360079891848,0.152303900366048,0.39538003543499634,0.31317199308823707,1.2304099720251058,0.07098819821943546,2.72090980429907,0.9455545363287852,0.377271512217809,0.2427454197728792,2.7107540484914643,0.026960669214128503,2.212667043937814,0.6886374149042798,0.014075416463099169,2.008333573298199,0.5599632485890489,1.4950736344456395,0.3234789998591619,1.1036835700550283,0.1262147852458631,3.4917077262198686,0.10033873060376786,54.15065230598024,1.4360642223654334,1.0885122804973206,1.2328028959081363,0.4011012250294675,0.033603631368483856,0.2813542315887612,41.2575309246866,1.824724361450628,2.2475334927261086,1.4057671583393374,0.09960253234381626,2.1843128747350518,1.2300953233366014,1.4064309920098292,0.475788072726414,3.596625271345234,0.7664891594961221,2.968993476855604,1.5859817725896541,0.14343523725034818,0.6425269815940474,1.4953729201130628,9.965286629155445,0.0006975494247528002,39.76722409810706,1.2225390918409667,0.5988667896427348,0.29784933774502925,2.503204778676195,0.30142517673720215,1.70413349314162,0.40121211635488846,1.0047772941871083,0.4994054856213151,2.9870729929646544,15.037034909735432,1.0460215114297307,15.990175264239726,0.40095349489998783,15.008753161055935,0.07989371630496586,8.00114821440616,9.974522555656534,1344.250871981436,9.991248729172778,179.20496626363422,0.4521584554767496,70145.24998305416,352.2116151933347,0.5022589388182824,0.06836536938106275,49.960179087043834,10.039342514422554,995.3468194524648,0.49993601741437066,0.4988430731076674,1002.5275843208157,5.016836137750298,72.08640134592117,84132.62852461124,2106.15774956451,150111.21405376346
16.02162147663385,2.7616103081911656,2.0448570266241153,0.09690992761699696,0.3489157891927224,1.9137675205313658,0.2530203199039847,0.988285215016615,0.6474859683662723,1.6376314562766852,4.1950663172834135,0.11844787471337018,0.29434570564787926,0.15245524734670987,0.3953521671998754,0.3124791730619524,1.2274344629928808,0.07053155223315553,2.7192812797581984,0.9433485763027903,0.3777986198797686,0.24337684659230882,2.7051555259304774,0.026921272142625293,2.222643441688477,0.6878122098213159,0.014070230413599052,2.0009455550790753,0.5639096450866716,1.4914549423177768,0.32315384109966044,1.1011988471958427,0.1259869707736756,3.4775735199559845,0.10004990385698248,53.83109279974503,1.4255522304693333,1.0911303113612905,1.2295150436043818,0.39831902412890774,0.03343371646187095,0.2798059841985621,41.57180357400091,1.815323727876074,2.250143925920139,1.4134618671247963,0.09965851087630623,2.18863097834378,1.2318853612537408,1.4153855475135857,0.4757319900678191,3.5649670017620005,0.768626023265964,2.975557779615576,1.5882235478427533,0.1436315145110922,0.6410099295879086,1.4970326042157713,9.999245592133349,0.000697104772169711,39.673467862817965,1.2152069727899688,0.6020266932881944,0.29731485148776726,2.5005752795626304,0.30035495356311176,1.6966973354899708,0.3994052587991313,1.0001051605391442,0.5015271734942259,2.9985807563104747,14.99863438865032,1.0510065818333418,15.988033830372727,0.40090431342510535,14.925736141094118,0.07998641578761059,8.033841294406203,10.0115903768154,1349.8163965230065,10.027202483547146,179.8074013365574,0.4498526052662555,69968.0569956782,349.55144510429074,0.4976276136208568,0.06855835209023711,49.984095057089455,10.043935324959696,996.7681604969097,0.49871991714842,0.5006936297326731,995.5459768563069,5.000170662700957,71.72897869253626,83925.85941020392,2105.2547023338666,150103.60621396863
15.953925559186883,2.743709061936373,2.0455742055464925,0.0968518391528135,0.35163002298261137,1.9136710186794033,0.2510193214151965,0.9885858858010259,0.645878466115488,1.625670493973196,4.228502014375075,0.11757136848488849,0.2941128483679723,0.15251958925297518,0.396964926277543,0.31198977271463313,1.2270279221536793,0.07103433374491053,2.7391202465619533,0.9482399956358811,0.3742990263329248,0.24225389566870328,2.697969861752613,0.02681387642683585,2.220186952433192,0.6924437968471462,0.014121606393378441,2.0020180593904673,0.5633934989065744,1.499094474774141,0.3218178357915437,1.103468997897894,0.1257608324327713,3.504941210264139,0.0996161905825173,53.98422323024313,1.4300073838484737,1.0861930292080753,1.2291355114714773,0.3981688300961562,0.03358425712462904,0.2802855382540149,41.38032978815128,1.8263262123828634,2.251734941274308,1.4149552559917158,0.09963707939456276,2.1852218043383096,1.2266535686975029,1.415447313358212,0.47633739667694897,3.591960810677052,0.7705288634129248,2.971678317571011,1.5880442741519598,0.14307193024864895,0.6409022220372004,1.5020946340161294,10.03548694969042,0.0006987794472778946,39.75134049029651,1.2197994721247647,0.5970238649518049,0.2973562967348894,2.5006965063456468,0.3006747254351238,1.6983345740453597,0.3987449815820721,0.9956104972081633,0.501073460500503,2.9959512402123964,15.022065630584414,1.0470783943052033,16.04074968594468,0.3993775446627994,14.932855302021538,0.08000818679977188,8.018515731782072,10.043249715794587,1356.356580042575,9.995641960716576,180.20137204273578,0.45025749417346983,70205.54015731723,349.51753339352706,0.5008543252262628,0.06871824484987588,49.8134014443008,9.981185450791694,995.7704991555536,0.49951391448717236,0.4999083605802225,998.5801809116929,4.99882910720895,72.21813614398815,83970.09219712496,2110.430304183348,150439.9319962909
16.01298130097126,2.7449213326576776,2.0589482670632275,0.09706771425652054,0.3484247241472037,1.903049277972889,0.2529868068142239,0.9865347671638641,0.6476591140375729,1.6331291364413896,4.213100441908886,0.11818097860625341,0.29255702696706165,0.15224659893042675,0.3940559788770691,0.3112613407377664,1.2253702780751257,0.07076832618789523,2.720330970148444,0.9484490777594466,0.37479930055513494,0.24279166316001613,2.6984614030292087,0.02688385469280822,2.2268372287991296,0.688736618687461,0.014129090659818992,1.998519721864834,0.5605062704937868,1.4940580746375363,0.32136430201824073,1.1026661679881247,0.1256231793109803,3.5066742263969846,0.1001874842621801,53.856712354639015,1.4371214573400741,1.0839147847282296,1.2332338079407246,0.3990837475903339,0.0335145940911898,0.2794492607815923,41.533399436515545,1.8175639646183,2.251900943794367,1.416024702026987,0.09953024672538416,2.2002495818666943,1.2303097059914947,1.4139585266923864,0.47487196263662773,3.5913094984404776,0.7729303029726339,2.9764738868650227,1.5935398524668973,0.14371302375135334,0.6456559279908282,1.506853197413168,10.023661723003435,0.00069880920856223,39.809813784583866,1.2220293573295784,0.5971984078407073,0.29702385345443244,2.4940318251965032,0.30073069142151576,1.7050512552080408,0.4013075417468419,0.9956721473753593,0.49786078340736056,2.9939832965336537,15.027186509665786,1.0535929415433103,16.059100106736672,0.39883006125914455,15.040112292177511,0.0801126199461997,8.034138401533555,10.027286104385645,1350.3863873363355,10.028319428282542,179.65489985043035,0.45128765357731143,70379.32965895778,352.1163203811395,0.4987119802685453,0.06863871657447237,49.83452510924719,10.027189960865686,1004.2991748916288,0.4976789905730698,0.5006300632353783,1001.5959172255615,5.015757145128483,71.71403284733006,84555.78566949582,2115.3942188709316,150258.1579092395
15.988789277307195,2.753712923339418,2.040871475385456,0.09744594920956806,0.3484948830678677,1.90661148807082,0.25109128478160986,0.9922378084211003,0.648611895125437,1.6332470221136781,4.191668234104877,0.11784707947739118,0.2927250771220143,0.1521556457662621,0.394425229574828,0.31245937937527823,1.2287047924655525,0.07108739133418038,2.728629789517603,0.944227638518148,0.37450879159962663,0.24240293824255577,2.7029488951575593,0.026979808588834628,2.224937025803722,0.6870790417660166,0.014149552201043875,1.9919226008953688,0.5636052283116494,1.4911859079286491,0.3216018738677352,1.1027602368456608,0.1256895800884297,3.4765052149607047,0.10028719526650016,54.01295493071785,1.4355951314393955,1.0885386759943612,1.224759593855341,0.4005545386680952,0.03360803986906322,0.2795313856759648,41.23921345791939,1.8232317240771523,2.2565549357488126,1.4079294302191692,0.10023526160118677,2.182715364292706,1.2293112653633036,1.4134964342293315,0.4735701842303398,3.5745904891691636,0.7709938069064052,2.9754106572069614,1.5959491165123145,0.14365311834472066,0.6449163444541669,1.5042360035878939,10.040669649808585,0.0007014130153631979,39.78845106560568,1.2148786742553908,0.6019425761115542,0.2973282025359135,2.489270113103435,0.30026841456540454,1.6953553784847037,0.39831938744316836,1.0010956143542766,0.4979927616255345,3.0116168258892015,15.070390872471535,1.0525010194686921,15.966026118687685,0.40025016421092297,14.929707853072994,0.08009711961352287,7.981107260975739,9.99550242818996,1345.6647189377263,10.048655166511837,179.47336420601218,0.4496262079877232,70009.77388422092,351.0159184441954,0.5020267108363258,0.06816975770931338,49.820406440478045,9.957406513707339,1000.8935130733763,0.5005103848994519,0.5016069518815968,1003.35961331084,4.980097122616876,72.2955782523923,84488.3768078002,2108.099550884903,149770.59016518056
16.03929376285143,2.753318527271519,2.0469874521736187,0.09672688455486302,0.3503236134182145,1.9114609781857022,0.25112953650120795,0.9940226289483496,0.6457921111072775,1.6265296672187042,4.204610696674442,0.11821589947315113,0.2917742055687666,0.152307609144923,0.39566133194674014,0.3110107923163728,1.2252285897464041,0.07073793388981436,2.728525329758239,0.9445616185363533,0.37593407150558195,0.243005925805533,2.7230353850320923,0.026957378857547377,2.2091701505601926,0.6898403905784732,0.014032544166283308,2.0002242594847623,0.5610892065248375,1.5030404966022821,0.3219783905652049,1.1038489468821693,0.12610567925489674,3.486388310170414,0.09972970696980418,53.73918999045272,1.4342120120356816,1.0911630638754728,1.2278362463613395,0.3999784500969528,0.033428813039188245,0.2805745113840773,41.54293247933087,1.8134111369010286,2.245308435603638,1.4127533291433372,0.09981062578058467,2.180827320176166,1.2284551849585634,1.4124871272036799,0.47729902343935626,3.594038719220165,0.7704764593342228,2.9882645273785626,1.5911350719895407,0.1429912728329849,0.6418788739674556,1.4968825427618948,9.995210689054808,0.000703399225521793,39.72307755512132,1.2254275205193965,0.5985520975343235,0.2967155343468154,2.511959376915302,0.29948887286754666,1.7006002040253738,0.3982845717787288,1.0036039154350962,0.4975034004464734,3.012180356810089,14.949805629611598,1.046676521925708,16.05212791224911,0.3995449216922368,14.963402673824294,0.08007715282885527,7.980352918261982,9.978654740423668,1343.8649295084733,10.003941127965936,179.332954390279,0.45151704620070404,70358.17095127347,350.1172409571373,0.5001688928867419,0.06845292579379528,50.08322584754188,9.99189207624184,1001.5253217147575,0.49834694832493126,0.49985509365782826,995.9400626715565,5.022053490233276,71.92901474516624,84309.8986617031,2104.7856340023477,149290.22634651282
15.93003415966009,2.7435252968084014,2.053586168716921,0.09733747450242401,0.3489078074693478,1.9097825123697942,0.25166499426699795,0.9906785883091896,0.6469287673619047,1.6364580290437556,4.208838822738863,0.11791336184766803,0.29359574604191163,0.15242664536543618,0.3957527087323621,0.31077995581488427,1.2248965948812491,0.07067742699559876,2.7363494961380215,0.9494564956707495,0.37520188493247764,0.24179567590278528,2.713866427454325,0.026917323692535036,2.2260492600509734,0.6912845442348222,0.014064312938624812,2.0046579874006794,0.5619234617097266,1.4981194079777602,0.3215395180639668,1.1031964826759926,0.1256170703837713,3.4796884245055835,0.09973742608566831,54.066097584200875,1.4332618854634347,1.0844954174007253,1.225619780731201,0.39811275879667946,0.033561581215213375,0.280809116753858,41.473737912206225,1.8237902428114643,2.2577574608332984,1.4088151252382148,0.10032727416024155,2.1885933080761952,1.2325562033568245,1.410721101490728,0.4770017673435087,3.5753505986380256,0.7714616688939285,2.9829232300778483,1.5979290544338725,0.14239548433736243,0.6446318210898087,1.49598664713638,10.038418593810034,0.0007020614930476097,39.744217858968334,1.219760253024746,0.6010877501904611,0.2981619261415743,2.494682476632638,0.3009582664636941,1.7002137931124577,0.3990284764632275,1.0016435063709106,0.4975932088891458,3.0066026815487996,14.995550249085554,1.051410299265593,15.94515482221946,0.4008730082657385,15.033491412715113,0.08019327245104578,7.997375988841615,10.014050639242262,1350.664945439015,9.973307984619236,179.14144116280457,0.44961109577200775,70403.01508385965,350.2462845029767,0.501245009183316,0.06849553120711843,49.926632002028065,9.950057556436487,999.3100619087786,0.4994642510175401,0.4981937131927253,1003.1872764107482,5.022774132536025,71.72729493214904,83984.42286833285,2107.7890586738968,150676.2930188026
16.06943988865944,2.761861965949614,2.0487729720827947,0.0976722975172385,0.34952632150869856,1.9021059578509054,0.25251518670015316,0.9905562259559283,0.6499404131009375,1.6319740574010881,4.223499234270562,0.11781579177091861,0.2923786552307519,0.15239101439094155,0.39599096615586254,0.3109997135343679,1.228462736102224,0.07101286559166535,2.741573075552828,0.9504678551335949,0.3768201509600427,0.24375730451812674,2.7018843705168467,0.026921407332183105,2.2220909233117667,0.6930769372279216,0.014031657940887652,2.0094104601223317,0.5632705354769929,1.489850903209946,0.32206057641939695,1.095267627272686,0.12613027739764074,3.4883110915620734,0.10027242626494398,53.952820110480125,1.4340952391217174,1.0855737049263374,1.2343897103189094,0.4014652248312007,0.03355207197316324,0.2800367545655373,41.59340322731723,1.8257827520424812,2.2579121635393595,1.4031128724889452,0.1003261445320931,2.1838189565711272,1.2301015517401253,1.4128804263001675,0.4745738881583109,3.570821716940377,0.770001400544636,2.9740330332684244,1.5918335988412118,0.14244188082291595,0.643409564646935,1.5013740391951846,10.049052145575308,0.0006999682043906354,39.65059154354809,1.2259683932837442,0.602552309937298,0.29851544093532617,2.50111933250896,0.2993126860128265,1.7021054972854792,0.40133589368015826,1.0048158664693172,0.49835485404659363,2.993221696770321,15.057663879298214,1.0537901335896735,16.034665412245015,0.3984149251572478,15.030938303644373,0.0799752472768715,7.989700092796348,9.975068640552784,1347.542738856263,10.003579295919243,179.39150970530238,0.4500418745632237,69864.92004492176,350.55645200069216,0.5023001323119297,0.06856345899458353,49.784301037695776,10.018783623500141,996.9611316518022,0.4998708218653878,0.4989708425562676,1004.3416102509564,4.977722008251075,72.27428978819829,84380.58299064422,2102.11171200489,150569.46382326103
15.985008458614946,2.755455176142073,2.0559012420768243,0.09699237200021976,0.3485028951687783,1.917031203733334,0.25132284387524423,0.9942748893049793,0.6468014571642138,1.6286128022265276,4.2070660590493,0.1179621092504769,0.29435589400011164,0.15161253198009467,0.3964287650301299,0.31135768920307083,1.225460441204076,0.07065045062268238,2.731430632152616,0.9490142648346194,0.37511159220481705,0.24418417410449716,2.7062803222335186,0.02698931820395301,2.2096777521639623,0.6913470047156599,0.014072288222814647,2.000737783646555,0.5638917113023919,1.5003659225509047,0.32154802011958,1.1025572740994904,0.12589163684543359,3.474765674892928,0.10016558491978132,54.14548761239891,1.4240462273630707,1.0890394870293536,1.2341787281938148,0.4003865303906964,0.03349510975327938,0.2799623538956139,41.26328514916384,1.818112597370342,2.2531789798101016,1.407386876692104,0.09998840589919886,2.1921897661781444,1.2264327494158278,1.4134036731771613,0.4756110816802569,3.5832876545182795,0.7698314566826392,2.9759712108130905,1.590776135080352,0.14337999613294283,0.645326706733867,1.503565672189482,9.97094174886996,0.0007019577924347869,39.61469156979092,1.2167435996525233,0.5977293067390882,0.29898437564779506,2.503079933486576,0.30102391778748766,1.7010440686841173,0.4014411217751178,1.0005657123059875,0.5007292228576963,2.986690816619423,15.025448800435866,1.0510259722825492,15.958732192689704,0.39845093528936315,14.977077720957169,0.07964814616697803,8.008066340393324,10.004594292167099,1355.6405100739485,10.00175616088082,180.41351514913381,0.45073793284105274,70322.12810648573,350.2161613744662,0.4995767504487052,0.06813992244007891,50.07523610819406,9.98024378327025,1000.4879251076602,0.5021076186645648,0.5009145707451317,997.6766617279105,5.000732358797848,72.07356735947862,84505.8677433171,2111.183673345316,149722.853517624
16.067142659202293,2.7403031695180537,2.045409808783607,0.09674691620268275,0.3493394224605903,1.9083583264541284,0.2513480968193951,0.9851748603865224,0.6448281324761507,1.636910646177363,4.219885346314081,0.11823410643089756,0.2938372003262592,0.15229516792958964,0.3942633714426197,0.31332828051364287,1.2291243712572502,0.07076702618029941,2.740553348152414,0.9451986880051593,0.3752962015460607,0.24386267865955313,2.710532826419591,0.02687852030423501,2.2300912811191056,0.6926821493215791,0.014154621918115298,1.9942440436753752,0.5639327007588822,1.4993457142919906,0.322616718613049,1.0950261379285489,0.12607022551040745,3.4801777911753193,0.10042711583227071,53.94322619559575,1.4316786752905404,1.0842095073414393,1.2290329262440007,0.40011760627029286,0.03360453346002818,0.28101322395739226,41.22983589791743,1.8191042173134149,2.2453992613042444,1.4105487131393026,0.09996983510425911,2.179538985534954,1.2264024581147814,1.4122571125590786,0.4752105636313822,3.5640074717185235,0.770752038227026,2.980097032538256,1.5844382047706036,0.1422878017511982,0.6429400806478516,1.5041953989652543,9.963303015384907,0.0007031110217446151,39.69684554762027,1.2231524178522764,0.6028611247584679,0.2972927014703634,2.502071433438247,0.2995219713975638,1.6929372794833033,0.40117400678931414,0.9951208646936796,0.5018441748072447,3.0088365756659314,15.02076009042311,1.0509569690978493,16.055305681364313,0.3982228200207759,15.035458548982481,0.079744335509454,7.961628333290298,9.98122901121924,1347.6667811412099,9.969261787774784,180.37950606932648,0.45026509929412095,70476.80726106715,351.78819955972483,0.5016306495771015,0.06867531295233573,50.153179430238545,9.961813587843533,996.854790935956,0.4995090577724903,0.4991603353792003,1003.8542560343418,5.001209998448925,72.27067411599361,84115.97754480634,2113.557000752672,149357.59135033994
15.991287625429532,2.7610310020915634,2.0489673352527054,0.09742617655561012,0.3495130683516449,1.9162879142783125,0.2523311625657559,0.9930873998700711,0.64823643619603,1.632243115114604,4.211206373990646,0.11807942817677877,0.2935542588516792,0.15142368830572792,0.3970635656950236,0.3115482477226093,1.2240047210798672,0.07090172179865256,2.7331023696914998,0.9501407854426314,0.37787367991480103,0.24290632108697197,2.722827035434066,0.026920923158204425,2.2168448700185244,0.6912267498263377,0.014057200129479487,2.0093258422422315,0.5616687439988931,1.4896741528409196,0.32250014812909433,1.0958236331733644,0.12548203400046784,3.4733720507005508,0.10038296774122663,53.65860576612113,1.430531992466804,1.0868851739319807,1.2350557668489879,0.4016445705796403,0.03364099541720972,0.2804193080019201,41.3790323253188,1.825927169192525,2.2414535577343133,1.4045632979664227,0.10042172799624649,2.1796946021458217,1.2285593479816632,1.4056987417503954,0.4730239359832399,3.5969644779907095,0.7674278325687903,2.97797285070564,1.586123142819462,0.1429873725229937,0.6457187986734781,1.5023957541888682,10.007174976919128,0.0007000747688249686,39.53391889165736,1.2188105446454673,0.6024315957130127,0.29895515867587225,2.4891184937118025,0.3010213302633834,1.7055766569114337,0.40120784326332565,1.0031481262553872,0.5024151700923851,2.986656165760706,14.982570708810295,1.0549185952621456,16.008427029900304,0.4007291886092288,14.979278282457466,0.07976951940817854,8.038274079389584,9.986165218281187,1350.8217061809148,9.974381477023426,180.84051223021484,0.44891286209092,70472.51510981207,350.13952307933107,0.5022346279703749,0.06830925503012306,50.18603022039919,10.009982484409361,996.138239198395,0.4989781064436399,0.5013044380010008,1001.6753768915829,4.992804898921349,71.78064871554338,84487.91331023462,2107.576183400556,150272.9471133639
15.99665068923549,2.745884373670272,2.0475861151103087,0.09674424060134762,0.351553170632111,1.9074510336789943,0.25195708211363355,0.9885858451615503,0.6470616055839885,1.6330255153203685,4.2171719897068725,0.11836606551978407,0.291745349386285,0.15256856920704426,0.3978084615180755,0.313526011234704,1.2254341415049534,0.0707905817348266,2.741985871356349,0.9504547180213418,0.37434635670526367,0.24389983973168197,2.719174585405208,0.026975365200231236,2.218042781967774,0.6909128332676465,0.014130445143026455,1.997932994188862,0.5635960812740817,1.4936061167107948,0.3209813019861046,1.1039478929502184,0.12579754465153203,3.474531334323298,0.10033269731290247,54.07119932494397,1.4343241835608673,1.085270404937846,1.2312699638048759,0.39805566209292764,0.03333326557788366,0.2800242606471793,41.400474868699874,1.821825740467106,2.241751508480655,1.4151840486355296,0.10045955217903138,2.181660746173094,1.2339834514515085,1.411610754334464,0.4750113920003897,3.5796084736061973,0.7719237307375524,2.9713256726150776,1.5917324450839954,0.14265873555948289,0.6413284430299792,1.5007931957942784,9.976860782673766,0.0007016985769268853,39.73968380234141,1.2166367334989656,0.6021693747289567,0.2975440557951026,2.505226331298382,0.29930197028371314,1.694842193953094,0.4014410919929976,1.0041866532085455,0.49926025410728014,2.9944491103051525,15.030384826278627,1.0471373231309804,16.058272977491225,0.3980340595105794,14.946318507227636,0.07969656212236605,7.985425889375402,10.0366141133924,1351.8901281719513,9.960747259348073,179.2420510489195,0.44904794622399674,70266.10079546538,351.19897002698747,0.4980711142273339,0.0685783865885333,50.06613253146852,10.048305621928069,1000.5259522914046,0.49913661896938066,0.49809675729956815,1004.1910049918162,4.97688348494362,71.89108414293668,84236.88550051139,2106.4691086352204,150123.485407355
16.034739258938192,2.7397788536358543,2.054496599769844,0.0975786108395901,0.3483565640179431,1.901133925506405,0.25323827775829144,0.988138230889847,0.6477088083868131,1.6269040200999538,4.212378087766738,0.1182495482329603,0.2937616531232266,0.15178019099475312,0.3950518845056674,0.312145491833708,1.2285763370240979,0.07088645499563585,2.7330454221189364,0.9517394149552236,0.3741345004623889,0.24203249111239192,2.717770889792161,0.026922477627473282,2.2102876339052777,0.6930536444574543,0.014121207017753433,1.9997199106830545,0.5635712733412478,1.4984373460826725,0.3215920159178578,1.0977629849099766,0.12594132161684957,3.489136094533568,0.10021203191405358,53.89544582333285,1.423112292924841,1.089007156290729,1.224706179415238,0.4013853232003064,0.03356977246781446,0.28097463736729145,41.37102644988305,1.814032412059937,2.2534874118746577,1.4044938670407787,0.10010454577858918,2.1830651122473284,1.231191507230694,1.4050813466773122,0.4730737905756155,3.578957171234429,0.7716151040715896,2.9722059309476476,1.5899635241422414,0.14342739989465925,0.6443183680684047,1.5014569416779788,9.97201592860159,0.0006973714936749731,39.540740043215436,1.2257682101409368,0.5975197095808691,0.29696149076890366,2.492642350616577,0.3008638368259132,1.6982652104341343,0.4011635850076998,0.999189278101206,0.5014736733536522,3.011864168824112,14.992094341543364,1.0551068561756534,16.069265794882412,0.39806143274157973,15.009621275093206,0.08012569777948557,8.027453144714446,10.017336000232682,1352.5413898108013,9.978964521961295,180.5769758320973,0.448034798852039,70292.4632412469,349.8244914386909,0.5013278799137102,0.0685985250912559,49.837392489969965,10.029355297428799,1003.3749554043252,0.4977651587865481,0.4996500335135935,996.9269520256711,4.981320289291261,72.2185596433923,84036.83376642613,2108.0311238416693,149255.52217220515
15.932712656792168,2.7530316261583896,2.0473405883313784,0.09756907336778417,0.3485378376349195,1.9123637710979016,0.25251126264384605,0.9911010740081666,0.6491709962035818,1.6259140855553522,4.221248129381703,0.1180644968711737,0.2938439670772655,0.15142508244660874,0.3945230350226527,0.31167402160909313,1.2286453107613984,0.070536954827467,2.7185668841877746,0.9440257506375084,0.3743169444261816,0.24186554535777552,2.718340231415536,0.027017010570943408,2.2183499890466427,0.6878385090895262,0.014075799981433641,2.0063703220753446,0.564412393219694,1.493088129488432,0.32048856139612336,1.0978948069508985,0.12585555971734963,3.472654976904156,0.10018142521305172,53.707569266176336,1.4240203290369773,1.0893820010536568,1.2333306243128221,0.3987361126159168,0.03358994422677857,0.28013155115544613,41.31058156038335,1.8131282687743437,2.2438465648995223,1.4034966425389934,0.10017196251645005,2.1976950053449653,1.2244446299534102,1.4065512470637869,0.4742694839614664,3.5761531499994432,0.7724963911593813,2.9663777378180196,1.5918144027009515,0.14304614247068295,0.646179774007475,1.4970879565376027,9.960181994771473,0.0006974140460458992,39.7318133701223,1.22055822754027,0.6005537004831369,0.29691853231848975,2.488562249546928,0.30019948008311703,1.6928780503100636,0.4017185618378001,1.0030331766064773,0.498399764287351,3.002935337827453,14.944803683063945,1.054579794892504,16.014312279747298,0.3992710205420322,15.027060056811422,0.07960203075266488,7.98302862191268,9.973416919345166,1347.9233898682667,9.9585306336577,180.84238139304978,0.4498554942233326,70432.13436577548,349.32446445674054,0.5017241203474068,0.06850467576335803,50.089386601117965,10.030634271608356,1000.2607310044663,0.5006700568528637,0.5019989232084611,996.2510461569842,4.977783302180951,72.34753850333543,84532.26302290442,2105.294404731204,150421.15597866572
16.06110733922158,2.749088550262381,2.041758156587671,0.09718118658475149,0.349479805108388,1.9008920138259828,0.25315679876562597,0.9921362642008135,0.649852103680118,1.63157718953008,4.200282098570091,0.1180999487029785,0.29352819523973256,0.15214795688718877,0.394523491372116,0.31297828216041423,1.2275098941207863,0.0707268860276042,2.7313844707830373,0.9525279863261313,0.37529509220721996,0.2418867582977353,2.7228035592334474,0.027023061910902164,2.21330181461561,0.6922704026616375,0.014159166016045367,1.990259842614694,0.5634316937478769,1.4922078893342035,0.3230535217073196,1.0947304080440252,0.12624096425184633,3.5010554627530066,0.09953563877962471,54.04858274372339,1.4245483198965838,1.0824246622947853,1.2351741773367506,0.40169212113481684,0.03358078207436642,0.281795306434204,41.18996522183077,1.8202125489323562,2.258361860493411,1.4155381355168704,0.09986702682164728,2.186158952768329,1.2324597336667813,1.4037983793609825,0.47633247055077443,3.5710386239907725,0.7701661082293638,2.970838008404208,1.5937262907344172,0.14365275127663166,0.6442629685591565,1.5067607518482862,9.99020692884034,0.0006985048106364449,39.81436060443607,1.2143627682654798,0.5986870522776614,0.2985676594885174,2.4922227926563933,0.30117135938023004,1.6996970226530386,0.39898361290326556,0.998712549395071,0.49891873662579117,3.006027574032311,14.941485719510991,1.0537135691809039,15.943811157746675,0.39912986874733897,15.019005720250068,0.07988336529408364,8.000804277040638,10.006910431147862,1346.7467948010458,10.003460178547844,180.79085519434915,0.4477611414554226,70249.53502532044,350.2391570487712,0.5018102764733721,0.06812406894766784,49.780312235426436,9.990489627639565,1001.7374223791448,0.4975322603498106,0.5015561690705576,998.3651360838007,5.021012667086331,72.2921512363873,84433.15622970558,2109.9889689269758,150151.21829199523
16.047118011488266,2.7411472846054132,2.05650072083486,0.09726338214951377,0.35098691519561354,1.9098815534006837,0.25233001592888477,0.9884318076907801,0.647510187064739,1.6277958035955624,4.220128892995667,0.11764664773297799,0.2942614271821149,0.15250051242276816,0.39743246977380253,0.3132916202721416,1.2292130390080387,0.0710774757935321,2.7284740650687986,0.9442232201495241,0.374306440901302,0.24193950760063226,2.701544979293147,0.02686228756118551,2.230639402643671,0.6882142781729172,0.01415823184556034,2.0062086690649195,0.5640295102720192,1.5012628855227494,0.3235233613101576,1.095817952993743,0.12597351233396611,3.484514961534536,0.09978423748509994,53.88133288396822,1.429727293509617,1.0922822348785408,1.2271055846468575,0.4016467248851071,0.03338843615924408,0.28116328497078413,41.30946177574508,1.8283789124756453,2.2530287927953827,1.403855438899725,0.10042353991666252,2.1854846014904314,1.2352569996336622,1.403140142681026,0.4736637817089217,3.572066658566754,0.7714474923372038,2.9888789323109837,1.592068434322032,0.14237369286707804,0.643572630754634,1.4999097587196049,9.985872214987715,0.0006994368208084325,39.67310193455392,1.2206588220368793,0.600785704313518,0.29713616462837383,2.5100421629326903,0.3009836483736329,1.7048724302771212,0.4012234167882358,1.0002545767714288,0.5022652853166732,2.9959784904112237,14.987997413832272,1.05332092654149,16.05904062131186,0.3997959493827363,15.052201762769302,0.08010658776699209,7.991041672189626,10.040549666386944,1350.0429513389859,10.034914355913484,180.56235208975835,0.4481848435246498,70442.46370057261,349.68554175663434,0.5015693010709893,0.06857480893534287,50.11858789430573,10.04208765764995,1001.0055936082689,0.49919302182558,0.500465962268343,1001.9612892331655,4.993230988220014,71.82309313220944,84202.31862686612,2113.3843600681175,150195.69706634444
16.063560899889996,2.749315680741571,2.0591633080432787,0.09748339463030899,0.34949104146845356,1.909010994319259,0.2532543778040419,0.9944916333559062,0.6474183595712812,1.635437017339557,4.227249602593142,0.11770706253892574,0.2930515857876238,0.15239076972252813,0.3943243719430779,0.31295373449908365,1.2264458678069334,0.07078511332942125,2.7265930650744634,0.9502768044395855,0.37499669878098063,0.24291824972225592,2.703647193054399,0.02678024179763458,2.227625964904794,0.6880991879004157,0.014062270819079913,1.9909351770906496,0.5620151558729474,1.4935413910354727,0.32221091465038176,1.1024588221601979,0.1254278713397074,3.479547092592308,0.09989089136050718,54.11473053240211,1.4244190705496766,1.0896504334298238,1.235579063366583,0.398310667954432,0.03344405813546177,0.28145667701120236,41.570121725164405,1.8153904644819332,2.253192305242126,1.4132650465863126,0.09990402385335613,2.1937126649501253,1.230604266981045,1.4161641938061802,0.4751839252453772,3.5805947795705575,0.7713035746131672,2.9696384665196156,1.5904922370877506,0.14235748175346807,0.6448180343846956,1.5005199550824893,10.033940014799805,0.0007020839221317051,39.653233886206884,1.2219397191342176,0.5988198898150598,0.2976657565857903,2.4894506129360043,0.2988021113051217,1.7054186683910937,0.4018877753800516,0.9998922134713073,0.4981398210219353,2.9876501513359326,14.931811007499615,1.0539771895326953,15.990751786090714,0.40152147394866256,14.97942417895324,0.0800704491314412,8.013907079758534,9.95500339499692,1352.4515254079804,10.029971594364813,179.13974356858338,0.4480146981804557,70197.50213477675,352.5239409915764,0.5023662246193634,0.06813295180090967,50.13044020702267,10.029331892534646,1003.7695528647232,0.49771759074968763,0.5023621678160293,1003.2170860905347,5.005384311856701,71.6881162744763,83992.18467188496,2101.771591214847,150536.0812090874
16.041779262244535,2.762119816459526,2.0484120177864282,0.09760512783585953,0.35138497942758523,1.9008030934074776,0.2513429204110178,0.9929688415155162,0.6490697956279673,1.6254830737163837,4.2218498808633935,0.1177835359474802,0.2932992847385455,0.15266067977103867,0.39496888799904134,0.3106127465836934,1.2319697071641922,0.07096172234976779,2.724883401725752,0.9477005358378494,0.3760040989573384,0.24376775158473227,2.7152324451384184,0.02683893267060419,2.214960869772106,0.6887922590611056,0.014050079348669541,1.9926855701012989,0.5637838528334218,1.501965627203642,0.3212274573548861,1.1038543646238153,0.12608912602348382,3.49740430708679,0.10038044420017474,53.80667835694294,1.432319832598697,1.0849187570533803,1.2349558532605174,0.3991983431437911,0.03354198687923533,0.27983271153506395,41.336101761579826,1.8172954565420958,2.255632305623189,1.406990993113026,0.09982740865989195,2.179256182720595,1.2277347943970551,1.4067872793116625,0.4752118851191886,3.5764837405411996,0.7736996292551209,2.981374740672314,1.5832067038975841,0.14344256394015123,0.6411230256473701,1.5050584449076736,9.990547118562617,0.0006969317384165695,39.86941865627053,1.2199441915412281,0.602128878294787,0.29776326280853765,2.4990401864356513,0.2995870923151625,1.69777167371527,0.4011738209390213,0.9953078446530974,0.49994931986752844,2.992966713802937,15.00850781619705,1.0470097228276007,15.975800103807613,0.4001330322380236,15.036271272881605,0.08035677503610522,7.979450357466084,9.998291359903654,1347.9567401997983,10.010603685872827,179.7596646513378,0.4481863610277106,70262.285958285,349.2404304244599,0.4977152122696274,0.06866280712637504,50.18514036949932,10.006271417218969,995.1800280481856,0.4992155278466499,0.4992313381502553,1002.2089033640931,5.015595434837832,71.89505249972872,84145.09600913053,2099.20408804316,150341.87756149186
15.97586445231174,2.755650709697733,2.0542414535022786,0.0968658397072537,0.35134917566047635,1.9161983856705618,0.25220918911661755,0.9859046156270851,0.6458438119573691,1.6233525098193802,4.208468189392945,0.11772330495003928,0.2939692342597469,0.15190265372622816,0.3958103079770039,0.31331640752693446,1.230956589623953,0.07072024116313827,2.743198388977532,0.9476438912144263,0.3762995976997055,0.24271326232251372,2.714585522307241,0.02697419228287019,2.2228558574517727,0.6882641041925819,0.014162363890544837,2.0002343557253477,0.563832248085183,1.4896471061076202,0.3220571996404926,1.10479137517714,0.12623714474396658,3.4765349706696336,0.10020997300039564,53.648547644800665,1.4281221355164762,1.084137963058792,1.2269482146456134,0.39816592292587677,0.03353923931078565,0.2813790239265697,41.303840099513295,1.8215806806457469,2.2499413597371714,1.4169533915284942,0.10031233209217652,2.1997682319415346,1.233989254459834,1.412223170406372,0.47296303885851254,3.5928126158126727,0.7720098482832147,2.973508408996329,1.5863332046768057,0.14303467890268745,0.6426025287927432,1.5070593813060789,9.969356919194205,0.0006975736487404693,39.49887030980803,1.220641610412932,0.6014419725703473,0.29825729802864903,2.492706903670803,0.30127028407851497,1.697948048448146,0.3985632053634045,0.9969105560829711,0.49969105650233714,3.001331276870868,15.015217315925174,1.045518990610695,16.05879913140193,0.399345721505467,14.963909527197856,0.0801500543282004,8.009084869137542,10.049282066173838,1348.789768797904,9.96832480196542,180.85097630032897,0.4499190754502328,70295.36239301943,349.2641210664631,0.4991794298478063,0.06873326178634442,50.23218893498884,10.048415140828947,1003.2393095694409,0.5000025432603903,0.5003600965136065,995.7485278537537,5.014663735631136,72.17933118245153,84386.40923324393,2102.52801701139,149648.77345689933
16.049586981488233,2.7630497816211643,2.0484314209577597,0.09676796054085837,0.35140254429472506,1.913618372621256,0.25243198354803886,0.9943981532283527,0.6491048167418786,1.6319154047183115,4.218845669255435,0.11798105401347055,0.29237586937371807,0.15162271729718102,0.3968959307848097,0.31119694033219153,1.2353032143010685,0.07073132322821345,2.7336464287607827,0.9436657382697056,0.37580801300848116,0.2427559333238377,2.7169012319796195,0.026780407950681446,2.217832223456412,0.6924711219909127,0.0141237583210424,2.005548499036201,0.5634795625436526,1.499424330338471,0.3216499758693501,1.0988933259324571,0.12543448944780441,3.4793554732976983,0.10005808758395651,54.12298731091301,1.4316048687502831,1.0857722104994953,1.2340827911804022,0.3997950796639871,0.03341956026636727,0.27952126446481146,41.525987130486925,1.822110790376593,2.251818460039182,1.4131114491502232,0.10010504036292722,2.186726534232571,1.231446251268803,1.4049245929439906,0.4740318295615475,3.5813358236183084,0.7666824473519356,2.9895891501604694,1.5827597607051074,0.1428174839196121,0.6437063037838006,1.5027106024506225,9.965486939981657,0.0007022495762204188,39.65068085201123,1.2169640297028543,0.597590014804365,0.29926743328087113,2.497584602888097,0.29964400299438665,1.6945641448226105,0.40002535319296595,0.9981988372837971,0.4983296158115394,3.007586105797154,15.059739857419217,1.0484490894630125,15.965839222202943,0.3994935408060425,15.063725220971673,0.08006688491111637,7.973272943679049,10.013248525727683,1348.6669723656764,9.951740893393557,180.84587412460854,0.44826703243827354,70121.29018299562,351.4231063540144,0.5004301168035343,0.06806088528259732,50.053942732505064,10.022727143989842,1003.4932232853026,0.49841971479341113,0.4976837786465141,1004.4437992948145,5.009021450374544,71.96757353495966,84400.51752040876,2097.7815390672135,150687.59713926856
16.024679088885126,2.760366187906215,2.051162521561399,0.097492382199329,0.34939686204955483,1.9029917526513644,0.2516316280946848,0.9939295537042827,0.6492836330970844,1.6292867377085807,4.198852418301061,0.11811569270158753,0.2932722064240995,0.15204699881117192,0.3969417028269955,0.31119757745045556,1.2301351671070215,0.07066435155470095,2.721962895004623,0.9464147679846534,0.3771390836976398,0.24206174701479233,2.7039155420665546,0.026908883744474883,2.2178014963100807,0.6922609610144542,0.014139373061813943,2.003558378331602,0.5607776378868621,1.489832646070097,0.3214007744524219,1.101110523391387,0.12549782386411287,3.5012930203659987,0.10048659657584072,54.03806896894943,1.428778959453866,1.0902307638506576,1.227202938058233,0.40181644020906293,0.03345531408153214,0.2812330312945789,41.19087939577836,1.8223790826540986,2.2454106384855814,1.4043899692453308,0.0999335423125047,2.1813682096020157,1.2261262689718135,1.4155714207452528,0.4729263914480164,3.5844748470797585,0.7666142162652455,2.98649788537227,1.5975984586772178,0.14289922769896302,0.6470148929546772,1.5021223174614406,10.00954682831555,0.0006976981748172809,39.85949597917626,1.2244109005133272,0.5977905400967822,0.29659534123292497,2.4964763204202782,0.29897828825389916,1.6972146004144057,0.4018338496348868,1.0036190274944534,0.4997006047401349,2.99327492598615,15.011671111545851,1.0545937208783134,16.046504366391034,0.4014710126149818,15.039166720328922,0.08000292328307138,7.971320606224417,10.03186099675603,1352.038090718296,10.02726770162733,180.4212176036123,0.44885750608554853,70031.57782611568,352.12042067714856,0.4995363749634234,0.06817956331615824,50.07135504362099,9.979831718324485,1001.4267818206732,0.5004503176134425,0.5008156870619723,1004.9343378595789,4.988865466714978,72.3424582369718,84432.86441792868,2112.4811573486495,150453.74508158347
15.923673960451074,2.7501014489626217,2.0419181937658935,0.09736862154132908,0.34845875437739277,1.9010840911566858,0.2530249607688085,0.9941288704479353,0.6488020338605993,1.6293468094311214,4.223829603350267,0.11854778054360818,0.29169407397803654,0.15139736132901785,0.39760414853187637,0.3107501172471157,1.232634283499869,0.07083788531393005,2.7305906710749106,0.9441856469777119,0.3768599414744708,0.2432478853944001,2.721621618549183,0.026894887058750306,2.229155638676878,0.6878188653688329,0.014058248608054323,2.00897956939183,0.5597485214081327,1.4930559953790807,0.32084515698379,1.1023070369691137,0.12635310305205197,3.5040114915740403,0.09964680589627793,53.81389913871599,1.4273858938792152,1.0921466426826367,1.2310197667459404,0.3993499925017679,0.03343257664669555,0.28019197500664317,41.47782177396491,1.8208969493713048,2.2527812362387385,1.4095841212588625,0.0995262559683679,2.194097663068034,1.2327567586759058,1.405491507014745,0.47570952269040584,3.593516188071274,0.7707913179767047,2.9850225196941182,1.5931913262361788,0.14274879927947595,0.641773661463022,1.499589771086078,9.97317961005199,0.0007013089539269878,39.76528178803553,1.2139998242151304,0.6027252073694447,0.2992665050231248,2.4907984727557935,0.29993338362504407,1.695053390668572,0.401855671436008,1.0006603266466834,0.5010007970803799,3.0143365640581417,15.025950176983994,1.05389313814396,15.958488324508435,0.39891756570063974,14.991179486371916,0.0803051814786514,7.963129617210462,9.994138375089939,1354.386256920005,9.967745259319761,180.20830579284925,0.4480648293499817,69838.3689896454,350.23458240967926,0.5015282172661097,0.06808627389046636,49.93239962292954,10.022863063421948,998.691335755769,0.49989403298860763,0.50000174664057,1004.0796543339638,5.018794583487224,71.6858101988909,84372.8622775023,2105.9034543823245,149781.78003500728
15.998807696289145,2.7604446495279142,2.05559768995702,0.09726616656182895,0.3488646130416501,1.9122663421099082,0.25199502070911656,0.989474136216967,0.65087601737832,1.6380298757061873,4.229002228498329,0.11828187294419543,0.29328968179349135,0.15172553863469987,0.3977708357993683,0.31186153520539767,1.2263300497802307,0.07052440419943048,2.7391669153951597,0.9463710014026104,0.37700099473066717,0.2433095618681058,2.7041334647352038,0.026994330055697877,2.22765622034138,0.6877355803610349,0.014046666245223641,2.0020102059349374,0.5605017541246374,1.4944878520964364,0.3234062259593747,1.0964311016209385,0.12596282098020867,3.482842153896689,0.09984793065243124,53.839966629131254,1.426567953342398,1.0898641528288096,1.2338360148034855,0.400158069087448,0.03363376665199045,0.27968007894484265,41.392730195175574,1.825977419071788,2.25272055257315,1.4168385462358737,0.10009574407721654,2.2000746277948,1.2250640868118559,1.4035510103262692,0.4743184417056611,3.592219734381754,0.7665389225161948,2.972618415637797,1.5977117931356029,0.14320158011209383,0.6433116254600337,1.4936679254665037,10.025524208570058,0.0007029771423138618,39.775844494047625,1.2153202187318433,0.6001911735851742,0.2977102576764016,2.510101096519226,0.3007869174449913,1.7051335140164938,0.3996549539864025,0.9952487467404049,0.5012969929289556,3.003999592688877,14.946222389242408,1.0526961337854706,15.943888088658898,0.40095873846203256,15.032042109195267,0.07960601387703783,8.021982110371258,9.990765935664975,1350.0888722642128,10.046469206130428,180.75572869820542,0.44947200637074136,70329.08273200714,350.91591390894877,0.5016109970831193,0.06827664539493163,49.985468769797905,9.961240965237966,1004.266806483522,0.5020035945750624,0.49888031190714877,1000.8297328934063,4.993918109437412,71.75217259116646,83827.85934126255,2111.7956187538935,149683.7074783965
16.002470697354507,2.761073780848611,2.040157654730596,0.09724606821930158,0.3515942257294853,1.9159073334905563,0.25129266424552066,0.987038671297125,0.6497009126235137,1.6231496081848356,4.214183155088079,0.11768624090893323,0.29399402360708843,0.15181671251920784,0.3956632908244527,0.3129185759405216,1.224933478466602,0.07087148060871983,2.7426295203388653,0.9494255620295087,0.3744275379980574,0.24399273452656772,2.6999444638860592,0.026864719767435406,2.212933264719735,0.6915307839952081,0.014066849730795675,1.9952221817001679,0.5615142041862468,1.4937978364064692,0.3229162752067916,1.100293515537186,0.12607046019447352,3.478190754355072,0.10041348954615766,53.82853422010679,1.4282465346576751,1.0841997712348135,1.2356603072812293,0.40042821095665193,0.033352920326087145,0.27983716156428434,41.3819067637014,1.814318911363157,2.252363300738268,1.4072913508115823,0.09984961431708694,2.1962777827316344,1.2302997846807502,1.4045437002444872,0.4743914997042559,3.5941890425641403,0.7726654230950826,2.987743297121991,1.5954620808765108,0.14241585778442845,0.6415668014704867,1.4927795542388997,9.962502735428057,0.0007022648323263726,39.496650173109806,1.2195751842235008,0.5984826979294963,0.2989908466109999,2.5075716336888956,0.300797984174655,1.697930358704796,0.4017023631262837,1.0039585843313792,0.5007540745333676,3.0033777714569108,14.975541847389497,1.0524768306045538,16.0701583202736,0.39926486061018296,14.967889439015709,0.07981086618290638,8.038652563126957,10.004031763874314,1356.3121782039852,10.01173794517255,179.62823011464488,0.45038878157440687,69940.18539704764,350.68789954756744,0.49971437807151303,0.06845235251392923,49.94362089769412,9.99551365118553,1003.7615519466281,0.498401956282281,0.5021132452839783,1000.3854157718304,5.006443663930515,71.7150708405234,83912.2681455808,2109.8956127385004,150600.99050817188
16.003016869715037,2.740856972268535,2.0560867643163347,0.09760584037507229,0.35059562225666613,1.9039426910044481,0.25177942461769226,0.9943543758016702,0.6460014408989596,1.6246332787576112,4.218495380780985,0.11805086452543269,0.29213486876760136,0.1521771091654678,0.3977292318598078,0.31310821374706505,1.223930343412214,0.0710667603054669,2.7334644252114435,0.945792351751388,0.3744712583485082,0.24414503148835587,2.6972369210417053,0.02681516261656319,2.2238016961875693,0.6917798462292543,0.014067099551972833,2.004741409939741,0.5634902726548551,1.5015318216184874,0.32281762840806905,1.0948592881591694,0.12649430776149828,3.4921910063192465,0.09993104779970974,53.65362212818625,1.4312984482943403,1.083334196972421,1.230586395528414,0.3987568581642938,0.03356295175737771,0.2795458897855943,41.43154808185421,1.8226171844227554,2.2476430168997967,1.4158818905292014,0.1000265495867218,2.195486345798527,1.2293175358681272,1.4141131722398583,0.4768876503086365,3.576884998453881,0.7735986802676508,2.969663236340744,1.5955040855478342,0.14303694375634635,0.641671374947515,1.5018799851343831,9.963131531537266,0.0007027123961391416,39.80538383984398,1.2218826408884444,0.5983979122094403,0.2993791532382956,2.5088290933881034,0.3006456331654692,1.697711261498225,0.39993666871121536,0.9983806305888049,0.5017469318244474,2.9942664873900977,14.960746682264105,1.0470006347078296,15.98418601844094,0.40049187303826406,15.049747325951087,0.08033976606513367,7.966406985723499,9.954718880166721,1348.1469226027161,10.031010333340252,180.7333253056962,0.4485080289489547,70031.64188708969,352.2803632660575,0.50037908177639,0.06833686428021073,49.871767430023354,9.961289516060948,996.0844937509169,0.5008703712868174,0.501102071510998,998.6568451593042,5.00530001323102,71.75234491602228,83807.59021804552,2096.576333981386,149408.79066107198
16.077563297160022,2.742740375137843,2.0424995545444964,0.09748711607994028,0.34953331042395464,1.9043895828089443,0.2512953408368558,0.9864264791132563,0.6452777868118945,1.6329362184633083,4.207473298284322,0.11758515880378433,0.2938568649401448,0.1512690701362263,0.39572532595029014,0.3108371932356132,1.2241915860899846,0.07083586890621268,2.7205933213485904,0.9439095451692744,0.3759201828738452,0.24383503576459065,2.7096105418289773,0.0267869269999102,2.2156567203812996,0.6896280382827669,0.014069142961526894,1.996750728934849,0.5620009456811323,1.5036237758601183,0.32298161672411996,1.0967481407194906,0.12635942548796922,3.4863196045258835,0.10031571619478288,53.97313245478876,1.4325594756835034,1.085501051067178,1.232622256763391,0.40026276142015815,0.033539721597040016,0.2808320555324831,41.20614176357028,1.8195313078282451,2.239903252387406,1.4053258684567875,0.09997559230766888,2.18794521930708,1.2244396242427522,1.4048848702420493,0.47483514569584195,3.596742211904294,0.7698952482052586,2.9881220945855627,1.5890946251184983,0.14255916648479564,0.6409164128036995,1.498132395636508,10.041949120196321,0.0006987737722495057,39.62783166451828,1.2223511783643355,0.6014214770260243,0.2983229858696077,2.4959556853671554,0.3013357676421265,1.697492676655757,0.39916803923500077,1.0034315965383145,0.5021761107594769,3.0136968979913465,15.004982735099594,1.053879659604771,15.949393628733528,0.401555996377733,15.038728771427737,0.07991934978346528,7.979614756127937,10.025964979272326,1349.0628974285707,10.047861545903643,180.63828049578285,0.45130693951141415,70065.35201913796,351.6126224261256,0.5012796242810538,0.0683380625252215,49.797291991408734,10.0235283754111,997.9446591587296,0.49816380993056786,0.4977134144061738,998.2725796147546,5.000497159197747,71.66764531764646,84264.39099267506,2113.322892999384,150146.88563982287
16.003933945860165,2.742637298142617,2.048754602980339,0.0972977502984295,0.3512778521168283,1.9172931205697654,0.2518788599880327,0.9868682760857089,0.6493437774219352,1.637344288307193,4.2292777213893045,0.11858487015196126,0.292274045814449,0.15251212395017832,0.39422474816766606,0.3104869181744457,1.2321373317100115,0.0705308762325818,2.7269522239753985,0.9433780492912139,0.37444633548350575,0.2422920348370232,2.7114760574540417,0.026854792068283444,2.2214176211535834,0.6910279148165056,0.014029974538317051,2.006953981290946,0.5595145300767751,1.502584627496945,0.32353291318012445,1.1044387230022168,0.12605313954024897,3.499411325934699,0.09967268213749281,54.14563655085881,1.4231836055651594,1.0875595785775107,1.2295226241862796,0.4011875822476782,0.0335820861066404,0.28022331236296916,41.25073446459393,1.8253557769708535,2.2607432443652318,1.4043299653736272,0.10023288708285648,2.190343546379844,1.2276874300698375,1.4031537059363937,0.4760643187838912,3.5668266843791305,0.7727012811232433,2.9729848031699286,1.5914682713601431,0.1426914650902711,0.6453025525819823,1.494257256859557,9.984301850890635,0.0007000627148429264,39.71390936368131,1.2209708495938467,0.5974763754711687,0.2966106534179107,2.4934297896716897,0.29861311898608034,1.6952502565441705,0.39823703512051867,1.0002734592988296,0.4980227458166395,2.997457273577198,15.040434286182208,1.0528601398686022,16.009949741590273,0.39812312421117935,15.00550455361651,0.07980212804960286,8.005472519792258,10.040841115158983,1351.3347236383408,10.044058473803037,179.47550195243613,0.4489574525880812,69935.47877900547,349.39049488059453,0.4975525044882363,0.06869270703501067,49.975866347779494,10.043885692064025,1003.640019909567,0.5012195572833179,0.5020892191855364,997.6400989025702,5.01781883265703,72.12958549694577,84294.82469437484,2107.4979059121424,150609.23664628994
16.068626731182828,2.7411164966111934,2.041405686842945,0.09697900843479812,0.3510856337594317,1.9023038813937898,0.2524076372495015,0.9890022030829617,0.6506718788396024,1.6352163173754997,4.21032814446486,0.11785918698291303,0.2939804105504051,0.1516114063299498,0.39617168281336573,0.31334679153171074,1.2312754963237045,0.07110450101486532,2.728416853784566,0.9492257358154196,0.3776558883430342,0.24357658438408247,2.720991677151602,0.026989319236791945,2.210627216911066,0.6883334259510079,0.014134049058259475,2.0078008091294577,0.563698979615648,1.4942029883839285,0.3223897636156325,1.1017752922204715,0.1259210144105109,3.493060670361061,0.10048599632237683,53.93408988837462,1.4256293392251314,1.0870446221457586,1.2260117396366292,0.40075283241751647,0.03363463721813155,0.28119365872458374,41.546301875125096,1.824143960527688,2.248592777036948,1.4105385620598565,0.10003255987275082,2.187645615205318,1.2249929381797642,1.4128456007492367,0.47284901791909034,3.5694049078387193,0.7696448444968317,2.994515138685792,1.5869291516674147,0.1434214279044673,0.6434813897544984,1.4958233329447814,9.952658188706907,0.0006971191338787406,39.64696024139675,1.2187822516888094,0.6007581396722722,0.29669541214619854,2.494598327227933,0.29857027220555066,1.706322504708938,0.3995901770084131,1.0008428580195592,0.5010527872819536,2.993039076568394,14.945242344762795,1.0508428474048623,16.06453726799352,0.4015703185419612,14.971235946347976,0.07981292813297931,7.988284571273592,9.974524696238438,1356.2709327564933,9.953466709044607,179.44438676897587,0.4478773447803865,70430.43066074431,350.7700272155862,0.498640260241691,0.06832844945763263,49.80304201743175,9.960766949591097,1004.468853479209,0.5009803808333485,0.5006934611330066,999.7275700484921,4.999490952417886,72.19587215747349,83834.06415064624,2108.5246463430217,150075.75398322503
15.969071964936255,2.7421809689639582,2.0574159837661767,0.09761947380111295,0.3485853754089234,1.9036937407818537,0.25242111569202735,0.9927127330024169,0.6479438816536524,1.636958347369364,4.225704634357437,0.11755897975100632,0.2919523682799162,0.15137056195715365,0.39748666708382296,0.31217980647100996,1.2354291270537499,0.0709622976081182,2.7363336054827894,0.9444464209527383,0.3745317990671058,0.2440472252478679,2.7095284941406526,0.027032866415063868,2.216071366016175,0.6908377728322508,0.014110265946203612,1.991361558679256,0.5621059677574843,1.5033530036452145,0.3218514612719758,1.0996989206785992,0.1262530679028416,3.499796738933032,0.1003279607725237,53.884105468863055,1.4291993981100337,1.086710382538274,1.235768553100314,0.4017167313230721,0.03354112087674162,0.28009461288863385,41.555732147403134,1.8140109191655798,2.2411518874296292,1.408795370548653,0.10018530354426061,2.1802017114055614,1.2276985400220257,1.4140064821802374,0.4757562920046118,3.5651239209844348,0.7677039487783578,2.9867100786049634,1.5839046513792245,0.14229887729973115,0.6471728653234071,1.5017090073185182,9.99289531606173,0.0007006795465214875,39.74752881515726,1.2199451174369647,0.6009484082409459,0.2986215384047343,2.491986418537499,0.2997711277264944,1.6966783585684224,0.4011893953414933,1.002699064586331,0.501553028463315,2.9981243783293197,15.01129951097927,1.0521588955179386,15.971537926948553,0.4019107443485173,14.981793570682276,0.08002961222367691,8.026143450733851,10.024708721859755,1350.0212901431173,9.990832668299962,180.24673584983265,0.449710707029535,70246.57333013223,351.9225398282765,0.498108909554201,0.06853498673313162,49.77691676276011,10.023401029827458,997.0915442588679,0.4999668744846296,0.4988349613211356,998.2190877594164,5.006436208144743,71.9504454000157,84200.53242086504,2115.502706473378,149432.42020116065
15.981483223073731,2.7508307667401235,2.056430978841884,0.09698848541156402,0.34962846429311173,1.9161360998736574,0.2520765349862975,0.993525050728131,0.645176974651534,1.626529398602855,4.212431412254391,0.1175539436622499,0.2929466362977177,0.15126680665288794,0.3960184612813788,0.313311384716857,1.2355143127116568,0.07067193157602414,2.71644435874587,0.9519071706164879,0.3762526340547167,0.24319591074850322,2.718538343865784,0.02687131164587778,2.218226594857847,0.6924252600725521,0.014098806964247196,2.004716164741567,0.5642762959754113,1.495407071098108,0.32325236309703326,1.0981013868270275,0.12654126700951623,3.4832074206123425,0.09973422506210558,54.029044823543465,1.4360345791694238,1.089914767039065,1.2329534991721345,0.4018921015540351,0.03351924342067404,0.28178804721361317,41.198403442628255,1.813305252404589,2.2448585630123716,1.4162903615977738,0.09969692958724014,2.187439512854652,1.224286998947039,1.4040524606123537,0.47539257897704357,3.56559901520403,0.7730738670745628,2.991496860091864,1.5919432139734406,0.14285169046728077,0.6464975728887727,1.4998172602706954,9.969061464517559,0.0006989196107611448,39.625695237942416,1.2209736701900866,0.5994072381755848,0.2989484729953258,2.5031627783716957,0.2992563733553573,1.6983353753031984,0.4008929879892816,0.9974224624860418,0.4979581691993844,3.0063343567324137,14.98599864123926,1.0460549260375362,15.99671510991199,0.40024125559492707,14.928863601284066,0.08023289609404657,7.999320881937521,9.952554943227,1354.8841144520095,10.008525673256043,180.83385436475044,0.44901548208048087,70120.66741727038,351.44170010711724,0.5020699076563585,0.06859915730454148,50.07150960360891,10.029551737486958,995.9484214931031,0.5011208961952123,0.5003931406296392,997.7425261768644,4.986927458444758,71.84755443001224,83893.41736030296,2100.2270156075656,149356.87939242512
16.027638227777352,2.7503381130046867,2.0423674606733853,0.09739167394093738,0.3488730408183454,1.9099023175261243,0.2530586666941457,0.9925830990145127,0.6485452173351824,1.6313841839997478,4.1916525055793965,0.11791387226671743,0.2924348667611573,0.151961446328901,0.39778763968885633,0.3128939325487607,1.2313527139029632,0.07094492029573275,2.736295369833475,0.9475864171750292,0.37737750340959053,0.2432850534515797,2.7164507176919024,0.026768472108692373,2.220841768047658,0.6890628731921132,0.014037311866359014,2.0029226678909744,0.5644096326611201,1.500484353280546,0.3206472497147129,1.0951235977900335,0.12580474050850302,3.4808753178161407,0.09952757211340915,53.662052832929625,1.4277855946431597,1.0830165667539577,1.2262443961644416,0.40147807475742364,0.033665382100760616,0.28155495390272495,41.27939219826551,1.8141003219385547,2.2517657025196507,1.4140031630122158,0.100157443000368,2.196652163777697,1.2298400648386647,1.4168775289185818,0.4763626234360173,3.5639237019249412,0.7689532223360287,2.981776703305279,1.5856147434020362,0.14286179180819464,0.6448346929095106,1.5007825194714774,10.03614498641369,0.0006983375790933929,39.84710964652489,1.217830161046008,0.6025223745113438,0.29724989575812244,2.5001885764313263,0.30129672007694264,1.6962174767053202,0.40139500926059857,1.0000123090225779,0.49959897632104433,3.0049106703587114,14.954782666536502,1.0516677149967557,15.948260217785005,0.40084346580853203,15.016597457437209,0.07971188773371306,7.968054725362617,10.01073532371035,1344.8900587250107,10.012509390402002,180.89823901911222,0.44830339150210957,70163.619953971,352.3591043095952,0.5021855110964182,0.06807845917133538,50.154003878171906,9.973854581507075,1002.4656839488038,0.4992750157145632,0.4986244448519514,999.7072173568638,4.983795934221516,71.94542071882421,84122.42608718174,2114.743247227971,150063.18521072803
16.031531222436616,2.741060824176851,2.0601946940896454,0.09719774560801112,0.3485133078880259,1.9120873593252292,0.25154172868638575,0.9879599310056469,0.6468142803126824,1.6291917921939845,4.201037980168625,0.1183288396189391,0.2920593505503509,0.1514557477007877,0.3944337097317935,0.3117203253375912,1.2252383669465066,0.07046374142973696,2.7243872672404326,0.9525506825132336,0.37416104832878505,0.24194020070233732,2.7122529652036538,0.026899429429408026,2.2112157200582803,0.6927236014807139,0.014124594858002177,1.999893693263021,0.5622457734805667,1.501433701101138,0.3207058181205974,1.1047648363230045,0.1255119195659642,3.4885533249423157,0.09974758212701855,53.999066014696076,1.434859568903813,1.0882682200884009,1.2266049274905189,0.40111751553511565,0.03364829168831361,0.27974839285650394,41.28797806996165,1.8205386827615966,2.255394880127327,1.4047405076013255,0.09955065082853387,2.1914663973711654,1.2336558855213942,1.4071465689919709,0.4753941771118168,3.5908635684782726,0.7663719305346743,2.9751176887095854,1.586870834831155,0.1433189725969593,0.6450704504360718,1.5049021095121566,10.00486442282025,0.0006980952300622126,39.653455564337314,1.2187318149349382,0.6010064886802997,0.29935269075421084,2.4989425775303546,0.3004165311214026,1.6945208136642984,0.4002975790857459,1.002284131145566,0.5013187273874734,3.0142087645422375,15.073134499867919,1.0501623476151531,16.057695579930513,0.40094850952756406,15.003689834510133,0.07962405474920821,8.03816133711001,10.04652265025339,1350.2449244822687,9.984443656838861,179.3012125388501,0.4479980981646518,70394.93634445399,350.5522511854999,0.5003141542421888,0.06826421013928735,50.056997787324,10.025876914713495,1003.9289255677908,0.49998042162703876,0.49900092456771766,995.7680592175335,5.017700663623033,72.25456876030638,84087.53315647924,2098.8378308523484,150260.08534604
16.041065524817903,2.7561001042878077,2.0412112919586156,0.09767067039055545,0.35015582100959913,1.912069402653267,0.25085421677102326,0.9851668536031476,0.6455786405392925,1.6282229598802105,4.228724994749048,0.11826906548676105,0.2944627400905385,0.15227340928065333,0.3944150467096219,0.31260682855811345,1.231738360197848,0.07107350677178254,2.7312078638951984,0.9455880362521761,0.3768750162584964,0.24361577131433673,2.710384978503179,0.026791008299748124,2.218085816505903,0.6923454684864024,0.014072311882415686,2.0046330646975785,0.5606147231787307,1.4944357677568398,0.3214752908235009,1.0959908834370322,0.12581246723558637,3.4978042063327117,0.09990131026372068,53.80203764614592,1.4328701499408878,1.0871682543973107,1.2292111417634115,0.4011846238273733,0.03346045153918768,0.2808244842978024,41.196201607831675,1.8170773741228248,2.2440803250281913,1.415439071556943,0.09952105266346928,2.1943809940645957,1.2331512461615843,1.4076382677533423,0.47384621608113403,3.5680010819679664,0.768283701670838,2.992335418139528,1.5827390582567535,0.1429381029630116,0.6424826143317035,1.502938064096588,9.983390254124485,0.0006989217291092393,39.5047312900645,1.225008057624883,0.6001295239309488,0.29671558044404095,2.506293094063143,0.3008401009060736,1.6993393775275467,0.40191651305615345,0.9972600008222714,0.501721069976136,3.010392937581737,15.003183973894169,1.0504211327656414,15.937964615751131,0.39853285137570515,14.988417631678628,0.08033448183014784,7.977162008802795,9.99750032111835,1344.117294090089,9.9799233556041,179.76960940657776,0.4520829617690179,69966.56890334754,349.46904015786373,0.4977687641360951,0.0684150777474125,50.00972603583781,9.969584975134069,997.4751801090302,0.49909425376184674,0.49754724985533766,1003.1705575453111,5.013638600559677,71.87058284347495,84273.56727140352,2101.383186809905,149290.18763701184
16.01436622822937,2.756094548786016,2.0465939200013237,0.09694861345695645,0.34917480131123046,1.9071177360839167,0.2519182498066551,0.9925236972057947,0.6460495774577438,1.633363464658625,4.229557455075582,0.1176227232704767,0.29302226569130474,0.15178913999199325,0.3963978020844532,0.31318824111349297,1.2347520149795408,0.07075967951692816,2.7370256570408333,0.9481071684348089,0.37702274655006485,0.2439339976941059,2.7157399700833555,0.026781843550473382,2.2143455337237925,0.6919718751852895,0.014032269868792354,2.0003587799422444,0.5626205581165232,1.5017903415506526,0.3229873057075096,1.0953049828716686,0.12622641607185053,3.5001314867288715,0.09960543981472397,53.90213640451535,1.4321358230773795,1.0852868745951414,1.2284075472026879,0.39841150907564654,0.033591912461805346,0.2799620929996588,41.363064076045454,1.8202981448818003,2.2407131217284197,1.40902895431152,0.09965236402775457,2.184142255759387,1.228232326543808,1.4098551996750248,0.47468747352068125,3.5646625456016965,0.7688478446789482,2.9662687769471274,1.586037512500336,0.14240670721022108,0.6418579758707172,1.5000373575486299,10.042731039350045,0.0006978633530495021,39.771584018138284,1.2144331621552351,0.5990150951837272,0.29770612722645373,2.490208794231842,0.3004103198160074,1.6939764463900118,0.40120271113537564,1.0009152533744676,0.5012064651102026,2.9899269938424866,14.9725649996249,1.0521574875665738,15.992535226623335,0.4005293660509011,14.987018763348653,0.08013776937319898,8.011322217857028,9.979950568001165,1355.1526832306274,10.023238847328122,179.2227977425712,0.4479196679246398,70333.6793833325,351.33325961060746,0.5021222801689685,0.0685200207594839,49.85409618817101,9.954204121964693,1000.3240681008454,0.49998148357306743,0.5021868962545808,1002.083710698399,5.020002571382075,72.18472799714772,84346.26038899209,2106.32893022678,150120.0532228197
16.001193106404656,2.7593216632069804,2.044559955009641,0.09760356545377757,0.35020822528117,1.9088049556205764,0.2512717870309852,0.9877830246366452,0.648545321632496,1.624323106377621,4.1890893649833885,0.11771588643530666,0.2924260255862908,0.15267079863931635,0.3963240238350614,0.3117059871468552,1.235940900198407,0.07070612234473941,2.7425071932096583,0.9521850949636108,0.37671401095778123,0.2430613201745478,2.718719287833938,0.026852631864399543,2.217066459379051,0.6879775031968945,0.014065511576659478,1.9927291503554747,0.5639708271201499,1.489533684597777,0.3217568121519642,1.0985063927971517,0.12585846976642148,3.501997286152831,0.10032106196414725,53.99808732749361,1.4327042641822494,1.0902994048236954,1.228586053175674,0.39980214060903246,0.03341448518486709,0.27996471501995607,41.569888321425516,1.824743811347589,2.2489422408710884,1.403499813330367,0.10024280090315917,2.1998224962805395,1.2352488869285545,1.4130196910948754,0.4757017563331852,3.566426072478204,0.7668096055052139,2.97300304861476,1.591013513825294,0.14359089588748647,0.6463898627988991,1.4970909405480137,9.986624207733403,0.0006986724080272651,39.691971965424976,1.2237688864448746,0.6016987063776299,0.2991511934145361,2.5005429987295544,0.3004744653220797,1.7077163897601928,0.40070221107152015,0.9966706038126479,0.49913426844971887,2.987270834237426,14.94157446224322,1.0499142664583543,16.03817116911914,0.39875577042483074,14.973002309100732,0.0798692409731921,8.027209813710858,9.968403563762763,1343.7095130075156,10.012384142177606,180.0483328001282,0.4477621930228804,70367.76625116424,350.60285857040077,0.5002391084872426,0.06851683627635036,49.77567267911593,9.967254396420568,999.6314190246117,0.49835950263481127,0.4980829130741153,998.2496421814269,4.996333070942843,72.25190710494083,84290.94811701083,2114.0388061173608,149935.7948366115
15.995586845983885,2.7448148555434733,2.0414220051162526,0.09688119178693672,0.3484869779559127,1.9138858785090602,0.2516194818009673,0.9853620199084183,0.6496342506830154,1.62600391903154,4.226567250875558,0.11838123852183494,0.2924250149717326,0.15159828924884863,0.39795259717794207,0.31299729600382514,1.2352474839909344,0.07045806227058474,2.7326844140993063,0.9457877677329729,0.37552898581638766,0.24200631325041916,2.716730707926718,0.02690689824889142,2.226482910791609,0.6873537549872188,0.014170115511577201,1.9969711237778354,0.5645371122768177,1.4996415494579338,0.3207404453764038,1.1031018801542003,0.12607643591966214,3.47913573799237,0.09968723673782487,54.154295719422095,1.4371294506062817,1.0878273778823397,1.2261519864841497,0.39936103509188087,0.03340350599983042,0.28100172745474095,41.34872502672478,1.8177808392098425,2.2567819063324452,1.4165363129782012,0.09969702581117323,2.188125880904709,1.2304493179227056,1.4064168035661986,0.4745340252803179,3.564097523650455,0.7664674050246693,2.9885335446617574,1.5874415882719943,0.14329661723304057,0.6413139660196553,1.5025600031273116,10.015337004542701,0.0007022501843150905,39.56278824865277,1.22062363063267,0.6024070976549922,0.29716525172362,2.490621617361384,0.2995342953104197,1.7079108831506915,0.3986295627330872,0.996193345513968,0.5024887359815794,2.996794690831427,14.947387320197988,1.0506155049642503,15.922217194912827,0.39970229985191824,14.930432810399854,0.08005227085740979,8.009981604860714,9.95035276910832,1350.1715202206206,10.044495396497194,179.81656051440328,0.4520452627748041,70507.27329591766,349.9586146807086,0.5003868942856967,0.0686259337001344,50.10457865081285,10.0260129125197,997.6092882201477,0.5020910676722763,0.49867822071696494,1001.4480761898086,5.019235584822438,71.89883580653272,84254.90199805178,2109.010289957563,150642.73153667361
15.991685861035355,2.7528381043816625,2.0426567791199517,0.09677739655147724,0.3483250208850228,1.9095527528008964,0.2521152121516704,0.9859049369518017,0.6459335063987004,1.626190705589835,4.226472665255994,0.11752712716406102,0.2929697933640977,0.15243938233600401,0.3974658863083766,0.3126025825647108,1.227116288766031,0.07053196426098304,2.7206606209542934,0.9505622087231828,0.3752349648818116,0.24260602898729655,2.701206696060291,0.026882419558697374,2.2163268325615246,0.6890134163450138,0.014034264423311594,1.9992513873673716,0.5598188286022405,1.4975340835432829,0.32254477140712134,1.1005071719079165,0.12555455244296185,3.494065683256976,0.09991279835087274,53.83419878983756,1.4249775024614793,1.0923733763756853,1.2286798693136272,0.3998254823935195,0.03336411809312904,0.281192553028952,41.30004237278423,1.8243710049457564,2.2402603600853546,1.4071354064900115,0.10024565472142435,2.187722561342583,1.2242717129386014,1.41408254733807,0.4772115880688074,3.575579198595657,0.7709362813841593,2.9762050005560283,1.5908742219859655,0.14334114591661096,0.6448559566985927,1.497220659397888,9.969518854940777,0.0007003103395287805,39.74328876930994,1.22090885458565,0.5977688448205085,0.2975680378483959,2.5061162166240654,0.29894024579834977,1.7065174856333545,0.3998661308590103,1.002911624366345,0.49920402811809667,2.9957764680184247,15.070054257960416,1.0507071757360498,15.93630508120499,0.4018306633583059,14.98122759203663,0.08016817901243484,7.970284934425531,10.035532273170105,1356.1974823317448,9.988284834662952,179.36049025882238,0.4502594100921524,69944.63549226691,350.6669852975316,0.5006132870360052,0.06815328037092858,50.22400933602932,10.020558900914294,998.6128026679362,0.49957843879292224,0.5017405908596496,999.7600422473962,5.024354031463927,71.68476547755886,84018.44053117296,2105.388310303308,149453.76726481915
15.976996466314013,2.7505493839457924,2.045100316571122,0.09687399830443423,0.34918920933237857,1.9020271212555728,0.2512337557432643,0.985654050601079,0.6509324023032975,1.6244745298668957,4.189003387870596,0.11853971203027212,0.2937576452300222,0.15164587198229235,0.3975005154141093,0.31315947005744077,1.2329642276618606,0.0708652939102692,2.7323127448608493,0.9524451959233557,0.37586895590044156,0.24374980872486704,2.6994985107830387,0.026954022660180377,2.2308683461528767,0.6866188486647552,0.014065864157142666,2.0056989187927448,0.5633140204765672,1.5005059104565701,0.3235535332929284,1.0955544074366421,0.12622061831259077,3.4949274182656604,0.09970576162503107,53.75523801728666,1.432148034608384,1.088679626626943,1.2312308769003424,0.39984757097750023,0.033562712356713965,0.28020004391810666,41.28064870001976,1.8217366878852164,2.252638817304329,1.4144028536989013,0.09991607464064703,2.195784285125659,1.2351378527426597,1.4089518364624696,0.47520225104712915,3.594687386097232,0.7684619259012281,2.986635170695785,1.5912278055939995,0.14287701866599942,0.6463454310466872,1.4948509229978308,9.953540061506692,0.0006979499965726441,39.829303613315,1.2180919224219355,0.6011038111263783,0.29719790151856523,2.499772333594116,0.3000685697247289,1.6956713718645327,0.39954961283416,0.9976177151722511,0.4980033752776735,2.9979495875655453,15.00954407622234,1.045695616846486,15.977262900312862,0.39985079504511895,15.064878931446527,0.0800882576884923,8.035381247329408,10.0024382930315,1354.0939821790803,9.95962517788225,180.11595226505526,0.4493382084573322,70342.31687359382,352.19486804722493,0.501061295513531,0.06811838593614274,50.06052755199369,10.024410202912474,995.2984148558005,0.4983486401788266,0.5009014346703555,998.149152369715,4.978109191165967,72.28038229789972,84591.78136357656,2102.336597269872,150739.31489595375
16.05705268057224,2.751536083754237,2.0550683454379466,0.09762402771065137,0.3507956217729969,1.906895940510724,0.2512264201215163,0.9893243480727335,0.6459696004527505,1.6222008334146736,4.208145290389864,0.11779852145389705,0.29181417155296074,0.15256462076638735,0.39450686776397564,0.312406842507586,1.230852583856728,0.07113912538867821,2.7232798037452723,0.9454925610935668,0.37647826958101893,0.24314156007211354,2.7184500200407635,0.02681205469824277,2.2155737141634817,0.6865845220823406,0.014131243152236676,1.9965093313346851,0.5605168211699105,1.4985708315918898,0.32120048681880997,1.095124249748942,0.12566768120809824,3.502205254521411,0.10009536542703457,53.894454198962194,1.4298771839966147,1.0924019930710227,1.2242373383343064,0.3986448625421761,0.03362244483926057,0.2807977737177655,41.59490614177036,1.8233473998451502,2.255027066582752,1.411124710567943,0.0995173510904917,2.1989354191023724,1.2302829405092235,1.4030776490302137,0.47362199480148337,3.574643601659308,0.7683536425169163,2.9659273253377236,1.5865057635321385,0.14356671783832703,0.6445721123668507,1.4974045075764262,9.9588110688671,0.0007017590624300639,39.76664377903434,1.2139288894274365,0.6029604636295767,0.29730165459125485,2.4940600266190565,0.2994030999821585,1.7078491904420956,0.40136442874508743,1.0013728863372338,0.4999713195179261,2.9948107047433865,14.975259854858317,1.0481694590815382,16.058015950586608,0.4007252545644245,14.986020776644123,0.08039483995931736,7.9741986577037,9.957667753282589,1348.2199170172646,10.048184425097602,179.14323396241147,0.44811450455404567,70070.72629679217,352.58022972295396,0.49921724540800844,0.06852180563734447,50.18201506877117,10.017055817699458,995.8981825396113,0.49824267152388835,0.4987942429410689,1002.9597178076676,5.01509446881675,71.76258042276754,84109.19482186997,2097.41793037282,149959.63596941606
15.978286483043512,2.7635327761923194,2.047718548244201,0.09676262931072487,0.3500717083435867,1.9177771822933722,0.2516711106910482,0.9931531190909912,0.6474604228760801,1.631114299146395,4.210098631921562,0.11844151389317258,0.29319938116549643,0.15181618567168717,0.39705730127029265,0.31059705769820134,1.227202050500795,0.07064879424189974,2.7318818406767216,0.9511679525787998,0.37620234918102785,0.24289874374943995,2.6982199071952597,0.02702644402780208,2.2154610329363797,0.6874446999057383,0.014146934464765936,2.007806902047119,0.5608680906743423,1.4977272298207853,0.3229127218088805,1.094738721487358,0.12661352246903024,3.4838559316519433,0.09997976756379118,53.66771127812343,1.423521218543121,1.0827786761682656,1.227799786355439,0.40168612481242827,0.03350517060822432,0.280210864808501,41.36977776033461,1.8157238759693535,2.2527904335262465,1.4101011473849456,0.09987854758551978,2.1940761175386134,1.2286677128313386,1.4143222896839613,0.47546747420803587,3.5693368542367003,0.767406562582545,2.972727497237823,1.5966500209082148,0.14346248061309264,0.6470410768050974,1.5036648449501486,10.041444125395367,0.0006989874741665023,39.72757168624831,1.218676347124953,0.6021892037012853,0.29948098183382243,2.506138002677184,0.3008446081111882,1.706476051034879,0.3983813183006437,0.999817957831926,0.5011624852276185,3.0031511645087434,15.006048917662817,1.048801061739394,15.955272019189705,0.40168961959794053,15.035119167880017,0.08009082760285091,7.966829668043392,9.96116718567711,1349.0866996009322,9.962572729326864,179.36805157798977,0.4481159338088939,70037.4635619662,349.1546376049664,0.5011613442507957,0.0684679501103944,50.00382753017589,10.048688615809153,999.8188915884311,0.5018482759389055,0.49844685546097117,997.6480654991494,4.991426449373712,72.3530455770299,84554.2529474853,2103.917966055084,150516.68378539904
15.957312339297651,2.752546757208317,2.0430681003417934,0.09727310147287062,0.3490279021603897,1.911637923373479,0.2518202587688538,0.990581815366212,0.6458045357312688,1.6301057498909952,4.202269123483681,0.11757985074960792,0.29300115478798533,0.15145041235160667,0.39571212668116634,0.311448207345534,1.23052908579847,0.07078853173137954,2.720023961090705,0.9459050540322946,0.3762133454501802,0.24381142475784837,2.698054806568665,0.026789942872682385,2.2265917587061086,0.6888948222859004,0.014065717078510724,1.9945925846191532,0.5646453771493345,1.49716085987152,0.32090807976521446,1.0989660829009655,0.1256984133323934,3.478437401335928,0.10047858351527335,53.88040300364095,1.4327348227872254,1.091332380127231,1.2263791599529899,0.3985120720569787,0.03341968625902463,0.2812966697347773,41.34115393617072,1.8198014124133401,2.2392057612012755,1.403009944981116,0.0999070771513652,2.182342940596887,1.2335805323972846,1.4163631199420479,0.47702207294645527,3.5787666112496006,0.7683587881308244,2.979517500591782,1.5837041046592308,0.14363482102835515,0.6451031842351727,1.4967982252563392,10.025925237856283,0.0006982150261000583,39.779777820685005,1.2188022297777923,0.6021835569760264,0.29945957441980203,2.4955051343362693,0.30015352161058634,1.6955448403573838,0.401201454900848,0.9999194872500449,0.5024189770534763,3.0116068191787226,14.965903856996022,1.04600473739155,16.01917664364001,0.39927220059093327,14.963055310031935,0.08003609550078243,8.00305618688042,10.003760129976015,1347.2222206142712,9.965536805878587,179.43059245285957,0.45099064610067585,70159.57464911357,350.7625221716507,0.5023837376778408,0.06868587593338502,49.782477134323685,10.02976680152338,997.4791964926955,0.5011114963426805,0.49836672499636003,996.4537203206091,5.021960115983317,72.04197952922925,84084.38150624161,2113.2330513332613,149684.74640977368
15.930222909608352,2.7471070539762366,2.0542492911825354,0.09735750425355809,0.3499079829650378,1.910194184847828,0.25207426019198026,0.9887577393531212,0.6452976089682116,1.6244223459262006,4.219441883282212,0.11836586431286708,0.2926938565040957,0.15174049376589935,0.39642644215069267,0.31050792901636115,1.230855176034242,0.07077807817149874,2.72841466166245,0.9432736797126178,0.3776651795673533,0.24220633097656025,2.699512163959697,0.026869289400601182,2.226188712967388,0.6918284993946097,0.014101665128098443,2.000983855754963,0.5617482765734119,1.4898936635875035,0.3212847077871822,1.0987784166383392,0.1260686094240498,3.495549925242156,0.10048763713397611,53.91397298658482,1.4324582515858597,1.0920071961352305,1.2272778646163012,0.39981493100145726,0.03357402775545901,0.2808829249753823,41.55273249181989,1.821202651928779,2.2595031071742198,1.4050446794642415,0.10030352750089083,2.1837205995214344,1.2244541807784821,1.4045242756229441,0.4753833483708173,3.5725120434510265,0.7672584803244473,2.983846894039263,1.5898085288668597,0.14282916658916597,0.6442299741378154,1.5054212327458916,10.022469069952049,0.0006999662959159266,39.808002132628765,1.2244231506224932,0.5992577086523936,0.2969563628714469,2.4903761095391315,0.3004165657457648,1.7074170146721632,0.39815418536468483,0.9999725590953762,0.49847123852867786,3.0009453970277304,15.053499257242802,1.0530128500497649,16.075406367395022,0.3999381181883032,15.024509749095921,0.08031880942797807,8.015809404171929,10.046419711571925,1346.5649139191908,9.963497096877171,179.36842588337026,0.4515858486278771,69868.17297058512,351.9574107418166,0.4998205269905206,0.06853080244908628,50.122775795215034,9.992439783694998,996.4608381381895,0.5005848993330969,0.5022826223385028,995.2554697628623,4.986348111776116,72.26957271196599,83848.69994355056,2094.6882967227816,150566.7053700034
16.04289855775452,2.7432316941729913,2.0595624201421736,0.09740647563865443,0.34866685496263755,1.9092459858130726,0.25291996096865693,0.9916606124724158,0.6485560096914316,1.628647097186742,4.199392659119219,0.11813404621558646,0.29198574986634784,0.1524710687317522,0.39484991865049246,0.31081615952879216,1.2247359595354494,0.07102295658234985,2.729120913845797,0.9470393147242733,0.37607967009596965,0.24321216759940972,2.7203175691590236,0.026857981507147296,2.2130536523264244,0.692546475077801,0.014097261519406701,2.001590054570787,0.5600788481930463,1.5024212236264678,0.32341155528232995,1.099423356882508,0.1253953877597666,3.473494250384033,0.09980230088618018,53.90559330036143,1.4290391655696435,1.0877486757605044,1.2270158481945672,0.39883897037123883,0.03365883315482515,0.2800841178305457,41.57481673429574,1.8213015805320838,2.2403247846945447,1.4113396597987116,0.10048554596735118,2.197438880767403,1.2275836040807668,1.4042966361504907,0.47481208795502444,3.5656333237889886,0.768442067401404,2.992459760652681,1.5924415013579023,0.1434053154196224,0.6442613672217797,1.4950219066012636,9.965039609344833,0.0007018603370735356,39.65194986065241,1.219999991125275,0.5980734793621257,0.29758778390444,2.4908057155061956,0.2991135725374474,1.7066110698526618,0.4008667514811646,1.0035193481704834,0.5018708671896323,3.002687890305601,14.970631140520323,1.0499217605118896,15.923017586090875,0.40126936664850743,15.045394757409715,0.08000666464568618,7.990203842483208,9.967260141522626,1344.2703894764873,9.982497005027618,180.7874542461164,0.44805940004351164,70497.21478728435,350.97062826891664,0.4997043926916104,0.0681421034831678,49.785688071751416,10.004446174232815,1000.986134040315,0.4996704826271381,0.49893665121419734,995.1323248949985,4.98833384898922,72.15467197719498,84300.27604793993,2097.802909756783,150440.15733690668
15.94375809124279,2.7581252140784924,2.050258745371881,0.09741086248858638,0.3485405725572963,1.9146028656298928,0.25255807562582083,0.9867850077312201,0.645651256881569,1.6340537452572363,4.2064701914038105,0.11817426969706396,0.291561519223183,0.15151914627296298,0.39697386067067464,0.3110604620570078,1.2248374687205854,0.07056997026094633,2.7390745623383994,0.9465451100564204,0.37611308400300275,0.2431883150384329,2.706548508350917,0.02679070476151702,2.21460105552943,0.6876388987697388,0.01415774233277187,2.0048017519892674,0.5638155526260364,1.5016743677179358,0.32039700275548777,1.1027390810809259,0.1259773902138724,3.4995847881965108,0.10045984332278986,53.83329502130759,1.4314984318359454,1.084876029937411,1.234843824051809,0.39901609186290043,0.033450169045247356,0.28178896318749164,41.2247919248235,1.819891078307862,2.251828925056879,1.4111141561144698,0.0996200737807442,2.179914845264005,1.228974696454486,1.4093494125398225,0.47710265482868114,3.589152753033969,0.7707594939332106,2.9713613854554257,1.5963830348343524,0.1425617448902378,0.6468810964365976,1.5066890314266483,10.047789215840863,0.0006984811310220823,39.53615428440202,1.221571088483239,0.5995369995116533,0.29766772817754356,2.5014077101739485,0.3005683924677275,1.69714611689661,0.3993404598547963,1.0011035986374848,0.4978565502719152,3.0059983956529273,15.044851731080144,1.0539873983137722,16.040613268617022,0.4000269741434179,15.056072156156247,0.07999279026734946,8.022966865576953,9.956361171092905,1352.8219915352806,9.958410092136184,179.14986591094188,0.450010090993432,69914.92081606993,350.25639153657676,0.5013712094704238,0.06843439393331618,50.116689031485805,10.028355267749696,999.8025446042922,0.5024282065912015,0.49851047793065845,995.8490906352409,4.99092425564628,72.18900708330946,83870.98974233776,2104.2998975575047,150107.01453001134
16.049274135437685,2.7595120920003264,2.04464815710811,0.09698042019073419,0.3506438750672576,1.9168717791958034,0.25116426343736387,0.9922041310329784,0.6463001101186614,1.6247948675640052,4.203161053887329,0.11834769410317884,0.29371067486915975,0.1519676248829451,0.39684818192471905,0.31170623738574854,1.226439265011251,0.07104285408436806,2.7178184752933445,0.9518016828584362,0.37708617564486796,0.24354330099097204,2.7118732529446716,0.02698339362333947,2.209526480229686,0.690627990705164,0.014066306676429084,2.0027853723901274,0.562981949697142,1.4927296798788008,0.3208884769180488,1.1009620317242568,0.12655512673910635,3.495704237756321,0.09998415906482849,54.14477227463846,1.4345605033163693,1.0895305261904613,1.2292299244418174,0.39996557588749104,0.033421147637573576,0.2815894905066112,41.300872553488844,1.823708260205801,2.2584366020484996,1.4107355288885246,0.09965650893928414,2.1795948697826564,1.2321308401898114,1.406117351590825,0.4728105682903923,3.5743895070086418,0.770632344756887,2.981535672094153,1.5847118280068508,0.14314869975132793,0.6434253803756661,1.4996644368629357,10.03744257038755,0.0006970497077069219,39.691059205096614,1.2160182140853322,0.5980966383863962,0.29832918069171566,2.5042427267554075,0.3003186756441472,1.7071993937455425,0.40117864742984244,0.9969861018370967,0.5006793200505087,3.003610203329308,15.021978722012548,1.0492553426760127,16.07161932153633,0.39985492309076753,15.043403114579473,0.07998504664461412,8.022994108904445,9.98956408136092,1343.26100723155,9.999985925103122,180.0863960339626,0.4482702617578311,70297.9296006021,352.11115044850897,0.5018417026841716,0.06831579668220472,49.95500461747181,10.035838544527554,1004.9832899739916,0.4977630290191574,0.4978089020658063,995.5425929534359,4.998124061336242,72.20487641586043,83868.83547440937,2108.977345717794,149506.7411108016
15.92527384674678,2.7526286081377114,2.0519241308173877,0.09698936255744182,0.34937782817841456,1.9072111907430216,0.2530816630916815,0.9936265650392584,0.6481782556294816,1.6375543468927838,4.21344041102797,0.11752980805234808,0.2929623821748642,0.15259967107164282,0.3966441231837841,0.31341231967506483,1.2303798689782774,0.07109158786630207,2.7372778553095154,0.9510593435514068,0.3778478724767298,0.2425194481189126,2.7134703467561034,0.026834485776377207,2.227856531498065,0.6905925400235766,0.014054292732594098,1.9984249122895812,0.560211395799917,1.4963705319420364,0.32063982951602443,1.1051180899474529,0.12612173789752493,3.507124108181328,0.09967376682622296,53.84768839616928,1.436166719475895,1.0890866575825335,1.2247114653418165,0.40153273982770366,0.033395759805951525,0.2800314033717012,41.48592329361619,1.8238345809002883,2.253613380659571,1.4030262263299944,0.09974938143230427,2.1866032236654465,1.228774106321977,1.403992481344474,0.4758330459169705,3.594006742932915,0.7737704755542426,2.9888798157796947,1.5852713378009298,0.14301613867491494,0.6466773344371418,1.4934989377663352,9.972832945164376,0.0006983531465123499,39.72347959665364,1.2255085427131664,0.5998955392982754,0.29819041435511473,2.5034965477322713,0.30105460064201955,1.696367619094975,0.4005049958751312,1.0042530023630185,0.5021946709214989,2.996479282475651,14.941769135202515,1.054456111969156,16.06735447278483,0.3983889758653317,14.937201507157052,0.07974811066151385,8.011747913071078,9.980262128966848,1346.4926920389894,10.029963022641223,179.53899759764593,0.45207187754488776,70138.79468160588,350.5984054979823,0.5022181753695076,0.068140168901813,49.80747138339646,9.993357292520276,1000.8706684951956,0.5000403261684668,0.5022745639871657,1004.931628272417,4.977043233787689,71.75914638216503,84256.1621009171,2114.4752336663078,149669.8623490965
15.978731786995578,2.742604147162767,2.0595822159908774,0.0968635486419777,0.3502259717371405,1.9008884228812666,0.2522562153397582,0.9889352829666628,0.6484254157696615,1.6231581360226273,4.192784041068591,0.11751884589816318,0.2939820929794966,0.15234074905927067,0.39452836266930635,0.311426064702612,1.2292181173958008,0.07051583405102949,2.7392812857862885,0.9467006364408436,0.3766410447676696,0.24334500073063547,2.721227565932362,0.026965080510755635,2.2096643330708083,0.6876199788154337,0.014092228304301287,1.9918603974398095,0.561392084983225,1.5041469193726706,0.3210516071548001,1.102252036664839,0.12569752301925052,3.4737422421569413,0.09959840789568618,53.69645974652486,1.427125902036261,1.092006183347926,1.2314841287911598,0.39849198734565694,0.033356035831373934,0.2820214646344156,41.25397669840569,1.815822348905608,2.257687922913176,1.410774006746032,0.09972667317880506,2.193601626035303,1.228419805084966,1.4111501352856153,0.47308467247513214,3.593611146123508,0.7707351678485173,2.9652291837925695,1.590939313523331,0.14280276340824183,0.6466115776534603,1.4945782466883661,9.983371380650446,0.0007018517962741521,39.57097267851,1.2177204893687759,0.601627450927713,0.2986327469850957,2.49649206296534,0.2999022430294483,1.7008899736894882,0.40155183216540646,1.001615060062572,0.5004624942060877,3.0093281420485765,14.970649088856833,1.0494117298082235,16.029864646912745,0.399615507966134,14.996861959185924,0.0797283070374497,8.008801784870773,10.014023476489635,1354.8085064588909,9.95854107569961,180.71924309175984,0.4481366804410931,70354.1551801785,351.18233195249456,0.49953031695536043,0.06868965844300065,49.97828453941974,9.952474735262898,1000.2058854773181,0.5001622915733369,0.5012218726996601,998.5824873835797,4.978696798214008,71.89161627151394,84297.4099726667,2105.9420449849595,150520.4894300126
15.963232384484987,2.7519047403080132,2.059749568332917,0.09701888075888399,0.3497763503752443,1.9194396836607075,0.25110390777055674,0.9907285282364635,0.6471598620850493,1.6226021209337738,4.220978957300802,0.11764462151241661,0.2941487233899812,0.15187513003780517,0.39459271630813847,0.31120756582354014,1.2340943273060487,0.07071070665950795,2.7233460921243506,0.9456200101501565,0.37631279431837017,0.24240908320778606,2.721797524276038,0.026778779870910707,2.2123599791331117,0.6895098021298116,0.014058866954250139,2.0055724361409046,0.5643409686191998,1.4984997738917902,0.32313994210861025,1.1033064497749792,0.1255698698527118,3.475277384524969,0.10012903274653054,54.17012861708422,1.434746279604192,1.0882641796312742,1.225214603063822,0.4011188500932769,0.03356129471765413,0.2819179030566346,41.47667356211668,1.8127842204775753,2.252456901634056,1.4086430444997189,0.0999213823987243,2.192911679902309,1.2349159274628194,1.4136629088165067,0.47273094055658355,3.567362562418401,0.7689465469091961,2.9855037531347124,1.5921336954852574,0.14300527268180124,0.6435500567529882,1.504343458576931,9.959569698395951,0.0007006652736446847,39.80241004796618,1.2172233586752867,0.5982135081100601,0.2985169098834128,2.4918907697735753,0.2999646668167825,1.7071880610575807,0.39824274930365755,1.004091499750076,0.498451819053543,2.9994704150638936,14.94483442789684,1.0522036222620788,16.0796437841447,0.39920839656558327,15.063704162462606,0.08018397156879085,8.037233855088791,10.017179536076368,1352.45707656535,10.044374369313964,180.40934618999836,0.4515635345849147,70030.80872061921,349.70820473492216,0.5007002774088569,0.06823078353580006,49.96491968831414,10.035558070087571,1001.310801701584,0.5022193877501382,0.49927356705853565,997.8062198502769,4.985685691543789,72.34298552021536,84151.74734287946,2113.842654173162,149767.36464480375
15.966036321608316,2.7574479558495573,2.052420297386083,0.09722397237696791,0.3497907712204677,1.9093588935712107,0.25284281173567796,0.9865658203330187,0.6450907504591602,1.6219469686492411,4.209789620041096,0.11837524463202383,0.29350094219725936,0.1527454824397481,0.3964354631067948,0.31202836903334386,1.2310039636073136,0.07107057843627274,2.716749636443039,0.9476824205974466,0.37566599937257084,0.24410156189232002,2.7015247279200953,0.026772372002072865,2.2229233318898025,0.6908626306708522,0.014074526696464798,2.0007950040119398,0.5625433145013391,1.4947999979885511,0.32174404789165895,1.096059772230138,0.12634149149975435,3.486132434980829,0.10014550039211234,53.870446138742935,1.4251702564932078,1.089180953672397,1.2289832406633514,0.3987414200699395,0.03364522157728704,0.281804047804218,41.48402079819452,1.8213843214581633,2.2528167572851943,1.408028919680382,0.0997629500550885,2.1920162019176743,1.2329520970770806,1.4099315176318843,0.47687885088705806,3.5760049474469344,0.7690488354339143,2.97778052592354,1.5932467577250478,0.14232426235404785,0.6430585330427216,1.5036437840171315,10.005476546601246,0.0006986691511695871,39.74218600430963,1.2248938069806643,0.6000307586780625,0.2987129210671681,2.4924603901919697,0.29991898445360393,1.6964519827679398,0.40197115657977006,0.9971873347976002,0.5022370535434629,2.997261623782659,14.999752298221305,1.050250864320788,15.958689473947084,0.39895574674730994,14.981405068334315,0.08019616068255882,8.016061735139102,10.049760547274765,1344.4430941479743,10.02592963775776,179.45088150767992,0.4500495914854214,69968.91470052818,352.40014475656204,0.50003596804072,0.06837914367315978,49.90370061306349,9.994895352500732,996.1069779288682,0.5009209470368139,0.5003533369050551,995.9956337429957,4.980118849102346,71.85093281310289,84188.35337241116,2099.1621491059686,149447.0009812212
15.93541465206918,2.7446404528836528,2.052657046489362,0.09737337107928158,0.3492400362427123,1.90886510104278,0.25232371889559696,0.9886144402223311,0.6511013851701564,1.6331414779196318,4.213301547022675,0.11799752748057488,0.29297640372277,0.15168342689188832,0.39432587508128353,0.31305429149497277,1.2349865533194397,0.07113595277131292,2.7273784931042355,0.9522319326641759,0.3767608811217906,0.24281075655796627,2.7213420858062682,0.027026034095344886,2.2207532860248183,0.6919295520612154,0.014139000418639578,2.0021766823154517,0.5615659996664218,1.491526113539039,0.32360340726571557,1.0952883127946325,0.1255399233407402,3.485630089633169,0.09989854975939182,53.78447262751687,1.4239665318146746,1.0913416324215934,1.2301630798614702,0.4018793691690509,0.03362661859463818,0.2806831952201584,41.343735160451104,1.8155418786749884,2.2610936049046853,1.4114813093288827,0.10034071793716699,2.200614272900599,1.226604537456999,1.4159902570539877,0.4763987695386145,3.5783763781393754,0.7734557026282264,2.9826788795351122,1.5883096000428438,0.14251366463033674,0.6454676511752665,1.5041104606594042,9.97069115349287,0.0006991028909035233,39.50344067295846,1.2206985017666143,0.600600391794023,0.2990378010377036,2.4881537502359348,0.29885894171420546,1.6920366528185449,0.4017777943790045,1.0001288731588576,0.49872999956001746,2.985573058658979,14.939477978360456,1.0523116573841003,15.99684534919685,0.4009376967200239,14.964778658038844,0.07995163960738709,8.009909000759595,9.971231750814097,1347.1315597688101,9.964160747457381,180.3812319812456,0.4503703112110341,70143.17004331009,351.1062650468476,0.498348943857748,0.06861401407052513,50.1277340662371,9.968200338326609,1003.8571186469732,0.49946987855516917,0.4998181857057493,1000.3126022716338,5.014644847359392,71.7580868394886,84013.11969560833,2114.18656741123,150656.70026734535
16.049435470275682,2.740881917923166,2.051947030969112,0.09714748338589628,0.348532599182362,1.9018929593003293,0.2528992287144701,0.9859459430682176,0.6465186074374494,1.6243068111781371,4.213161871630278,0.1183068256376509,0.29231198543832765,0.1524287106816343,0.3947128733226624,0.31155301635932536,1.2268374393987842,0.07076767347917093,2.743131533986381,0.9502448376877825,0.37489366061733237,0.24413343515404032,2.714914314503574,0.02688767292250482,2.229240809809271,0.6918135319990419,0.01413231626900669,1.9940186484889375,0.5599091600641442,1.502473313001701,0.3225801004321504,1.103489664667336,0.12633485016081353,3.5040684514538527,0.09987552091614378,53.8292404406443,1.426237134707014,1.0827110168966276,1.229789628230438,0.3999928850120383,0.03337084431975543,0.280990594300882,41.33344754576239,1.8192035929015393,2.2502255567423224,1.4073286000741307,0.10018505526349578,2.1902157329954286,1.2292796098823302,1.4087252816741935,0.47273763713276346,3.589710014485295,0.7735919720995461,2.969002989461644,1.5866521335380066,0.14349609398769508,0.6453439405878425,1.4971859479707277,10.014953357462787,0.0007029206780319978,39.56876642627262,1.2221915688836733,0.6018718540792966,0.296794007789395,2.5108627043646488,0.30137799186445674,1.7039621456692107,0.4000624233618011,1.0010395863890231,0.5007421814415831,2.9896239528307262,14.96923269371994,1.045809223644184,15.979273872576027,0.40098041704905,15.057826866229544,0.07989702149001589,8.009288627756241,10.009483676819361,1349.629295079141,10.019420867844705,179.37145802314956,0.4480868146443976,70075.34737229756,352.5166806577704,0.5022655907116896,0.06849102269382153,50.03935380743777,10.013321419525166,999.2937590655296,0.4989419383935709,0.497527772515003,995.1920605514416,5.023608264445366,72.17609760663412,84371.129894331,2112.2503894280253,150160.39977847933
16.02682227093324,2.757978078353574,2.0423158481160435,0.09689638085662472,0.3501958795033132,1.9023004954828466,0.25240174725722325,0.9932887895735701,0.6501875934983988,1.627120013529709,4.19748314861178,0.11854128904927273,0.2942082968779479,0.15171653451667796,0.3975608679938922,0.31318874993480034,1.2280078011923035,0.07070313785163655,2.741790764874498,0.950292962407318,0.3764419054431892,0.244100538479592,2.7198886603050925,0.02678560854114104,2.219973222778388,0.6927304230443612,0.014045173989056888,1.9914445258799425,0.5640178967347924,1.501152418422425,0.320928399399479,1.0964920651327121,0.12641908601864246,3.4798496758629422,0.09964398154529175,54.12971426332795,1.4343622472811424,1.0859541483424082,1.2315503027937589,0.3997215878440153,0.03342444522509075,0.2820664539584698,41.40889025335203,1.8225036671228454,2.247936043518191,1.4100104492051024,0.09978771842438876,2.1884512468393043,1.23157207087123,1.414400946505475,0.47643607487645356,3.562508813688803,0.7702686989710343,2.9762248312925874,1.5917019991793684,0.14354579306455098,0.645771243245179,1.4974609843720756,10.023916190200733,0.0006972096502902603,39.53245267658947,1.2166517927633804,0.5993984774754879,0.2980318256494075,2.497446168115241,0.3003833921757014,1.69361099687411,0.400085919959245,0.9977240534913515,0.49932324327779565,3.000266535344342,14.94489848755188,1.0488264511700047,16.041717553679625,0.39911027758704093,15.039685171373543,0.07978472651615012,8.02033381386874,9.969440001991881,1356.0913936543293,9.965376566270514,180.89971992926382,0.4487804546938383,70329.52486391732,350.18618484685464,0.49791093184345003,0.06807502625672288,49.8236432650465,9.990807518266822,1000.8021291929876,0.49989259242815653,0.5006522932951086,995.9582540998647,5.008821331148164,72.20533220040421,83984.18007754163,2111.1448100599027,149625.0082477866
15.991052064769644,2.758409714961127,2.0538380248060077,0.09720362746282682,0.3495438314121995,1.9112159681311354,0.25204982663486586,0.994667274997633,0.6501134642519439,1.6237478203548443,4.206311290784247,0.11810302261838708,0.29360171187482037,0.15150958995311187,0.3973098192379068,0.3124055836724135,1.22467947518797,0.07048784134203441,2.7350826661881418,0.9504226106727943,0.37528715975028,0.2421785512292625,2.702407551044698,0.026871008591043414,2.2229276317212308,0.6878452694399023,0.014141075791392958,1.9949774682454728,0.5637397574126466,1.5033478102949647,0.32091859589267563,1.104595041205502,0.12625876529044489,3.5035129315057194,0.0998468124072982,54.10604963201971,1.429667975539854,1.0836266639234764,1.2361079575879825,0.4017923080960545,0.03337431376982332,0.2805770413734539,41.591236542833926,1.8208818038340413,2.2499344842697004,1.405704556477539,0.09991952251096235,2.1899604498018492,1.2326328189832676,1.4092954786710838,0.47564119623729295,3.5657342847030216,0.7720311456181196,2.9651976089289267,1.5922602670073551,0.14346662852139513,0.6457181466347344,1.4947097614997857,10.034424745927923,0.0006970543707481599,39.507930489042614,1.2239358007963554,0.5980951223819431,0.29784223570699947,2.5109158300851506,0.29912689110019963,1.7047699236680465,0.4003377592662431,0.9990569575994168,0.49979615375163877,2.997309317131643,15.049095457752031,1.0532968481404315,15.979747161121962,0.40078899451446626,15.004780059935023,0.0801985748650213,7.96400371223067,9.983603427992579,1347.7833854545283,10.009681224840445,179.47374541643165,0.4501426223459815,70518.77501254415,349.2682992613149,0.5000172190929538,0.06815258922976505,50.04120062270355,9.974086283339807,1004.0250882189179,0.49908995489105923,0.5022915639469488,995.0413474982614,5.016605736096754,71.82841224182314,83959.73330294974,2113.086265730715,149706.56093192994
16.013420547256242,2.7565114373670365,2.0483436353165585,0.09681250050942372,0.35147817964896744,1.912817267142174,0.25298884151646733,0.9926504942204031,0.6497754015048666,1.6314650845042125,4.189210763278881,0.11845153682933325,0.29396960797330196,0.15234505352706362,0.39749751119596877,0.31101472915755146,1.2273168632136318,0.07055724199636663,2.734002693522289,0.9474159552838834,0.3745059419140414,0.2431837979631103,2.7056365139952456,0.026897446618970273,2.2147026775442145,0.6876619262873161,0.014093064833328143,1.9945229674033018,0.5614661763974907,1.4952376614973097,0.32341816883544533,1.0965552904412703,0.12573091736274497,3.500186064262992,0.09979586238733754,53.89935979585274,1.4337458438484603,1.0816126936503219,1.2356156759248944,0.3998513321815186,0.03358691566910129,0.2818812059800919,41.54595925834091,1.8149108973412018,2.2512417133775298,1.408740232666691,0.10003236261422899,2.1961239128314785,1.2282100934514493,1.4096786568736674,0.47551290114600087,3.5717861694339055,0.7708208563409744,2.9695375875064656,1.5919341766902932,0.14248982129069873,0.6457752501156057,1.4954103173242257,10.014611833040084,0.0007005683847873233,39.65037151526321,1.2217746037587838,0.602079096159531,0.29686810405318614,2.504410724557778,0.29973037231371097,1.7029567204591518,0.40150015110421394,1.0015283756208366,0.49829913779964785,2.997484024248239,15.007417297942387,1.0460822077746006,16.022977776720133,0.40085296761865613,15.039377300193234,0.07969592175536079,8.016411516430914,9.986618385436476,1346.101579692878,10.00243460763864,180.13089410540917,0.44980543807782036,70421.21192210953,349.66229436370685,0.4995357674783142,0.06824063913420696,49.77440008296411,9.983906402344797,1002.1807567036446,0.5001162450953985,0.4995937326863997,999.7470477981019,4.990625095811826,71.72795773296482,84287.15181028072,2111.639012388413,150433.57986799104
15.957334686955393,2.7481929108069636,2.0510685067309424,0.0974939835273807,0.34893777566474177,1.9029756271768128,0.25308769139937987,0.9864926262214153,0.6511694303850698,1.631613268846129,4.20995782940162,0.11763294886306207,0.2940562841012449,0.15150169093610535,0.395609020990225,0.3105898675725142,1.2241273393723517,0.070962540107563,2.7220213783342833,0.948955498002714,0.37684000076592966,0.24298004155654326,2.714239288978447,0.026830368947770966,2.2270565367081394,0.6879730143020575,0.014112776521985452,2.0067172657961123,0.5636477873414519,1.490282508406778,0.3215723275450572,1.1038783647625532,0.12644218466897633,3.4947606854232256,0.0996085311894156,53.858390490821584,1.4365944740303087,1.0827230756495534,1.233707261481365,0.3996712832714198,0.03358198819410064,0.27944895176346796,41.18731916003039,1.8163714373469886,2.2583290439640096,1.4125351777647148,0.1001118237623879,2.2008991803807545,1.228121738723281,1.4149385569939492,0.47314591077002555,3.5682120133006503,0.7698313446080939,2.993692484544865,1.5932341045070477,0.14244591822053743,0.6469296030967155,1.503985776510008,10.023660734870262,0.0007003604238684718,39.63775384229453,1.2152407512040497,0.6007187573534377,0.2968905177010304,2.502248638055989,0.30011894619659363,1.7016409142661115,0.40130713724252404,0.9991117775123538,0.49968298982608916,2.986799395340942,14.968160971739977,1.045600732440185,15.942681318284581,0.39970718687176193,14.986079074631341,0.08034868602858027,7.969545599469155,9.964930263268933,1353.3866951664584,9.952239860121278,180.2717034773109,0.45111402506741005,70272.52564083478,350.12547127575215,0.4980179349025096,0.06873801517969581,50.17967712595617,10.023063648569504,996.8704034079219,0.4996545499717127,0.5010490989413078,996.0143231972503,5.022866398697261,72.3277676810608,83916.67849162538,2098.623045736833,149796.11457794395
15.992109493964964,2.748370231386018,2.0538581852514586,0.09717104628860367,0.3488948881137771,1.9054355266448768,0.25177621233570413,0.9901910527962908,0.6507411473700511,1.6234182711712049,4.222812609309378,0.11777681083045272,0.29366519187347945,0.15163255138468318,0.3955451717242842,0.31182296121537373,1.2330845275669717,0.07056370822045936,2.7258108783504085,0.9482706667486683,0.37659254825946537,0.24196984859959414,2.6990170812127836,0.026958771193180932,2.21702850448204,0.6876927472793821,0.01406661138278725,2.001964292677582,0.5645475260840713,1.5004717157726122,0.3229565232581693,1.1011929341943985,0.12583768867743164,3.506131063172982,0.0995812737673304,54.07637735328555,1.4265432759487617,1.0881724202086123,1.235933352504403,0.4013691666446338,0.033617297107120324,0.2816068516850696,41.37087522949448,1.8180535506218034,2.2504173642051657,1.4069700896805144,0.0999781442714856,2.181826834330412,1.2348281720065877,1.4133229569614838,0.47291964538552356,3.58572617375137,0.7719919738745309,2.9907760351491377,1.5872830883589095,0.14318695099394668,0.6425579969847525,1.505233210197512,10.03751599230352,0.0006970358707063418,39.59471647628644,1.2151542915953804,0.599392565306071,0.29652534438922273,2.5070705727245235,0.29979435538344607,1.7005829618999495,0.4009704718876167,1.002123238678121,0.49907331110088593,3.0084830208032964,15.021113631221713,1.0470407975907818,15.924680319084125,0.4010246528978436,14.949847115615961,0.07969009172332187,7.993632842033736,10.042171793839485,1352.9450961663265,10.029806162940671,179.58580653233935,0.45150773367834957,70122.61234765574,352.55206370311373,0.5003487709642359,0.06847266412766037,50.20756634440833,10.04484019252125,995.1764631327721,0.49866228846642213,0.5005712251783412,995.0361440780316,4.99087651336296,71.78134602127663,84230.77030005962,2107.048440940014,149533.52168041456
16.005821875823173,2.747159958638889,2.060064717764607,0.09677727988611817,0.3511923982215375,1.9195400866850714,0.2521048111325537,0.991787668422262,0.6455890982820984,1.6275684005593516,4.196590715175338,0.1180983185434767,0.29429532152353904,0.15128498229015744,0.395978006746298,0.3126974985668208,1.2291466280417225,0.07082751975442786,2.728716189213429,0.9489242058788844,0.37437785246335775,0.24311371125996362,2.7103192440059756,0.02681441900184388,2.2207714647391765,0.6897457299277426,0.014113137917003622,2.0012765071650143,0.5614637869763056,1.501208585431527,0.321541008220973,1.0997199097347374,0.1259072767879631,3.489506939267917,0.10030018291140769,54.02302851990923,1.423454002126866,1.0869410667602297,1.2253844715291669,0.400917371547038,0.033663042592079744,0.2810334773014509,41.340274657031145,1.8122161197463948,2.2462328081859324,1.4103566112333652,0.10038085847277445,2.19028455751556,1.2359585076501935,1.4081552474501566,0.47262733411331775,3.584604784991136,0.7678373710638288,2.9723647822009487,1.5823270208867544,0.14304500533994968,0.6423739500663261,1.5074143536307212,10.033565705235556,0.0007015483304502308,39.62202417050047,1.2147734850616225,0.6010136571078549,0.29657645847036973,2.4985400229183963,0.2986583110051736,1.701015032325789,0.4002381674557616,1.0003061561465882,0.5010729354661385,2.9918446590368357,14.961325259462223,1.0491197146074094,16.032443296204526,0.3984670099042597,15.057883172838928,0.07980176967241985,7.970230954131902,10.009897421705336,1346.970358230853,9.99087628069862,179.2100062320486,0.44984233831151216,70044.22943991338,349.71150489987855,0.4994315740632472,0.06858472594996565,50.13182507852656,9.986048598424226,1004.7423590375241,0.4981294308054623,0.50177375415322,1004.7895203561135,5.003647990410567,71.68329630168765,84565.56127063319,2103.673028705696,149507.8328052895
16.062627679775815,2.7479891839817325,2.0499874369443605,0.09726903197327819,0.35142310307026137,1.9100716166487097,0.2529782755183684,0.9867352769230607,0.6487562483771064,1.6304157119684461,4.202634113649395,0.11766078429945365,0.29173992409290456,0.15163783703224576,0.39671513134481046,0.3113080115068043,1.2328057335128066,0.07106560800330432,2.7353045347380878,0.9508920558303764,0.3762752552620054,0.2440852504638038,2.717125718245639,0.026852299816242344,2.2249583567070284,0.6911858225231389,0.0141354500931022,1.9963872470571675,0.562053849275619,1.5026943683818477,0.3235317999022576,1.098459312853699,0.1259832466804643,3.4840957837510325,0.10021793917177811,53.66136100623274,1.4364895199266177,1.0875366300093061,1.2271826644747375,0.3981491616748309,0.033520348821077975,0.2809418981883886,41.47081194763538,1.8204621939607004,2.250353353517334,1.4072382257166012,0.09969403749202804,2.184546972528702,1.2284595088438646,1.4138541776463958,0.4731867086095015,3.5851438739413437,0.7664423017884657,2.9663839988337815,1.5864010107958175,0.14279578389427222,0.6420028798486006,1.5057935454480376,9.980471658660683,0.0006997785102009074,39.876065391307485,1.2169975677677747,0.6007127590917112,0.2987346445356875,2.494276059765411,0.2986724461035666,1.7049531910850892,0.399156086781992,0.9982126183138975,0.49957371857614674,2.9861714891678997,15.05271247365767,1.0538149931639653,16.059418076014442,0.3987304833556096,15.071431798702498,0.0801291886634187,8.007435998085585,10.02222657005817,1353.455401782768,9.991612739264372,180.15106056338706,0.4503831479648693,69836.57110869163,349.14992055791566,0.49985352263021054,0.06843999400135231,50.1036105723781,10.025271491661016,1000.857807636256,0.4989219690183164,0.5005965490168988,997.598007811474,5.015878758250594,71.94478752554403,84543.59635535277,2097.168066619241,150308.21092581982
15.988691243932859,2.7397529192235126,2.0512098203273026,0.0969199218988807,0.3492732482534263,1.9091638255891024,0.25165818786637395,0.9888982816852602,0.6473327438711595,1.62212666066207,4.204413936796383,0.11787433544357981,0.29327171511977773,0.15197099504616002,0.39470326774996667,0.3122742875197592,1.2242815211796816,0.07068195718478697,2.733279123321348,0.9491753554205846,0.37479834439977794,0.2426092301694595,2.7088535992027065,0.026876174321869964,2.2241161370541405,0.6916572983108733,0.01403526138302699,2.004905348812812,0.564127199583339,1.5031961711936432,0.32057026130095695,1.1042208710270047,0.1255762692212909,3.484358276903806,0.09988166207613411,53.80163345763496,1.4270644124123963,1.0834065217504611,1.2319558943340263,0.40032180460175737,0.033538029612949306,0.28075994627671447,41.274453869594986,1.8215708182565231,2.2534588548172967,1.4036821192955853,0.10048773953405328,2.1917472937355345,1.2317014887387858,1.4109825128825186,0.4759059189996128,3.58561503194651,0.7723034767709858,2.969914088648326,1.584653198845688,0.1425989985248394,0.6469846385268102,1.4978555332881327,9.981617453516964,0.000698105164633189,39.67262168174928,1.2249448584344493,0.6010450738920249,0.2970695278847213,2.508433808498769,0.3013365141281945,1.703621919487221,0.4003744944526729,1.0017177147512955,0.5011798842263748,3.0107820554155076,15.023800601264988,1.0503304943000997,15.949191973496992,0.39949690149615635,14.937689072426595,0.08018282172777205,8.03938341828426,9.959596536586545,1349.1926437243624,10.020007613041479,179.15385943231254,0.44972807170448975,70388.8803402035,350.1444291529572,0.500798510599642,0.06847342109847536,50.10001543136509,9.974015771071635,996.6833424027764,0.4975845552783659,0.49990174677851024,996.8683817087259,5.00756035910951,72.0354081569167,84492.02428221895,2111.355778677525,149791.81750980372
15.96740286408954,2.738509741026158,2.0552556277003022,0.097196310885783,0.349427039910412,1.9138880046697164,0.25143074431222595,0.9897825279700246,0.6475850330810194,1.6262547580947053,4.222227532985876,0.11824465667753446,0.2930572314115009,0.15229069313435592,0.3943740191805308,0.31178106733232896,1.231231864689158,0.0707248229060118,2.7358455802708184,0.9482106207813773,0.3755596376842968,0.24279429969511077,2.715860199236389,0.026783202398122142,2.2275069819196323,0.6869457685160166,0.014048207051881017,2.0062042164778537,0.5612944649717877,1.4963925975706691,0.32159028090296893,1.0955235101690743,0.12613678286808044,3.496598569170964,0.0996899337554973,54.04590731442045,1.4242771739778528,1.0899872830870942,1.2324764338570504,0.4016484662643873,0.0336050216882583,0.28166699892525965,41.57944488741593,1.8262668756348435,2.25666915595989,1.4057153796562658,0.10025507424568265,2.19290627148492,1.2356772289623172,1.4131024788364301,0.4738579900357368,3.5679757385454054,0.7683164552665165,2.9794081871478983,1.592424880211517,0.14259258183733237,0.6422793637995644,1.4970279712255405,10.030728290298711,0.0006990579420795314,39.512701495258355,1.2205494299272994,0.5970356933829077,0.2985176380037807,2.5085518863644203,0.29899914608478734,1.7058581977778666,0.40071609464110597,0.9959855279880778,0.4986394714739578,2.991820171306989,14.955859955940154,1.048262780780922,16.06522773848175,0.3988965630822992,15.064005237942133,0.08003972668849596,8.001362902606845,10.017378079206372,1354.1266373812211,10.045763605664376,179.104841312014,0.4495415912013681,69956.73735612544,349.64809527312633,0.498235127983713,0.0685434873509756,49.77557045030043,10.0336724719292,1002.5256706765422,0.49954635179711104,0.49962729849025755,1001.7836241212306,4.975538560820542,71.91873641156106,83941.63941715768,2098.280383769472,150075.88522617676
15.959348581710536,2.7465675539707863,2.0544549733001123,0.09731729328329472,0.34940507968412304,1.9013974114044416,0.2508071989910305,0.989876706432254,0.6474915211516271,1.634832069286407,4.19240325623395,0.11841291559201969,0.29215771970051324,0.15177311145595065,0.3974253163627005,0.31305348232105007,1.2301833283644898,0.0705038191313049,2.7324700379021016,0.9504813310574376,0.3751062923439944,0.2422298401067771,2.7099198392604484,0.026967063267004345,2.2201085353366414,0.6882023105969995,0.014152017213801733,2.007440135771772,0.5628898241288659,1.490627117964938,0.32113744202014777,1.1013053061188425,0.1263544421216051,3.48910169741677,0.09980404410790022,54.11729568577353,1.4283030474603176,1.091524532061213,1.2303977939378177,0.40045711592655575,0.03337436063794808,0.2800476104199031,41.586472127308426,1.8239797493904766,2.2494841786678257,1.4103021223033156,0.09958779521529905,2.196204928229514,1.2247278024094366,1.4084065925429234,0.4745755984001307,3.583690443010359,0.7693496035469263,2.9937292464557825,1.5947366553461095,0.1436568356309666,0.6441206516901951,1.4970335234716805,10.048131026986617,0.0006970685667457089,39.84946520089759,1.215068539140824,0.601841438024232,0.2988341962565403,2.5039924624547547,0.30084765964939736,1.6929969763063013,0.39949404121607873,0.9983649378562512,0.5024076540289035,2.9991760481193084,14.932447525190465,1.0474727904517755,16.055053368406277,0.401566585548204,15.064103608788802,0.07971529476184808,8.015046957137999,9.990233430261902,1353.1789052032673,10.03243817832372,179.57025882874723,0.45000152151394884,70060.78604580124,350.71533141590555,0.4989530790430643,0.06829031090569497,49.88613754629522,9.979844236020444,1000.7796486784919,0.5005014176965834,0.5021036843757554,998.9058015712612,5.007873471260142,72.33513747735688,84182.67273180214,2110.876158665555,150704.62869311316
16.04636419547896,2.7384638432545527,2.0437088097495733,0.09700062695450032,0.350651755214439,1.9132744707154095,0.25108562307649696,0.98949854253955,0.6474933874405097,1.6330948536179657,4.199935894854457,0.11769057504027063,0.29328340254937335,0.1513659009628607,0.3966686634211616,0.3118110174803376,1.230447040992357,0.07101380785512171,2.7212905255720345,0.9452502912358859,0.3775080623954041,0.2435855768580074,2.7035690772197825,0.026959376030713193,2.219049588712171,0.6908092608849868,0.014140417050427909,1.990895107596922,0.5626248390741078,1.494581819100954,0.32205199827008857,1.0985012990440524,0.12655572246147268,3.4933907702334395,0.10034659909847424,53.77885057619253,1.4280639304151408,1.0901204201686128,1.226733625790279,0.40199997493317596,0.03355362662687081,0.28181387094404625,41.22630866945141,1.8184316978722013,2.2463082278959754,1.416640588544483,0.09964474913634097,2.1954347745723073,1.2316094132144138,1.4149541432511914,0.4772671144073107,3.5909508888067756,0.7680915759923495,2.989960515305498,1.590425469778586,0.14321923275085294,0.6425860469214073,1.5047402389190663,9.99444622316457,0.0007021585710557847,39.65113445682911,1.2214218109977522,0.59761796695872,0.2967855485580489,2.5113242298947682,0.3006781963589242,1.6944358202181529,0.40039094148372545,1.0028119557484816,0.500493547229352,2.998453415735825,15.050286842605603,1.04528313676431,16.021333710588156,0.3998920310964419,15.022224957941752,0.07983235970039401,7.9729980312547,10.047419371859064,1354.9171006750269,10.040894253934765,180.48376619583667,0.44804214035469236,70271.77167495538,350.4539366671914,0.4991714414838264,0.06822846699401335,49.8403297273191,9.963944936452437,996.2120918595555,0.5010578187299358,0.5021520797285068,998.8031712835274,4.980300910131188,71.79923393628671,84418.99487009883,2101.8115109361975,150244.2353121185
15.952899803784065,2.757061381423032,2.0531810686082976,0.09693001414379797,0.35151190706092267,1.9104328027226616,0.2512940551465862,0.9906601217466998,0.6474513052259242,1.6367994377698938,4.201994943255779,0.11845584617910246,0.2937101873122502,0.15227343604017704,0.3947479772431672,0.3107087425664383,1.2344825760030962,0.070849943679544,2.7427024705374103,0.9481554119147967,0.3763436028271752,0.24420797424379714,2.715850664992299,0.026862348070779554,2.227277055628972,0.6885889058835019,0.014103535675053505,1.994758957197925,0.5647801177573442,1.5035048093229135,0.3232038395254765,1.0989125620496558,0.1262879440588299,3.4816513197653,0.0998899997621697,54.07417388114624,1.4236566348142576,1.0821030680135708,1.231981253115161,0.4010983928239442,0.033460986812103126,0.2811903164906082,41.55679331861173,1.8127197316105224,2.257436613679658,1.4111525371813731,0.09992235557776759,2.180182492301246,1.2285741245230044,1.414143845637422,0.4751993305142148,3.568411825056748,0.7679381055395099,2.9903590930659933,1.5889332307486494,0.14242154631587683,0.6470482586655244,1.4963019361514913,10.029648709129011,0.0006965896157193861,39.58337950998633,1.2180128989072674,0.6021565516004016,0.298738885503454,2.4952005308396106,0.3008624487365022,1.70527102196508,0.40004808331533354,1.0000788744769302,0.5000476146597306,2.9900219062912528,15.046909735744332,1.052253359536694,16.055901508126016,0.4012626973222296,15.042815575904413,0.08022430132860117,8.035556054196928,10.0105410987717,1354.4271423164078,10.030134087535028,179.58642066920362,0.4502957744438165,70343.20220182391,349.47868404159703,0.5001529052275114,0.06805994256662586,49.87015102228095,9.99863708979444,998.069300158413,0.501355449625305,0.500687020400407,997.6754000349007,4.975853892498543,71.82339336561219,84227.06251741864,2110.5199445191965,150155.05171394808
15.928930835579544,2.7490793165972764,2.0594200483542227,0.09759273272868432,0.35084838298898874,1.905870863926516,0.25079586059919234,0.989568031792989,0.6471863633625631,1.6328663215980987,4.191921807749068,0.11849958666707434,0.29369106836452463,0.15271591744137958,0.39744664245359024,0.31178231259020206,1.2319987113352908,0.07104470563293862,2.721915789554166,0.9433512927200257,0.37527651347681784,0.24284801534486378,2.713375861903287,0.026836361148911254,2.2187137253662472,0.6910258878314893,0.014145743740868988,1.9945387062585502,0.5636854582369376,1.5035748282996941,0.3217087904384054,1.1005718663326236,0.12538257973247283,3.4973363140180167,0.10037201334071194,53.65122510115309,1.434914446415944,1.083184872702387,1.2342078150864682,0.4001676191128987,0.033456503389658575,0.2819386249791753,41.43650497580627,1.8116035343055013,2.2559850087700513,1.4055218230122521,0.10042327487784597,2.1826953860005878,1.2298481931822614,1.4103183480012291,0.4753029539476189,3.5811919448119247,0.7695306533730013,2.986342391920921,1.5845234000769195,0.14341079696248907,0.641021183134185,1.505131431233345,10.024982889036389,0.0007020677980198764,39.59942155310161,1.2242664352091888,0.6011469464728899,0.2993962528753573,2.488000278285882,0.3008715671459791,1.702096143458631,0.40195615058703177,0.9994304134242069,0.4988982771616659,3.011392363147003,14.973854101570703,1.052129275643403,15.973095678897288,0.4017828893477883,15.003915053840917,0.07985583284347626,8.02579352570808,9.956247405239939,1344.5157325493885,10.03367161964764,179.682145090929,0.4485444973122133,70243.166772979,350.00888505485665,0.5024359162902325,0.06861929102099193,50.19458761050889,10.033358644306073,1003.8586063795345,0.49918989565328875,0.5008670608348064,1004.0698266427272,5.009297528650159,72.357951540828,84518.81950918565,2095.968245033767,150002.49797853496
15.964086463758829,2.7603140241946207,2.0589635737443683,0.09726475204540905,0.3484534918170572,1.907071581672181,0.25121521102585925,0.9902898090384762,0.651141760103635,1.6274451547030255,4.219850300109308,0.11839064408827586,0.29396740922686027,0.1514672806620882,0.39496028143474177,0.3111366247458469,1.2275065342526648,0.07047913864744942,2.7310750789316915,0.9502840167556844,0.37510067607994924,0.2433397866928518,2.7112353918641987,0.026792176675052567,2.2142230833003733,0.6882162424377063,0.014098403757330562,2.002557026873731,0.5608837229905703,1.4914180567271142,0.32125688429611976,1.0949420541743853,0.12631331834064594,3.4969559402158867,0.10017066098517678,53.973495315637166,1.4271070307604965,1.0828203031885557,1.231217888737398,0.40093030160200577,0.03360413264009133,0.2813358728478097,41.45567110063861,1.8259039821466287,2.2558899528842367,1.416273112591267,0.09950604753468859,2.182262056894763,1.2309809426159393,1.4086049346370533,0.47424240068904444,3.5888035105434386,0.7702744026809933,2.9807893215225687,1.5828423781389176,0.1429446539485648,0.6446956569344187,1.4967012633345411,9.973898234485626,0.0007003542883956633,39.8434652155312,1.2153197482170421,0.5988546773524824,0.29668325311446814,2.495634581980916,0.30058452295741966,1.6969174276440426,0.3995940083429737,1.0043549609681683,0.4992354063804487,3.0011865664995527,15.065043932803402,1.0500893821114397,15.947224656487284,0.39857233191493374,15.05983428667261,0.08030850824812669,7.980082264794235,10.012320866364973,1345.4981333895994,9.973149435677392,180.757192151844,0.4495579468201562,69977.43255861034,350.9546388670479,0.5017550270666448,0.06862773870331472,50.08100910292369,10.03134479786397,1002.7955200301158,0.5023182620180867,0.5007792011094532,1000.9790011694075,5.020283315252241,71.9003139981232,84205.00857140817,2112.559765506537,150718.45043390608
15.987402870630893,2.7524693388621517,2.056923295940747,0.09721822825372287,0.34966587622028883,1.9016889251884257,0.25127438140893893,0.9883311480297303,0.6473626602149293,1.634502197922509,4.1959727641264495,0.1174954242415943,0.29325718949557306,0.15125231636715003,0.3977062226879831,0.3112387744363823,1.2341038723171982,0.07071470717109271,2.7436186210586935,0.9480120390425172,0.3777403612033629,0.24292437404311518,2.7158061752630744,0.02678261844427246,2.218778283963683,0.6884184288492083,0.014141337855872287,2.0006487136314024,0.562786843875984,1.493314669562544,0.3207661985856651,1.1019862023582974,0.12592726161890855,3.487104365117583,0.1004639393990286,53.70420448639899,1.4320568527600148,1.0822199311233318,1.2322744895125155,0.400238572025235,0.03357601436060187,0.28140406082131536,41.237703115704356,1.815899448471809,2.244428881886399,1.4115231832076354,0.0997583593138164,2.1903477722797935,1.2292882106294651,1.4112077087836112,0.47429395720517165,3.5952131940097143,0.7735805688302452,2.9755561487912296,1.596586711304363,0.1434190380514829,0.6422361814149721,1.5009421447612459,9.987762229947933,0.0007021065541158728,39.836305327189166,1.2214934312592924,0.6007807929846436,0.29865933214633883,2.4998767973015283,0.2999119770017241,1.7010744641875921,0.4012734477075459,1.0014743224355585,0.49821991414531885,2.989212232093796,14.987384714177782,1.0516704685523515,15.982577337826903,0.39952697845012225,15.059317373187394,0.080294578835464,7.998052960333525,10.02182839672076,1349.3532872861676,10.01031388080236,179.5941203425865,0.4499889084136959,70282.03673540667,350.665717432777,0.5012969312270511,0.06824084822792453,49.75643835933109,10.04142511250487,998.6103367139195,0.49876045120815976,0.49988028818999897,997.4937002632345,5.01166218386744,71.8608934832644,84625.05784705396,2100.289604803978,149792.81177941337
16.006141008067093,2.7363416656121333,2.0398348086303257,0.09694122935866402,0.3485358282124471,1.914967288839498,0.252936979879382,0.9891411147469936,0.6481070386846101,1.6318377200252288,4.192944488109412,0.11796438349263132,0.294345966213255,0.1515559820602617,0.3943528735655464,0.31131538177957097,1.2305894755000724,0.07106089108303994,2.726036195007239,0.946528778515266,0.375409927363813,0.24382843414600297,2.7091682577064726,0.026854640563889583,2.212828289946458,0.6874166490022652,0.014166853283969499,1.999728481597931,0.5595957856848309,1.5030832271951722,0.32346214272382434,1.0971089439327386,0.125768248299733,3.506071047080467,0.09951576127875428,53.81528733899502,1.4290004598837995,1.0899391188744272,1.2283733483290356,0.39935364279993485,0.03357684892927792,0.28168050211740103,41.2216527976641,1.8134929779292501,2.2535948366053375,1.4073822099191666,0.100168435783661,2.182859241500323,1.2337394818947964,1.4074819969951513,0.47421698237687426,3.5685035448784874,0.7677775024618565,2.98293219410708,1.5912975286896065,0.14346389442517585,0.6448390031745344,1.498917695769002,10.030342661414902,0.000696616141547625,39.76007153164443,1.2205268910604266,0.5983253589261043,0.2984097258344477,2.5121664302003417,0.2995395252070826,1.7023545807167006,0.3997574933200958,0.9989243790002114,0.49903580799918335,2.991868510068294,14.96033782955371,1.0528796330598078,15.971805909426324,0.4001183033286939,14.957026941754538,0.07976997415785961,8.006966326114467,10.008276333135226,1350.0710565072397,10.019318598440261,180.2466462437864,0.448650453940967,69870.03785770929,350.06185234285056,0.499656234765839,0.06820047603658627,49.99120072940434,9.95367094330218,999.771244963298,0.4992575634632829,0.5022955299274982,1003.7669987172901,5.022555907039692,72.1143574426398,84608.4368596618,2098.4643707821265,150048.5878251739
16.038908814163797,2.7495145186252445,2.0441318062815763,0.0973495137301887,0.35164923354965727,1.9104431287091752,0.2513652399170908,0.9854511249406451,0.6454348066881923,1.6345187507152832,4.209379385730013,0.11765621815801763,0.2940550281738695,0.15190283560871745,0.397171167562109,0.31297123287699863,1.2326803790282115,0.07113458256890569,2.740835385581251,0.9444491552552698,0.3754125078306424,0.24410382171705067,2.714215925368353,0.02688486414360121,2.228039080808197,0.6909583438777899,0.014081750788166243,1.9954249500610832,0.563973199357761,1.5021910856137994,0.32334694538980313,1.1031299803802055,0.12560280893926162,3.486107889009078,0.09982808004607582,53.77947086497614,1.4342145797966097,1.0829198424768331,1.2297442528944826,0.4014625561635938,0.033596805229764666,0.28004701999034476,41.19776298107812,1.8184325619868436,2.252103879745482,1.4150019715116284,0.10002826936180892,2.184871305329356,1.2323463040304807,1.4086133791852415,0.47654487540862034,3.5629493673576493,0.7693763847407151,2.97768031819999,1.5913919404020176,0.1427978140241018,0.6433700050576393,1.503523390194835,9.967128260393222,0.0006981685893226758,39.522227225205945,1.217043582514735,0.6000323450566191,0.2970736919837878,2.4893394347167934,0.3014890998063479,1.6992385039422382,0.40132619358581556,1.0023877412882687,0.4983272102266747,3.0003683464986697,15.010178820142123,1.0464072824346893,15.937903544773636,0.3990529110793448,14.964189543773955,0.07982206837232676,7.980196503093777,10.004681489730142,1347.224336741504,10.027164489221363,179.1942861919049,0.45054678385889846,70373.20741728324,350.6495457446096,0.4990966233644948,0.06826531202828062,49.91389654556191,9.961736321712152,1000.8107565737092,0.5006173752282767,0.499448409465715,1004.5585822667645,5.020571728886862,71.85447003748843,84406.66538615563,2096.9234485597854,150386.7207197236
16.03771823191917,2.746057287380164,2.0476824876772217,0.0972836517871349,0.34923077425524096,1.911389259503987,0.25297681595794785,0.9894538918302451,0.6460832666950629,1.6309461230597204,4.216434837359166,0.11803066160435068,0.29160423291479204,0.1522573068237273,0.39416610198707314,0.31174236224314894,1.228947091950037,0.07104525552837856,2.7399009555253753,0.9506073958645601,0.37720218054899485,0.24231668981861837,2.7158612987343305,0.026967057413385127,2.226173242706823,0.6920340037710512,0.014052517229002312,1.9951385008273073,0.5635943181781137,1.4917208090326468,0.32078915406838515,1.1052471474277457,0.12658941591691789,3.4843020094345265,0.09950859310917459,53.85514470126896,1.423219993311989,1.0831240601950298,1.2266066002011424,0.4013568797697536,0.03345822567663861,0.2793195763019317,41.4466533502712,1.8121854612125554,2.258867353650854,1.4064094870320691,0.09973774128836704,2.187745261692976,1.22517158683406,1.403276246708344,0.4769682457021988,3.593017178051702,0.773205668485282,2.985263855165219,1.5822570135256804,0.14367665963721762,0.6453444332871245,1.498728483074209,10.023247959264996,0.0007004695287027544,39.74812268536814,1.223954074173333,0.6026170989797918,0.29888403145819936,2.5098970790458344,0.3002025103967359,1.6972533573738107,0.4006787578351393,1.0005622753033,0.4977810594925038,3.0022764468523606,14.987611989131139,1.048630505010125,16.035913648232675,0.40154043866284567,14.954571018240784,0.08023591671396585,7.973567584074728,10.007644616283848,1354.7007799621526,10.040583985306554,179.65520072923073,0.45143496376943915,70447.84189886024,349.7218670661293,0.4994236215404645,0.06858895462795471,49.757359342062145,10.012576556264749,999.1464242647385,0.5000875677491213,0.49959183063831136,996.9538895281166,4.992422768253641,72.25995615064625,84304.44202944775,2104.5213852440165,150309.07860026986
15.949396762109018,2.7385455047159506,2.0509962877922665,0.09672518000034623,0.348768758644737,1.914145815198744,0.25301207786851093,0.9878741124498426,0.647239408446957,1.6329506448793678,4.2228357533399885,0.11771705011954235,0.2939556753142342,0.15271847971057123,0.3943683179827184,0.311139878388135,1.232781603115961,0.07047198626877339,2.724103786603521,0.951266101497773,0.3766830226656933,0.24334191668251196,2.7130351812814117,0.026900513196183258,2.225921641293228,0.6925204978091785,0.014141670457753924,1.999653859830114,0.5635652696240386,1.5008225787118576,0.32185755766968377,1.0981752203264774,0.12588677091733477,3.4897629382546125,0.09964695214930715,53.75823323304851,1.424306339037941,1.0823508400754847,1.230813267155119,0.40079229603979666,0.03353806016630118,0.28133691209920464,41.351300400638564,1.8254445167805045,2.2555728745799954,1.4129751684992853,0.10026600068612664,2.184118676296459,1.230854110678212,1.4138766098395767,0.4730946225957884,3.5709451662422835,0.7699294074603439,2.977442695225469,1.5965868585999745,0.143358419234556,0.6410429493445047,1.4994795939188919,10.026256007878818,0.0007011830700608801,39.694939940379214,1.2149393755199898,0.6024908130738246,0.29774699138066135,2.4911283683760415,0.2987531867358535,1.7048415115093116,0.40045098908769855,0.9975171280700604,0.5001651564670446,3.013394024524003,14.998967400888178,1.0488516611362024,15.969254932093799,0.39872911057281724,15.061552403129026,0.07973735825460429,7.9643692941307265,9.964272740772232,1345.7136823069263,9.99248223062293,180.73735214327542,0.44835668638651055,69933.67677839832,350.6501290544644,0.5020188706377443,0.06869215908488327,50.2254156353947,9.962687911574136,1002.0554001908597,0.5007368682135739,0.497652367966696,1001.7229966157033,5.009849257951863,72.11279587552386,83971.58768829552,2101.47120191788,150080.6403448801
15.942147277191067,2.740615701560049,2.0540743546413913,0.09687506885386102,0.34830840452239314,1.9039854158751457,0.2509303253579,0.9878434806929702,0.6496869451775468,1.6346632998259791,4.191953972709955,0.1180829371164052,0.2917929816621805,0.15152437102715635,0.39712548465225844,0.3134726661029666,1.2271909176500346,0.0709959483706613,2.725687967737859,0.9506976420289395,0.37626419797497285,0.24311257372085884,2.718367805825855,0.0269527698073779,2.230450655963996,0.6890524231708072,0.014164161521970224,2.0065528228668392,0.561963679009217,1.497012196967568,0.32329429378532215,1.1009618935314291,0.12579562668235095,3.473993993304004,0.0997996306222939,53.757618712340935,1.424695121341745,1.0888764138549016,1.2287170873751618,0.398378266432081,0.03344203916700395,0.2796906449721654,41.43081219865938,1.8186698010447948,2.259769657529998,1.4115332700245375,0.10026517270802665,2.1863877300496366,1.2331300971940653,1.4133104392766052,0.47733174124815914,3.5857698817467996,0.773204379141379,2.990934085494034,1.5966578115477104,0.14310462875301982,0.6422224640552119,1.5012754091479614,10.04216724257365,0.0007033111298198078,39.85703906776417,1.219281302927558,0.60182598136285,0.29796591206107814,2.504793151761314,0.2997946111800425,1.6966437129734921,0.399767742314149,0.9980697973959748,0.4996158923055487,3.00533055701145,14.95511222178163,1.0518555124016915,15.931779179621994,0.39800637032127895,14.959956702966222,0.07976188791364314,8.02665240483199,10.025604134493856,1352.2462464133657,10.020625290424936,180.29337597723259,0.451469030155759,70205.78846462538,349.1775535023049,0.5018165796169014,0.06837976989754561,50.214212960363724,10.039300402189596,998.9934020365355,0.502165364706495,0.4977929204039575,1001.6233021141298,5.009074561688168,72.24489399210808,84186.9528885123,2099.5389053013723,149316.26851355264
15.994766519592163,2.748715056158591,2.0470559191239808,0.09733260244307604,0.35010983237830334,1.9026570885006957,0.250861263316445,0.9938676471889946,0.6495692661231198,1.629400089382586,4.209833552064846,0.11754505627168829,0.2923070873542787,0.15249365822300986,0.39452030874291266,0.3107654057841314,1.2307150877437913,0.07104094266153721,2.726700010612673,0.949382890755532,0.37751206801740905,0.24395075089888085,2.70912938725347,0.02684501167841494,2.221629118622077,0.6929269697157151,0.014125501758579496,2.0091034456219323,0.5624448909600807,1.4898327093605,0.3218323157012634,1.1044360221222207,0.125412543300536,3.4941179789204484,0.09987792926855474,53.85804729502489,1.4309663289791903,1.086038829383719,1.2351677295596568,0.39921477174627396,0.03358685926821222,0.2795549671386022,41.320813895410566,1.81377328812206,2.2436960528714938,1.4109093870630354,0.09984203809557918,2.1801176869086114,1.2344698526592965,1.4124730571988005,0.4771622728244618,3.5907560294498007,0.7704571719384172,2.9788191591203486,1.5971010916689707,0.14289129455997765,0.6442891483626291,1.4975060429982683,9.978063338771028,0.0007024188868056354,39.57961442766516,1.2156573864043305,0.6013682338504901,0.29901665313644155,2.5106930715710494,0.3005010500739228,1.69742244133563,0.4000427143522111,0.9968626970802689,0.4985605157587538,3.011887837711423,15.052325517090773,1.0476792616841992,15.98086700309785,0.40183516853127305,14.983797700871191,0.0798619557837974,7.976049317233313,9.990765499045342,1348.1588849058908,10.02348078616631,179.72458176845518,0.4498124065417959,70056.62640810474,350.23624140116215,0.49875613185873297,0.06839870930511913,49.96451131204441,9.955757332774308,1004.3055149261972,0.49924398341282095,0.501287734180975,1004.069288691698,4.975569803388239,71.7287874335548,83950.4074851371,2113.1213051815207,150068.5015238823
15.96975082315345,2.7374632335621336,2.0404776749900817,0.0972753430915777,0.3507109319055577,1.907814373641434,0.25146472650359086,0.9930349017045599,0.6503687174922209,1.6281007901299687,4.220448913723295,0.1184359540784907,0.29265006752363104,0.15148432015187271,0.39547893722417965,0.3106340937380716,1.2242875179780364,0.07103002600506055,2.7396305223817103,0.9493966216671991,0.3773412481346191,0.24405818362863888,2.715052450261578,0.027010730490503773,2.2293147273050846,0.6884437843749842,0.014163441756417063,2.009676885985138,0.5607622397939142,1.49890796068663,0.3210990403572895,1.0988313085651915,0.12615631372246525,3.4738565975522873,0.10014641534393723,53.90247548893501,1.4246199543233482,1.0890065142335954,1.2354423712009466,0.3980090040747342,0.03347914863437376,0.27965057891196343,41.26873018273301,1.8198472457947608,2.245304343016323,1.4121032158823001,0.09976403847201418,2.196049849761168,1.2261066932396012,1.4157421651785091,0.47452570472012173,3.5640854467058447,0.7669178494337826,2.980981884450782,1.596535431253563,0.14302193979187733,0.6436791451971756,1.504091983377192,9.97267941165401,0.0007012364960792178,39.56820977701138,1.224213063640141,0.6022879993906213,0.297089840807215,2.4910892980526276,0.30067002282496125,1.7025983829507598,0.40048662113873096,1.0000938720573893,0.4981453051402213,3.0065843302721293,14.9493490848855,1.050449815075812,15.975458483406282,0.3993265951963893,15.049839094875804,0.07996497216060826,7.999476730196026,10.039619176468431,1350.7890356711214,10.030130506391494,180.65316342943723,0.4508783191911929,69932.17301096921,349.534088453043,0.49967112374311157,0.06810122072561187,49.90035846896155,9.970847034494305,995.3864830434533,0.4994956560279882,0.49874540022357194,996.0194757281272,5.011514884746552,72.29705702476662,84312.69299582762,2114.0372338150833,149499.69141614033
16.042894175000423,2.7474867103124234,2.0497853667289165,0.09735968340671795,0.350992398351557,1.9015925274882226,0.25171821680700907,0.9926233034851057,0.6482264766420481,1.6274195508542062,4.1906563575778835,0.11741868853334636,0.29278054956467364,0.15197505990629281,0.39492762811720095,0.3129348301049307,1.232748525301199,0.07057923602817369,2.7214822465944026,0.9514587625044844,0.3775759706692064,0.24417746922149727,2.715051166573961,0.027015380045680357,2.2121967690713094,0.687624391137105,0.014035356674508894,2.000770511494342,0.5604335606507828,1.4980301166113787,0.3204147350740362,1.1003185445763908,0.12649002831827866,3.497884352490594,0.09986700658361564,53.677240398904566,1.4263553322148925,1.0870365000428914,1.2270155913492808,0.4011055747039211,0.033645781936211136,0.2797911408201357,41.18535849830798,1.8124301132389131,2.256814259404759,1.4037072788454223,0.10024630579418672,2.1879240645911966,1.2290905874195115,1.4132538760204691,0.4741451430027122,3.5911155610733254,0.766876582066555,2.9865160030420963,1.5964185300145761,0.14251988188780257,0.644353289506424,1.5021146770224942,9.963276059875252,0.0007003028158954098,39.58171122519353,1.2230936527552458,0.6004081336874884,0.2977334911121396,2.5060632824645173,0.3006954691681814,1.695078093246808,0.3981024744443986,0.99748290524261,0.5019129290998785,2.9969051351933667,14.955219155106686,1.0486230523698936,15.981304404534919,0.39981628290574234,14.992504485563964,0.079838473686289,7.983958706082339,10.029975342237325,1352.200895838898,10.01793962510594,179.44293006717473,0.45221337889702345,69892.09688146478,351.5104391836267,0.5012170835986283,0.06824074838854621,49.78854609962099,10.023740389130968,1000.6556434414739,0.5023281375350537,0.5011384378560794,1004.2968265540509,5.0067147993052075,71.99856772869046,84585.51542966804,2111.7117144689773,149302.57982347565
16.01328768209933,2.7403589602880642,2.0591836945582833,0.09737095318252405,0.3498297200857474,1.9187835410482799,0.2515876062024928,0.9894470468885694,0.6473459102360773,1.623999395023626,4.195260250180087,0.11810738795922536,0.2917387202595007,0.15265524643969094,0.3953174629203825,0.3114414075285518,1.2255680732588876,0.070694474585969,2.7352183696546506,0.9523354484831291,0.37484412860242966,0.242216560156207,2.7002172939569578,0.02691990391467231,2.2114959139747405,0.6871580571574462,0.014134394657022584,2.0058636087018638,0.5609578480621338,1.4982195021985236,0.322780447709316,1.0950385075639897,0.12616972304323618,3.4825382925259016,0.09990911714276507,53.832492222191824,1.4331222729479505,1.0866605958006819,1.2331988345228218,0.3992600102044002,0.03351382727409194,0.2818424237633206,41.36437018420262,1.8213887313910522,2.253836358972006,1.4158135935103155,0.1001361352806085,2.1924614194782803,1.234102373100824,1.4169347950546352,0.4768949395872649,3.566570661987916,0.7713586541562999,2.974891571118161,1.5886400346154166,0.14320784275914233,0.6417145269943941,1.5028901827040038,9.979350420313724,0.0007022346328751616,39.629088884239486,1.2145095390582068,0.6005926887314001,0.2987443446651857,2.502917591501492,0.30083634884463906,1.7051701606686922,0.3981690346753044,0.9950184736973973,0.4986215500914646,2.9917413160157085,15.009442300307116,1.0471555419486245,15.978375593236544,0.39981464199141736,15.015124025121764,0.08039739535695661,8.015080556472308,9.976579142525464,1347.985777346701,9.954365659740608,179.85514337086866,0.45040112267157006,70497.42071694267,350.05578496062026,0.4987175098261448,0.06806978798926067,50.03733135903183,10.049587023077763,998.7109238976819,0.4999892368347061,0.4977911841733518,1000.7108672088576,4.985503554684744,71.651129917925,84365.81751574512,2097.58493478123,149401.7270112404
15.956507638609757,2.7400322805351096,2.05251872018553,0.09697358815973352,0.3505984697154873,1.9108780556752887,0.25163115561055516,0.9869654186829542,0.6491193331617306,1.630398207265136,4.219297779729299,0.11800722807700491,0.29388505532664905,0.1520756060355729,0.39724083514538616,0.3121551244790244,1.2356794388743995,0.07105005972118311,2.723287407054255,0.9501627954886174,0.3746162633703949,0.24399895682613346,2.7058142908619813,0.02689392802925008,2.209356644479614,0.6925366130140317,0.014163169968609878,1.9994100296960946,0.5602460257929074,1.4999010895110094,0.32134621289718046,1.1050600640648942,0.12576205635375168,3.4926427407803042,0.09954944487358275,54.17405574449782,1.4310890827550695,1.0921666689471201,1.2275488425741543,0.4001086416494813,0.03333865966275133,0.28146019619926177,41.251964438941734,1.8186409862061028,2.2538258102386575,1.404107915669034,0.10028362539471432,2.196696919676443,1.2303849444716735,1.4114799539247522,0.4730725230694632,3.5781674656692726,0.772626817084649,2.96776153181584,1.5977704682223643,0.1429798616641291,0.640862383424264,1.4975985689883724,10.000061463189823,0.0007032129156404208,39.76143614300616,1.2209886382760493,0.6027990981557528,0.2973890306830668,2.4969925598086435,0.3008046415550766,1.7016062227781603,0.39887597677977665,1.002510654161876,0.49883605369180667,3.001766354444826,15.053435803986808,1.0476385933708021,16.041786403500755,0.40144533748506206,14.972572271637771,0.07975728721804849,8.029260632094985,9.996640175589798,1347.4532911499628,9.951038146819242,179.4492116642285,0.45005718537010675,70412.88028243091,350.87807006767065,0.498882328824928,0.06869352822147244,49.93461982007719,9.966287826587736,1004.4534537883292,0.49948215699358695,0.49991204969564973,1003.2982340995635,4.989387050642538,72.02067859852363,84519.45303861181,2099.8661513708566,150591.4382113959
15.950636844148837,2.7597458621808184,2.047816132310765,0.09724680455255875,0.35017991377691954,1.9043637970028922,0.25117594675092897,0.992093035519061,0.6501087106269064,1.6240821912895576,4.2205898806543525,0.11779575668363253,0.29327667709128485,0.15205264309367647,0.3969637885770395,0.31213080582224423,1.2249990251755498,0.07064367445442729,2.727213288282158,0.9486827632067946,0.37475732167681497,0.2426049585695407,2.6981631128508257,0.026852269367730802,2.2202708367747017,0.6930115106577396,0.014054561455455054,1.9905523981643891,0.5613098308143638,1.4986106031007602,0.32234657448226606,1.098301096959812,0.12541738588888313,3.504620002577821,0.10000178261081911,54.05907565322731,1.428525700429541,1.0906026515140792,1.2335016614805854,0.39838116598136275,0.03334967407712751,0.27971615456809035,41.52362410419575,1.8158052930941901,2.247655154730586,1.4111051699572978,0.10015187905693068,2.188387245738232,1.229374732938465,1.4075766443438877,0.47307164980749095,3.567409705256915,0.7730022239451869,2.994150552815659,1.595174720938916,0.14272229098305905,0.641928571781028,1.5001378658890019,9.95946104003323,0.0007029047444037864,39.786343807246794,1.2257780958402718,0.6021354581061314,0.29772825633272276,2.495355392265174,0.30100263971967606,1.7014942766045325,0.40151476480995796,0.9982519844492707,0.5002323294327462,2.9988701111822524,14.952486288744774,1.0504312746319096,15.933344538188496,0.39949998811906473,15.005014362555965,0.07971619258762251,8.020291990048545,9.969081194085692,1353.0853402103226,9.952395550771838,180.33998578828354,0.4495518717481857,70385.60530962877,351.08742117116645,0.4994002129632706,0.06851204052921812,49.94395331638478,9.985620087893384,999.2562735726544,0.5010519910929062,0.500574705380384,1004.1651113172499,4.975018648497111,71.75588618834867,84205.96416329202,2108.5711604902344,149384.45416009065
15.967072658711132,2.7634357153072258,2.0464667202634983,0.0970834771134346,0.34908575021802424,1.9007830858472572,0.25145919553179097,0.9866444674652214,0.6472290377871296,1.6256387863464918,4.20595244290106,0.11772795643082626,0.2942177312758406,0.15168290658357614,0.3947668973015509,0.31281754061036654,1.2338344722210528,0.07084460842247234,2.725764540423637,0.951168398895309,0.376638709750974,0.24271091617042642,2.707064050832195,0.026766157988088762,2.210182431253217,0.68748023564981,0.014064366327781633,2.008521413062898,0.5638074856158994,1.4901254029037871,0.3204380398533155,1.100946041710141,0.1258443670857738,3.5005319485992454,0.10047288090930138,53.90690419942516,1.4253869315248326,1.0912694404144085,1.2290431236898194,0.3996685497115985,0.033568312964924546,0.2803348571445957,41.280252468412876,1.8243988827171176,2.2429313977007754,1.4035037335051939,0.09999762424441533,2.179793198815803,1.233578601175681,1.4167314163168687,0.47713103228713577,3.5674310122606885,0.7733263010576144,2.9684327059629703,1.5876851003209993,0.1424055962048296,0.6460780247031552,1.4958561388178762,10.016490034762583,0.000701838815789183,39.632686328023084,1.2235292861176568,0.5989535225884792,0.2969517225325732,2.4989963414949123,0.30063096122226646,1.6921749358447786,0.40122497881399327,0.997556410052067,0.5009060532076071,2.9884214381546546,14.983418300180608,1.0496330090007902,15.994951026829673,0.3990929462211104,15.004380444347499,0.0798218927797819,7.9733226654858615,9.963334422421994,1355.3285983383423,9.963064448371437,179.81134608756838,0.4488835549071997,70263.4431520407,350.32881240033925,0.4989315795258518,0.06872080366250614,50.24837311122572,9.963261989964021,1001.9278631742429,0.5019491877931472,0.5023541928243912,997.9809948506286,5.01422166092821,71.87596931072764,84313.39730128556,2105.2728747378374,150311.2392625451
16.066032471125688,2.7393513348494736,2.0443181732767854,0.09728335025090698,0.34950025332062573,1.9111050823411082,0.2527126233006793,0.9919749288841178,0.6497274858588655,1.6244773446046592,4.190228304570863,0.11843863832213998,0.29285795906001816,0.15220622581370646,0.39430885224664664,0.31264809418670747,1.2251003915391856,0.07100343756810187,2.718007602446031,0.944048741757652,0.37541080915875263,0.24230021091179282,2.7231285499952778,0.026886905236108007,2.2193082910921893,0.6868706995036188,0.014098786136042327,1.9912790334006523,0.5627199968062558,1.5042089292129583,0.32145124495038574,1.1033884607460165,0.1265865323192583,3.5063320182060633,0.1002459230998195,54.10945727505591,1.427875822070367,1.0879115071073648,1.232003498694102,0.39886949470889554,0.03343749296231728,0.28031103003620755,41.21024547888841,1.8192091960975711,2.256375341442801,1.4121119199941756,0.100125134767263,2.192319592660953,1.2241271032868102,1.4029964737615348,0.4734283198927427,3.594796047334293,0.7727498238144456,2.9822884369201716,1.5881779271746002,0.14366297293815614,0.6412049516808487,1.493956801449872,10.012101376696306,0.0007003326243206034,39.87097960608871,1.2236910008235544,0.6026293140538129,0.29866066511249717,2.5106712530323567,0.3005604111358022,1.7004365199519849,0.4003201369668936,1.004012089756256,0.49802332395017435,3.0019614476079637,14.983839474343567,1.0517110055935677,16.016606284835046,0.39959847000045634,15.02839656505618,0.08002879029038956,7.97499784030866,10.013805960111108,1343.6101651104661,10.032298642816336,180.73167477017245,0.4481007236622393,70011.30348714688,349.56061364994474,0.5013591368381292,0.06810659892788803,50.02055507614459,9.988821196921352,1002.5086803855978,0.5006956570125742,0.5002209398641116,1000.034963604828,5.013751065683241,71.98359530446038,84143.4684599714,2095.0079296583594,149652.83636215582
15.979178865436307,2.7521658119507557,2.053550668395531,0.09764974065196326,0.34921842850647666,1.9108483279522759,0.25264521828117875,0.9881241709290381,0.6483144587201858,1.6286722573528927,4.205674188090835,0.11748396431132885,0.29160601279531495,0.15168895887277212,0.3976326622066032,0.3110414494819881,1.224624910765265,0.07088510893466154,2.7425182074583963,0.9438019483242156,0.37692291722475296,0.24204865449415428,2.7001175291649107,0.027017306416415216,2.224466859423089,0.6904091708115627,0.014052715793065048,2.001181093424994,0.5595399668417408,1.4954196245270999,0.3226583309150072,1.1007515902360123,0.12622070794110501,3.476592876334105,0.10025859816081933,54.155981848889844,1.435827617449694,1.0825208500658359,1.225062728316143,0.400053460783003,0.03350806043074411,0.2817024535851718,41.33572849453198,1.8202634838770413,2.2433331972838695,1.4162969791194044,0.09962092322850809,2.198849202428145,1.2348054143086928,1.403661774282815,0.4763082328482288,3.5741833487798504,0.7678802311877846,2.977092678773429,1.5967405290090735,0.14285543367316464,0.6423430186001594,1.5003689057479175,9.990962214795507,0.0006966330876668423,39.55552228988051,1.2141102214795418,0.6001331653123264,0.29842115443817235,2.5054582917635235,0.2991237076359236,1.7051852396476461,0.3996441453258205,0.995491811199147,0.50213848864191,3.0058033171238234,15.009383194246096,1.0451722407486264,15.922236098617603,0.4002593396046411,15.05681805274551,0.08011796851142489,7.960443313210165,10.013801956533612,1347.9562155594663,9.962203096352946,180.56080125144706,0.45034403072306756,70339.36862433849,349.69481648536555,0.49808063281460724,0.06840992481665543,50.01393455372259,10.008205365549687,1002.4423383737377,0.5008179877149463,0.5008812806597092,996.7499813049462,4.995905397213712,72.0719838494412,84226.70041170018,2100.879140579568,150666.40471568808
15.942430779940983,2.7630524121142495,2.055782271788356,0.09729348515449618,0.3486961510167914,1.9112206345892802,0.2509616072591294,0.9942760835817626,0.6466107234178513,1.628362104649976,4.215758186868855,0.11743211956747544,0.29312288155811356,0.1523265543101751,0.3948407679057055,0.3109205128538261,1.2298481021645469,0.07082588331016992,2.728336206467033,0.9460623553514702,0.37566096669993654,0.2425438720609668,2.7032158245205427,0.02689249881916059,2.2176833043143205,0.6895542004586355,0.014029532572444261,2.00385406936417,0.5594534343426449,1.4926093252304775,0.3229771147202671,1.1053256671751257,0.12661926191852166,3.4932188394433616,0.09975941446442564,54.09050891303185,1.432149661633674,1.0922849313553646,1.230603953897547,0.4001046853991211,0.03334717135707724,0.27984218730558263,41.45908888077145,1.828986661113432,2.24945158157384,1.4033602358902877,0.09989953524057543,2.1818162371160055,1.2356545499774607,1.404942500366727,0.47318484307125264,3.578487920465138,0.7703227323427536,2.9864755222709833,1.5879009081686186,0.14356769192068178,0.6446350001320877,1.4932091090268464,9.95341661940924,0.0006997814075358852,39.65596496522983,1.2194189473693948,0.5973431415792826,0.29666875212415755,2.4890191856803923,0.3007017856873962,1.7017247745003066,0.3985458569510723,0.999309908424399,0.5022146916388197,2.9870741793755653,14.953372751017966,1.0488409530435323,15.957744893542014,0.39863412772220097,15.07100015467572,0.0802131478100942,8.018333913954516,10.043230594975451,1345.7750970642342,10.038972807519508,180.8688138223196,0.4503884260277946,70464.99929335726,351.979176139986,0.4990894250720218,0.0682853230574363,50.08790754767525,10.005213638019297,998.8494145063253,0.49773526426635306,0.49761474220624263,995.9798791572999,4.995207138152616,71.65973512854278,83914.72191030327,2114.8529462834335,149925.8677054596
16.06932017760895,2.7414738915663777,2.047099827233297,0.09736641636126676,0.3517145518305012,1.913816969811696,0.25301356116989765,0.9855362873534212,0.6467287782103391,1.6362395297247252,4.210977385815136,0.11761044049159089,0.2920325212388614,0.15239315660030395,0.39464551637497036,0.3119927311396356,1.2260798725825328,0.07059346539978825,2.727195861017542,0.9443794359862852,0.37659908083489035,0.24218867593579232,2.716829571711718,0.026905731919672892,2.216592181511552,0.6907882656089431,0.014086974673624521,1.9916499442129145,0.5609271757554636,1.4973693411234206,0.3207256759849985,1.1025558520117764,0.12581913398685157,3.4796971046783196,0.09950805120539594,53.68623553131244,1.426243107831666,1.0855539540078651,1.2257356987288777,0.40017993519573686,0.03339762211349719,0.2819762414510924,41.41682036892115,1.8253985246845013,2.2482410066047875,1.4058388290675938,0.09994955535019834,2.1880797952970057,1.2315209993897231,1.415789744553164,0.4737518163228296,3.565556419061319,0.7716577949108794,2.965111693536435,1.5946841810061945,0.14332587988334622,0.6460981809489363,1.4938593630920378,9.970370971554104,0.000700361559109592,39.61147194612413,1.224219139008489,0.5997500243899964,0.2977898657022586,2.492118798388882,0.3001860776813253,1.6973811177743716,0.39980212337601095,0.9977129464700729,0.50054425201782,3.0101418842090215,14.928083307005144,1.0471746204024583,16.028375679143704,0.4008265571826812,14.969141358514378,0.07982894618795984,8.019744960323461,10.005835903186654,1348.500796354973,9.955542460297762,180.27543307358783,0.44906824743032564,70236.10514919425,351.65027249742514,0.49981636636372007,0.06823123992938404,49.85707616656577,10.020491956647843,1003.9154258437204,0.5023998744580835,0.5015163489244705,1001.0270457623283,5.018216269606307,71.92055493474044,84532.84389637304,2103.531522951958,150143.00662132973
15.947187760494858,2.749922968010153,2.0467506147745547,0.09707024333099143,0.35034364343494884,1.9172939450716875,0.25282139374478435,0.9885047373006328,0.6495152960541439,1.6307762667404986,4.203613419630912,0.1184815082087779,0.2920074897627867,0.1524638274365026,0.3948604314805621,0.31322445419902656,1.2327224593242034,0.07077517950997371,2.7184608330062603,0.9449679809312869,0.37474024711561393,0.24363558057544246,2.7133065710545003,0.02682403927823232,2.2170623327984877,0.6886843874418116,0.014121501201404109,1.9966077742382968,0.5635095476923959,1.4999186591686333,0.321171186596704,1.0980621046478178,0.1260623208189592,3.5042343206180373,0.09961148261800873,53.83376593770232,1.4314182299643645,1.0850928153092958,1.227411493993791,0.39972778743230325,0.03339702534008936,0.2809903504554431,41.54658626905619,1.8274757732164344,2.2493568155564048,1.4070875779478396,0.09988239650459989,2.1840509894817575,1.2312121237102174,1.4048495139417743,0.4741363328572523,3.568207192491909,0.7677305883829606,2.9851093812109912,1.5978345622345675,0.14325084888919806,0.6423520534918457,1.4986148661186647,10.012794487850075,0.0007025717356101506,39.765015134549024,1.2156735655782673,0.6006235429487253,0.2970975854260929,2.49685817401361,0.3013944635462789,1.7066653863856764,0.39902709299608063,1.0022854134600863,0.4991475967950629,2.9852357466617514,15.052517400882676,1.0533861780586657,15.967065565492122,0.4010883723594179,14.9297230987544,0.08003182718204281,8.038526702717306,10.028847838370272,1351.0200881517185,9.986582141843535,180.42361693931352,0.45213933831256947,69965.92424382814,349.2894478582745,0.49938633636658414,0.0684115413533428,49.8726091749828,10.011656067895395,998.0586814378712,0.5024095962296243,0.498826735064934,1003.0297980303131,5.0232318384471615,71.99967230185322,83957.73759234532,2113.2175005347913,149853.51070821876
16.007059915554002,2.7375986018732696,2.046886145782642,0.09725438834469328,0.35067544994909583,1.9186168923524047,0.2522104112580282,0.9877368453145067,0.6483704531791236,1.6230060200585021,4.195184900829728,0.11782517157932626,0.291600212585602,0.15135449282269448,0.3940490781326273,0.31100718340527506,1.2340041489578442,0.07069479359795844,2.7409869410273435,0.9516492092106759,0.37736659559635843,0.24229983944400454,2.705728848471753,0.026891480724112096,2.2184813644649894,0.687101311582346,0.014063183327933652,2.00240434632448,0.562992153911946,1.4949738777723234,0.32134632619150116,1.100946726416305,0.12620596878808973,3.4973633484368327,0.10031096148785386,53.95521726120174,1.4282678971731628,1.0853465571483574,1.2242723917833291,0.3996654372564443,0.03362354149506067,0.2810583495632026,41.428519625025615,1.8149734058556923,2.2521617573791644,1.4054938000187098,0.09984102306224389,2.19185031593531,1.2244082091417674,1.4073409285977256,0.4730454888167835,3.5679694589541713,0.7688615277380133,2.985746056810408,1.5863020657571936,0.1423137150429204,0.6433498832126645,1.4958152841290913,10.027828182649491,0.0007022537669562895,39.74784143034133,1.2213785087715414,0.6013837480535443,0.29763044830200225,2.5037786888240947,0.2997591814806375,1.6988070885808897,0.4011549258197009,1.002910774389958,0.4995022436621961,3.0131145319025574,15.006231186879733,1.0498653188639193,16.00024757323245,0.4011174598830041,15.070131325934495,0.08015204556908292,7.987303180508889,10.001680210720503,1347.3972463502066,10.015367675891351,180.89859459771395,0.45164221966778545,70162.87223057423,350.3162727893714,0.49976367548199996,0.06827430792487107,50.24581805806714,9.97019086892995,1003.0976052062699,0.49957173096763663,0.5007584025729523,1004.2282899006008,5.004604348754203,72.0841176425567,83820.26779897526,2097.186787903234,150060.77381202963
15.979302947940024,2.7530012970001883,2.0476270355837345,0.09688406250000707,0.3510386499262631,1.9165922047226602,0.2531794411431722,0.987037170444759,0.6467783060832483,1.6264269632941666,4.228107658585077,0.11811494019420632,0.29423772682790605,0.1525933062374943,0.39499132234776096,0.3117748136286608,1.2289375615396207,0.07079072656543428,2.743587208269417,0.9449073734189,0.37702436203150286,0.24233812580716058,2.716487443149112,0.026820029570135386,2.2206012538283546,0.6911576447813359,0.014090394930595124,2.009323260858514,0.5631551906156281,1.4918702096531458,0.3215882955442143,1.0979538331783516,0.12574233218377223,3.479940156706201,0.09968571858461447,54.10955350203512,1.436997479874254,1.0833045186225168,1.2335824617840878,0.3989101920507021,0.033507259383499195,0.2798498624501789,41.29526256774716,1.818374631829203,2.2546134967467872,1.4096338480937225,0.10031005453692143,2.181165374367073,1.2308837487684177,1.4044545555208436,0.47318456026190325,3.5731587477432836,0.766958321135453,2.9882086684531446,1.5901175313254663,0.14320671477736469,0.6411423313854225,1.495872091300022,10.002329158694161,0.0006970740761233824,39.54532015418625,1.214166954369432,0.6024689311684553,0.29779509200416726,2.4886255110055093,0.29988147546648136,1.7065883010755876,0.39875979646912124,0.9973786506380036,0.5024111662533354,3.0106172892826044,15.007279139824368,1.046703131879524,15.955123971433977,0.40144583290935887,15.026330241370268,0.0798807552211669,7.962077429106699,9.963602150528452,1353.0945961095435,10.014874834721411,179.7458076949775,0.45041381388559976,70361.04701175353,351.3746447051222,0.4986975531659969,0.06870882899989315,49.761814200640075,10.005627561923912,997.2330985471724,0.5010376028967162,0.5003090271375572,996.9570321483016,5.0002943993726445,72.01421233756449,84143.88517514378,2095.3627257495355,149560.165872621
16.075010636907976,2.7414334815376544,2.049154643523487,0.09699980721698616,0.35089896660944186,1.911491487824184,0.25254282887154456,0.9913560700840829,0.6480239702918146,1.6375081508441411,4.218554015173259,0.11822281436292578,0.2935581072872196,0.15194952490861546,0.39656503842259727,0.31232605150836495,1.234775977199255,0.07113902627460662,2.729536966040195,0.9489558162333681,0.37521139355175315,0.24383940301721413,2.7157093845652462,0.027014052094771104,2.222331144650707,0.6914396903459428,0.01404291559679888,2.0021345749381814,0.5613075355451366,1.4971211380383833,0.32144156329689383,1.0976597291576347,0.12640410600060836,3.4920109925587433,0.09975321156865956,54.053785553317255,1.4239196729521346,1.0847515495455953,1.2279865512158301,0.3987103472038784,0.0336148012157259,0.2811881332997503,41.46048888896229,1.8216872739061343,2.2472615781996,1.412242070477628,0.10023628414865954,2.190842736677552,1.2296398947520162,1.4061016941886721,0.47302398914293653,3.5635786153679603,0.771649685467093,2.975489686613488,1.5933136913716621,0.14301130589956793,0.6436579485091146,1.5019339053014065,9.968325987958245,0.0007033576553817497,39.61263381950573,1.223284059721427,0.5984872058300454,0.29790443427283697,2.4999827384562243,0.2994199753844788,1.6974265836083873,0.3997411511477833,1.0033619300159602,0.5000002524019431,2.987657256929669,14.957501523625773,1.0551032465041854,15.934379551828249,0.400590915009932,14.95667358642469,0.07994554438444597,7.988561578400545,10.047717748371047,1350.6921764497642,9.974991369269846,180.18643633232796,0.44807128664729384,70481.42978582473,350.3234938687828,0.5019168526838598,0.0686114964284085,49.84339435859751,10.046229920945118,1004.9167721299082,0.5015264545731168,0.4997574690758192,1001.7254441869983,4.979032596509244,72.30320567055672,83976.68950948551,2109.561707812587,150452.29736126846
16.07513209436351,2.758904734385323,2.056519881577043,0.09739963291982923,0.3502682632406219,1.901249972765074,0.2531912116274024,0.9894948117606492,0.6499231879787377,1.6279997503565422,4.2081501311116565,0.1179555733473615,0.29443572442505356,0.1515612492463893,0.3960069921884123,0.31092263409915555,1.2299277005395148,0.07083254326680952,2.720080559929494,0.9498794590238127,0.37723323296294103,0.24376794716548933,2.716211923922817,0.026803397788665327,2.222696575636246,0.6913686657047451,0.01413656893258958,2.0041880264241563,0.5627238687803232,1.5004093082506216,0.3231344813400949,1.1007625075978018,0.12555307392340498,3.50102689780828,0.10016101675667195,54.0106020805887,1.4270571609258444,1.0831918029568735,1.2334528758097805,0.3981976798088445,0.03346728640155979,0.2807248745205591,41.1902645052649,1.8217655156652988,2.2414415948415964,1.4063544196306377,0.10049356857250025,2.1913199674587522,1.2357597497207018,1.4098961460809118,0.4764412676122653,3.5634600434175545,0.7683927057084131,2.9735400768680162,1.583159811021248,0.1436465053859006,0.6440301337626259,1.5013945742756654,10.00204611733216,0.000698239948606443,39.8483634598841,1.2220617241134388,0.5977416062105275,0.29788613140408027,2.4875368429412665,0.3005242296007022,1.7004009200030914,0.40161678848524085,1.0044733667489427,0.49799088610408676,2.9876848967428273,15.059863633179202,1.0501270692412197,15.995148459291066,0.40028315640019535,14.994960235383031,0.08009141450743051,8.035925539085119,10.010598278569349,1347.5799249606569,9.971338396358325,180.83900858283116,0.4503572977367393,70228.7887830689,349.2325962181948,0.5020919358007961,0.06837920841964686,50.249875019970105,9.96678653145654,998.2620510244791,0.4985503770168654,0.4993946587756367,1004.7663443635848,4.995738895388526,72.2355123908832,84425.96394273193,2100.7468311812117,150119.85605946276
16.056273322181596,2.753061545638177,2.0451810612361494,0.09755300164767326,0.35019657852498987,1.9191681679123993,0.2523921769367181,0.9894936475179285,0.647584669181015,1.6361957219466097,4.230232999159285,0.11789421661806823,0.292012645627455,0.1513004604320065,0.39529659448140514,0.31150697393197224,1.2290881164893108,0.070548678277034,2.7297996637642807,0.9522031012341016,0.3749941781732477,0.2434489588321039,2.697479324211401,0.026938684821910475,2.2297129066896044,0.688498175909658,0.014144589175831557,1.9916489789981795,0.5612032842645355,1.4896153275876216,0.32153345244002,1.0979082391174126,0.12624287209968277,3.4828284107693657,0.10032309472354231,53.79757425161508,1.4260434692116164,1.0869405046219358,1.231924433225286,0.40155490916052977,0.0336050254895804,0.2807687825291009,41.58796477662451,1.8162965977289935,2.2612379222157797,1.4083811056221625,0.09976240821597859,2.1874332699006542,1.2310555570358317,1.4096324894226566,0.47286339088845214,3.5748450427534033,0.7699370140762916,2.9848661465336273,1.5972034961999768,0.14365194255004907,0.6440903744854972,1.5010363652641099,10.019803321639706,0.0007023472881879546,39.77730616818074,1.2226902418800902,0.5996836488440612,0.299099470234579,2.504063677739665,0.2989775949526227,1.7016724031047423,0.39924223603376774,0.9970306678101917,0.5007442462995538,3.004267501349099,15.06820761423078,1.0550003226173017,15.985406082472553,0.3987140754121172,14.946068732034849,0.08037940671366553,7.991670991317519,9.98427829186046,1351.6354781922041,9.955731382541995,180.26416326791752,0.4516908779923243,70339.39674480031,350.5803675554258,0.4980807092898247,0.06822301000746861,49.882712411845134,9.988492276209202,996.3334692937817,0.5003782696455644,0.4993315568740867,999.9637083210249,4.9892568223529095,71.96678162007755,84390.07459007167,2096.332108185334,150015.14135045803
16.018932535730983,2.7546110928008423,2.0586672420028473,0.09747325018237385,0.350836481558322,1.9170287976859843,0.253044347229319,0.9933595568479016,0.6487386869836367,1.635592485866614,4.202691948686668,0.11853333274339718,0.29204324399418974,0.1515884065153083,0.39464776115162764,0.31286428219967427,1.229194287753491,0.07096852551916555,2.730274772747097,0.9470830514958627,0.37749037654169865,0.24283511107003403,2.7132086331219396,0.02699646283476428,2.213619633222892,0.6893287957768487,0.014049931643929326,2.0008537679513765,0.5636273717491095,1.4903388316228328,0.32058426528784634,1.1026531089300913,0.12626408561083674,3.4865865938713125,0.0998606930868291,53.79249411647061,1.4237331823006554,1.0871472808561353,1.2314277256084794,0.4014614557327056,0.033514023546385795,0.27972304152647154,41.31060492574031,1.825187430876196,2.252659277672874,1.4138226715637592,0.09991348622921205,2.180528627432103,1.2348231671951235,1.407873956675319,0.47302107409061434,3.583110586711972,0.77187850595152,2.9793445100474116,1.5918104031677716,0.14288167915655658,0.6460201063692765,1.5042557414860651,10.021997113809409,0.0006966391510374284,39.68648970336317,1.223481224294081,0.5984692368043137,0.2972824196272983,2.510106197813893,0.3010251470730904,1.7082982765335182,0.39998968645572064,0.9962423596139555,0.4975412669872803,3.0061839949615123,15.047500881546828,1.0492470065771964,15.988127512093055,0.4013610825672793,14.95290724618725,0.07965075321919032,8.037255577739245,10.004239555837671,1353.6770732237064,10.045474300831236,180.5587559750714,0.4498542395597435,70285.95295661785,351.33401066196706,0.5021276480899234,0.06815449773354998,50.09785674353226,10.036282255697033,998.590823174636,0.501041487008504,0.49874923112833647,995.8803267651449,4.976270279729837,72.02154868338425,83833.45513355076,2106.9455967784597,149813.2867680505
15.921098944631696,2.742478107596562,2.054887354628362,0.09708218970307463,0.35078944286197133,1.9160159861689798,0.25274829796853543,0.9916889837946903,0.6495978965939354,1.6311376672701672,4.20851639471309,0.11748281820023664,0.29439205795714646,0.15251717051312164,0.39668082477519107,0.3124495754847066,1.2309447531720497,0.07051284941958591,2.725069729836076,0.9464795795638435,0.37710432345200356,0.2432550510801003,2.707239779089742,0.026853755854656366,2.227856063415245,0.6919708823038653,0.014144146889030486,1.9979082048556123,0.5618833379902859,1.4980969651640679,0.321007642596387,1.0984850820765817,0.12598881848202087,3.495946096036922,0.09994949980442298,53.72379722775927,1.4289290301388575,1.0873409844058601,1.2318545234992384,0.40141522410932773,0.033410386588708506,0.28086765687513554,41.355801336076986,1.8234024854518296,2.258421050812984,1.4096770023839156,0.10034417366632027,2.179094269203331,1.2350703574355064,1.4140677014344716,0.47326072921136625,3.58627583146029,0.7701095772110939,2.9940269030388893,1.5868891289154787,0.14315587998031828,0.6441472096426714,1.495816919608699,10.031367099126049,0.0007017011565177627,39.69751229921178,1.2254173971694207,0.602559986468337,0.2989476111224233,2.491309529467975,0.30118246142196037,1.6966987843765438,0.4002803119314144,1.004747459786924,0.4986547970596498,2.9909925827655233,15.052789978802455,1.0448871160283673,15.94787704834877,0.39930930968519607,15.035742520629459,0.0799843718631351,7.991466285536853,10.041874426694834,1353.4547930369863,10.013283082781959,179.71205882035383,0.4516149776665405,70008.71358464932,352.43459442493986,0.49880234356710146,0.06861893841259561,50.207105741994106,9.972651135221462,997.2943105073708,0.49789299257410574,0.49920665978179396,1000.002578533048,4.979297914833227,71.74535797972672,84145.44716185551,2098.266896432882,150410.23893612102
15.971592335027191,2.737524336566102,2.0429177246677996,0.0970126376054187,0.3487602696504312,1.9045670281092908,0.2512606191879985,0.9891949757004757,0.6481560313763449,1.6319979458886995,4.227235054687153,0.1182219229934998,0.2921168608264774,0.15192276945513822,0.3969088599462674,0.31217200588416993,1.2259330534005315,0.0710035525854611,2.7217184511077956,0.9465240724901526,0.376878564752347,0.2441405334569078,2.72057918025795,0.027026380116621906,2.21770774648176,0.6895573499124773,0.014052464769925775,1.99945238913139,0.5635760287407474,1.490546797160604,0.3214172233064415,1.104681255529935,0.12560002355964678,3.4829196717202855,0.10043505918000598,53.82632988732827,1.4347320585346568,1.084685763420224,1.2270112433898106,0.3987483620994965,0.03335349351592493,0.2804624153221471,41.478332864720414,1.82009725948959,2.2479149573712154,1.40583255491401,0.10018350722859037,2.1845875510126116,1.2242445772121762,1.4165500172737187,0.4771018295338353,3.5697776378749557,0.7679871315560711,2.98238707210868,1.588845923816091,0.14355453822095632,0.6435292955661422,1.4945374481275338,10.004665533414132,0.0006972927591047072,39.659052938704434,1.2209428049400066,0.6026720478024993,0.2973842024900863,2.503735621015708,0.29850053589839987,1.7063145631900856,0.39926838591732455,0.9974082247891769,0.49801250290834814,3.008557468544619,14.933485643220763,1.0512376782329234,15.970485125688974,0.400844562781423,15.06987068799252,0.0798198928571695,8.009577166063854,9.987053621019351,1350.1273409519383,9.958329203718604,179.4678520660322,0.4513240610998413,70073.17387739997,349.11919145931324,0.4991042543387885,0.06851606244092344,50.23579420787843,10.035411814338364,1002.5686567237447,0.5021465810411725,0.5007971458320991,1000.1917655694604,5.001979676416633,72.31984969676468,83791.74388996555,2105.3296973910083,150403.61772884682
15.926097476120058,2.7588874540191766,2.057051463492074,0.09722293132994124,0.3511507328173189,1.9031743235141227,0.2531165215459075,0.9855335583643032,0.6450013891552777,1.6303915512085236,4.219903730966854,0.11823606547433575,0.2931471198451909,0.15243110316742878,0.3964265588648973,0.31309262584748826,1.2252742217525456,0.07114084858338751,2.7403938229335774,0.9517471710349986,0.3754871669353239,0.24408588353629587,2.700284711275565,0.026786451958784433,2.2177515137949424,0.692988276690012,0.014165969100121592,1.9998705417493,0.5634157942945112,1.497572420034542,0.32075532660765727,1.1016845023550692,0.12555505131887545,3.4954514628949984,0.09974044253162412,53.78241118611613,1.4325014744575117,1.0866189011325031,1.2340619212847113,0.4007211004285949,0.0334313249146817,0.2814778663383112,41.209819946678394,1.8242738779300773,2.247421292963826,1.4072097687503202,0.10002266129579827,2.1989159106540037,1.2270080240308905,1.4170413468418877,0.47542217129363074,3.5711256120319868,0.771471499843512,2.987014672417492,1.5905011370408793,0.14247173724809079,0.6460292897770686,1.5046536291363903,10.026523021487572,0.0007017899478924886,39.63291012711736,1.2199112897567932,0.6009687649661749,0.29700377284044077,2.502605645762492,0.2988305948863479,1.705913055565418,0.3984793081521813,1.0027241471182893,0.49860999535854245,3.0128509919745783,15.023694419886068,1.049277016786782,15.926981617849618,0.400428683975691,14.981705541585379,0.08023863708900471,8.023417601022786,10.01870331479045,1346.8655999142768,9.967295666924521,179.99470658525428,0.4497855868908847,70303.37616009383,350.9851351440006,0.49997466404408764,0.06838686369359884,50.002122425983956,10.037216214385843,996.708691651226,0.49759381230003485,0.4986092576242829,998.102843408218,5.005620900248905,72.24669482584943,84390.41644890573,2115.4890958540636,149251.06325211565
15.950419164925053,2.7386450913220406,2.0533536059278332,0.09712901090038743,0.34933954406739487,1.9064217360039815,0.2529903020988278,0.9857975358418732,0.6467908366791078,1.6299982108355229,4.206277770860214,0.11822127881145425,0.2933149402391785,0.15245671692713067,0.39736289482564263,0.31168781140056573,1.2345026825500127,0.07089357445935976,2.739838264432524,0.9476717285522042,0.37421613269760684,0.2433838757865052,2.722628783041694,0.027015746786575916,2.212275284897666,0.6899279034223023,0.014152565722132518,1.9983306258317466,0.5621020772839934,1.5044490530671353,0.32194411036675324,1.0965903139186617,0.1254187285312828,3.488651691661041,0.1000146042745195,54.136386190207496,1.4341754241641083,1.0822483491625492,1.233896812881269,0.3982781309752133,0.03333720651089625,0.2808318173889011,41.402330827723624,1.8166592807933717,2.24911251493896,1.4159272458480205,0.10017638828975839,2.186548815753938,1.2353376053682423,1.4052479187706557,0.47345712831122316,3.570441552593265,0.7679401807454892,2.9672155591361373,1.5869736068758418,0.1430695733248621,0.6422147161310139,1.494102596979649,10.015046742786778,0.0006994399175262352,39.74084528484369,1.216926064082791,0.6015365290697727,0.29940886627824576,2.4940308750823137,0.30041810255671864,1.7045059945789065,0.40017310158610864,0.997911371080689,0.49857213431746444,3.004397775518479,14.996983957785275,1.0535415212958086,15.934296626978814,0.39813089222568265,14.980627536121636,0.07997948957100398,8.011165410148305,9.961404940887427,1351.1784473213625,10.031303498079737,180.73718913172272,0.4517989216678636,70194.962893012,352.2708380963168,0.5001880518961875,0.06810817716239281,50.23683595528471,9.950260511922457,997.8579310104931,0.49773190085244545,0.500218339594478,1000.6743211956876,5.006896534731435,71.74105928324366,83804.61741136247,2100.0676071123694,149327.24397570765
