target_value,density,curve
0.4972212516104937,2.4333628200679276,Prior
0.4972324166654438,2.942391351553187,Prior
0.4972435817203939,3.5391588822877607,Prior
0.49725474677534404,4.234680295226514,Prior
0.49726591183029417,5.040547177075358,Prior
0.49727707688524425,5.96880569862445,Prior
0.4972882419401944,7.031804655753494,Prior
0.4972994069951445,8.242013766846249,Prior
0.49731057205009466,9.61181334615926,Prior
0.49732173710504474,11.153257565763928,Prior
0.49733290215999487,12.87781463540664,Prior
0.497344067214945,14.79608831724934,Prior
0.4973552322698951,16.917526196833393,Prior
0.4973663973248452,19.25012099769319,Prior
0.49737756237979536,21.800111905976145,Prior
0.49738872743474544,24.5716933227042,Prior
0.49739989248969557,27.566738655516268,Prior
0.4974110575446457,30.784546686280013,Prior
0.49742222259959584,34.221617709783146,Prior
0.4974333876545459,37.871466051441075,Prior
0.49744455270949606,41.724474777703556,Prior
0.4974557177644462,45.7677974607577,Prior
0.49746688281939627,49.98531081161688,Prior
0.4974780478743464,54.357620915076446,Prior
0.49748921292929654,58.86212475044033,Prior
0.4975003779842466,63.47312771797281,Prior
0.49751154303919676,68.1620170512757,Prior
0.4975227080941469,72.89749030341864,Prior
0.497533873149097,77.64583754972338,Prior
0.4975450382040471,82.37127552795569,Prior
0.49755620325899724,87.03633159556914,Prior
0.4975673683139474,91.60227506337687,Prior
0.49757853336889746,96.02959309282689,Prior
0.4975896984238476,100.27850785028188,Prior
0.49760086347879773,104.30953092817592,Prior
0.4976120285337478,108.08405012346353,Prior
0.49762319358869794,111.56494248169578,Prior
0.4976343586436481,114.71720608034926,Prior
0.49764552369859816,117.50860138059626,Prior
0.4976566887535483,119.91029120039134,Prior
0.49766785380849843,121.8974665672416,Prior
0.49767901886344856,123.44994403386096,Prior
0.49769018391839864,124.55271863692403,Prior
0.4977013489733488,125.19645570734512,Prior
0.4977125140282989,125.37790434575764,Prior
0.497723679083249,125.10021568336656,Prior
0.49773484413819913,124.37315014200362,Prior
0.49774600919314926,123.21315982926833,Prior
0.49775717424809934,121.64333494210815,Prior
0.4977683393030495,119.69320653807182,Prior
0.4977795043579996,117.39840214814103,Prior
0.4977906694129497,114.80015528220329,Prior
0.49780183446789983,111.94467471799246,Prior
0.49781299952284996,108.88238434331542,Prior
0.4978241645778001,105.66704900940825,Prior
0.4978353296327502,102.3548061301302,Prior
0.4978464946877003,99.00312642627827,Prior
0.49785765974265045,95.66973010305647,Prior
0.49786882479760053,92.41148673696014,Prior
0.49787998985255066,89.28332816292001,Prior
0.4978911549075008,86.33720366489437,Prior
0.4979023199624509,83.62110580197584,Prior
0.497913485017401,81.17819330735183,Prior
0.49792465007235115,79.04603476842556,Prior
0.4979358151273013,77.25599334714964,Prior
0.49794698018225136,75.83276875957115,Prior
0.4979581452372015,74.79410823569783,Prior
0.49796931029215163,74.15069336139534,Prior
0.4979804753471017,73.90620469309702,Prior
0.49799164040205185,74.05756096017099,Prior
0.498002805457002,74.59532464817963,Prior
0.49801397051195206,75.50426090628915,Prior
0.4980251355669022,76.76403215950195,Prior
0.49803630062185233,78.35000664836984,Prior
0.4980474656768024,80.23415548645644,Prior
0.49805863073175255,82.38600984203264,Prior
0.4980697957867027,84.77364763951282,Prior
0.4980809608416528,87.36467785822963,Prior
0.4980921258966029,90.12719018842576,Prior
0.49810329095155303,93.0306385758535,Prior
0.49811445600650317,96.04662910287709,Prior
0.49812562106145325,99.14958573313181,Prior
0.4981367861164034,102.31727165305178,Prior
0.4981479511713535,105.5311491873209,Prior
0.4981591162263036,108.77656739525536,Prior
0.49817028128125374,112.04277325852782,Prior
0.49818144633620387,115.322749582357,Prior
0.498192611391154,118.61289004098005,Prior
0.4982037764461041,121.91252886029667,Prior
0.4982149415010542,125.22334909338359,Prior
0.49822610655600436,128.5486989594875,Prior
0.49823727161095444,131.89284996935973,Prior
0.49824843666590457,135.26023328199534,Prior
0.4982596017208547,138.65469173722204,Prior
0.4982707667758048,142.07878417780333,Prior
0.4982819318307549,145.53317600322302,Prior
0.49829309688570506,149.01614548056347,Prior
0.49830426194065514,152.52322937205128,Prior
0.49831542699560527,156.0470242127747,Prior
0.4983265920505554,159.57715145716674,Prior
0.49833775710550554,163.10038613923078,Prior
0.4983489221604556,166.60094012329188,Prior
0.49836008721540576,170.0608829360271,Prior
0.4983712522703559,173.46067601956818,Prior
0.49838241732530597,176.77979043945,Prior
0.4983935823802561,179.9973739534261,Prior
0.49840474743520624,183.09293114126322,Prior
0.4984159124901563,186.0469801441749,Prior
0.49842707754510646,188.84165147822128,Prior
0.4984382426000566,191.46119826333214,Prior
0.49844940765500667,193.89239282548564,Prior
0.4984605727099568,196.12479165615133,Prior
0.49847173776490694,198.15085873920458,Prior
0.4984829028198571,199.96594580714802,Prior
0.49849406787480716,201.56813665644322,Prior
0.4985052329297573,202.9579707260938,Prior
0.4985163979847074,204.1380682382974,Prior
0.4985275630396575,205.11268488811925,Prior
0.49853872809460764,205.88722800482722,Prior
0.4985498931495578,206.46776805177132,Prior
0.49856105820450786,206.8605791650453,Prior
0.498572223259458,207.0717401634822,Prior
0.4985833883144081,207.10682323400096,Prior
0.49859455336935826,206.97069156902558,Prior
0.49860571842430834,206.66741997525273,Prior
0.4986168834792585,206.20034433908918,Prior
0.4986280485342086,205.57223733286577,Prior
0.4986392135891587,204.7855994105519,Prior
0.4986503786441088,203.8430464951466,Prior
0.49866154369905896,202.74776928035817,Prior
0.49867270875400904,201.5040341586413,Prior
0.4986838738089592,200.11769274642964,Prior
0.4986950388639093,198.59666598228026,Prior
0.4987062039188594,196.95136986792073,Prior
0.4987173689738095,195.19505301305855,Prior
0.49872853402875966,193.34402100974702,Prior
0.4987396990837098,191.41772896540547,Prior
0.4987508641386599,189.4387308426507,Prior
0.49876202919361,187.43248210579324,Prior
0.49877319424856015,185.4270000543494,Prior
0.4987843593035102,183.45239363949224,Prior
0.49879552435846036,181.54028106604045,Prior
0.4988066894134105,179.72311871212898,Prior
0.4988178544683606,178.0334685858713,Prior
0.4988290195233107,176.50323353686895,Prior
0.49884018457826085,175.16288972701471,Prior
0.498851349633211,174.0407445389782,Prior
0.49886251468816106,173.16224537046756,Prior
0.4988736797431112,172.549360922424,Prior
0.49888484479806133,172.2200519965152,Prior
0.4988960098530114,172.1878438559294,Prior
0.49890717490796155,172.46150725520516,Prior
0.4989183399629117,173.04485065539765,Prior
0.49892950501786176,173.93662219448007,Prior
0.4989406700728119,175.13051688044834,Prior
0.49895183512776203,176.61528232107418,Prior
0.4989630001827121,178.3749151051998,Prior
0.49897416523766225,180.3889396159868,Prior
0.4989853302926124,182.6327614158292,Prior
0.4989964953475625,185.07808816452433,Prior
0.4990076604025126,187.6934120485235,Prior
0.49901882545746273,190.44454863653877,Prior
0.49902999051241287,193.2952276808311,Prior
0.49904115556736295,196.20773144915728,Prior
0.4990523206223131,199.14357555958676,Prior
0.4990634856772632,202.06422594504875,Prior
0.4990746507322133,204.9318435311769,Prior
0.49908581578716343,207.71004559244707,Prior
0.49909698084211357,210.36466976251378,Prior
0.4991081458970637,212.86452358268514,Prior
0.4991193109520138,215.18209958551435,Prior
0.4991304760069639,217.29423355561607,Prior
0.49914164106191405,219.18268209842122,Prior
0.49915280611686413,220.83459525538697,Prior
0.49916397117181427,222.24286083910445,Prior
0.4991751362267644,223.40629955064838,Prior
0.4991863012817145,224.32969380997955,Prior
0.4991974663366646,225.02363849802325,Prior
0.49920863139161475,225.50420829057813,Prior
0.49921979644656483,225.79244367525624,Prior
0.49923096150151497,225.91366571552996,Prior
0.4992421265564651,225.89663773261108,Prior
0.49925329161141524,225.7725998514853,Prior
0.4992644566663653,225.57420933185017,Prior
0.49927562172131545,225.33442533194093,Prior
0.4992867867762656,225.08538084175282,Prior
0.49929795183121567,224.85728666181137,Prior
0.4993091168861658,224.67741228873479,Prior
0.49932028194111594,224.5691863140698,Prior
0.499331446996066,224.55145449341074,Prior
0.49934261205101615,224.63792717465518,Prior
0.4993537771059663,224.8368395874407,Prior
0.4993649421609164,225.1508389988826,Prior
0.4993761072158665,225.57710242778958,Prior
0.49938727227081664,226.10767803159507,Prior
0.4993984373257668,226.73003301154108,Prior
0.49940960238071685,227.42778148533543,Prior
0.499420767435667,228.1815577675036,Prior
0.4994319324906171,228.96999431218453,Prior
0.4994430975455672,229.7707595388779,Prior
0.49945426260051734,230.561609077351,Prior
0.4994654276554675,231.32140469102472,Prior
0.49947659271041756,232.0310581807045,Prior
0.4994877577653677,232.6743627054286,Prior
0.4994989228203178,233.23868083510186,Prior
0.49951008787526796,233.7154668211961,Prior
0.49952125293021804,234.1006095195695,Prior
0.4995324179851682,234.3945915725852,Prior
0.4995435830401183,234.60246930854328,Prior
0.4995547480950684,234.73368583748248,Prior
0.4995659131500185,234.80173657862983,Prior
0.49957707820496866,234.82371161172773,Prior
0.49958824325991874,234.819742587398,Prior
0.4995994083148689,234.81238337693088,Prior
0.499610573369819,234.82595323819933,Prior
0.49962173842476915,234.8858691950211,Prior
0.4996329034797192,235.01799085318447,Prior
0.49964406853466936,235.2479963722565,Prior
0.4996552335896195,235.60080319735147,Prior
0.4996663986445696,236.10004186997696,Prior
0.4996775636995197,236.76758621129943,Prior
0.49968872875446985,237.62313879026152,Prior
0.4996998938094199,238.68386716843236,Prior
0.49971105886437006,239.96408417504165,Prior
0.4997222239193202,241.47496452485572,Prior
0.4997333889742703,243.22429045071218,Prior
0.4997445540292204,245.2162205729757,Prior
0.49975571908417055,247.45107876239658,Prior
0.4997668841391207,249.92516298255907,Prior
0.49977804919407076,252.63057767654567,Prior
0.4997892142490209,255.5550968170436,Prior
0.49980037930397103,258.68206789649946,Prior
0.4998115443589211,261.9903695552606,Prior
0.49982270941387125,265.45443694805016,Prior
0.4998338744688214,269.04436913385047,Prior
0.49984503952377146,272.72613163920255,Prior
0.4998562045787216,276.4618648922822,Prior
0.49986736963367173,280.2103055654736,Prior
0.49987853468862187,283.92732320535686,Prior
0.49988969974357195,287.56656915849993,Prior
0.4999008647985221,291.0802290715722,Prior
0.4999120298534722,294.4198645358103,Prior
0.4999231949084223,297.53732414923905,Prior
0.49993435996337243,300.38569974630747,Prior
0.49994552501832257,302.92030010794,Prior
0.49995669007327265,305.0996123534652,Prior
0.4999678551282228,306.8862205762167,Prior
0.4999790201831729,308.2476521657993,Prior
0.499990185238123,309.1571246079661,Prior
0.5000013502930731,309.59416921688853,Prior
0.5000125153480233,309.54511300311475,Prior
0.5000236804029734,309.00340541650587,Prior
0.5000348454579235,307.9697826892276,Prior
0.5000460105128736,306.4522685866898,Prior
0.5000571755678237,304.4660162097958,Prior
0.5000683406227738,302.03300076991405,Prior
0.500079505677724,299.18157772022585,Prior
0.5000906707326741,295.94592408595116,Prior
0.5001018357876242,292.3653831789621,Prior
0.5001130008425744,288.48373408054454,Prior
0.5001241658975244,284.3484073776686,Prior
0.5001353309524745,280.00966776104815,Prior
0.5001464960074247,275.5197824140429,Prior
0.5001576610623748,270.9321918517004,Prior
0.5001688261173249,266.3006972505831,Prior
0.5001799911722751,261.6786755761718,Prior
0.5001911562272251,257.11833119145587,Prior
0.5002023212821752,252.66999030610177,Prior
0.5002134863371254,248.38144274690796,Prior
0.5002246513920755,244.2973341838884,Prior
0.5002358164470256,240.45861116961242,Prior
0.5002469815019758,236.9020211110649,Prior
0.5002581465569259,233.6596695179772,Prior
0.5002693116118759,230.7586374359261,Prior
0.5002804766668261,228.2206627235931,Prior
0.5002916417217762,226.06188960396977,Prior
0.5003028067767263,224.29269153799638,Prior
0.5003139718316765,222.91757278742887,Prior
0.5003251368866266,221.93515392539382,Prior
0.5003363019415767,221.33824593951476,Prior
0.5003474669965268,221.1140164201722,Prior
0.5003586320514769,221.24424965503553,Prior
0.500369797106427,221.70570032987615,Prior
0.5003809621613772,222.4705380774224,Prior
0.5003921272163273,223.50687746671005,Prior
0.5004032922712774,224.7793853498866,Prior
0.5004144573262275,226.24995495116738,Prior
0.5004256223811776,227.87843385131941,Prior
0.5004367874361277,229.62339122221522,Prior
0.5004479524910779,231.44290839571084,Prior
0.500459117546028,233.2953761577639,Prior
0.5004702826009781,235.14028204747848,Prior
0.5004814476559283,236.93897136862685,Prior
0.5004926127108783,238.65536650973513,Prior
0.5005037777658284,240.25663041249723,Prior
0.5005149428207786,241.7137615085463,Prior
0.5005261078757287,243.0021090472902,Prior
0.5005372729306788,244.1017993613037,Prior
0.500548437985629,244.998065192103,Prior
0.500559603040579,245.68147169174034,Prior
0.5005707680955291,246.14803412991023,Prior
0.5005819331504793,246.39922371277578,Prior
0.5005930982054294,246.44185932965797,Prior
0.5006042632603795,246.28788457367625,Prior
0.5006154283153297,245.9540311233308,Prior
0.5006265933702798,245.46137159882647,Prior
0.5006377584252298,244.83476736632468,Prior
0.50064892348018,244.10221945856208,Prior
0.5006600885351301,243.29413376406754,Prior
0.5006712535900802,242.44251480699526,Prior
0.5006824186450304,241.58010564316874,Prior
0.5006935836999805,240.739494439794,Prior
0.5007047487549305,239.95221096535752,Prior
0.5007159138098807,239.247838262891,Prior
0.5007270788648308,238.65316599830481,Prior
0.500738243919781,238.19141218413822,Prior
0.5007494089747311,237.8815390516252,Prior
0.5007605740296812,237.73768672196002,Prior
0.5007717390846314,237.7687450325619,Prior
0.5007829041395814,237.97807950897302,Prior
0.5007940691945315,238.36342221753242,Prior
0.5008052342494816,238.91693233469604,Prior
0.5008163993044318,239.62542502113496,Prior
0.5008275643593819,240.47076091582932,Prior
0.500838729414332,241.43038259542422,Prior
0.5008498944692822,242.47797898582448,Prior
0.5008610595242322,243.5842542348695,Prior
0.5008722245791823,244.71777416670528,Prior
0.5008833896341325,245.84586127865077,Prior
0.5008945546890826,246.93550837224774,Prior
0.5009057197440328,247.9542813136665,Prior
0.5009168847989829,248.87118300792355,Prior
0.5009280498539329,249.65745329569916,Prior
0.500939214908883,250.28728294523987,Prior
0.5009503799638332,250.73842398865617,Prior
0.5009615450187833,250.99268310427826,Prior
0.5009727100737335,251.03628933952393,Prior
0.5009838751286836,250.86013198770308,Prior
0.5009950401836337,250.4598686906816,Prior
0.5010062052385837,249.8359076893222,Prior
0.5010173702935339,248.99327147756145,Prior
0.501028535348484,247.94135186797664,Prior
0.5010397004034342,246.6935686189343,Prior
0.5010508654583843,245.26694531294368,Prior
0.5010620305133344,243.68161714607257,Prior
0.5010731955682844,241.96028574420393,Prior
0.5010843606232346,240.12763613184558,Prior
0.5010955256781847,238.20973062009682,Prior
0.5011066907331349,236.23339372918736,Prior
0.501117855788085,234.22560139654274,Prior
0.5011290208430351,232.21288671220566,Prior
0.5011401858979853,230.22077333368352,Prior
0.5011513509529353,228.2732466135149,Prior
0.5011625160078854,226.39227136526816,Prior
0.5011736810628356,224.5973641246527,Prior
0.5011848461177857,222.90522674349253,Prior
0.5011960111727358,221.32944718611859,Prior
0.501207176227686,219.8802724627449,Prior
0.501218341282636,218.5644577064356,Prior
0.5012295063375861,217.38519444116088,Prior
0.5012406713925363,216.34212005514942,Prior
0.5012518364474864,215.43140934081595,Prior
0.5012630015024365,214.6459476514054,Prior
0.5012741665573867,213.9755837250273,Prior
0.5012853316123368,213.40745852794365,Prior
0.5012964966672868,212.92640458145092,Prior
0.501307661722237,212.51540819746498,Prior
0.5013188267771871,212.15612492239816,Prior
0.5013299918321372,211.82943636872724,Prior
0.5013411568870874,211.51603461455008,Prior
0.5013523219420375,211.19701860413727,Prior
0.5013634869969876,210.85448562543755,Prior
0.5013746520519377,210.4721001069322,Prior
0.5013858171068878,210.0356217829838,Prior
0.5013969821618379,209.5333758117349,Prior
0.5014081472167881,208.95664874073452,Prior
0.5014193122717382,208.29999630380016,Prior
0.5014304773266883,207.56145184610673,Prior
0.5014416423816384,206.7426276089851,Prior
0.5014528074365885,205.84870500823556,Prior
0.5014639724915386,204.88831421715383,Prior
0.5014751375464888,203.873307596628,Prior
0.5014863026014389,202.8184355673657,Prior
0.501497467656389,201.7409371642679,Prior
0.5015086327113392,200.66006054416707,Prior
0.5015197977662892,199.5965309666431,Prior
0.5015309628212393,198.57198511552699,Prior
0.5015421278761895,197.6083910191562,Prior
0.5015532929311396,196.72747226697388,Prior
0.5015644579860897,195.95015378202632,Prior
0.5015756230410399,195.29604422233854,Prior
0.5015867880959899,194.78296732851587,Prior
0.50159795315094,194.426551422185,Prior
0.5016091182058902,194.23988301955072,Prior
0.5016202832608403,194.2332273842356,Prior
0.5016314483157904,194.41381601359237,Prior
0.5016426133707406,194.78569870642642,Prior
0.5016537784256907,195.34965612460886,Prior
0.5016649434806407,196.10316770539842,Prior
0.5016761085355909,197.04042941416296,Prior
0.501687273590541,198.1524160958113,Prior
0.5016984386454911,199.4269839813804,Prior
0.5017096037004413,200.8490100809262,Prior
0.5017207687553914,202.40056656273362,Prior
0.5017319338103414,204.0611295831048,Prior
0.5017430988652916,205.80782319465945,Prior
0.5017542639202417,207.6156997472167,Prior
0.5017654289751918,209.4580584638965,Prior
0.501776594030142,211.30680353142728,Prior
0.5017877590850921,213.1328420547988,Prior
0.5017989241400422,214.90652061842007,Prior
0.5018100891949923,216.59809705876407,Prior
0.5018212542499424,218.17824153280756,Prior
0.5018324193048925,219.61855825316772,Prior
0.5018435843598427,220.8921165785362,Prior
0.5018547494147928,221.9739777303139,Prior
0.5018659144697429,222.84170148461092,Prior
0.501877079524693,223.47581596506075,Prior
0.5018882445796431,223.86023329625596,Prior
0.5018994096345932,223.9825944704108,Prior
0.5019105746895434,223.83452836333052,Prior
0.5019217397444935,223.41181236689775,Prior
0.5019329047994436,222.7144254707421,Prior
0.5019440698543938,221.74648864578288,Prior
0.5019552349093438,220.51609182706667,Prior
0.5019663999642939,219.0350113985141,Prior
0.5019775650192441,217.318326571746,Prior
0.5019887300741942,215.38394715621922,Prior
0.5019998951291443,213.25206870249377,Prior
0.5020110601840945,210.94457367343404,Prior
0.5020222252390446,208.48439903274715,Prior
0.5020333902939946,205.89489137800797,Prior
0.5020445553489448,203.19917049880735,Prior
0.5020557204038949,200.419521090197,Prior
0.502066885458845,197.57683042922298,Prior
0.5020780505137952,194.69008730637518,Prior
0.5020892155687453,191.77595458783816,Prior
0.5021003806236953,188.84842467097755,Prior
0.5021115456786455,185.91856396904163,Prior
0.5021227107335956,182.99434957896327,Prior
0.5021338757885457,180.08059856205966,Prior
0.5021450408434959,177.17898787564283,Prior
0.502156205898446,174.2881609560964,Prior
0.5021673709533961,171.40391525915248,Prior
0.5021785360083462,168.5194636659879,Prior
0.5021897010632963,165.62576150285716,Prior
0.5022008661182464,162.71188993299924,Prior
0.5022120311731966,159.7654856038866,Prior
0.5022231962281467,156.77320563756456,Prior
0.5022343612830968,153.72121632352176,Prior
0.5022455263380469,150.59569323422244,Prior
0.502256691392997,147.38331997874914,Prior
0.5022678564479471,144.07177250925628,Prior
0.5022790215028973,140.65017587489444,Prior
0.5022901865578474,137.10952066110988,Prior
0.5023013516127975,133.44302712106287,Prior
0.5023125166677477,129.6464462445526,Prior
0.5023236817226977,125.71828872607462,Prior
0.5023348467776478,121.65997495756844,Prior
0.502346011832598,117.47590171527908,Prior
0.5023571768875481,113.17342402509134,Prior
0.5023683419424982,108.76275364740765,Prior
0.5023795069974484,104.25677856346044,Prior
0.5023906720523984,99.67081061479186,Prior
0.5024018371073485,95.02227089378276,Prior
0.5024130021622987,90.33032447662124,Prior
0.5024241672172488,85.61547752670917,Prior
0.5024353322721989,80.8991506195701,Prior
0.5024464973271491,76.20324232349643,Prior
0.5024576623820992,71.54969663855451,Prior
0.5024688274370492,66.96008690782885,Prior
0.5024799924919994,62.455227359638286,Prior
0.5024911575469495,58.05482163239269,Prior
0.5025023226018996,53.77715559603356,Prior
0.5025134876568498,49.63883964817157,Prior
0.5025246527117999,45.65460354234411,Prior
0.50253581776675,41.8371448076175,Prior
0.5025469828217001,38.19703002361751,Prior
0.5025581478766502,34.742646681016645,Prior
0.5025693129316003,31.480202118667986,Prior
0.5025804779865505,28.413765091480187,Prior
0.5025916430415006,25.54534488180518,Prior
0.5026028080964507,22.875002490971873,Prior
0.5026139731514008,20.400988303330767,Prior
0.5026251382063509,18.119900659506015,Prior
0.502636303261301,16.026859967194028,Prior
0.5026474683162512,14.115693275113683,Prior
0.5026586333712013,12.379124607539879,Prior
0.5026697984261514,10.80896677279124,Prior
0.5026809634811016,9.396310801030646,Prior
0.5026921285360516,8.131709620264816,Prior
0.5027032935910017,7.005353036386846,Prior
0.5027144586459519,6.007231539446428,Prior
0.502725623700902,5.127286910721632,Prior
0.5027367887558521,4.355548053522447,Prior
0.5027479538108023,3.682250911215335,Prior
0.5027591188657523,3.0979417663571973,Prior
0.5027702839207024,2.5935636295311015,Prior
0.5027814489756526,2.160525819321444,Prior
0.5027926140306027,1.7907571978621113,Prior
0.4972212516104937,0.11849734277775123,"All species, day 88"
0.4972324166654438,0.15829039556412017,"All species, day 88"
0.4972435817203939,0.21016863543528275,"All species, day 88"
0.49725474677534404,0.2773616754758495,"All species, day 88"
0.49726591183029417,0.36382133969187214,"All species, day 88"
0.49727707688524425,0.4743415292811048,"All species, day 88"
0.4972882419401944,0.6146864163750417,"All species, day 88"
0.4972994069951445,0.7917241822968482,"All species, day 88"
0.49731057205009466,1.0135623915339895,"All species, day 88"
0.49732173710504474,1.2896798431224747,"All species, day 88"
0.49733290215999487,1.631048409280494,"All species, day 88"
0.497344067214945,2.0502370159616796,"All species, day 88"
0.4973552322698951,2.5614886194653246,"All species, day 88"
0.4973663973248452,3.180759883071404,"All species, day 88"
0.49737756237979536,3.92571236964692,"All species, day 88"
0.49738872743474544,4.815643563791837,"All species, day 88"
0.49739989248969557,5.871346049002197,"All species, day 88"
0.4974110575446457,7.1148838177875735,"All species, day 88"
0.49742222259959584,8.569276099207142,"All species, day 88"
0.4974333876545459,10.258081337514437,"All species, day 88"
0.49744455270949606,12.204877100897864,"All species, day 88"
0.4974557177644462,14.43263574445828,"All species, day 88"
0.49746688281939627,16.963000542915385,"All species, day 88"
0.4974780478743464,19.815472623360346,"All species, day 88"
0.49748921292929654,23.00652517378029,"All species, day 88"
0.4975003779842466,26.548667814433237,"All species, day 88"
0.49751154303919676,30.44949036472564,"All species, day 88"
0.4975227080941469,34.71072113485631,"All species, day 88"
0.497533873149097,39.32733990051674,"All species, day 88"
0.4975450382040471,44.28678944889364,"All species, day 88"
0.49755620325899724,49.56833160443199,"All species, day 88"
0.4975673683139474,55.142593591625854,"All species, day 88"
0.49757853336889746,60.971348187263594,"All species, day 88"
0.4975896984238476,67.00756619188353,"All species, day 88"
0.49760086347879773,73.19577227815702,"All species, day 88"
0.4976120285337478,79.47272538409088,"All species, day 88"
0.49762319358869794,85.76843280149808,"All species, day 88"
0.4976343586436481,92.00749342371212,"All species, day 88"
0.49764552369859816,98.11075086380146,"All species, day 88"
0.4976566887535483,103.9972220538715,"All species, day 88"
0.49766785380849843,109.58625228995123,"All species, day 88"
0.49767901886344856,114.79983432578788,"All species, day 88"
0.49769018391839864,119.56501784686408,"All species, day 88"
0.4977013489733488,123.81632720474195,"All species, day 88"
0.4977125140282989,127.49810025395583,"All species, day 88"
0.497723679083249,130.56665993066156,"All species, day 88"
0.49773484413819913,132.99223304756714,"All species, day 88"
0.49774600919314926,134.7605376307496,"All species, day 88"
0.49775717424809934,135.8739707297213,"All species, day 88"
0.4977683393030495,136.3523425097307,"All species, day 88"
0.4977795043579996,136.233118912736,"All species, day 88"
0.4977906694129497,135.57115342836013,"All species, day 88"
0.49780183446789983,134.43790763282374,"All species, day 88"
0.49781299952284996,132.92017918378536,"All species, day 88"
0.4978241645778001,131.11837397921866,"All species, day 88"
0.4978353296327502,129.14437536171562,"All species, day 88"
0.4978464946877003,127.1190768704605,"All species, day 88"
0.49785765974265045,125.16965557713363,"All species, day 88"
0.49786882479760053,123.42667014578376,"All species, day 88"
0.49787998985255066,122.0210712890623,"All species, day 88"
0.4978911549075008,121.08121230406927,"All species, day 88"
0.4979023199624509,120.72994408490483,"All species, day 88"
0.497913485017401,121.08187279500716,"All species, day 88"
0.49792465007235115,122.24084971609773,"All species, day 88"
0.4979358151273013,124.2977522189379,"All species, day 88"
0.49794698018225136,127.32860290234456,"All species, day 88"
0.4979581452372015,131.3930612977633,"All species, day 88"
0.49796931029215163,136.53330968393976,"All species, day 88"
0.4979804753471017,142.77334199804994,"All species, day 88"
0.49799164040205185,150.11865299729993,"All species, day 88"
0.498002805457002,158.55631408036803,"All species, day 88"
0.49801397051195206,168.0554128095181,"All species, day 88"
0.4980251355669022,178.56782539153045,"All species, day 88"
0.49803630062185233,190.02928532134854,"All species, day 88"
0.4980474656768024,202.36070713786245,"All species, day 88"
0.49805863073175255,215.46972178255606,"All species, day 88"
0.4980697957867027,229.25237932336614,"All species, day 88"
0.4980809608416528,243.59497567159832,"All species, day 88"
0.4980921258966029,258.37596216799005,"All species, day 88"
0.49810329095155303,273.46790028515636,"All species, day 88"
0.49811445600650317,288.7394278584313,"All species, day 88"
0.49812562106145325,304.05720786279835,"All species, day 88"
0.4981367861164034,319.28783541107697,"All species, day 88"
0.4981479511713535,334.2996829912424,"All species, day 88"
0.4981591162263036,348.9646676522734,"All species, day 88"
0.49817028128125374,363.15992661279387,"All species, day 88"
0.49818144633620387,376.76938943844686,"All species, day 88"
0.498192611391154,389.68523545866776,"All species, day 88"
0.4982037764461041,401.8092245442967,"All species, day 88"
0.4982149415010542,413.05388796722394,"All species, day 88"
0.49822610655600436,423.3435641395252,"All species, day 88"
0.49823727161095444,432.61526202043746,"All species, day 88"
0.49824843666590457,440.8193333629241,"All species, day 88"
0.4982596017208547,447.9199342449862,"All species, day 88"
0.4982707667758048,453.8952569361105,"All species, day 88"
0.4982819318307549,458.73751542436867,"All species, day 88"
0.49829309688570506,462.4526720725323,"All species, day 88"
0.49830426194065514,465.05989889263077,"All species, day 88"
0.49831542699560527,466.5907746403029,"All species, day 88"
0.4983265920505554,467.0882279572308,"All species, day 88"
0.49833775710550554,466.605246583802,"All species, day 88"
0.4983489221604556,465.2033825548507,"All species, day 88"
0.49836008721540576,462.95109254760825,"All species, day 88"
0.4983712522703559,459.9219604458972,"All species, day 88"
0.49838241732530597,456.19285506976667,"All species, day 88"
0.4983935823802561,451.84207939086986,"All species, day 88"
0.49840474743520624,446.94756810141496,"All species, day 88"
0.4984159124901563,441.5851880466564,"All species, day 88"
0.49842707754510646,435.8271909268825,"All species, day 88"
0.4984382426000566,429.7408602042384,"All species, day 88"
0.49844940765500667,423.387384877824,"All species, day 88"
0.4984605727099568,416.8209824143631,"All species, day 88"
0.49847173776490694,410.08828239286487,"All species, day 88"
0.4984829028198571,403.2279720776838,"All species, day 88"
0.49849406787480716,396.2706958306102,"All species, day 88"
0.4985052329297573,389.2391925116411,"All species, day 88"
0.4985163979847074,382.1486491237489,"All species, day 88"
0.4985275630396575,375.00724503882253,"All species, day 88"
0.49853872809460764,367.81685911572276,"All species, day 88"
0.4985498931495578,360.57391161989295,"All species, day 88"
0.49856105820450786,353.27031368261396,"All species, day 88"
0.498572223259458,345.8944986322022,"All species, day 88"
0.4985833883144081,338.4325114094489,"All species, day 88"
0.49859455336935826,330.869134018469,"All species, day 88"
0.49860571842430834,323.1890262404353,"All species, day 88"
0.4986168834792585,315.3778614589829,"All species, day 88"
0.4986280485342086,307.4234373824009,"All species, day 88"
0.4986392135891587,299.31674081036385,"All species, day 88"
0.4986503786441088,291.0529446289888,"All species, day 88"
0.49866154369905896,282.6323142551712,"All species, day 88"
0.49867270875400904,274.0610001602603,"All species, day 88"
0.4986838738089592,265.35169324614026,"All species, day 88"
0.4986950388639093,256.5241210170532,"All species, day 88"
0.4987062039188594,247.6053648814744,"All species, day 88"
0.4987173689738095,238.62998259684812,"All species, day 88"
0.49872853402875966,229.6399247546286,"All species, day 88"
0.4987396990837098,220.68424008042436,"All species, day 88"
0.4987508641386599,211.81857087200464,"All species, day 88"
0.49876202919361,203.10444670659302,"All species, day 88"
0.49877319424856015,194.60839118436064,"All species, day 88"
0.4987843593035102,186.40086250433012,"All species, day 88"
0.49879552435846036,178.5550537253014,"All species, day 88"
0.4988066894134105,171.14558236312465,"All species, day 88"
0.4988178544683606,164.2471013538369,"All species, day 88"
0.4988290195233107,157.93286433872157,"All species, day 88"
0.49884018457826085,152.2732777910902,"All species, day 88"
0.498851349633211,147.33447090873472,"All species, day 88"
0.49886251468816106,143.17691172955276,"All species, day 88"
0.4988736797431112,139.85409492131615,"All species, day 88"
0.49888484479806133,137.41132349811733,"All species, day 88"
0.4988960098530114,135.88460363976475,"All species, day 88"
0.49890717490796155,135.2996690949954,"All species, day 88"
0.4989183399629117,135.67114950206826,"All species, day 88"
0.49892950501786176,137.00189543035685,"All species, day 88"
0.4989406700728119,139.28247199683133,"All species, day 88"
0.49895183512776203,142.49083240494477,"All species, day 88"
0.4989630001827121,146.59218247491148,"All species, day 88"
0.49897416523766225,151.53904690974383,"All species, day 88"
0.4989853302926124,157.2715473722848,"All species, day 88"
0.4989964953475625,163.7179011445143,"All species, day 88"
0.4990076604025126,170.7951469464996,"All species, day 88"
0.49901882545746273,178.410101225959,"All species, day 88"
0.49902999051241287,186.4605437923309,"All species, day 88"
0.49904115556736295,194.8366260751179,"All species, day 88"
0.4990523206223131,203.42248865317916,"All species, day 88"
0.4990634856772632,212.098067264871,"All species, day 88"
0.4990746507322133,220.7410586014291,"All species, day 88"
0.49908581578716343,229.2290092180613,"All species, day 88"
0.49909698084211357,237.44148334347264,"All species, day 88"
0.4991081458970637,245.26225872791525,"All species, day 88"
0.4991193109520138,252.58149443243585,"All species, day 88"
0.4991304760069639,259.2978110884578,"All species, day 88"
0.49914164106191405,265.32022302603633,"All species, day 88"
0.49915280611686413,270.5698630675473,"All species, day 88"
0.49916397117181427,274.9814448609297,"All species, day 88"
0.4991751362267644,278.5044143946684,"All species, day 88"
0.4991863012817145,281.10375164497634,"All species, day 88"
0.4991974663366646,282.7603948432368,"All species, day 88"
0.49920863139161475,283.4712731612307,"All species, day 88"
0.49921979644656483,283.2489480987972,"All species, day 88"
0.49923096150151497,282.1208788257943,"All species, day 88"
0.4992421265564651,280.12834141469295,"All species, day 88"
0.49925329161141524,277.3250455137306,"All species, day 88"
0.4992644566663653,273.77550379242797,"All species, day 88"
0.49927562172131545,269.5532187553784,"All species, day 88"
0.4992867867762656,264.7387577046704,"All species, day 88"
0.49929795183121567,259.4177893372051,"All species, day 88"
0.4993091168861658,253.67915449294185,"All species, day 88"
0.49932028194111594,247.61303894115431,"All species, day 88"
0.499331446996066,241.3093080460358,"All species, day 88"
0.49934261205101615,234.85605215056822,"All species, day 88"
0.4993537771059663,228.33837820339417,"All species, day 88"
0.4993649421609164,221.83746832452857,"All species, day 88"
0.4993761072158665,215.42991056178033,"All species, day 88"
0.49938727227081664,209.18729196356526,"All species, day 88"
0.4993984373257668,203.17603020282766,"All species, day 88"
0.49940960238071685,197.45740815602747,"All species, day 88"
0.499420767435667,192.08776676153138,"All species, day 88"
0.4994319324906171,187.11880564892965,"All species, day 88"
0.4994430975455672,182.5979387223398,"All species, day 88"
0.49945426260051734,178.56865313768424,"All species, day 88"
0.4994654276554675,175.0708247342759,"All species, day 88"
0.49947659271041756,172.14095054477133,"All species, day 88"
0.4994877577653677,169.81226890759453,"All species, day 88"
0.4994989228203178,168.11474918885168,"All species, day 88"
0.49951008787526796,167.0749453486065,"All species, day 88"
0.49952125293021804,166.71571969373468,"All species, day 88"
0.4995324179851682,167.05585431201123,"All species, day 88"
0.4995435830401183,168.10957713782284,"All species, day 88"
0.4995547480950684,169.88603675502026,"All species, day 88"
0.4995659131500185,172.3887644713667,"All species, day 88"
0.49957707820496866,175.61516367818564,"All species, day 88"
0.49958824325991874,179.5560650291509,"All species, day 88"
0.4995994083148689,184.19538173163667,"All species, day 88"
0.499610573369819,189.5098926324632,"All species, day 88"
0.49962173842476915,195.46917234732467,"All species, day 88"
0.4996329034797192,202.0356780950225,"All species, day 88"
0.49964406853466936,209.16499289442726,"All species, day 88"
0.4996552335896195,216.8062151168769,"All species, day 88"
0.4996663986445696,224.9024757834401,"All species, day 88"
0.4996775636995197,233.39155808636755,"All species, day 88"
0.49968872875446985,242.20658890456681,"All species, day 88"
0.4996998938094199,251.27676991390345,"All species, day 88"
0.49971105886437006,260.5281164088644,"All species, day 88"
0.4997222239193202,269.88417510101345,"All species, day 88"
0.4997333889742703,279.26669768567695,"All species, day 88"
0.4997445540292204,288.5962544254477,"All species, day 88"
0.49975571908417055,297.79278079193665,"All species, day 88"
0.4997668841391207,306.7760596207497,"All species, day 88"
0.49977804919407076,315.4661504833762,"All species, day 88"
0.4997892142490209,323.783786278578,"All species, day 88"
0.49980037930397103,331.6507636479691,"All species, day 88"
0.4998115443589211,338.99035809582205,"All species, day 88"
0.49982270941387125,345.7277961585251,"All species, day 88"
0.4998338744688214,351.7908153499405,"All species, day 88"
0.49984503952377146,357.11033785219587,"All species, day 88"
0.4998562045787216,361.62127620994875,"All species, day 88"
0.49986736963367173,365.2634790413318,"All species, day 88"
0.49987853468862187,367.9828126261434,"All species, day 88"
0.49988969974357195,369.7323609648019,"All species, day 88"
0.4999008647985221,370.47371343403796,"All species, day 88"
0.4999120298534722,370.1782964574806,"All species, day 88"
0.4999231949084223,368.82869460970676,"All species, day 88"
0.49993435996337243,366.4198981421486,"All species, day 88"
0.49994552501832257,362.9604087761967,"All species, day 88"
0.49995669007327265,358.4731342688734,"All species, day 88"
0.4999678551282228,352.9960050017893,"All species, day 88"
0.4999790201831729,346.5822526986664,"All species, day 88"
0.499990185238123,339.3003021037182,"All species, day 88"
0.5000013502930731,331.23324057609693,"All species, day 88"
0.5000125153480233,322.4778473829441,"All species, day 88"
0.5000236804029734,313.1431831484759,"All species, day 88"
0.5000348454579235,303.3487594769317,"All species, day 88"
0.5000460105128736,293.22232819295374,"All species, day 88"
0.5000571755678237,282.89734793050627,"All species, day 88"
0.5000683406227738,272.51020201445783,"All species, day 88"
0.500079505677724,262.1972548863592,"All species, day 88"
0.5000906707326741,252.09184407214082,"All species, day 88"
0.5001018357876242,242.32131037485314,"All species, day 88"
0.5001130008425744,233.0041703182279,"All species, day 88"
0.5001241658975244,224.2475317727918,"All species, day 88"
0.5001353309524745,216.14484626906665,"All species, day 88"
0.5001464960074247,208.77408002806524,"All species, day 88"
0.5001576610623748,202.19637065442964,"All species, day 88"
0.5001688261173249,196.45521833455976,"All species, day 88"
0.5001799911722751,191.57623994588627,"All species, day 88"
0.5001911562272251,187.56749250711815,"All species, day 88"
0.5002023212821752,184.4203497316687,"All species, day 88"
0.5002134863371254,182.11089298487434,"All species, day 88"
0.5002246513920755,180.60175660092978,"All species, day 88"
0.5002358164470256,179.84434820072462,"All species, day 88"
0.5002469815019758,179.78134823569022,"All species, day 88"
0.5002581465569259,180.34938027745068,"All species, day 88"
0.5002693116118759,181.48173528583365,"All species, day 88"
0.5002804766668261,183.11102979065626,"All species, day 88"
0.5002916417217762,185.17168001067176,"All species, day 88"
0.5003028067767263,187.6020815886093,"All species, day 88"
0.5003139718316765,190.34639777696867,"All species, day 88"
0.5003251368866266,193.35587722722607,"All species, day 88"
0.5003363019415767,196.5896453882356,"All species, day 88"
0.5003474669965268,200.0149399964886,"All species, day 88"
0.5003586320514769,203.6067900647352,"All species, day 88"
0.500369797106427,207.34716774245186,"All species, day 88"
0.5003809621613772,211.22367186732865,"All species, day 88"
0.5003921272163273,215.22782929321167,"All species, day 88"
0.5004032922712774,219.3531235250038,"All species, day 88"
0.5004144573262275,223.59287827748844,"All species, day 88"
0.5004256223811776,227.93813498752866,"All species, day 88"
0.5004367874361277,232.37566704884404,"All species, day 88"
0.5004479524910779,236.8862690202004,"All species, day 88"
0.500459117546028,241.44344616293245,"All species, day 88"
0.5004702826009781,246.01260879942635,"All species, day 88"
0.5004814476559283,250.5508480703929,"All species, day 88"
0.5004926127108783,255.0073361211052,"All species, day 88"
0.5005037777658284,259.3243564042921,"All species, day 88"
0.5005149428207786,263.43893081146064,"All species, day 88"
0.5005261078757287,267.28497209727425,"All species, day 88"
0.5005372729306788,270.7958549426096,"All species, day 88"
0.500548437985629,273.90726930959846,"All species, day 88"
0.500559603040579,276.5601974953635,"All species, day 88"
0.5005707680955291,278.70384310087815,"All species, day 88"
0.5005819331504793,280.2983370697551,"All species, day 88"
0.5005930982054294,281.3170534736472,"All species, day 88"
0.5006042632603795,281.7483856080516,"All species, day 88"
0.5006154283153297,281.5968603360828,"All species, day 88"
0.5006265933702798,280.88350397156586,"All species, day 88"
0.5006377584252298,279.64541429109556,"All species, day 88"
0.50064892348018,277.93453806413436,"All species, day 88"
0.5006600885351301,275.815699098314,"All species, day 88"
0.5006712535900802,273.36396544241194,"All species, day 88"
0.5006824186450304,270.66148340536955,"All species, day 88"
0.5006935836999805,267.7939380407117,"All species, day 88"
0.5007047487549305,264.84682274621855,"All species, day 88"
0.5007159138098807,261.90171322353604,"All species, day 88"
0.5007270788648308,259.0327424567951,"All species, day 88"
0.500738243919781,256.30346350830075,"All species, day 88"
0.5007494089747311,253.76426638689694,"All species, day 88"
0.5007605740296812,251.45048524637463,"All species, day 88"
0.5007717390846314,249.38129450370516,"All species, day 88"
0.5007829041395814,247.55944935077935,"All species, day 88"
0.5007940691945315,245.97188008592923,"All species, day 88"
0.5008052342494816,244.59110336921754,"All species, day 88"
0.5008163993044318,243.37736953892187,"All species, day 88"
0.5008275643593819,242.28142597136497,"All species, day 88"
0.500838729414332,241.24774425314058,"All species, day 88"
0.5008498944692822,240.21803536149284,"All species, day 88"
0.5008610595242322,239.1348632861371,"All species, day 88"
0.5008722245791823,237.94516416736587,"All species, day 88"
0.5008833896341325,236.6034850687608,"All species, day 88"
0.5008945546890826,235.0747733661582,"All species, day 88"
0.5009057197440328,233.3365733102629,"All species, day 88"
0.5009168847989829,231.38051904943777,"All species, day 88"
0.5009280498539329,229.2130513777994,"All species, day 88"
0.500939214908883,226.8553265664422,"All species, day 88"
0.5009503799638332,224.34232760386385,"All species, day 88"
0.5009615450187833,221.72122879552703,"All species, day 88"
0.5009727100737335,219.04910187681824,"All species, day 88"
0.5009838751286836,216.39008374437321,"All species, day 88"
0.5009950401836337,213.81215111219734,"All species, day 88"
0.5010062052385837,211.38366475260952,"All species, day 88"
0.5010173702935339,209.16985483043348,"All species, day 88"
0.501028535348484,207.22941898187253,"All species, day 88"
0.5010397004034342,205.61139647172766,"All species, day 88"
0.5010508654583843,204.35246564992892,"All species, day 88"
0.5010620305133344,203.4747890462804,"All species, day 88"
0.5010731955682844,202.98450212053498,"All species, day 88"
0.5010843606232346,202.8709094716683,"All species, day 88"
0.5010955256781847,203.10641789168793,"All species, day 88"
0.5011066907331349,203.6472007603972,"All species, day 88"
0.501117855788085,204.4345546179922,"All species, day 88"
0.5011290208430351,205.3968779043305,"All species, day 88"
0.5011401858979853,206.45217521227306,"All species, day 88"
0.5011513509529353,207.51096911378102,"All species, day 88"
0.5011625160078854,208.4794865323756,"All species, day 88"
0.5011736810628356,209.26297827738406,"All species, day 88"
0.5011848461177857,209.76902890517462,"All species, day 88"
0.5011960111727358,209.91071936637078,"All species, day 88"
0.501207176227686,209.60951644823894,"All species, day 88"
0.501218341282636,208.7977800440806,"All species, day 88"
0.5012295063375861,207.42080074529434,"All species, day 88"
0.5012406713925363,205.4383049351236,"All species, day 88"
0.5012518364474864,202.82539111948265,"All species, day 88"
0.5012630015024365,199.57288826385886,"All species, day 88"
0.5012741665573867,195.6871530416977,"All species, day 88"
0.5012853316123368,191.18934686199003,"All species, day 88"
0.5012964966672868,186.11425421662946,"All species, day 88"
0.501307661722237,180.50872037471453,"All species, day 88"
0.5013188267771871,174.42979811862782,"All species, day 88"
0.5013299918321372,167.94269971570313,"All species, day 88"
0.5013411568870874,161.11865160917696,"All species, day 88"
0.5013523219420375,154.0327456300231,"All species, day 88"
0.5013634869969876,146.7618723894526,"All species, day 88"
0.5013746520519377,139.3828106402096,"All species, day 88"
0.5013858171068878,131.9705316948131,"All species, day 88"
0.5013969821618379,124.59676147324544,"All species, day 88"
0.5014081472167881,117.32882546712591,"All species, day 88"
0.5014193122717382,110.22878489003963,"All species, day 88"
0.5014304773266883,103.35285646909948,"All species, day 88"
0.5014416423816384,96.751094534537,"All species, day 88"
0.5014528074365885,90.46730290872452,"All species, day 88"
0.5014639724915386,84.53913601238355,"All species, day 88"
0.5014751375464888,78.99834379801014,"All species, day 88"
0.5014863026014389,73.87111359349733,"All species, day 88"
0.501497467656389,69.17846348344474,"All species, day 88"
0.5015086327113392,64.93664610665326,"All species, day 88"
0.5015197977662892,61.157528198957436,"All species, day 88"
0.5015309628212393,57.848919264260026,"All species, day 88"
0.5015421278761895,55.01483176914834,"All species, day 88"
0.5015532929311396,52.6556645735526,"All species, day 88"
0.5015644579860897,50.76831031904193,"All species, day 88"
0.5015756230410399,49.346195643387944,"All species, day 88"
0.5015867880959899,48.37926992356609,"All species, day 88"
0.50159795315094,47.853963426769646,"All species, day 88"
0.5016091182058902,47.75313905387824,"All species, day 88"
0.5016202832608403,48.056063200808545,"All species, day 88"
0.5016314483157904,48.73842067257915,"All species, day 88"
0.5016426133707406,49.77239620318683,"All species, day 88"
0.5016537784256907,51.12684119825402,"All species, day 88"
0.5016649434806407,52.767539136672035,"All species, day 88"
0.5016761085355909,54.65757700442283,"All species, day 88"
0.501687273590541,56.75782357841421,"All species, day 88"
0.5016984386454911,59.027508727905484,"All species, day 88"
0.5017096037004413,61.424891533570566,"All species, day 88"
0.5017207687553914,63.90799928562958,"All species, day 88"
0.5017319338103414,66.43541460405214,"All species, day 88"
0.5017430988652916,68.96708425546021,"All species, day 88"
0.5017542639202417,71.46512087992849,"All species, day 88"
0.5017654289751918,73.89456787217364,"All species, day 88"
0.501776594030142,76.22409809323133,"All species, day 88"
0.5017877590850921,78.42661886704155,"All species, day 88"
0.5017989241400422,80.47975872370162,"All species, day 88"
0.5018100891949923,82.36621542520632,"All species, day 88"
0.5018212542499424,84.07394975195392,"All species, day 88"
0.5018324193048925,85.59621511809056,"All species, day 88"
0.5018435843598427,86.9314190917911,"All species, day 88"
0.5018547494147928,88.08281909005032,"All species, day 88"
0.5018659144697429,89.05806067655756,"All species, day 88"
0.501877079524693,89.86857280543508,"All species, day 88"
0.5018882445796431,90.52883983152061,"All species, day 88"
0.5018994096345932,91.05557497402633,"All species, day 88"
0.5019105746895434,91.46682401726271,"All species, day 88"
0.5019217397444935,91.78103121651249,"All species, day 88"
0.5019329047994436,92.01610152377282,"All species, day 88"
0.5019440698543938,92.18849424721633,"All species, day 88"
0.5019552349093438,92.31238302195923,"All species, day 88"
0.5019663999642939,92.39891543645935,"All species, day 88"
0.5019775650192441,92.45560280166525,"All species, day 88"
0.5019887300741942,92.48586638596986,"All species, day 88"
0.5019998951291443,92.48876103808287,"All species, day 88"
0.5020110601840945,92.4588906136101,"All species, day 88"
0.5020222252390446,92.38652220686959,"All species, day 88"
0.5020333902939946,92.25789813157547,"All species, day 88"
0.5020445553489448,92.05573621852675,"All species, day 88"
0.5020557204038949,91.75990068183211,"All species, day 88"
0.502066885458845,91.34821795677298,"All species, day 88"
0.5020780505137952,90.79740495169459,"All species, day 88"
0.5020892155687453,90.08407148557956,"All species, day 88"
0.5021003806236953,89.18575465893885,"All species, day 88"
0.5021115456786455,88.08194081086536,"All species, day 88"
0.5021227107335956,86.75503073364332,"All species, day 88"
0.5021338757885457,85.19120601312137,"All species, day 88"
0.5021450408434959,83.38115867587098,"All species, day 88"
0.502156205898446,81.32065255759241,"All species, day 88"
0.5021673709533961,79.01089264526112,"All species, day 88"
0.5021785360083462,76.4586876668061,"All species, day 88"
0.5021897010632963,73.67640090779616,"All species, day 88"
0.5022008661182464,70.68169408241951,"All species, day 88"
0.5022120311731966,67.49707852312608,"All species, day 88"
0.5022231962281467,64.14929646229197,"All species, day 88"
0.5022343612830968,60.668562301866636,"All species, day 88"
0.5022455263380469,57.087699145587166,"All species, day 88"
0.502256691392997,53.44120925972277,"All species, day 88"
0.5022678564479471,49.764318422640095,"All species, day 88"
0.5022790215028973,46.09203333988748,"All species, day 88"
0.5022901865578474,42.458248593096464,"All species, day 88"
0.5023013516127975,38.89493521220136,"All species, day 88"
0.5023125166677477,35.43143726006285,"All species, day 88"
0.5023236817226977,32.093896199625426,"All species, day 88"
0.5023348467776478,28.904815708175004,"All species, day 88"
0.502346011832598,25.882772441070134,"All species, day 88"
0.5023571768875481,23.042271423233277,"All species, day 88"
0.5023683419424982,20.393738607425412,"All species, day 88"
0.5023795069974484,17.943637949618704,"All species, day 88"
0.5023906720523984,15.69469630293594,"All species, day 88"
0.5024018371073485,13.646216620456501,"All species, day 88"
0.5024130021622987,11.794458399536097,"All species, day 88"
0.5024241672172488,10.13306393300236,"All species, day 88"
0.5024353322721989,8.653509634057414,"All species, day 88"
0.5024464973271491,7.345563297304967,"All species, day 88"
0.5024576623820992,6.197730447819419,"All species, day 88"
0.5024688274370492,5.197675697371663,"All species, day 88"
0.5024799924919994,4.332608058830805,"All species, day 88"
0.5024911575469495,3.5896222691339634,"All species, day 88"
0.5025023226018996,2.955991165457784,"All species, day 88"
0.5025134876568498,2.4194069104809657,"All species, day 88"
0.5025246527117999,1.968171266818655,"All species, day 88"
0.50253581776675,1.5913371126702713,"All species, day 88"
0.5025469828217001,1.2788049387964389,"All species, day 88"
0.5025581478766502,1.0213791705651214,"All species, day 88"
0.5025693129316003,0.8107898426728956,"All species, day 88"
0.5025804779865505,0.6396854616802834,"All species, day 88"
0.5025916430415006,0.5016028795569658,"All species, day 88"
0.5026028080964507,0.39091973295021837,"All species, day 88"
0.5026139731514008,0.3027945430905846,"All species, day 88"
0.5026251382063509,0.23309898229101994,"All species, day 88"
0.502636303261301,0.1783461513289633,"All species, day 88"
0.5026474683162512,0.13561802587318364,"All species, day 88"
0.5026586333712013,0.10249455873964386,"All species, day 88"
0.5026697984261514,0.07698629758390549,"All species, day 88"
0.5026809634811016,0.05747181516022296,"All species, day 88"
0.5026921285360516,0.04264076363393348,"All species, day 88"
0.5027032935910017,0.0314429607668633,"All species, day 88"
0.5027144586459519,0.023043593599822852,"All species, day 88"
0.502725623700902,0.016784379774268957,"All species, day 88"
0.5027367887558521,0.012150350239010272,"All species, day 88"
0.5027479538108023,0.00874180039769985,"All species, day 88"
0.5027591188657523,0.006250889693353127,"All species, day 88"
0.5027702839207024,0.004442342154544489,"All species, day 88"
0.5027814489756526,0.0031377031304443753,"All species, day 88"
0.5027926140306027,0.0022026318931436533,"All species, day 88"
0.4972212516104937,1.0248387971649837,"All species, day 56"
0.4972324166654438,1.2842807558208802,"All species, day 56"
0.4972435817203939,1.6004691503528068,"All species, day 56"
0.49725474677534404,1.9834771189911757,"All species, day 56"
0.49726591183029417,2.4446098253892483,"All species, day 56"
0.49727707688524425,2.9964329551380704,"All species, day 56"
0.4972882419401944,3.6527728998925633,"All species, day 56"
0.4972994069951445,4.428682667925583,"All species, day 56"
0.49731057205009466,5.340367648885491,"All species, day 56"
0.49732173710504474,6.405065717204703,"All species, day 56"
0.49733290215999487,7.64087681544369,"All species, day 56"
0.497344067214945,9.066538137374694,"All species, day 56"
0.4973552322698951,10.701142340301997,"All species, day 56"
0.4973663973248452,12.563797849895765,"All species, day 56"
0.49737756237979536,14.673232255313547,"All species, day 56"
0.49738872743474544,17.047341985840117,"All species, day 56"
0.49739989248969557,19.702693851607073,"All species, day 56"
0.4974110575446457,22.65398654300163,"All species, day 56"
0.49742222259959584,25.913482723541353,"All species, day 56"
0.4974333876545459,29.49042481302463,"All species, day 56"
0.49744455270949606,33.390449830185304,"All species, day 56"
0.4974557177644462,37.615020629067395,"All species, day 56"
0.49746688281939627,42.16089240878065,"All species, day 56"
0.4974780478743464,47.01963439385723,"All species, day 56"
0.49748921292929654,52.177226980627864,"All species, day 56"
0.4975003779842466,57.61375434996064,"All species, day 56"
0.49751154303919676,63.30321150507168,"All species, day 56"
0.4975227080941469,69.21344288212171,"All species, day 56"
0.497533873149097,75.30622710621323,"All species, day 56"
0.4975450382040471,81.53751915958138,"All species, day 56"
0.49755620325899724,87.8578572610534,"All species, day 56"
0.4975673683139474,94.21293722325484,"All species, day 56"
0.49757853336889746,100.54435207798159,"All species, day 56"
0.4975896984238476,106.79048949289891,"All species, day 56"
0.49760086347879773,112.88757410868527,"All species, day 56"
0.4976120285337478,118.77083659072592,"All species, day 56"
0.49762319358869794,124.37578609956793,"All species, day 56"
0.4976343586436481,129.63955823375795,"All species, day 56"
0.49764552369859816,134.50230647248026,"All species, day 56"
0.4976566887535483,138.908601913457,"All species, day 56"
0.49766785380849843,142.80880381862454,"All species, day 56"
0.49767901886344856,146.16036227131724,"All species, day 56"
0.49769018391839864,148.92901420543507,"All species, day 56"
0.4977013489733488,151.08983524869782,"All species, day 56"
0.4977125140282989,152.6281122421303,"All species, day 56"
0.497723679083249,153.54000493228753,"All species, day 56"
0.49773484413819913,153.83297011084872,"All species, day 56"
0.49774600919314926,153.52592728982276,"All species, day 56"
0.49775717424809934,152.64915170070455,"All species, day 56"
0.4977683393030495,151.24388781009313,"All species, day 56"
0.4977795043579996,149.36168444213072,"All species, day 56"
0.4977906694129497,147.06346075540003,"All species, day 56"
0.49780183446789983,144.41832049013556,"All species, day 56"
0.49781299952284996,141.50213982292584,"All species, day 56"
0.4978241645778001,138.39596158088878,"All species, day 56"
0.4978353296327502,135.18423522364768,"All species, day 56"
0.4978464946877003,131.95294765741662,"All species, day 56"
0.49785765974265045,128.78769438200501,"All species, day 56"
0.49786882479760053,125.77174349306193,"All species, day 56"
0.49787998985255066,122.98414651041972,"All species, day 56"
0.4978911549075008,120.49794975878793,"All species, day 56"
0.4979023199624509,118.3785580189101,"All species, day 56"
0.497913485017401,116.68229838210323,"All species, day 56"
0.49792465007235115,115.45522672458438,"All species, day 56"
0.4979358151273013,114.73221208503224,"All species, day 56"
0.49794698018225136,114.53632566525172,"All species, day 56"
0.4979581452372015,114.87855143461272,"All species, day 56"
0.49796931029215163,115.7578247289464,"All species, day 56"
0.4979804753471017,117.16139417796235,"All species, day 56"
0.49799164040205185,119.06549120466183,"All species, day 56"
0.498002805457002,121.43628067892541,"All species, day 56"
0.49801397051195206,124.23105654920474,"All species, day 56"
0.4980251355669022,127.39963787794129,"All species, day 56"
0.49803630062185233,130.8859140835816,"All species, day 56"
0.4980474656768024,134.62948369128097,"All species, day 56"
0.49805863073175255,138.56732876510887,"All species, day 56"
0.4980697957867027,142.63546757302427,"All species, day 56"
0.4980809608416528,146.77053092708272,"All species, day 56"
0.4980921258966029,150.91121291062026,"All species, day 56"
0.49810329095155303,154.99955408636234,"All species, day 56"
0.49811445600650317,158.98202438174502,"All species, day 56"
0.49812562106145325,162.8103831806409,"All species, day 56"
0.4981367861164034,166.44230514735156,"All species, day 56"
0.4981479511713535,169.84177136986548,"All species, day 56"
0.4981591162263036,172.97923593531243,"All species, day 56"
0.49817028128125374,175.83158748055035,"All species, day 56"
0.49818144633620387,178.38193311422754,"All species, day 56"
0.498192611391154,180.6192380075909,"All species, day 56"
0.4982037764461041,182.53785765252036,"All species, day 56"
0.4982149415010542,184.1370011844131,"All species, day 56"
0.49822610655600436,185.4201633027404,"All species, day 56"
0.49823727161095444,186.3945593699834,"All species, day 56"
0.49824843666590457,187.0705935219648,"All species, day 56"
0.4982596017208547,187.46138346625307,"All species, day 56"
0.4982707667758048,187.58235852820476,"All species, day 56"
0.4982819318307549,187.4509399047469,"All species, day 56"
0.49829309688570506,187.08630448177846,"All species, day 56"
0.49830426194065514,186.50922640810577,"All species, day 56"
0.49831542699560527,185.74198428942518,"All species, day 56"
0.4983265920505554,184.80831668977913,"All species, day 56"
0.49833775710550554,183.73340484152786,"All species, day 56"
0.4983489221604556,182.5438592171825,"All species, day 56"
0.49836008721540576,181.26768596937268,"All species, day 56"
0.4983712522703559,179.93421018070995,"All species, day 56"
0.49838241732530597,178.57393529229972,"All species, day 56"
0.4983935823802561,177.21832184678985,"All species, day 56"
0.49840474743520624,175.8994735854598,"All species, day 56"
0.4984159124901563,174.64972473452815,"All species, day 56"
0.49842707754510646,173.50112872772326,"All species, day 56"
0.4984382426000566,172.4848553385287,"All species, day 56"
0.49844940765500667,171.63050991842124,"All species, day 56"
0.4984605727099568,170.96539482937612,"All species, day 56"
0.49847173776490694,170.51373889022312,"All species, day 56"
0.4984829028198571,170.29592540683754,"All species, day 56"
0.49849406787480716,170.32775282694084,"All species, day 56"
0.4985052329297573,170.61976398778512,"All species, day 56"
0.4985163979847074,171.1766800989941,"All species, day 56"
0.4985275630396575,171.99697388234065,"All species, day 56"
0.49853872809460764,173.0726126211319,"All species, day 56"
0.4985498931495578,174.38899630047302,"All species, day 56"
0.49856105820450786,175.92510870363725,"All species, day 56"
0.498572223259458,177.65389054011115,"All species, day 56"
0.4985833883144081,179.54283379972222,"All species, day 56"
0.49859455336935826,181.5547860341873,"All species, day 56"
0.49860571842430834,183.64894271718697,"All species, day 56"
0.4986168834792585,185.78199582940726,"All species, day 56"
0.4986280485342086,187.90939796689705,"All species, day 56"
0.4986392135891587,189.98669416206766,"All species, day 56"
0.4986503786441088,191.97086874443846,"All species, day 56"
0.49866154369905896,193.82165235002378,"All species, day 56"
0.49867270875400904,195.50273486334962,"All species, day 56"
0.4986838738089592,196.9828337194189,"All species, day 56"
0.4986950388639093,198.23657349321337,"All species, day 56"
0.4987062039188594,199.24514175906017,"All species, day 56"
0.4987173689738095,199.99669733103352,"All species, day 56"
0.49872853402875966,200.48651956762097,"All species, day 56"
0.4987396990837098,200.7169006941268,"All species, day 56"
0.4987508641386599,200.6967962542445,"All species, day 56"
0.49876202919361,200.44126102797017,"All species, day 56"
0.49877319424856015,199.97070827235515,"All species, day 56"
0.4987843593035102,199.3100382828181,"All species, day 56"
0.49879552435846036,198.48768751537648,"All species, day 56"
0.4988066894134105,197.53465152435768,"All species, day 56"
0.4988178544683606,196.48353364216732,"All species, day 56"
0.4988290195233107,195.3676667715264,"All species, day 56"
0.49884018457826085,194.22034821093328,"All species, day 56"
0.498851349633211,193.07421762457406,"All species, day 56"
0.49886251468816106,191.96079679500804,"All species, day 56"
0.4988736797431112,190.91019746892627,"All species, day 56"
0.49888484479806133,189.95099128778057,"All species, day 56"
0.4988960098530114,189.11022434293187,"All species, day 56"
0.49890717490796155,188.41354909863816,"All species, day 56"
0.4989183399629117,187.88543894875102,"All species, day 56"
0.49892950501786176,187.54944600510214,"All species, day 56"
0.4989406700728119,187.42846114015902,"All species, day 56"
0.49895183512776203,187.54493687825988,"All species, day 56"
0.4989630001827121,187.921038273505,"All species, day 56"
0.49897416523766225,188.5786940365672,"All species, day 56"
0.4989853302926124,189.53952929933558,"All species, day 56"
0.4989964953475625,190.82467181554406,"All species, day 56"
0.4990076604025126,192.4544342787527,"All species, day 56"
0.49901882545746273,194.4478859607889,"All species, day 56"
0.49902999051241287,196.82233623301465,"All species, day 56"
0.49904115556736295,199.59276002467263,"All species, day 56"
0.4990523206223131,202.77120033873388,"All species, day 56"
0.4990634856772632,206.3661852187398,"All species, day 56"
0.4990746507322133,210.38219589049527,"All species, day 56"
0.49908581578716343,214.81921926767984,"All species, day 56"
0.49909698084211357,219.6724119138722,"All species, day 56"
0.4991081458970637,224.93189439923273,"All species, day 56"
0.4991193109520138,230.58268544294714,"All species, day 56"
0.4991304760069639,236.6047750750277,"All species, day 56"
0.49914164106191405,242.97332611388254,"All species, day 56"
0.49915280611686413,249.65898436465514,"All species, day 56"
0.49916397117181427,256.6282708415481,"All species, day 56"
0.4991751362267644,263.8440246194419,"All species, day 56"
0.4991863012817145,271.2658630530327,"All species, day 56"
0.4991974663366646,278.85062726572033,"All species, day 56"
0.49920863139161475,286.5527849671736,"All species, day 56"
0.49921979644656483,294.32476952011234,"All species, day 56"
0.49923096150151497,302.11724322101134,"All species, day 56"
0.4992421265564651,309.87928327335635,"All species, day 56"
0.49925329161141524,317.5585000541855,"All species, day 56"
0.4992644566663653,325.1011080568854,"All species, day 56"
0.49927562172131545,332.45197938539803,"All species, day 56"
0.4992867867762656,339.55471698192866,"All species, day 56"
0.49929795183121567,346.3517891421083,"All species, day 56"
0.4993091168861658,352.7847677510946,"All species, day 56"
0.49932028194111594,358.794709763461,"All species, day 56"
0.499331446996066,364.3227147330821,"All species, day 56"
0.49934261205101615,369.31068095461416,"All species, day 56"
0.4993537771059663,373.7022695768064,"All species, day 56"
0.4993649421609164,377.4440707105479,"All species, day 56"
0.4993761072158665,380.48694910113426,"All species, day 56"
0.49938727227081664,382.78753052002645,"All species, day 56"
0.4993984373257668,384.3097748534861,"All species, day 56"
0.49940960238071685,385.0265690855035,"All species, day 56"
0.499420767435667,384.92126402062763,"All species, day 56"
0.4994319324906171,383.98907349537745,"All species, day 56"
0.4994430975455672,382.2382545364135,"All species, day 56"
0.49945426260051734,379.69099167304773,"All species, day 56"
0.4994654276554675,376.38391829255073,"All species, day 56"
0.49947659271041756,372.36822208835036,"All species, day 56"
0.4994877577653677,367.7092995309337,"All species, day 56"
0.4994989228203178,362.4859448610677,"All species, day 56"
0.49951008787526796,356.7890811419222,"All species, day 56"
0.49952125293021804,350.72006308082456,"All species, day 56"
0.4995324179851682,344.3886022890741,"All species, day 56"
0.4995435830401183,337.9103841161188,"All species, day 56"
0.4995547480950684,331.4044600546999,"All species, day 56"
0.4995659131500185,324.9905100929621,"All species, day 56"
0.49957707820496866,318.7860747026661,"All species, day 56"
0.49958824325991874,312.9038561486637,"All species, day 56"
0.4995994083148689,307.4491835790999,"All species, day 56"
0.499610573369819,302.5177263314836,"All species, day 56"
0.49962173842476915,298.193525790863,"All species, day 56"
0.4996329034797192,294.54739893346385,"All species, day 56"
0.49964406853466936,291.635747520493,"All species, day 56"
0.4996552335896195,289.49978701046274,"All species, day 56"
0.4996663986445696,288.1651898747008,"All species, day 56"
0.4996775636995197,287.6421202982216,"All species, day 56"
0.49968872875446985,287.9256222377641,"All species, day 56"
0.4996998938094199,288.9963112852985,"All species, day 56"
0.49971105886437006,290.8213132760716,"All species, day 56"
0.4997222239193202,293.35538931458944,"All species, day 56"
0.4997333889742703,296.54218779703314,"All species, day 56"
0.4997445540292204,300.3155687185418,"All species, day 56"
0.49975571908417055,304.6009534458907,"All species, day 56"
0.4997668841391207,309.3166633821193,"All species, day 56"
0.49977804919407076,314.3752225770527,"All species, day 56"
0.4997892142490209,319.68461131084626,"All species, day 56"
0.49980037930397103,325.1494689676569,"All species, day 56"
0.4998115443589211,330.672254187179,"All species, day 56"
0.49982270941387125,336.15437754777236,"All species, day 56"
0.4998338744688214,341.4973263308208,"All species, day 56"
0.49984503952377146,346.60380192866415,"All species, day 56"
0.4998562045787216,351.37888814854125,"All species, day 56"
0.49986736963367173,355.73126327352475,"All species, day 56"
0.49987853468862187,359.5744607619714,"All species, day 56"
0.49988969974357195,362.8281736059521,"All species, day 56"
0.4999008647985221,365.41958649535536,"All species, day 56"
0.4999120298534722,367.2847090009097,"All species, day 56"
0.4999231949084223,368.3696729676384,"All species, day 56"
0.49993435996337243,368.6319491061834,"All species, day 56"
0.49994552501832257,368.0414321610318,"All species, day 56"
0.49995669007327265,366.5813416066207,"All species, day 56"
0.4999678551282228,364.2488859251916,"All species, day 56"
0.4999790201831729,361.0556432465975,"All species, day 56"
0.499990185238123,357.0276193063447,"All species, day 56"
0.5000013502930731,352.2049548841088,"All species, day 56"
0.5000125153480233,346.64126848579434,"All species, day 56"
0.5000236804029734,340.40263522695443,"All species, day 56"
0.5000348454579235,333.5662187621696,"All species, day 56"
0.5000460105128736,326.21858873804985,"All species, day 56"
0.5000571755678237,318.45377071147857,"All species, day 56"
0.5000683406227738,310.3710879424877,"All species, day 56"
0.500079505677724,302.0728642470879,"All species, day 56"
0.5000906707326741,293.6620636761856,"All species, day 56"
0.5001018357876242,285.23994585244594,"All species, day 56"
0.5001130008425744,276.9038152522954,"All species, day 56"
0.5001241658975244,268.74493866476445,"All species, day 56"
0.5001353309524745,260.8466977783191,"All species, day 56"
0.5001464960074247,253.28303378480058,"All species, day 56"
0.5001576610623748,246.11722859830306,"All species, day 56"
0.5001688261173249,239.40105341489237,"All species, day 56"
0.5001799911722751,233.1743005537377,"All species, day 56"
0.5001911562272251,227.4646995089189,"All species, day 56"
0.5002023212821752,222.2882035508869,"All species, day 56"
0.5002134863371254,217.6496196447134,"All species, day 56"
0.5002246513920755,213.54354241307414,"All species, day 56"
0.5002358164470256,209.95554280188892,"All species, day 56"
0.5002469815019758,206.86355433056758,"All species, day 56"
0.5002581465569259,204.23939456263156,"All species, day 56"
0.5002693116118759,202.05035684324605,"All species, day 56"
0.5002804766668261,200.26080744799094,"All species, day 56"
0.5002916417217762,198.83372600597576,"All species, day 56"
0.5003028067767263,197.7321322399258,"All species, day 56"
0.5003139718316765,196.9203494634838,"All species, day 56"
0.5003251368866266,196.36506456386206,"All species, day 56"
0.5003363019415767,196.03615498074228,"All species, day 56"
0.5003474669965268,195.90726501076065,"All species, day 56"
0.5003586320514769,195.95612611448976,"All species, day 56"
0.500369797106427,196.16462824111835,"All species, day 56"
0.5003809621613772,196.51866096411305,"All species, day 56"
0.5003921272163273,197.00775389834388,"All species, day 56"
0.5004032922712774,197.62455493839153,"All species, day 56"
0.5004144573262275,198.36419187200195,"All species, day 56"
0.5004256223811776,199.22356751824714,"All species, day 56"
0.5004367874361277,200.2006404597005,"All species, day 56"
0.5004479524910779,201.29374255032764,"All species, day 56"
0.500459117546028,202.50098069117607,"All species, day 56"
0.5004702826009781,203.81976402596183,"All species, day 56"
0.5004814476559283,205.24648901225666,"All species, day 56"
0.5004926127108783,206.77640419987765,"All species, day 56"
0.5005037777658284,208.40366454160528,"All species, day 56"
0.5005149428207786,210.1215723089783,"All species, day 56"
0.5005261078757287,211.92298888578912,"All species, day 56"
0.5005372729306788,213.80088958344234,"All species, day 56"
0.500548437985629,215.74902287282154,"All species, day 56"
0.500559603040579,217.76262670638425,"All species, day 56"
0.5005707680955291,219.83914846955557,"All species, day 56"
0.5005819331504793,221.97891198099447,"All species, day 56"
0.5005930982054294,224.18567513236954,"All species, day 56"
0.5006042632603795,226.46702531511062,"All species, day 56"
0.5006154283153297,228.8345666372273,"All species, day 56"
0.5006265933702798,231.30386280912393,"All species, day 56"
0.5006377584252298,233.89411201891158,"All species, day 56"
0.50064892348018,236.62754451268066,"All species, day 56"
0.5006600885351301,239.52854920200684,"All species, day 56"
0.5006712535900802,242.62255161103525,"All species, day 56"
0.5006824186450304,245.93468096858396,"All species, day 56"
0.5006935836999805,249.48827837418963,"All species, day 56"
0.5007047487549305,253.30330989335468,"All species, day 56"
0.5007159138098807,257.3947574398363,"All species, day 56"
0.5007270788648308,261.7710657929862,"All species, day 56"
0.500738243919781,266.43272566923696,"All species, day 56"
0.5007494089747311,271.3710702082052,"All species, day 56"
0.5007605740296812,276.5673555650072,"All species, day 56"
0.5007717390846314,281.99218575729475,"All species, day 56"
0.5007829041395814,287.6053279543569,"All species, day 56"
0.5007940691945315,293.3559476665498,"All species, day 56"
0.5008052342494816,299.183274605636,"All species, day 56"
0.5008163993044318,305.0176902763207,"All species, day 56"
0.5008275643593819,310.7822086194988,"All species, day 56"
0.500838729414332,316.3943022801384,"All species, day 56"
0.5008498944692822,321.7680102856825,"All species, day 56"
0.5008610595242322,326.8162489729388,"All species, day 56"
0.5008722245791823,331.4532376241707,"All species, day 56"
0.5008833896341325,335.5969440102956,"All species, day 56"
0.5008945546890826,339.1714532238094,"All species, day 56"
0.5009057197440328,342.1091659054587,"All species, day 56"
0.5009168847989829,344.3527390899424,"All species, day 56"
0.5009280498539329,345.8566940417419,"All species, day 56"
0.500939214908883,346.5886300466822,"All species, day 56"
0.5009503799638332,346.53000041774766,"All species, day 56"
0.5009615450187833,345.6764260869518,"All species, day 56"
0.5009727100737335,344.0375421280796,"All species, day 56"
0.5009838751286836,341.63639240349346,"All species, day 56"
0.5009950401836337,338.50840628991295,"All species, day 56"
0.5010062052385837,334.70000822902716,"All species, day 56"
0.5010173702935339,330.2669249037204,"All species, day 56"
0.501028535348484,325.2722655539026,"All species, day 56"
0.5010397004034342,319.78445789110583,"All species, day 56"
0.5010508654583843,313.87512503165675,"All species, day 56"
0.5010620305133344,307.6169878249977,"All species, day 56"
0.5010731955682844,301.0818720969567,"All species, day 56"
0.5010843606232346,294.33889202887764,"All species, day 56"
0.5010955256781847,287.4528696895256,"All species, day 56"
0.5011066907331349,280.4830372853556,"All species, day 56"
0.501117855788085,273.4820537573489,"All species, day 56"
0.5011290208430351,266.49535172285414,"All species, day 56"
0.5011401858979853,259.56081524957995,"All species, day 56"
0.5011513509529353,252.70877432115313,"All species, day 56"
0.5011625160078854,245.96228879764072,"All species, day 56"
0.5011736810628356,239.33768376748435,"All species, day 56"
0.5011848461177857,232.8452898567552,"All species, day 56"
0.5011960111727358,226.4903365890052,"All species, day 56"
0.501207176227686,220.27394436773727,"All species, day 56"
0.501218341282636,214.1941610228311,"All species, day 56"
0.5012295063375861,208.24699189329877,"All species, day 56"
0.5012406713925363,202.42737775131744,"All species, day 56"
0.5012518364474864,196.7300820284853,"All species, day 56"
0.5012630015024365,191.15045724530384,"All species, day 56"
0.5012741665573867,185.68506967808275,"All species, day 56"
0.5012853316123368,180.33217054897355,"All species, day 56"
0.5012964966672868,175.0920108536528,"All species, day 56"
0.501307661722237,169.9670048823546,"All species, day 56"
0.5013188267771871,164.96175417999794,"All species, day 56"
0.5013299918321372,160.0829488777447,"All species, day 56"
0.5013411568870874,155.3391668945963,"All species, day 56"
0.5013523219420375,150.74059344578166,"All species, day 56"
0.5013634869969876,146.2986837183836,"All species, day 56"
0.5013746520519377,142.02579068197838,"All species, day 56"
0.5013858171068878,137.93477805863543,"All species, day 56"
0.5013969821618379,134.03863578594033,"All species, day 56"
0.5014081472167881,130.35011217513988,"All species, day 56"
0.5014193122717382,126.88137368999853,"All species, day 56"
0.5014304773266883,123.64370009420608,"All species, day 56"
0.5014416423816384,120.64721983141675,"All species, day 56"
0.5014528074365885,117.90068803591828,"All species, day 56"
0.5014639724915386,115.41130758350685,"All species, day 56"
0.5014751375464888,113.18459207667024,"All species, day 56"
0.5014863026014389,111.22426856862562,"All species, day 56"
0.501497467656389,109.53221708001777,"All species, day 56"
0.5015086327113392,108.10844345498941,"All species, day 56"
0.5015197977662892,106.95108174416664,"All species, day 56"
0.5015309628212393,106.0564220148194,"All species, day 56"
0.5015421278761895,105.41895922641062,"All species, day 56"
0.5015532929311396,105.03145856003985,"All species, day 56"
0.5015644579860897,104.88503237719905,"All species, day 56"
0.5015756230410399,104.96922385751196,"All species, day 56"
0.5015867880959899,105.27209239882795,"All species, day 56"
0.50159795315094,105.78029613275307,"All species, day 56"
0.5016091182058902,106.4791674821882,"All species, day 56"
0.5016202832608403,107.35277860960785,"All species, day 56"
0.5016314483157904,108.38399488505424,"All species, day 56"
0.5016426133707406,109.55451610845158,"All species, day 56"
0.5016537784256907,110.84490707339329,"All species, day 56"
0.5016649434806407,112.23462103805099,"All species, day 56"
0.5016761085355909,113.70202161821,"All species, day 56"
0.501687273590541,115.2244103602509,"All species, day 56"
0.5016984386454911,116.77806860732689,"All species, day 56"
0.5017096037004413,118.33832306889151,"All species, day 56"
0.5017207687553914,119.87964460511755,"All species, day 56"
0.5017319338103414,121.37578905020153,"All species, day 56"
0.5017430988652916,122.79998738935497,"All species, day 56"
0.5017542639202417,124.12519030573942,"All species, day 56"
0.5017654289751918,125.32436912775532,"All species, day 56"
0.501776594030142,126.37087169655305,"All species, day 56"
0.5017877590850921,127.23882785787879,"All species, day 56"
0.5017989241400422,127.90359541599688,"All species, day 56"
0.5018100891949923,128.3422337459614,"All species, day 56"
0.5018212542499424,128.5339891168746,"All species, day 56"
0.5018324193048925,128.46077338236412,"All species, day 56"
0.5018435843598427,128.1076162517197,"All species, day 56"
0.5018547494147928,127.46307101058265,"All species, day 56"
0.5018659144697429,126.5195543864861,"All species, day 56"
0.501877079524693,125.27360324311778,"All species, day 56"
0.5018882445796431,123.7260338486386,"All species, day 56"
0.5018994096345932,121.88199343266297,"All species, day 56"
0.5019105746895434,119.75089839259036,"All species, day 56"
0.5019217397444935,117.34625855581496,"All species, day 56"
0.5019329047994436,114.68539204121983,"All species, day 56"
0.5019440698543938,111.7890401786344,"All species, day 56"
0.5019552349093438,108.68089634048151,"All species, day 56"
0.5019663999642939,105.3870661551672,"All species, day 56"
0.5019775650192441,101.93547920319865,"All species, day 56"
0.5019887300741942,98.35527380662108,"All species, day 56"
0.5019998951291443,94.6761768567831,"All species, day 56"
0.5020110601840945,90.92789980381849,"All species, day 56"
0.5020222252390446,87.13957005577595,"All species, day 56"
0.5020333902939946,83.3392142716249,"All species, day 56"
0.5020445553489448,79.55330659935137,"All species, day 56"
0.5020557204038949,75.80639106271256,"All species, day 56"
0.502066885458845,72.12078330192546,"All species, day 56"
0.5020780505137952,68.51635298991322,"All species, day 56"
0.5020892155687453,65.01038470630789,"All species, day 56"
0.5021003806236953,61.61751205134162,"All species, day 56"
0.5021115456786455,58.34971745666875,"All species, day 56"
0.5021227107335956,55.21638857707645,"All species, day 56"
0.5021338757885457,52.22442133534361,"All species, day 56"
0.5021450408434959,49.378359599164945,"All species, day 56"
0.502156205898446,46.6805619916835,"All species, day 56"
0.5021673709533961,44.131387342170534,"All species, day 56"
0.5021785360083462,41.729391609629,"All species, day 56"
0.5021897010632963,39.47153059237798,"All species, day 56"
0.5022008661182464,37.35336421253342,"All species, day 56"
0.5022120311731966,35.36925949614515,"All species, day 56"
0.5022231962281467,33.5125904551518,"All species, day 56"
0.5022343612830968,31.77593384685816,"All species, day 56"
0.5022455263380469,30.151260217321234,"All species, day 56"
0.502256691392997,28.630119740784323,"All species, day 56"
0.5022678564479471,27.20382219823565,"All species, day 56"
0.5022790215028973,25.863610068566793,"All species, day 56"
0.5022901865578474,24.600823229273246,"All species, day 56"
0.5023013516127975,23.407053274839217,"All species, day 56"
0.5023125166677477,22.27428505229005,"All species, day 56"
0.5023236817226977,21.19502276063919,"All species, day 56"
0.5023348467776478,20.162397918546613,"All species, day 56"
0.502346011832598,19.170256701135532,"All species, day 56"
0.5023571768875481,18.213224582488397,"All species, day 56"
0.5023683419424982,17.286746871023283,"All species, day 56"
0.5023795069974484,16.387104542245265,"All species, day 56"
0.5023906720523984,15.511405694967467,"All species, day 56"
0.5024018371073485,14.657553910312082,"All species, day 56"
0.5024130021622987,13.824195704290094,"All species, day 56"
0.5024241672172488,13.010650065477316,"All species, day 56"
0.5024353322721989,12.216823703604948,"All species, day 56"
0.5024464973271491,11.443116060813805,"All species, day 56"
0.5024576623820992,10.690318333372643,"All species, day 56"
0.5024688274370492,9.95951071447497,"All species, day 56"
0.5024799924919994,9.251961813387393,"All species, day 56"
0.5024911575469495,8.569033763397444,"All species, day 56"
0.5025023226018996,7.9120959421190955,"All species, day 56"
0.5025134876568498,7.282449542735346,"All species, day 56"
0.5025246527117999,6.6812645042629875,"All species, day 56"
0.50253581776675,6.109529583035715,"All species, day 56"
0.5025469828217001,5.56801566985246,"All species, day 56"
0.5025581478766502,5.057251862939054,"All species, day 56"
0.5025693129316003,4.577513321225037,"All species, day 56"
0.5025804779865505,4.128819559145892,"All species, day 56"
0.5025916430415006,3.710941607520747,"All species, day 56"
0.5026028080964507,3.3234163486589177,"All species, day 56"
0.5026139731514008,2.9655663249978694,"All species, day 56"
0.5026251382063509,2.63652340058082,"All species, day 56"
0.502636303261301,2.335254802272267,"All species, day 56"
0.5026474683162512,2.060590260232932,"All species, day 56"
0.5026586333712013,1.811249184113014,"All species, day 56"
0.5026697984261514,1.5858670336090317,"All species, day 56"
0.5026809634811016,1.3830202546935997,"All species, day 56"
0.5026921285360516,1.2012493447968768,"All species, day 56"
0.5027032935910017,1.0390797745538305,"All species, day 56"
0.5027144586459519,0.8950406273025389,"All species, day 56"
0.502725623700902,0.7676809201673795,"All species, day 56"
0.5027367887558521,0.6555836449374763,"All species, day 56"
0.5027479538108023,0.5573776168790588,"All species, day 56"
0.5027591188657523,0.4717472501605795,"All species, day 56"
0.5027702839207024,0.39744039472972686,"All species, day 56"
0.5027814489756526,0.3332743760333898,"All species, day 56"
0.5027926140306027,0.2781403798436613,"All species, day 56"
0.4972212516104937,0.11719612250819224,"PGF+E2+FSH+INH, day 88"
0.4972324166654438,0.15651015651571254,"PGF+E2+FSH+INH, day 88"
0.4972435817203939,0.20775732517730647,"PGF+E2+FSH+INH, day 88"
0.49725474677534404,0.2741268173925716,"PGF+E2+FSH+INH, day 88"
0.49726591183029417,0.3595216799532283,"PGF+E2+FSH+INH, day 88"
0.49727707688524425,0.46867764473753276,"PGF+E2+FSH+INH, day 88"
0.4972882419401944,0.6072903484579883,"PGF+E2+FSH+INH, day 88"
0.4972994069951445,0.7821482316273525,"PGF+E2+FSH+INH, day 88"
0.49731057205009466,1.001267291756451,"PGF+E2+FSH+INH, day 88"
0.49732173710504474,1.274022629525632,"PGF+E2+FSH+INH, day 88"
0.49733290215999487,1.6112704058553435,"PGF+E2+FSH+INH, day 88"
0.497344067214945,2.025452480071362,"PGF+E2+FSH+INH, day 88"
0.4973552322698951,2.5306747011063737,"PGF+E2+FSH+INH, day 88"
0.4973663973248452,3.142748669036334,"PGF+E2+FSH+INH, day 88"
0.49737756237979536,3.8791858834829593,"PGF+E2+FSH+INH, day 88"
0.49738872743474544,4.759132670725296,"PGF+E2+FSH+INH, day 88"
0.49739989248969557,5.803234260490019,"PGF+E2+FSH+INH, day 88"
0.4974110575446457,7.033416992254373,"PGF+E2+FSH+INH, day 88"
0.49742222259959584,8.47257898338811,"PGF+E2+FSH+INH, day 88"
0.4974333876545459,10.144181777469592,"PGF+E2+FSH+INH, day 88"
0.49744455270949606,12.07173856620822,"PGF+E2+FSH+INH, day 88"
0.4974557177644462,14.27819854959518,"PGF+E2+FSH+INH, day 88"
0.49746688281939627,16.785231816662986,"PGF+E2+FSH+INH, day 88"
0.4974780478743464,19.612424675829242,"PGF+E2+FSH+INH, day 88"
0.49748921292929654,22.776401451841394,"PGF+E2+FSH+INH, day 88"
0.4975003779842466,26.28989513696896,"PGF+E2+FSH+INH, day 88"
0.49751154303919676,30.160795611143318,"PGF+E2+FSH+INH, day 88"
0.4975227080941469,34.391210050934035,"PGF+E2+FSH+INH, day 88"
0.497533873149097,38.9765752156431,"PGF+E2+FSH+INH, day 88"
0.4975450382040471,43.90486510095125,"PGF+E2+FSH+INH, day 88"
0.49755620325899724,49.15593957568467,"PGF+E2+FSH+INH, day 88"
0.4975673683139474,54.7010797012121,"PGF+E2+FSH+INH, day 88"
0.49757853336889746,60.50275318840752,"PGF+E2+FSH+INH, day 88"
0.4975896984238476,66.5146487021917,"PGF+E2+FSH+INH, day 88"
0.49760086347879773,72.68201043701298,"PGF+E2+FSH+INH, day 88"
0.4976120285337478,78.94229467814914,"PGF+E2+FSH+INH, day 88"
0.49762319358869794,85.22615821095768,"PGF+E2+FSH+INH, day 88"
0.4976343586436481,91.45877488890127,"PGF+E2+FSH+INH, day 88"
0.49764552369859816,97.56146201219258,"PGF+E2+FSH+INH, day 88"
0.4976566887535483,103.45358311052927,"PGF+E2+FSH+INH, day 88"
0.49766785380849843,109.05467906097736,"PGF+E2+FSH+INH, day 88"
0.49767901886344856,114.28676603267162,"PGF+E2+FSH+INH, day 88"
0.49769018391839864,119.0767273388144,"PGF+E2+FSH+INH, day 88"
0.4977013489733488,123.35871763084903,"PGF+E2+FSH+INH, day 88"
0.4977125140282989,127.0764925924309,"PGF+E2+FSH+INH, day 88"
0.497723679083249,130.18557581791993,"PGF+E2+FSH+INH, day 88"
0.49773484413819913,132.65517711280538,"PGF+E2+FSH+INH, day 88"
0.49774600919314926,134.46978302911003,"PGF+E2+FSH+INH, day 88"
0.49775717424809934,135.63035080711362,"PGF+E2+FSH+INH, day 88"
0.4977683393030495,136.15505057279336,"PGF+E2+FSH+INH, day 88"
0.4977795043579996,136.07951698393856,"PGF+E2+FSH+INH, day 88"
0.4977906694129497,135.4565897184758,"PGF+E2+FSH+INH, day 88"
0.49780183446789983,134.35554134958792,"PGF+E2+FSH+INH, day 88"
0.49781299952284996,132.86081030845497,"PGF+E2+FSH+INH, day 88"
0.4978241645778001,131.0702748709288,"PGF+E2+FSH+INH, day 88"
0.4978353296327502,129.09312057287028,"PGF+E2+FSH+INH, day 88"
0.4978464946877003,127.04736743993438,"PGF+E2+FSH+INH, day 88"
0.49785765974265045,125.0571343571859,"PGF+E2+FSH+INH, day 88"
0.49786882479760053,123.24972543544405,"PGF+E2+FSH+INH, day 88"
0.49787998985255066,121.75262718813545,"PGF+E2+FSH+INH, day 88"
0.4978911549075008,120.69050573864851,"PGF+E2+FSH+INH, day 88"
0.4979023199624509,120.18229033319007,"PGF+E2+FSH+INH, day 88"
0.497913485017401,120.33842348446773,"PGF+E2+FSH+INH, day 88"
0.49792465007235115,121.25834957361704,"PGF+E2+FSH+INH, day 88"
0.4979358151273013,123.02830322363509,"PGF+E2+FSH+INH, day 88"
0.49794698018225136,125.71944679566475,"PGF+E2+FSH+INH, day 88"
0.4979581452372015,129.38639352153473,"PGF+E2+FSH+INH, day 88"
0.49796931029215163,134.06613961927428,"PGF+E2+FSH+INH, day 88"
0.4979804753471017,139.77741574605707,"PGF+E2+FSH+INH, day 88"
0.49799164040205185,146.5204557662846,"PGF+E2+FSH+INH, day 88"
0.498002805457002,154.2771694270729,"PGF+E2+FSH+INH, day 88"
0.49801397051195206,163.01169544523069,"PGF+E2+FSH+INH, day 88"
0.4980251355669022,172.67130295063524,"PGF+E2+FSH+INH, day 88"
0.49803630062185233,183.1876023681029,"PGF+E2+FSH+INH, day 88"
0.4980474656768024,194.47802175350603,"PGF+E2+FSH+INH, day 88"
0.49805863073175255,206.4475013583865,"PGF+E2+FSH+INH, day 88"
0.4980697957867027,218.99035775030057,"PGF+E2+FSH+INH, day 88"
0.4980809608416528,231.99226906484682,"PGF+E2+FSH+INH, day 88"
0.4980921258966029,245.33233473851243,"PGF+E2+FSH+INH, day 88"
0.49810329095155303,258.8851661478714,"PGF+E2+FSH+INH, day 88"
0.49811445600650317,272.522968668619,"PGF+E2+FSH+INH, day 88"
0.49812562106145325,286.11758044577806,"PGF+E2+FSH+INH, day 88"
0.4981367861164034,299.54243826954115,"PGF+E2+FSH+INH, day 88"
0.4981479511713535,312.6744460243909,"PGF+E2+FSH+INH, day 88"
0.4981591162263036,325.39572588282334,"PGF+E2+FSH+INH, day 88"
0.49817028128125374,337.5952364537177,"PGF+E2+FSH+INH, day 88"
0.49818144633620387,349.1702452618306,"PGF+E2+FSH+INH, day 88"
0.498192611391154,360.0276451149634,"PGF+E2+FSH+INH, day 88"
0.4982037764461041,370.0851051041363,"PGF+E2+FSH+INH, day 88"
0.4982149415010542,379.2720473069319,"PGF+E2+FSH+INH, day 88"
0.49822610655600436,387.53043994871575,"PGF+E2+FSH+INH, day 88"
0.49823727161095444,394.81539714914743,"PGF+E2+FSH+INH, day 88"
0.49824843666590457,401.0955748172283,"PGF+E2+FSH+INH, day 88"
0.4982596017208547,406.3533521630963,"PGF+E2+FSH+INH, day 88"
0.4982707667758048,410.5847890424164,"PGF+E2+FSH+INH, day 88"
0.4982819318307549,413.79935124049774,"PGF+E2+FSH+INH, day 88"
0.49829309688570506,416.01939903376234,"PGF+E2+FSH+INH, day 88"
0.49830426194065514,417.2794389852981,"PGF+E2+FSH+INH, day 88"
0.49831542699560527,417.62514483134095,"PGF+E2+FSH+INH, day 88"
0.4983265920505554,417.1121602362126,"PGF+E2+FSH+INH, day 88"
0.49833775710550554,415.8047037329851,"PGF+E2+FSH+INH, day 88"
0.4983489221604556,413.77400382230536,"PGF+E2+FSH+INH, day 88"
0.49836008721540576,411.0965994134504,"PGF+E2+FSH+INH, day 88"
0.4983712522703559,407.8525469990682,"PGF+E2+FSH+INH, day 88"
0.49838241732530597,404.12358065257706,"PGF+E2+FSH+INH, day 88"
0.4983935823802561,399.99127372876796,"PGF+E2+FSH+INH, day 88"
0.49840474743520624,395.53525178465964,"PGF+E2+FSH+INH, day 88"
0.4984159124901563,390.8315046442742,"PGF+E2+FSH+INH, day 88"
0.49842707754510646,385.9508418166349,"PGF+E2+FSH+INH, day 88"
0.4984382426000566,380.9575299151802,"PGF+E2+FSH+INH, day 88"
0.49844940765500667,375.90814373199464,"PGF+E2+FSH+INH, day 88"
0.4984605727099568,370.850654699768,"PGF+E2+FSH+INH, day 88"
0.49847173776490694,365.8237721708687,"PGF+E2+FSH+INH, day 88"
0.4984829028198571,360.8565447820836,"PGF+E2+FSH+INH, day 88"
0.49849406787480716,355.9682216128606,"PGF+E2+FSH+INH, day 88"
0.4985052329297573,351.16836622301975,"PGF+E2+FSH+INH, day 88"
0.4985163979847074,346.4572111775137,"PGF+E2+FSH+INH, day 88"
0.4985275630396575,341.826236380644,"PGF+E2+FSH+INH, day 88"
0.49853872809460764,337.25895136682306,"PGF+E2+FSH+INH, day 88"
0.4985498931495578,332.7318594282178,"PGF+E2+FSH+INH, day 88"
0.49856105820450786,328.2155798303762,"PGF+E2+FSH+INH, day 88"
0.498572223259458,323.6761030807735,"PGF+E2+FSH+INH, day 88"
0.4985833883144081,319.07615299840097,"PGF+E2+FSH+INH, day 88"
0.49859455336935826,314.3766279810918,"PGF+E2+FSH+INH, day 88"
0.49860571842430834,309.53809228077506,"PGF+E2+FSH+INH, day 88"
0.4986168834792585,304.5222862892384,"PGF+E2+FSH+INH, day 88"
0.4986280485342086,299.29362294869696,"PGF+E2+FSH+INH, day 88"
0.4986392135891587,293.8206356716923,"PGF+E2+FSH+INH, day 88"
0.4986503786441088,288.07734190202245,"PGF+E2+FSH+INH, day 88"
0.49866154369905896,282.04448601716666,"PGF+E2+FSH+INH, day 88"
0.49867270875400904,275.71062599273756,"PGF+E2+FSH+INH, day 88"
0.4986838738089592,269.0730303893094,"PGF+E2+FSH+INH, day 88"
0.4986950388639093,262.13835594064443,"PGF+E2+FSH+INH, day 88"
0.4987062039188594,254.92308134615735,"PGF+E2+FSH+INH, day 88"
0.4987173689738095,247.45367967970344,"PGF+E2+FSH+INH, day 88"
0.49872853402875966,239.76651985003969,"PGF+E2+FSH+INH, day 88"
0.4987396990837098,231.90749638872168,"PGF+E2+FSH+INH, day 88"
0.4987508641386599,223.93139601136673,"PGF+E2+FSH+INH, day 88"
0.49876202919361,215.9010183532476,"PGF+E2+FSH+INH, day 88"
0.49877319424856015,207.88607648389342,"PGF+E2+FSH+INH, day 88"
0.4987843593035102,199.96190976274673,"PGF+E2+FSH+INH, day 88"
0.49879552435846036,192.2080469186916,"PGF+E2+FSH+INH, day 88"
0.4988066894134105,184.70666065133645,"PGF+E2+FSH+INH, day 88"
0.4988178544683606,177.54095644800495,"PGF+E2+FSH+INH, day 88"
0.4988290195233107,170.7935377354268,"PGF+E2+FSH+INH, day 88"
0.49884018457826085,164.54478713006426,"PGF+E2+FSH+INH, day 88"
0.498851349633211,158.8712997367381,"PGF+E2+FSH+INH, day 88"
0.49886251468816106,153.84439958764804,"PGF+E2+FSH+INH, day 88"
0.4988736797431112,149.52876487193188,"PGF+E2+FSH+INH, day 88"
0.49888484479806133,145.98118205262278,"PGF+E2+FSH+INH, day 88"
0.4988960098530114,143.24944373167105,"PGF+E2+FSH+INH, day 88"
0.49890717490796155,141.37140056482468,"PGF+E2+FSH+INH, day 88"
0.4989183399629117,140.37417389673627,"PGF+E2+FSH+INH, day 88"
0.49892950501786176,140.2735332152072,"PGF+E2+FSH+INH, day 88"
0.4989406700728119,141.0734410170252,"PGF+E2+FSH+INH, day 88"
0.49895183512776203,142.76576711853096,"PGF+E2+FSH+INH, day 88"
0.4989630001827121,145.3301746131848,"PGF+E2+FSH+INH, day 88"
0.49897416523766225,148.7341802781955,"PGF+E2+FSH+INH, day 88"
0.4989853302926124,152.93339291901518,"PGF+E2+FSH+INH, day 88"
0.4989964953475625,157.87193356075844,"PGF+E2+FSH+INH, day 88"
0.4990076604025126,163.48304121633674,"PGF+E2+FSH+INH, day 88"
0.49901882545746273,169.68986690728394,"PGF+E2+FSH+INH, day 88"
0.49902999051241287,176.40645648685003,"PGF+E2+FSH+INH, day 88"
0.49904115556736295,183.53891952247594,"PGF+E2+FSH+INH, day 88"
0.4990523206223131,190.98677704758535,"PGF+E2+FSH+INH, day 88"
0.4990634856772632,198.64447552079486,"PGF+E2+FSH+INH, day 88"
0.4990746507322133,206.40304806990102,"PGF+E2+FSH+INH, day 88"
0.49908581578716343,214.15189737372455,"PGF+E2+FSH+INH, day 88"
0.49909698084211357,221.78066775144256,"PGF+E2+FSH+INH, day 88"
0.4991081458970637,229.18116763554397,"PGF+E2+FSH+INH, day 88"
0.4991193109520138,236.24929806379748,"PGF+E2+FSH+INH, day 88"
0.4991304760069639,242.8869385953138,"PGF+E2+FSH+INH, day 88"
0.49914164106191405,249.00373953852431,"PGF+E2+FSH+INH, day 88"
0.49915280611686413,254.51876891060695,"PGF+E2+FSH+INH, day 88"
0.49916397117181427,259.36196435298643,"PGF+E2+FSH+INH, day 88"
0.4991751362267644,263.47534441461283,"PGF+E2+FSH+INH, day 88"
0.4991863012817145,266.81394014895875,"PGF+E2+FSH+INH, day 88"
0.4991974663366646,269.3464166700185,"PGF+E2+FSH+INH, day 88"
0.49920863139161475,271.05536485574686,"PGF+E2+FSH+INH, day 88"
0.49921979644656483,271.9372553169677,"PGF+E2+FSH+INH, day 88"
0.49923096150151497,272.00205949732407,"PGF+E2+FSH+INH, day 88"
0.4992421265564651,271.272555687881,"PGF+E2+FSH+INH, day 88"
0.49925329161141524,269.7833501343109,"PGF+E2+FSH+INH, day 88"
0.4992644566663653,267.57965459029907,"PGF+E2+FSH+INH, day 88"
0.49927562172131545,264.7158709771988,"PGF+E2+FSH+INH, day 88"
0.4992867867762656,261.2540406842702,"PGF+E2+FSH+INH, day 88"
0.49929795183121567,257.26222005247536,"PGF+E2+FSH+INH, day 88"
0.4993091168861658,252.81284445981947,"PGF+E2+FSH+INH, day 88"
0.49932028194111594,247.98114108562027,"PGF+E2+FSH+INH, day 88"
0.499331446996066,242.8436449924661,"PGF+E2+FSH+INH, day 88"
0.49934261205101615,237.47686494555998,"PGF+E2+FSH+INH, day 88"
0.4993537771059663,231.95613488468706,"PGF+E2+FSH+INH, day 88"
0.4993649421609164,226.3546748211402,"PGF+E2+FSH+INH, day 88"
0.4993761072158665,220.74287190929167,"PGF+E2+FSH+INH, day 88"
0.49938727227081664,215.18777935123344,"PGF+E2+FSH+INH, day 88"
0.4993984373257668,209.75281845289126,"PGF+E2+FSH+INH, day 88"
0.49940960238071685,204.49765831982688,"PGF+E2+FSH+INH, day 88"
0.499420767435667,199.47823901829648,"PGF+E2+FSH+INH, day 88"
0.4994319324906171,194.74689802950735,"PGF+E2+FSH+INH, day 88"
0.4994430975455672,190.3525568046134,"PGF+E2+FSH+INH, day 88"
0.49945426260051734,186.3409242897971,"PGF+E2+FSH+INH, day 88"
0.4994654276554675,182.75467732165882,"PGF+E2+FSH+INH, day 88"
0.49947659271041756,179.63358347911998,"PGF+E2+FSH+INH, day 88"
0.4994877577653677,177.0145398290428,"PGF+E2+FSH+INH, day 88"
0.4994989228203178,174.93151038580967,"PGF+E2+FSH+INH, day 88"
0.49951008787526796,173.41535529887275,"PGF+E2+FSH+INH, day 88"
0.49952125293021804,172.49355502899942,"PGF+E2+FSH+INH, day 88"
0.4995324179851682,172.1898423319262,"PGF+E2+FSH+INH, day 88"
0.4995435830401183,172.52376307090458,"PGF+E2+FSH+INH, day 88"
0.4995547480950684,173.51019317757533,"PGF+E2+FSH+INH, day 88"
0.4995659131500185,175.15884308204662,"PGF+E2+FSH+INH, day 88"
0.49957707820496866,177.47378242578318,"PGF+E2+FSH+INH, day 88"
0.49958824325991874,180.45301683726876,"PGF+E2+FSH+INH, day 88"
0.4995994083148689,184.08814516014317,"PGF+E2+FSH+INH, day 88"
0.499610573369819,188.36412012035728,"PGF+E2+FSH+INH, day 88"
0.49962173842476915,193.25912849081698,"PGF+E2+FSH+INH, day 88"
0.4996329034797192,198.74459894948112,"PGF+E2+FSH+INH, day 88"
0.49964406853466936,204.7853376831257,"PGF+E2+FSH+INH, day 88"
0.4996552335896195,211.3397840223833,"PGF+E2+FSH+INH, day 88"
0.4996663986445696,218.36037162734394,"PGF+E2+FSH+INH, day 88"
0.4996775636995197,225.79397550674727,"PGF+E2+FSH+INH, day 88"
0.49968872875446985,233.5824218561818,"PGF+E2+FSH+INH, day 88"
0.4996998938094199,241.66303659029344,"PGF+E2+FSH+INH, day 88"
0.49971105886437006,249.96920958851533,"PGF+E2+FSH+INH, day 88"
0.4997222239193202,258.43095496228557,"PGF+E2+FSH+INH, day 88"
0.4997333889742703,266.97545279358235,"PGF+E2+FSH+INH, day 88"
0.4997445540292204,275.5275643381286,"PGF+E2+FSH+INH, day 88"
0.49975571908417055,284.01032006092044,"PGF+E2+FSH+INH, day 88"
0.4997668841391207,292.3453874200017,"PGF+E2+FSH+INH, day 88"
0.49977804919407076,300.4535323408649,"PGF+E2+FSH+INH, day 88"
0.4997892142490209,308.2550941612049,"PGF+E2+FSH+INH, day 88"
0.49980037930397103,315.6704978678966,"PGF+E2+FSH+INH, day 88"
0.4998115443589211,322.62082921973325,"PGF+E2+FSH+INH, day 88"
0.49982270941387125,329.02849752747096,"PGF+E2+FSH+INH, day 88"
0.4998338744688214,334.81800732524425,"PGF+E2+FSH+INH, day 88"
0.49984503952377146,339.91685399710315,"PGF+E2+FSH+INH, day 88"
0.4998562045787216,344.2565499092443,"PGF+E2+FSH+INH, day 88"
0.49986736963367173,347.77377723336565,"PGF+E2+FSH+INH, day 88"
0.49987853468862187,350.4116520808144,"PGF+E2+FSH+INH, day 88"
0.49988969974357195,352.1210725727798,"PGF+E2+FSH+INH, day 88"
0.4999008647985221,352.86211189338303,"PGF+E2+FSH+INH, day 88"
0.4999120298534722,352.6054070585749,"PGF+E2+FSH+INH, day 88"
0.4999231949084223,351.3334858844845,"PGF+E2+FSH+INH, day 88"
0.49993435996337243,349.0419691418594,"PGF+E2+FSH+INH, day 88"
0.49994552501832257,345.74058266952716,"PGF+E2+FSH+INH, day 88"
0.49995669007327265,341.4539156191122,"PGF+E2+FSH+INH, day 88"
0.4999678551282228,336.22186612607646,"PGF+E2+FSH+INH, day 88"
0.4999790201831729,330.0997244267553,"PGF+E2+FSH+INH, day 88"
0.499990185238123,323.1578554226665,"PGF+E2+FSH+INH, day 88"
0.5000013502930731,315.4809573908255,"PGF+E2+FSH+INH, day 88"
0.5000125153480233,307.1668902441244,"PGF+E2+FSH+INH, day 88"
0.5000236804029734,298.3250846329347,"PGF+E2+FSH+INH, day 88"
0.5000348454579235,289.0745613600731,"PGF+E2+FSH+INH, day 88"
0.5000460105128736,279.5416081464038,"PGF+E2+FSH+INH, day 88"
0.5000571755678237,269.85717686686394,"PGF+E2+FSH+INH, day 88"
0.5000683406227738,260.1540781917053,"PGF+E2+FSH+INH, day 88"
0.500079505677724,250.56406143961732,"PGF+E2+FSH+INH, day 88"
0.5000906707326741,241.21487486795684,"PGF+E2+FSH+INH, day 88"
0.5001018357876242,232.22740521992907,"PGF+E2+FSH+INH, day 88"
0.5001130008425744,223.71299493847872,"PGF+E2+FSH+INH, day 88"
0.5001241658975244,215.7710310190812,"PGF+E2+FSH+INH, day 88"
0.5001353309524745,208.48689114933845,"PGF+E2+FSH+INH, day 88"
0.5001464960074247,201.93032086350777,"PGF+E2+FSH+INH, day 88"
0.5001576610623748,196.15430033789818,"PGF+E2+FSH+INH, day 88"
0.5001688261173249,191.19444171275597,"PGF+E2+FSH+INH, day 88"
0.5001799911722751,187.06893806923983,"PGF+E2+FSH+INH, day 88"
0.5001911562272251,183.77906413514918,"PGF+E2+FSH+INH, day 88"
0.5002023212821752,181.31020721280092,"PGF+E2+FSH+INH, day 88"
0.5002134863371254,179.63338554125053,"PGF+E2+FSH+INH, day 88"
0.5002246513920755,178.70719117014033,"PGF+E2+FSH+INH, day 88"
0.5002358164470256,178.48007629343783,"PGF+E2+FSH+INH, day 88"
0.5002469815019758,178.89288669841653,"PGF+E2+FSH+INH, day 88"
0.5002581465569259,179.88153431344614,"PGF+E2+FSH+INH, day 88"
0.5002693116118759,181.3796934799851,"PGF+E2+FSH+INH, day 88"
0.5002804766668261,183.32140309518678,"PGF+E2+FSH+INH, day 88"
0.5002916417217762,185.64345956620326,"PGF+E2+FSH+INH, day 88"
0.5003028067767263,188.28749377039773,"PGF+E2+FSH+INH, day 88"
0.5003139718316765,191.2016388615721,"PGF+E2+FSH+INH, day 88"
0.5003251368866266,194.34171446353753,"PGF+E2+FSH+INH, day 88"
0.5003363019415767,197.6718759184171,"PGF+E2+FSH+INH, day 88"
0.5003474669965268,201.16470389046106,"PGF+E2+FSH+INH, day 88"
0.5003586320514769,204.80073858108653,"PGF+E2+FSH+INH, day 88"
0.500369797106427,208.5674926739931,"PGF+E2+FSH+INH, day 88"
0.5003809621613772,212.45800632711612,"PGF+E2+FSH+INH, day 88"
0.5003921272163273,216.46903439730426,"PGF+E2+FSH+INH, day 88"
0.5004032922712774,220.59897898176132,"PGF+E2+FSH+INH, day 88"
0.5004144573262275,224.84569775647006,"PGF+E2+FSH+INH, day 88"
0.5004256223811776,229.20432918508692,"PGF+E2+FSH+INH, day 88"
0.5004367874361277,233.66527848599307,"PGF+E2+FSH+INH, day 88"
0.5004479524910779,238.21250272534243,"PGF+E2+FSH+INH, day 88"
0.500459117546028,242.8222194688269,"PGF+E2+FSH+INH, day 88"
0.5004702826009781,247.4621415239766,"PGF+E2+FSH+INH, day 88"
0.5004814476559283,252.09131140291035,"PGF+E2+FSH+INH, day 88"
0.5004926127108783,256.66057469425334,"PGF+E2+FSH+INH, day 88"
0.5005037777658284,261.1136934350884,"PGF+E2+FSH+INH, day 88"
0.5005149428207786,265.38906102070143,"PGF+E2+FSH+INH, day 88"
0.5005261078757287,269.4219415773302,"PGF+E2+FSH+INH, day 88"
0.5005372729306788,273.1471214763127,"PGF+E2+FSH+INH, day 88"
0.500548437985629,276.501831102187,"PGF+E2+FSH+INH, day 88"
0.500559603040579,279.4287731279968,"PGF+E2+FSH+INH, day 88"
0.5005707680955291,281.8790810047516,"PGF+E2+FSH+INH, day 88"
0.5005819331504793,283.81502919599876,"PGF+E2+FSH+INH, day 88"
0.5005930982054294,285.2123253118496,"PGF+E2+FSH+INH, day 88"
0.5006042632603795,286.0618334648834,"PGF+E2+FSH+INH, day 88"
0.5006154283153297,286.3706069587655,"PGF+E2+FSH+INH, day 88"
0.5006265933702798,286.16214526771,"PGF+E2+FSH+INH, day 88"
0.5006377584252298,285.4758330737338,"PGF+E2+FSH+INH, day 88"
0.50064892348018,284.36556538821276,"PGF+E2+FSH+INH, day 88"
0.5006600885351301,282.89760973153153,"PGF+E2+FSH+INH, day 88"
0.5006712535900802,281.1478011375378,"PGF+E2+FSH+INH, day 88"
0.5006824186450304,279.19820565303115,"PGF+E2+FSH+INH, day 88"
0.5006935836999805,277.13342055995383,"PGF+E2+FSH+INH, day 88"
0.5007047487549305,275.0367027421021,"PGF+E2+FSH+INH, day 88"
0.5007159138098807,272.98612899668416,"PGF+E2+FSH+INH, day 88"
0.5007270788648308,271.0509928590846,"PGF+E2+FSH+INH, day 88"
0.500738243919781,269.28863157309473,"PGF+E2+FSH+INH, day 88"
0.5007494089747311,267.7418548153006,"PGF+E2+FSH+INH, day 88"
0.5007605740296812,266.43711494463554,"PGF+E2+FSH+INH, day 88"
0.5007717390846314,265.38351875271667,"PGF+E2+FSH+INH, day 88"
0.5007829041395814,264.57273524976296,"PGF+E2+FSH+INH, day 88"
0.5007940691945315,263.97980556123923,"PGF+E2+FSH+INH, day 88"
0.5008052342494816,263.5648123091507,"PGF+E2+FSH+INH, day 88"
0.5008163993044318,263.2753196684409,"PGF+E2+FSH+INH, day 88"
0.5008275643593819,263.04945420338464,"PGF+E2+FSH+INH, day 88"
0.500838729414332,262.81946285015846,"PGF+E2+FSH+INH, day 88"
0.5008498944692822,262.5155598162878,"PGF+E2+FSH+INH, day 88"
0.5008610595242322,262.06985996163996,"PGF+E2+FSH+INH, day 88"
0.5008722245791823,261.4201930468137,"PGF+E2+FSH+INH, day 88"
0.5008833896341325,260.51360109054275,"PGF+E2+FSH+INH, day 88"
0.5008945546890826,259.3093393593228,"PGF+E2+FSH+INH, day 88"
0.5009057197440328,257.7812290480668,"PGF+E2+FSH+INH, day 88"
0.5009168847989829,255.91924484448282,"PGF+E2+FSH+INH, day 88"
0.5009280498539329,253.730261272002,"PGF+E2+FSH+INH, day 88"
0.500939214908883,251.23792569442537,"PGF+E2+FSH+INH, day 88"
0.5009503799638332,248.4816707428353,"PGF+E2+FSH+INH, day 88"
0.5009615450187833,245.51492231093752,"PGF+E2+FSH+INH, day 88"
0.5009727100737335,242.4025989314177,"PGF+E2+FSH+INH, day 88"
0.5009838751286836,239.21803232466803,"PGF+E2+FSH+INH, day 88"
0.5009950401836337,236.03946559919078,"PGF+E2+FSH+INH, day 88"
0.5010062052385837,232.94630380763135,"PGF+E2+FSH+INH, day 88"
0.5010173702935339,230.01530063048287,"PGF+E2+FSH+INH, day 88"
0.501028535348484,227.3168646753864,"PGF+E2+FSH+INH, day 88"
0.5010397004034342,224.91165953107216,"PGF+E2+FSH+INH, day 88"
0.5010508654583843,222.8476540474685,"PGF+E2+FSH+INH, day 88"
0.5010620305133344,221.1577544612416,"PGF+E2+FSH+INH, day 88"
0.5010731955682844,219.85811941095594,"PGF+E2+FSH+INH, day 88"
0.5010843606232346,218.94722428106115,"PGF+E2+FSH+INH, day 88"
0.5010955256781847,218.4057045142207,"PGF+E2+FSH+INH, day 88"
0.5011066907331349,218.19697041404072,"PGF+E2+FSH+INH, day 88"
0.501117855788085,218.26855035364565,"PGF+E2+FSH+INH, day 88"
0.5011290208430351,218.5540868961229,"PGF+E2+FSH+INH, day 88"
0.5011401858979853,218.97588259314568,"PGF+E2+FSH+INH, day 88"
0.5011513509529353,219.44787034806762,"PGF+E2+FSH+INH, day 88"
0.5011625160078854,219.87886807060548,"PGF+E2+FSH+INH, day 88"
0.5011736810628356,220.17596941187392,"PGF+E2+FSH+INH, day 88"
0.5011848461177857,220.24792177732147,"PGF+E2+FSH+INH, day 88"
0.5011960111727358,220.00834932738593,"PGF+E2+FSH+INH, day 88"
0.501207176227686,219.37869170237144,"PGF+E2+FSH+INH, day 88"
0.501218341282636,218.29074785205862,"PGF+E2+FSH+INH, day 88"
0.5012295063375861,216.68873746131993,"PGF+E2+FSH+INH, day 88"
0.5012406713925363,214.53081870254923,"PGF+E2+FSH+INH, day 88"
0.5012518364474864,211.79002896044832,"PGF+E2+FSH+INH, day 88"
0.5012630015024365,208.45464327886887,"PGF+E2+FSH+INH, day 88"
0.5012741665573867,204.5279721293582,"PGF+E2+FSH+INH, day 88"
0.5012853316123368,200.02764437673287,"PGF+E2+FSH+INH, day 88"
0.5012964966672868,194.98444188703047,"PGF+E2+FSH+INH, day 88"
0.501307661722237,189.44076820269123,"PGF+E2+FSH+INH, day 88"
0.5013188267771871,183.44884450434606,"PGF+E2+FSH+INH, day 88"
0.5013299918321372,177.06873140011416,"PGF+E2+FSH+INH, day 88"
0.5013411568870874,170.36627497186976,"PGF+E2+FSH+INH, day 88"
0.5013523219420375,163.41107029481475,"PGF+E2+FSH+INH, day 88"
0.5013634869969876,156.27452594525775,"PGF+E2+FSH+INH, day 88"
0.5013746520519377,149.02809965355817,"PGF+E2+FSH+INH, day 88"
0.5013858171068878,141.7417592425756,"PGF+E2+FSH+INH, day 88"
0.5013969821618379,134.48270541353472,"PGF+E2+FSH+INH, day 88"
0.5014081472167881,127.3143749150264,"PGF+E2+FSH+INH, day 88"
0.5014193122717382,120.29572524161387,"PGF+E2+FSH+INH, day 88"
0.5014304773266883,113.48078621544383,"PGF+E2+FSH+INH, day 88"
0.5014416423816384,106.91845042081266,"PGF+E2+FSH+INH, day 88"
0.5014528074365885,100.65246409140953,"PGF+E2+FSH+INH, day 88"
0.5014639724915386,94.72157307714085,"PGF+E2+FSH+INH, day 88"
0.5014751375464888,89.15977508382849,"PGF+E2+FSH+INH, day 88"
0.5014863026014389,83.99662941314665,"PGF+E2+FSH+INH, day 88"
0.501497467656389,79.2575786381177,"PGF+E2+FSH+INH, day 88"
0.5015086327113392,74.96424257808758,"PGF+E2+FSH+INH, day 88"
0.5015197977662892,71.13465299355276,"PGF+E2+FSH+INH, day 88"
0.5015309628212393,67.78340692975526,"PGF+E2+FSH+INH, day 88"
0.5015421278761895,64.92172688652977,"PGF+E2+FSH+INH, day 88"
0.5015532929311396,62.55742627283214,"PGF+E2+FSH+INH, day 88"
0.5015644579860897,60.69478826863351,"PGF+E2+FSH+INH, day 88"
0.5015756230410399,59.3343746915436,"PGF+E2+FSH+INH, day 88"
0.5015867880959899,58.472788298300046,"PGF+E2+FSH+INH, day 88"
0.50159795315094,58.10241681534831,"PGF+E2+FSH+INH, day 88"
0.5016091182058902,58.21118970211959,"PGF+E2+FSH+INH, day 88"
0.5016202832608403,58.78237915648911,"PGF+E2+FSH+INH, day 88"
0.5016314483157904,59.794475257516574,"PGF+E2+FSH+INH, day 88"
0.5016426133707406,61.221161602737425,"PGF+E2+FSH+INH, day 88"
0.5016537784256907,63.03141263055673,"PGF+E2+FSH+INH, day 88"
0.5016649434806407,65.1897273885648,"PGF+E2+FSH+INH, day 88"
0.5016761085355909,67.65650722960129,"PGF+E2+FSH+INH, day 88"
0.501687273590541,70.3885772230317,"PGF+E2+FSH+INH, day 88"
0.5016984386454911,73.33984339200579,"PGF+E2+FSH+INH, day 88"
0.5017096037004413,76.46207063047108,"PGF+E2+FSH+INH, day 88"
0.5017207687553914,79.7057596781002,"PGF+E2+FSH+INH, day 88"
0.5017319338103414,83.02109613281489,"PGF+E2+FSH+INH, day 88"
0.5017430988652916,86.35894038581388,"PGF+E2+FSH+INH, day 88"
0.5017542639202417,89.67182471902046,"PGF+E2+FSH+INH, day 88"
0.5017654289751918,92.91492268118175,"PGF+E2+FSH+INH, day 88"
0.501776594030142,96.04695624597929,"PGF+E2+FSH+INH, day 88"
0.5017877590850921,99.03100808417905,"PGF+E2+FSH+INH, day 88"
0.5017989241400422,101.83520941968192,"PGF+E2+FSH+INH, day 88"
0.5018100891949923,104.43327821463977,"PGF+E2+FSH+INH, day 88"
0.5018212542499424,106.80488763912709,"PGF+E2+FSH+INH, day 88"
0.5018324193048925,108.93585070639618,"PGF+E2+FSH+INH, day 88"
0.5018435843598427,110.81811337361803,"PGF+E2+FSH+INH, day 88"
0.5018547494147928,112.44955509658527,"PGF+E2+FSH+INH, day 88"
0.5018659144697429,113.83360257733142,"PGF+E2+FSH+INH, day 88"
0.501877079524693,114.97866905446067,"PGF+E2+FSH+INH, day 88"
0.5018882445796431,115.89743777056724,"PGF+E2+FSH+INH, day 88"
0.5018994096345932,116.60601403035446,"PGF+E2+FSH+INH, day 88"
0.5019105746895434,117.1229753659515,"PGF+E2+FSH+INH, day 88"
0.5019217397444935,117.46835358303632,"PGF+E2+FSH+INH, day 88"
0.5019329047994436,117.6625857096255,"PGF+E2+FSH+INH, day 88"
0.5019440698543938,117.72547294918715,"PGF+E2+FSH+INH, day 88"
0.5019552349093438,117.67518750471211,"PGF+E2+FSH+INH, day 88"
0.5019663999642939,117.52736646533431,"PGF+E2+FSH+INH, day 88"
0.5019775650192441,117.29432974131592,"PGF+E2+FSH+INH, day 88"
0.5019887300741942,116.98445525530198,"PGF+E2+FSH+INH, day 88"
0.5019998951291443,116.60173927074527,"PGF+E2+FSH+INH, day 88"
0.5020110601840945,116.14556296301892,"PGF+E2+FSH+INH, day 88"
0.5020222252390446,115.61067830277352,"PGF+E2+FSH+INH, day 88"
0.5020333902939946,114.98741730286594,"PGF+E2+FSH+INH, day 88"
0.5020445553489448,114.26211904422843,"PGF+E2+FSH+INH, day 88"
0.5020557204038949,113.41775908103611,"PGF+E2+FSH+INH, day 88"
0.502066885458845,112.43475632235432,"PGF+E2+FSH+INH, day 88"
0.5020780505137952,111.2919238130497,"PGF+E2+FSH+INH, day 88"
0.5020892155687453,109.96752249744934,"PGF+E2+FSH+INH, day 88"
0.5021003806236953,108.44037150713142,"PGF+E2+FSH+INH, day 88"
0.5021115456786455,106.69096514860357,"PGF+E2+FSH+INH, day 88"
0.5021227107335956,104.70254584346813,"PGF+E2+FSH+INH, day 88"
0.5021338757885457,102.46208391707248,"PGF+E2+FSH+INH, day 88"
0.5021450408434959,99.96111931320769,"PGF+E2+FSH+INH, day 88"
0.502156205898446,97.19642683987583,"PGF+E2+FSH+INH, day 88"
0.5021673709533961,94.17047508351678,"PGF+E2+FSH+INH, day 88"
0.5021785360083462,90.89165919216568,"PGF+E2+FSH+INH, day 88"
0.5021897010632963,87.3742987474082,"PGF+E2+FSH+INH, day 88"
0.5022008661182464,83.63840328649574,"PGF+E2+FSH+INH, day 88"
0.5022120311731966,79.7092190444354,"PGF+E2+FSH+INH, day 88"
0.5022231962281467,75.61658054150756,"PGF+E2+FSH+INH, day 88"
0.5022343612830968,71.39409918798677,"PGF+E2+FSH+INH, day 88"
0.5022455263380469,67.07822767343183,"PGF+E2+FSH+INH, day 88"
0.502256691392997,62.70724324318933,"PGF+E2+FSH+INH, day 88"
0.5022678564479471,58.3201948863923,"PGF+E2+FSH+INH, day 88"
0.5022790215028973,53.95585896651226,"PGF+E2+FSH+INH, day 88"
0.5022901865578474,49.65174507566475,"PGF+E2+FSH+INH, day 88"
0.5023013516127975,45.44318916699096,"PGF+E2+FSH+INH, day 88"
0.5023125166677477,41.36256470958876,"PGF+E2+FSH+INH, day 88"
0.5023236817226977,37.43863517886697,"PGF+E2+FSH+INH, day 88"
0.5023348467776478,33.696063140730644,"PGF+E2+FSH+INH, day 88"
0.502346011832598,30.155083010776035,"PGF+E2+FSH+INH, day 88"
0.5023571768875481,26.831336731623697,"PGF+E2+FSH+INH, day 88"
0.5023683419424982,23.735864521062272,"PGF+E2+FSH+INH, day 88"
0.5023795069974484,20.875236816422312,"PGF+E2+FSH+INH, day 88"
0.5023906720523984,18.251808804253887,"PGF+E2+FSH+INH, day 88"
0.5024018371073485,15.86407560046279,"PGF+E2+FSH+INH, day 88"
0.5024130021622987,13.707104260592873,"PGF+E2+FSH+INH, day 88"
0.5024241672172488,11.77301828651935,"PGF+E2+FSH+INH, day 88"
0.5024353322721989,10.05151101923071,"PGF+E2+FSH+INH, day 88"
0.5024464973271491,8.530366069764048,"PGF+E2+FSH+INH, day 88"
0.5024576623820992,7.195965513089536,"PGF+E2+FSH+INH, day 88"
0.5024688274370492,6.033769704520113,"PGF+E2+FSH+INH, day 88"
0.5024799924919994,5.028756029530262,"PGF+E2+FSH+INH, day 88"
0.5024911575469495,4.16580743762855,"PGF+E2+FSH+INH, day 88"
0.5025023226018996,3.4300450389737827,"PGF+E2+FSH+INH, day 88"
0.5025134876568498,2.807102198384885,"PGF+E2+FSH+INH, day 88"
0.5025246527117999,2.2833403237114216,"PGF+E2+FSH+INH, day 88"
0.50253581776675,1.8460088375655155,"PGF+E2+FSH+INH, day 88"
0.5025469828217001,1.4833536052762886,"PGF+E2+FSH+INH, day 88"
0.5025581478766502,1.1846793657728552,"PGF+E2+FSH+INH, day 88"
0.5025693129316003,0.940372503426712,"PGF+E2+FSH+INH, day 88"
0.5025804779865505,0.7418908570047166,"PGF+E2+FSH+INH, day 88"
0.5025916430415006,0.58172725182038,"PGF+E2+FSH+INH, day 88"
0.5026028080964507,0.45335313513341813,"PGF+E2+FSH+INH, day 88"
0.5026139731514008,0.3511481678294271,"PGF+E2+FSH+INH, day 88"
0.5026251382063509,0.2703209490009135,"PGF+E2+FSH+INH, day 88"
0.502636303261301,0.20682528931857036,"PGF+E2+FSH+INH, day 88"
0.5026474683162512,0.15727565971563195,"PGF+E2+FSH+INH, day 88"
0.5026586333712013,0.11886466918359305,"PGF+E2+FSH+INH, day 88"
0.5026697984261514,0.0892847034453428,"PGF+E2+FSH+INH, day 88"
0.5026809634811016,0.06665520864427575,"PGF+E2+FSH+INH, day 88"
0.5026921285360516,0.04945654502809419,"PGF+E2+FSH+INH, day 88"
0.5027032935910017,0.03647087090022635,"PGF+E2+FSH+INH, day 88"
0.5027144586459519,0.02673014631503686,"PGF+E2+FSH+INH, day 88"
0.502725623700902,0.019471063643698744,"PGF+E2+FSH+INH, day 88"
0.5027367887558521,0.014096509451939541,"PGF+E2+FSH+INH, day 88"
0.5027479538108023,0.01014302829440865,"PGF+E2+FSH+INH, day 88"
0.5027591188657523,0.007253682419780312,"PGF+E2+FSH+INH, day 88"
0.5027702839207024,0.005155670407652613,"PGF+E2+FSH+INH, day 88"
0.5027814489756526,0.0036420715556261746,"PGF+E2+FSH+INH, day 88"
0.5027926140306027,0.0025571116785331415,"PGF+E2+FSH+INH, day 88"
0.4972212516104937,0.11753799020126468,"PGF+E2+FSH, day 88"
0.4972324166654438,0.15671751491570118,"PGF+E2+FSH, day 88"
0.4972435817203939,0.20772705895011667,"PGF+E2+FSH, day 88"
0.49725474677534404,0.2737151592837442,"PGF+E2+FSH, day 88"
0.49726591183029417,0.3585330438868682,"PGF+E2+FSH, day 88"
0.49727707688524425,0.46685146061922256,"PGF+E2+FSH, day 88"
0.4972882419401944,0.6042858116883947,"PGF+E2+FSH, day 88"
0.4972994069951445,0.7775269582360651,"PGF+E2+FSH, day 88"
0.49731057205009466,0.9944739727927848,"PGF+E2+FSH, day 88"
0.49732173710504474,1.2643639069005916,"PGF+E2+FSH, day 88"
0.49733290215999487,1.5978923457225342,"PGF+E2+FSH, day 88"
0.497344067214945,2.0073171966822585,"PGF+E2+FSH, day 88"
0.4973552322698951,2.506536879263242,"PGF+E2+FSH, day 88"
0.4973663973248452,3.1111329397038316,"PGF+E2+FSH, day 88"
0.49737756237979536,3.838366215129764,"PGF+E2+FSH, day 88"
0.49738872743474544,4.7071151363610095,"PGF+E2+FSH, day 88"
0.49739989248969557,5.737744712757878,"PGF+E2+FSH, day 88"
0.4974110575446457,6.951895310311359,"PGF+E2+FSH, day 88"
0.49742222259959584,8.37218162882542,"PGF+E2+FSH, day 88"
0.4974333876545459,10.021794395666507,"PGF+E2+FSH, day 88"
0.49744455270949606,11.924000279337287,"PGF+E2+FSH, day 88"
0.4974557177644462,14.101539396147682,"PGF+E2+FSH, day 88"
0.49746688281939627,16.57592449256884,"PGF+E2+FSH, day 88"
0.4974780478743464,19.36665132277816,"PGF+E2+FSH, day 88"
0.49748921292929654,22.49033572534216,"PGF+E2+FSH, day 88"
0.4975003779842466,25.959799184233518,"PGF+E2+FSH, day 88"
0.49751154303919676,29.783130919846464,"PGF+E2+FSH, day 88"
0.4975227080941469,33.96276042534319,"PGF+E2+FSH, day 88"
0.497533873149097,38.49457943491064,"PGF+E2+FSH, day 88"
0.4975450382040471,43.36715615946509,"PGF+E2+FSH, day 88"
0.49755620325899724,48.56108684428098,"PGF+E2+FSH, day 88"
0.4975673683139474,54.048529927746195,"PGF+E2+FSH, day 88"
0.49757853336889746,59.79296601995366,"PGF+E2+FSH, day 88"
0.4975896984238476,65.74922239484295,"PGF+E2+FSH, day 88"
0.49760086347879773,71.86379364744472,"PGF+E2+FSH, day 88"
0.4976120285337478,78.07548071373418,"PGF+E2+FSH, day 88"
0.49762319358869794,84.31635884495212,"PGF+E2+FSH, day 88"
0.4976343586436481,90.51307179783657,"PGF+E2+FSH, day 88"
0.49764552369859816,96.58843501873707,"PGF+E2+FSH, day 88"
0.4976566887535483,102.46331565340556,"PGF+E2+FSH, day 88"
0.49766785380849843,108.05874258555515,"PGF+E2+FSH, day 88"
0.49767901886344856,113.29818621220838,"PGF+E2+FSH, day 88"
0.49769018391839864,118.10993610235204,"PGF+E2+FSH, day 88"
0.4977013489733488,122.42949579613169,"PGF+E2+FSH, day 88"
0.4977125140282989,126.20190839604783,"PGF+E2+FSH, day 88"
0.497723679083249,129.38392473102022,"PGF+E2+FSH, day 88"
0.49773484413819913,131.9459279823994,"PGF+E2+FSH, day 88"
0.49774600919314926,133.87353477338,"PGF+E2+FSH, day 88"
0.49775717424809934,135.16880263153755,"PGF+E2+FSH, day 88"
0.4977683393030495,135.85098700948174,"PGF+E2+FSH, day 88"
0.4977795043579996,135.9568070702606,"PGF+E2+FSH, day 88"
0.4977906694129497,135.54019743460645,"PGF+E2+FSH, day 88"
0.49780183446789983,134.67154216543625,"PGF+E2+FSH, day 88"
0.49781299952284996,133.43640650408415,"PGF+E2+FSH, day 88"
0.4978241645778001,131.93380035576132,"PGF+E2+FSH, day 88"
0.4978353296327502,130.27402440058034,"PGF+E2+FSH, day 88"
0.4978464946877003,128.5761642484493,"PGF+E2+FSH, day 88"
0.49785765974265045,126.96530968321069,"PGF+E2+FSH, day 88"
0.49786882479760053,125.56958435329214,"PGF+E2+FSH, day 88"
0.49787998985255066,124.51707605357,"PGF+E2+FSH, day 88"
0.4978911549075008,123.93275898142582,"PGF+E2+FSH, day 88"
0.4979023199624509,123.93549718603933,"PGF+E2+FSH, day 88"
0.497913485017401,124.63521315725913,"PGF+E2+FSH, day 88"
0.49792465007235115,126.13029752530592,"PGF+E2+FSH, day 88"
0.4979358151273013,128.5053256532809,"PGF+E2+FSH, day 88"
0.49794698018225136,131.829135034484,"PGF+E2+FSH, day 88"
0.4979581452372015,136.15330440546273,"PGF+E2+FSH, day 88"
0.49796931029215163,141.5110618920716,"PGF+E2+FSH, day 88"
0.4979804753471017,147.91663583032894,"PGF+E2+FSH, day 88"
0.49799164040205185,155.36504861059052,"PGF+E2+FSH, day 88"
0.498002805457002,163.83234139741072,"PGF+E2+FSH, day 88"
0.49801397051195206,173.27620623763613,"PGF+E2+FSH, day 88"
0.4980251355669022,183.63699218186716,"PGF+E2+FSH, day 88"
0.49803630062185233,194.83904385041922,"PGF+E2+FSH, day 88"
0.4980474656768024,206.7923245517594,"PGF+E2+FSH, day 88"
0.49805863073175255,219.39427171439797,"PGF+E2+FSH, day 88"
0.4980697957867027,232.53183006422168,"PGF+E2+FSH, day 88"
0.4980809608416528,246.08360763132075,"PGF+E2+FSH, day 88"
0.4980921258966029,259.9221011792187,"PGF+E2+FSH, day 88"
0.49810329095155303,273.9159408230049,"PGF+E2+FSH, day 88"
0.49811445600650317,287.9321081567794,"PGF+E2+FSH, day 88"
0.49812562106145325,301.8380878083825,"PGF+E2+FSH, day 88"
0.4981367861164034,315.5039185774723,"PGF+E2+FSH, day 88"
0.4981479511713535,328.80411677670384,"PGF+E2+FSH, day 88"
0.4981591162263036,341.61945066712275,"PGF+E2+FSH, day 88"
0.49817028128125374,353.83855056959897,"PGF+E2+FSH, day 88"
0.49818144633620387,365.35934403591295,"PGF+E2+FSH, day 88"
0.498192611391154,376.090309158334,"PGF+E2+FSH, day 88"
0.4982037764461041,385.95154158194083,"PGF+E2+FSH, day 88"
0.4982149415010542,394.8756320999473,"PGF+E2+FSH, day 88"
0.49822610655600436,402.8083520139766,"PGF+E2+FSH, day 88"
0.49823727161095444,409.7091430116328,"PGF+E2+FSH, day 88"
0.49824843666590457,415.55140750980047,"PGF+E2+FSH, day 88"
0.4982596017208547,420.32259465122087,"PGF+E2+FSH, day 88"
0.4982707667758048,424.0240768378938,"PGF+E2+FSH, day 88"
0.4982819318307549,426.67081220689624,"PGF+E2+FSH, day 88"
0.49829309688570506,428.29079008850397,"PGF+E2+FSH, day 88"
0.49830426194065514,428.924259390693,"PGF+E2+FSH, day 88"
0.49831542699560527,428.62274403890837,"PGF+E2+FSH, day 88"
0.4983265920505554,427.4478549250433,"PGF+E2+FSH, day 88"
0.49833775710550554,425.46991399674283,"PGF+E2+FSH, day 88"
0.4983489221604556,422.766412743425,"PGF+E2+FSH, day 88"
0.49836008721540576,419.4203339267436,"PGF+E2+FSH, day 88"
0.4983712522703559,415.51837145057294,"PGF+E2+FSH, day 88"
0.49838241732530597,411.1490882822524,"PGF+E2+FSH, day 88"
0.4983935823802561,406.40105591383417,"PGF+E2+FSH, day 88"
0.49840474743520624,401.36102069514686,"PGF+E2+FSH, day 88"
0.4984159124901563,396.11214233102555,"PGF+E2+FSH, day 88"
0.49842707754510646,390.73234792499153,"PGF+E2+FSH, day 88"
0.4984382426000566,385.29284133033315,"PGF+E2+FSH, day 88"
0.49844940765500667,379.8568025262444,"PGF+E2+FSH, day 88"
0.4984605727099568,374.4783056547049,"PGF+E2+FSH, day 88"
0.49847173776490694,369.20147765759094,"PGF+E2+FSH, day 88"
0.4984829028198571,364.059912565923,"PGF+E2+FSH, day 88"
0.49849406787480716,359.0763497895828,"PGF+E2+FSH, day 88"
0.4985052329297573,354.26261851886534,"PGF+E2+FSH, day 88"
0.4985163979847074,349.6198447566708,"PGF+E2+FSH, day 88"
0.4985275630396575,345.13891260470973,"PGF+E2+FSH, day 88"
0.49853872809460764,340.8011671777871,"PGF+E2+FSH, day 88"
0.4985498931495578,336.579342774533,"PGF+E2+FSH, day 88"
0.49856105820450786,332.43869650079773,"PGF+E2+FSH, day 88"
0.498572223259458,328.33832422689795,"PGF+E2+FSH, day 88"
0.4985833883144081,324.2326323965044,"PGF+E2+FSH, day 88"
0.49859455336935826,320.0729357022682,"PGF+E2+FSH, day 88"
0.49860571842430834,315.80914701070293,"PGF+E2+FSH, day 88"
0.4986168834792585,311.3915222727917,"PGF+E2+FSH, day 88"
0.4986280485342086,306.7724197258719,"PGF+E2+FSH, day 88"
0.4986392135891587,301.90802978699367,"PGF+E2+FSH, day 88"
0.4986503786441088,296.76003002659604,"PGF+E2+FSH, day 88"
0.49866154369905896,291.29711886656634,"PGF+E2+FSH, day 88"
0.49867270875400904,285.4963825036602,"PGF+E2+FSH, day 88"
0.4986838738089592,279.344452268573,"PGF+E2+FSH, day 88"
0.4986950388639093,272.8384143149615,"PGF+E2+FSH, day 88"
0.4987062039188594,265.986440161946,"PGF+E2+FSH, day 88"
0.4987173689738095,258.808114998831,"PGF+E2+FSH, day 88"
0.49872853402875966,251.33445045012184,"PGF+E2+FSH, day 88"
0.4987396990837098,243.6075792087713,"PGF+E2+FSH, day 88"
0.4987508641386599,235.68013999925986,"PGF+E2+FSH, day 88"
0.49876202919361,227.61437209776284,"PGF+E2+FSH, day 88"
0.49877319424856015,219.48094849662164,"PGF+E2+FSH, day 88"
0.4987843593035102,211.35758518792863,"PGF+E2+FSH, day 88"
0.49879552435846036,203.3274705066655,"PGF+E2+FSH, day 88"
0.4988066894134105,195.47756270437685,"PGF+E2+FSH, day 88"
0.4988178544683606,187.89680577918497,"PGF+E2+FSH, day 88"
0.4988290195233107,180.67431310587747,"PGF+E2+FSH, day 88"
0.49884018457826085,173.89756579067364,"PGF+E2+FSH, day 88"
0.498851349633211,167.65066826650218,"PGF+E2+FSH, day 88"
0.49886251468816106,162.01269790512833,"PGF+E2+FSH, day 88"
0.4988736797431112,157.05617886780584,"PGF+E2+FSH, day 88"
0.49888484479806133,152.84570358744196,"PGF+E2+FSH, day 88"
0.4988960098530114,149.43671867629556,"PGF+E2+FSH, day 88"
0.49890717490796155,146.874486123451,"PGF+E2+FSH, day 88"
0.4989183399629117,145.193225714031,"PGF+E2+FSH, day 88"
0.49892950501786176,144.415440873069,"PGF+E2+FSH, day 88"
0.4989406700728119,144.55142768055046,"PGF+E2+FSH, day 88"
0.49895183512776203,145.59896555344486,"PGF+E2+FSH, day 88"
0.4989630001827121,147.54318786206503,"PGF+E2+FSH, day 88"
0.49897416523766225,150.35663126149484,"PGF+E2+FSH, day 88"
0.4989853302926124,153.99946342778964,"PGF+E2+FSH, day 88"
0.4989964953475625,158.41988981846654,"PGF+E2+FSH, day 88"
0.4990076604025126,163.55474065509196,"PGF+E2+FSH, day 88"
0.49901882545746273,169.3302392219981,"PGF+E2+FSH, day 88"
0.49902999051241287,175.66295152408892,"PGF+E2+FSH, day 88"
0.49904115556736295,182.46091517894266,"PGF+E2+FSH, day 88"
0.4990523206223131,189.62494206678406,"PGF+E2+FSH, day 88"
0.4990634856772632,197.05008477886815,"PGF+E2+FSH, day 88"
0.4990746507322133,204.62725145594638,"PGF+E2+FSH, day 88"
0.49908581578716343,212.2449474597641,"PGF+E2+FSH, day 88"
0.49909698084211357,219.79111583221038,"PGF+E2+FSH, day 88"
0.4991081458970637,227.15504209157854,"PGF+E2+FSH, day 88"
0.4991193109520138,234.229283049735,"PGF+E2+FSH, day 88"
0.4991304760069639,240.91157447856685,"PGF+E2+FSH, day 88"
0.49914164106191405,247.10666904420353,"PGF+E2+FSH, day 88"
0.49915280611686413,252.7280543482636,"PGF+E2+FSH, day 88"
0.49916397117181427,257.69950145468187,"PGF+E2+FSH, day 88"
0.4991751362267644,261.95639712002827,"PGF+E2+FSH, day 88"
0.4991863012817145,265.44681812860586,"PGF+E2+FSH, day 88"
0.4991974663366646,268.13231355778134,"PGF+E2+FSH, day 88"
0.49920863139161475,269.9883702180283,"PGF+E2+FSH, day 88"
0.49921979644656483,271.0045475351731,"PGF+E2+FSH, day 88"
0.49923096150151497,271.1842802554085,"PGF+E2+FSH, day 88"
0.4992421265564651,270.5443599488689,"PGF+E2+FSH, day 88"
0.49925329161141524,269.11411869293556,"PGF+E2+FSH, day 88"
0.4992644566663653,266.9343498413754,"PGF+E2+FSH, day 88"
0.49927562172131545,264.056010764987,"PGF+E2+FSH, day 88"
0.4992867867762656,260.53876028975594,"PGF+E2+FSH, day 88"
0.49929795183121567,256.44938877896084,"PGF+E2+FSH, day 88"
0.4993091168861658,251.86020107861358,"PGF+E2+FSH, day 88"
0.49932028194111594,246.8474117192809,"PGF+E2+FSH, day 88"
0.499331446996066,241.48960788364323,"PGF+E2+FSH, day 88"
0.49934261205101615,235.86632894719685,"PGF+E2+FSH, day 88"
0.4993537771059663,230.05680229824492,"PGF+E2+FSH, day 88"
0.4993649421609164,224.13886421831762,"PGF+E2+FSH, day 88"
0.4993761072158665,218.18808255305458,"PGF+E2+FSH, day 88"
0.49938727227081664,212.27708548832544,"PGF+E2+FSH, day 88"
0.4993984373257668,206.47508875355535,"PGF+E2+FSH, day 88"
0.49940960238071685,200.84760274630852,"PGF+E2+FSH, day 88"
0.499420767435667,195.4562920696793,"PGF+E2+FSH, day 88"
0.4994319324906171,190.35895331553348,"PGF+E2+FSH, day 88"
0.4994430975455672,185.60957296370933,"PGF+E2+FSH, day 88"
0.49945426260051734,181.25842616002055,"PGF+E2+FSH, day 88"
0.4994654276554675,177.35217883931966,"PGF+E2+FSH, day 88"
0.49947659271041756,173.93395993706466,"PGF+E2+FSH, day 88"
0.4994877577653677,171.0433768756904,"PGF+E2+FSH, day 88"
0.4994989228203178,168.71645556869873,"PGF+E2+FSH, day 88"
0.49951008787526796,166.98549521001308,"PGF+E2+FSH, day 88"
0.49952125293021804,165.87883741619348,"PGF+E2+FSH, day 88"
0.4995324179851682,165.4205581726772,"PGF+E2+FSH, day 88"
0.4995435830401183,165.63009886760133,"PGF+E2+FSH, day 88"
0.4995547480950684,166.5218589391468,"PGF+E2+FSH, day 88"
0.4995659131500185,168.10477691258637,"PGF+E2+FSH, day 88"
0.49957707820496866,170.38192861771014,"PGF+E2+FSH, day 88"
0.49958824325991874,173.35017108853287,"PGF+E2+FSH, day 88"
0.4995994083148689,176.9998581603255,"PGF+E2+FSH, day 88"
0.499610573369819,181.31464936300773,"PGF+E2+FSH, day 88"
0.49962173842476915,186.2714277738465,"PGF+E2+FSH, day 88"
0.4996329034797192,191.84033554934157,"PGF+E2+FSH, day 88"
0.49964406853466936,197.98492848977216,"PGF+E2+FSH, day 88"
0.4996552335896195,204.66244380193177,"PGF+E2+FSH, day 88"
0.4996663986445696,211.82416880014392,"PGF+E2+FSH, day 88"
0.4996775636995197,219.41589313411671,"PGF+E2+FSH, day 88"
0.49968872875446985,227.3784236663527,"PGF+E2+FSH, day 88"
0.4996998938094199,235.64813961546704,"PGF+E2+FSH, day 88"
0.49971105886437006,244.15756614689096,"PGF+E2+FSH, day 88"
0.4997222239193202,252.83594717834563,"PGF+E2+FSH, day 88"
0.4997333889742703,261.6098025546128,"PGF+E2+FSH, day 88"
0.4997445540292204,270.4034605582076,"PGF+E2+FSH, day 88"
0.49975571908417055,279.1395634628225,"PGF+E2+FSH, day 88"
0.4997668841391207,287.73955091387336,"PGF+E2+FSH, day 88"
0.49977804919407076,296.12413269143684,"PGF+E2+FSH, day 88"
0.4997892142490209,304.2137682418345,"PGF+E2+FSH, day 88"
0.49980037930397103,311.92917466079086,"PGF+E2+FSH, day 88"
0.4998115443589211,319.1918870872642,"PGF+E2+FSH, day 88"
0.49982270941387125,325.92489536546844,"PGF+E2+FSH, day 88"
0.4998338744688214,332.0533781774278,"PGF+E2+FSH, day 88"
0.49984503952377146,337.5055506517722,"PGF+E2+FSH, day 88"
0.4998562045787216,342.2136339249763,"PGF+E2+FSH, day 88"
0.49986736963367173,346.1149456743126,"PGF+E2+FSH, day 88"
0.49987853468862187,349.15309982606016,"PGF+E2+FSH, day 88"
0.49988969974357195,351.27929216633396,"PGF+E2+FSH, day 88"
0.4999008647985221,352.45363723328927,"PGF+E2+FSH, day 88"
0.4999120298534722,352.646511460101,"PGF+E2+FSH, day 88"
0.4999231949084223,351.83984885727017,"PGF+E2+FSH, day 88"
0.49993435996337243,350.0283292724713,"PGF+E2+FSH, day 88"
0.49994552501832257,347.22039601839396,"PGF+E2+FSH, day 88"
0.49995669007327265,343.439039807928,"PGF+E2+FSH, day 88"
0.4999678551282228,338.72228967525785,"PGF+E2+FSH, day 88"
0.4999790201831729,333.12335886634713,"PGF+E2+FSH, day 88"
0.499990185238123,326.7104043111286,"PGF+E2+FSH, day 88"
0.5000013502930731,319.5658718027769,"PGF+E2+FSH, day 88"
0.5000125153480233,311.7854147920077,"PGF+E2+FSH, day 88"
0.5000236804029734,303.4763920069567,"PGF+E2+FSH, day 88"
0.5000348454579235,294.75596709902436,"PGF+E2+FSH, day 88"
0.5000460105128736,285.74885131131816,"PGF+E2+FSH, day 88"
0.5000571755678237,276.5847469021375,"PGF+E2+FSH, day 88"
0.5000683406227738,267.39556391740604,"PGF+E2+FSH, day 88"
0.500079505677724,258.3124951608231,"PGF+E2+FSH, day 88"
0.5000906707326741,249.46304326739187,"PGF+E2+FSH, day 88"
0.5001018357876242,240.96809917507215,"PGF+E2+FSH, day 88"
0.5001130008425744,232.93917271747978,"PGF+E2+FSH, day 88"
0.5001241658975244,225.47587338795793,"PGF+E2+FSH, day 88"
0.5001353309524745,218.6637325784178,"PGF+E2+FSH, day 88"
0.5001464960074247,212.57244796162064,"PGF+E2+FSH, day 88"
0.5001576610623748,207.25461648914796,"PGF+E2+FSH, day 88"
0.5001688261173249,202.7450051979042,"PGF+E2+FSH, day 88"
0.5001799911722751,199.06038923972415,"PGF+E2+FSH, day 88"
0.5001911562272251,196.19996498104936,"PGF+E2+FSH, day 88"
0.5002023212821752,194.14632345711797,"PGF+E2+FSH, day 88"
0.5002134863371254,192.86694678173288,"PGF+E2+FSH, day 88"
0.5002246513920755,192.31616823317728,"PGF+E2+FSH, day 88"
0.5002358164470256,192.43751661512096,"PGF+E2+FSH, day 88"
0.5002469815019758,193.16634807138752,"PGF+E2+FSH, day 88"
0.5002581465569259,194.43265472032598,"PGF+E2+FSH, day 88"
0.5002693116118759,196.1639300820162,"PGF+E2+FSH, day 88"
0.5002804766668261,198.28796698019457,"PGF+E2+FSH, day 88"
0.5002916417217762,200.73546490599585,"PGF+E2+FSH, day 88"
0.5003028067767263,203.44233099925495,"PGF+E2+FSH, day 88"
0.5003139718316765,206.35157182651045,"PGF+E2+FSH, day 88"
0.5003251368866266,209.41469170570107,"PGF+E2+FSH, day 88"
0.5003363019415767,212.59253681631108,"PGF+E2+FSH, day 88"
0.5003474669965268,215.85555179545855,"PGF+E2+FSH, day 88"
0.5003586320514769,219.18344571614406,"PGF+E2+FSH, day 88"
0.500369797106427,222.5642957848699,"PGF+E2+FSH, day 88"
0.5003809621613772,225.99314811652116,"PGF+E2+FSH, day 88"
0.5003921272163273,229.47020377892545,"PGF+E2+FSH, day 88"
0.5004032922712774,232.99870319934428,"PGF+E2+FSH, day 88"
0.5004144573262275,236.5826413562477,"PGF+E2+FSH, day 88"
0.5004256223811776,240.2244585471175,"PGF+E2+FSH, day 88"
0.5004367874361277,243.9228558713126,"PGF+E2+FSH, day 88"
0.5004479524910779,247.67088027973372,"PGF+E2+FSH, day 88"
0.500459117546028,251.45441099976546,"PGF+E2+FSH, day 88"
0.5004702826009781,255.25115777516794,"PGF+E2+FSH, day 88"
0.5004814476559283,259.0302526346919,"PGF+E2+FSH, day 88"
0.5004926127108783,262.7524823035042,"PGF+E2+FSH, day 88"
0.5005037777658284,266.37116981857145,"PGF+E2+FSH, day 88"
0.5005149428207786,269.83367365401557,"PGF+E2+FSH, day 88"
0.5005261078757287,273.08343315670845,"PGF+E2+FSH, day 88"
0.5005372729306788,276.0624528215836,"PGF+E2+FSH, day 88"
0.500548437985629,278.71408727187077,"PGF+E2+FSH, day 88"
0.500559603040579,280.98596583050346,"PGF+E2+FSH, day 88"
0.5005707680955291,282.83288192577567,"PGF+E2+FSH, day 88"
0.5005819331504793,284.2194693595162,"PGF+E2+FSH, day 88"
0.5005930982054294,285.1224951326941,"PGF+E2+FSH, day 88"
0.5006042632603795,285.53261683248377,"PGF+E2+FSH, day 88"
0.5006154283153297,285.45548061688015,"PGF+E2+FSH, day 88"
0.5006265933702798,284.91207202652134,"PGF+E2+FSH, day 88"
0.5006377584252298,283.93827410470976,"PGF+E2+FSH, day 88"
0.50064892348018,282.58363309744544,"PGF+E2+FSH, day 88"
0.5006600885351301,280.90937856427763,"PGF+E2+FSH, day 88"
0.5006712535900802,278.98578920990616,"PGF+E2+FSH, day 88"
0.5006824186450304,276.8890354082507,"PGF+E2+FSH, day 88"
0.5006935836999805,274.6976617800037,"PGF+E2+FSH, day 88"
0.5007047487549305,272.48889629079827,"PGF+E2+FSH, day 88"
0.5007159138098807,270.33498471782326,"PGF+E2+FSH, day 88"
0.5007270788648308,268.29975020640904,"PGF+E2+FSH, day 88"
0.500738243919781,266.4355669254287,"PGF+E2+FSH, day 88"
0.5007494089747311,264.7809151612702,"PGF+E2+FSH, day 88"
0.5007605740296812,263.3586538484414,"PGF+E2+FSH, day 88"
0.5007717390846314,262.17510738164043,"PGF+E2+FSH, day 88"
0.5007829041395814,261.22001889937746,"PGF+E2+FSH, day 88"
0.5007940691945315,260.4673746880087,"PGF+E2+FSH, day 88"
0.5008052342494816,259.8770566837329,"PGF+E2+FSH, day 88"
0.5008163993044318,259.3972349765702,"PGF+E2+FSH, day 88"
0.5008275643593819,258.96737228485006,"PGF+E2+FSH, day 88"
0.500838729414332,258.52167977192505,"PGF+E2+FSH, day 88"
0.5008498944692822,257.99284006174196,"PGF+E2+FSH, day 88"
0.5008610595242322,257.31580006714773,"PGF+E2+FSH, day 88"
0.5008722245791823,256.43143385732986,"PGF+E2+FSH, day 88"
0.5008833896341325,255.28988421619155,"PGF+E2+FSH, day 88"
0.5008945546890826,253.85341013123877,"PGF+E2+FSH, day 88"
0.5009057197440328,252.09859500128138,"PGF+E2+FSH, day 88"
0.5009168847989829,250.017805189386,"PGF+E2+FSH, day 88"
0.5009280498539329,247.6198286456222,"PGF+E2+FSH, day 88"
0.500939214908883,244.9296664177917,"PGF+E2+FSH, day 88"
0.5009503799638332,241.9874935944417,"PGF+E2+FSH, day 88"
0.5009615450187833,238.84684825171914,"PGF+E2+FSH, day 88"
0.5009727100737335,235.5721451392043,"PGF+E2+FSH, day 88"
0.5009838751286836,232.2356432431619,"PGF+E2+FSH, day 88"
0.5009950401836337,228.91402148346228,"PGF+E2+FSH, day 88"
0.5010062052385837,225.68473353949028,"PGF+E2+FSH, day 88"
0.5010173702935339,222.62232054359902,"PGF+E2+FSH, day 88"
0.501028535348484,219.794859001496,"PGF+E2+FSH, day 88"
0.5010397004034342,217.26071114265463,"PGF+E2+FSH, day 88"
0.5010508654583843,215.06572676026906,"PGF+E2+FSH, day 88"
0.5010620305133344,213.24102063023258,"PGF+E2+FSH, day 88"
0.5010731955682844,211.80141927295264,"PGF+E2+FSH, day 88"
0.5010843606232346,210.7446368236647,"PGF+E2+FSH, day 88"
0.5010955256781847,210.05120391356897,"PGF+E2+FSH, day 88"
0.5011066907331349,209.6851375677089,"PGF+E2+FSH, day 88"
0.501117855788085,209.59530596552693,"PGF+E2+FSH, day 88"
0.5011290208430351,209.71741110159016,"PGF+E2+FSH, day 88"
0.5011401858979853,209.9764863205872,"PGF+E2+FSH, day 88"
0.5011513509529353,210.28978548882202,"PGF+E2+FSH, day 88"
0.5011625160078854,210.56992698169776,"PGF+E2+FSH, day 88"
0.5011736810628356,210.7281491336436,"PGF+E2+FSH, day 88"
0.5011848461177857,210.67753436881142,"PGF+E2+FSH, day 88"
0.5011960111727358,210.3360666048972,"PGF+E2+FSH, day 88"
0.501207176227686,209.6294000659529,"PGF+E2+FSH, day 88"
0.501218341282636,208.4932364299543,"PGF+E2+FSH, day 88"
0.5012295063375861,206.87523011677726,"PGF+E2+FSH, day 88"
0.5012406713925363,204.73636716785307,"PGF+E2+FSH, day 88"
0.5012518364474864,202.05179016071116,"PGF+E2+FSH, day 88"
0.5012630015024365,198.81106850591837,"PGF+E2+FSH, day 88"
0.5012741665573867,195.01793891440218,"PGF+E2+FSH, day 88"
0.5012853316123368,190.68956355870137,"PGF+E2+FSH, day 88"
0.5012964966672868,185.85537243682046,"PGF+E2+FSH, day 88"
0.501307661722237,180.55557088517253,"PGF+E2+FSH, day 88"
0.5013188267771871,174.83940256734155,"PGF+E2+FSH, day 88"
0.5013299918321372,168.76326237600688,"PGF+E2+FSH, day 88"
0.5013411568870874,162.38875262855376,"PGF+E2+FSH, day 88"
0.5013523219420375,155.78077008940036,"PGF+E2+FSH, day 88"
0.5013634869969876,149.0057013526085,"PGF+E2+FSH, day 88"
0.5013746520519377,142.12979080304663,"PGF+E2+FSH, day 88"
0.5013858171068878,135.21772972418898,"PGF+E2+FSH, day 88"
0.5013969821618379,128.33149819613533,"PGF+E2+FSH, day 88"
0.5014081472167881,121.52947428977201,"PGF+E2+FSH, day 88"
0.5014193122717382,114.86580873080091,"PGF+E2+FSH, day 88"
0.5014304773266883,108.39004856646072,"PGF+E2+FSH, day 88"
0.5014416423816384,102.14698115477658,"PGF+E2+FSH, day 88"
0.5014528074365885,96.17666054044355,"PGF+E2+FSH, day 88"
0.5014639724915386,90.51457230003938,"PGF+E2+FSH, day 88"
0.5014751375464888,85.19189031836343,"PGF+E2+FSH, day 88"
0.5014863026014389,80.23577958428102,"PGF+E2+FSH, day 88"
0.501497467656389,75.66970265042775,"PGF+E2+FSH, day 88"
0.5015086327113392,71.51369342594666,"PGF+E2+FSH, day 88"
0.5015197977662892,67.78456988223517,"PGF+E2+FSH, day 88"
0.5015309628212393,64.49606639814625,"PGF+E2+FSH, day 88"
0.5015421278761895,61.658876179485254,"PGF+E2+FSH, day 88"
0.5015532929311396,59.28060379854589,"PGF+E2+FSH, day 88"
0.5015644579860897,57.36563681783092,"PGF+E2+FSH, day 88"
0.5015756230410399,55.91495317155405,"PGF+E2+FSH, day 88"
0.5015867880959899,54.92588708125065,"PGF+E2+FSH, day 88"
0.50159795315094,54.391880500592,"PGF+E2+FSH, day 88"
0.5016091182058902,54.302249274750864,"PGF+E2+FSH, day 88"
0.5016202832608403,54.64199334364484,"PGF+E2+FSH, day 88"
0.5016314483157904,55.391678518861966,"PGF+E2+FSH, day 88"
0.5016426133707406,56.52741382481721,"PGF+E2+FSH, day 88"
0.5016537784256907,58.02094340526193,"PGF+E2+FSH, day 88"
0.5016649434806407,59.83986590640059,"PGF+E2+FSH, day 88"
0.5016761085355909,61.94798744554984,"PGF+E2+FSH, day 88"
0.501687273590541,64.30580716054533,"PGF+E2+FSH, day 88"
0.5016984386454911,66.8711273046608,"PGF+E2+FSH, day 88"
0.5017096037004413,69.59977326690039,"PGF+E2+FSH, day 88"
0.5017207687553914,72.44640307930503,"PGF+E2+FSH, day 88"
0.5017319338103414,75.365381180084,"PGF+E2+FSH, day 88"
0.5017430988652916,78.31168762752844,"PGF+E2+FSH, day 88"
0.5017542639202417,81.24183172454492,"PGF+E2+FSH, day 88"
0.5017654289751918,84.1147381691163,"PGF+E2+FSH, day 88"
0.501776594030142,86.89257437047974,"PGF+E2+FSH, day 88"
0.5017877590850921,89.54148939060873,"PGF+E2+FSH, day 88"
0.5017989241400422,92.03223795679591,"PGF+E2+FSH, day 88"
0.5018100891949923,94.34066698136246,"PGF+E2+FSH, day 88"
0.5018212542499424,96.44804683075505,"PGF+E2+FSH, day 88"
0.5018324193048925,98.3412350071278,"PGF+E2+FSH, day 88"
0.5018435843598427,100.01266573981698,"PGF+E2+FSH, day 88"
0.5018547494147928,101.46016503106328,"PGF+E2+FSH, day 88"
0.5018659144697429,102.6865967750508,"PGF+E2+FSH, day 88"
0.501877079524693,103.6993514939572,"PGF+E2+FSH, day 88"
0.5018882445796431,104.5096948456511,"PGF+E2+FSH, day 88"
0.5018994096345932,105.13199819890477,"PGF+E2+FSH, day 88"
0.5019105746895434,105.58287809483653,"PGF+E2+FSH, day 88"
0.5019217397444935,105.8802751705038,"PGF+E2+FSH, day 88"
0.5019329047994436,106.04250597020774,"PGF+E2+FSH, day 88"
0.5019440698543938,106.08732287264306,"PGF+E2+FSH, day 88"
0.5019552349093438,106.03101798931579,"PGF+E2+FSH, day 88"
0.5019663999642939,105.88760623144204,"PGF+E2+FSH, day 88"
0.5019775650192441,105.66812071881473,"PGF+E2+FSH, day 88"
0.5019887300741942,105.38005027831134,"PGF+E2+FSH, day 88"
0.5019998951291443,105.02694397236105,"PGF+E2+FSH, day 88"
0.5020110601840945,104.60820149853947,"PGF+E2+FSH, day 88"
0.5020222252390446,104.11906107802723,"PGF+E2+FSH, day 88"
0.5020333902939946,103.5507883515146,"PGF+E2+FSH, day 88"
0.5020445553489448,102.89106115207281,"PGF+E2+FSH, day 88"
0.5020557204038949,102.12453621815929,"PGF+E2+FSH, day 88"
0.502066885458845,101.23357538571175,"PGF+E2+FSH, day 88"
0.5020780505137952,100.19910101949425,"PGF+E2+FSH, day 88"
0.5020892155687453,99.0015438643477,"PGF+E2+FSH, day 88"
0.5021003806236953,97.62184153130671,"PGF+E2+FSH, day 88"
0.5021115456786455,96.0424428219679,"PGF+E2+FSH, day 88"
0.5021227107335956,94.24827227592861,"PGF+E2+FSH, day 88"
0.5021338757885457,92.22761081200645,"PGF+E2+FSH, day 88"
0.5021450408434959,89.97285209900198,"PGF+E2+FSH, day 88"
0.502156205898446,87.4811001633965,"PGF+E2+FSH, day 88"
0.5021673709533961,84.7545814134971,"PGF+E2+FSH, day 88"
0.5021785360083462,81.80085330623213,"PGF+E2+FSH, day 88"
0.5021897010632963,78.63280178813505,"PGF+E2+FSH, day 88"
0.5022008661182464,75.26842983623962,"PGF+E2+FSH, day 88"
0.5022120311731966,71.73044931893419,"PGF+E2+FSH, day 88"
0.5022231962281467,68.04569743439353,"PGF+E2+FSH, day 88"
0.5022343612830968,64.24440666481756,"PGF+E2+FSH, day 88"
0.5022455263380469,60.35936311163863,"PGF+E2+FSH, day 88"
0.502256691392997,56.4249919718087,"PGF+E2+FSH, day 88"
0.5022678564479471,52.476410640425485,"PGF+E2+FSH, day 88"
0.5022790215028973,48.54848947916952,"PGF+E2+FSH, day 88"
0.5022901865578474,44.67495781555534,"PGF+E2+FSH, day 88"
0.5023013516127975,40.887588486215854,"PGF+E2+FSH, day 88"
0.5023125166677477,37.21548856261533,"PGF+E2+FSH, day 88"
0.5023236817226977,33.68451721438981,"PGF+E2+FSH, day 88"
0.5023348467776478,30.316844422520944,"PGF+E2+FSH, day 88"
0.502346011832598,27.13065690138739,"PGF+E2+FSH, day 88"
0.5023571768875481,24.140010540787852,"PGF+E2+FSH, day 88"
0.5023683419424982,21.354822303513924,"PGF+E2+FSH, day 88"
0.5023795069974484,18.78098909473728,"PGF+E2+FSH, day 88"
0.5023906720523984,16.420616861119388,"PGF+E2+FSH, day 88"
0.5024018371073485,14.272340189391572,"PGF+E2+FSH, day 88"
0.5024130021622987,12.331710979573117,"PGF+E2+FSH, day 88"
0.5024241672172488,10.591634307251756,"PGF+E2+FSH, day 88"
0.5024353322721989,9.04283024083273,"PGF+E2+FSH, day 88"
0.5024464973271491,7.6743019654141005,"PGF+E2+FSH, day 88"
0.5024576623820992,6.473792879349565,"PGF+E2+FSH, day 88"
0.5024688274370492,5.428218149307592,"PGF+E2+FSH, day 88"
0.5024799924919994,4.524059313927107,"PGF+E2+FSH, day 88"
0.5024911575469495,3.747713709888431,"PGF+E2+FSH, day 88"
0.5025023226018996,3.0857935773558474,"PGF+E2+FSH, day 88"
0.5025134876568498,2.5253725400861256,"PGF+E2+FSH, day 88"
0.5025246527117999,2.0541796397274297,"PGF+E2+FSH, day 88"
0.50253581776675,1.6607431650431357,"PGF+E2+FSH, day 88"
0.5025469828217001,1.3344881209245376,"PGF+E2+FSH, day 88"
0.5025581478766502,1.065792327464749,"PGF+E2+FSH, day 88"
0.5025693129316003,0.8460068507943318,"PGF+E2+FSH, day 88"
0.5025804779865505,0.6674467891941667,"PGF+E2+FSH, day 88"
0.5025916430415006,0.5233584286922639,"PGF+E2+FSH, day 88"
0.5026028080964507,0.4078685068656863,"PGF+E2+FSH, day 88"
0.5026139731514008,0.31592084936787435,"PGF+E2+FSH, day 88"
0.5026251382063509,0.24320503516338726,"PGF+E2+FSH, day 88"
0.502636303261301,0.1860810621122483,"PGF+E2+FSH, day 88"
0.5026474683162512,0.14150327447986316,"PGF+E2+FSH, day 88"
0.5026586333712013,0.1069461188804132,"PGF+E2+FSH, day 88"
0.5026697984261514,0.08033364571071994,"PGF+E2+FSH, day 88"
0.5026809634811016,0.05997409062231273,"PGF+E2+FSH, day 88"
0.5026921285360516,0.04450036765604578,"PGF+E2+FSH, day 88"
0.5027032935910017,0.032816887706504996,"PGF+E2+FSH, day 88"
0.5027144586459519,0.02405278249887876,"PGF+E2+FSH, day 88"
0.502725623700902,0.01752136033381359,"PGF+E2+FSH, day 88"
0.5027367887558521,0.012685437583032252,"PGF+E2+FSH, day 88"
0.5027479538108023,0.0091280695712467,"PGF+E2+FSH, day 88"
0.5027591188657523,0.006528135602700937,"PGF+E2+FSH, day 88"
0.5027702839207024,0.004640205059386942,"PGF+E2+FSH, day 88"
0.5027814489756526,0.0032781149375105813,"PGF+E2+FSH, day 88"
0.5027926140306027,0.0023017151535254894,"PGF+E2+FSH, day 88"
0.4972212516104937,0.4230406775074185,"PGF+E2, day 88"
0.4972324166654438,0.5183513739384823,"PGF+E2, day 88"
0.4972435817203939,0.633109750641628,"PGF+E2, day 88"
0.49725474677534404,0.7708948617022708,"PGF+E2, day 88"
0.49726591183029417,0.9358709481345108,"PGF+E2, day 88"
0.49727707688524425,1.1328652830929267,"PGF+E2, day 88"
0.4972882419401944,1.3674504591658545,"PGF+E2, day 88"
0.4972994069951445,1.6460292227049806,"PGF+E2, day 88"
0.49731057205009466,1.9759191691988225,"PGF+E2, day 88"
0.49732173710504474,2.365433717508085,"PGF+E2, day 88"
0.49733290215999487,2.8239548065065976,"PGF+E2, day 88"
0.497344067214945,3.3619917464921594,"PGF+E2, day 88"
0.4973552322698951,3.991219666444121,"PGF+E2, day 88"
0.4973663973248452,4.724490098362505,"PGF+E2, day 88"
0.49737756237979536,5.575805517202501,"PGF+E2, day 88"
0.49738872743474544,6.560249205784275,"PGF+E2, day 88"
0.49739989248969557,7.693861740753939,"PGF+E2, day 88"
0.4974110575446457,8.99345580071788,"PGF+E2, day 88"
0.49742222259959584,10.476361975464677,"PGF+E2, day 88"
0.4974333876545459,12.160099882185214,"PGF+E2, day 88"
0.49744455270949606,14.061971221351712,"PGF+E2, day 88"
0.4974557177644462,16.19857444365596,"PGF+E2, day 88"
0.49746688281939627,18.585244418031873,"PGF+E2, day 88"
0.4974780478743464,21.23542480225949,"PGF+E2, day 88"
0.49748921292929654,24.15998557912342,"PGF+E2, day 88"
0.4975003779842466,27.366503231474358,"PGF+E2, day 88"
0.49751154303919676,30.85852603229098,"PGF+E2, day 88"
0.4975227080941469,34.634851621227504,"PGF+E2, day 88"
0.497533873149097,38.688848095884076,"PGF+E2, day 88"
0.4975450382040471,43.007852918807444,"PGF+E2, day 88"
0.49755620325899724,47.57268569765134,"PGF+E2, day 88"
0.4975673683139474,52.35731103864973,"PGF+E2, day 88"
0.49757853336889746,57.32868596468934,"PGF+E2, day 88"
0.4975896984238476,62.446822682438444,"PGF+E2, day 88"
0.49760086347879773,67.66509173495683,"PGF+E2, day 88"
0.4976120285337478,72.93078287321057,"PGF+E2, day 88"
0.49762319358869794,78.18593153453367,"PGF+E2, day 88"
0.4976343586436481,83.36840797731377,"PGF+E2, day 88"
0.49764552369859816,88.41325435600321,"PGF+E2, day 88"
0.4976566887535483,93.25424289244606,"PGF+E2, day 88"
0.49766785380849843,97.82561644481392,"PGF+E2, day 88"
0.49767901886344856,102.06396185880375,"PGF+E2, day 88"
0.49769018391839864,105.91015715744425,"PGF+E2, day 88"
0.4977013489733488,109.31132648482398,"PGF+E2, day 88"
0.4977125140282989,112.22273225886747,"PGF+E2, day 88"
0.497723679083249,114.60953257101517,"PGF+E2, day 88"
0.49773484413819913,116.44833368779624,"PGF+E2, day 88"
0.49774600919314926,117.72847257396882,"PGF+E2, day 88"
0.49775717424809934,118.45297249213856,"PGF+E2, day 88"
0.4977683393030495,118.63912558435722,"PGF+E2, day 88"
0.4977795043579996,118.31866939810935,"PGF+E2, day 88"
0.4977906694129497,117.53753894898023,"PGF+E2, day 88"
0.49780183446789983,116.35519140253807,"PGF+E2, day 88"
0.49781299952284996,114.8435160633859,"PGF+E2, day 88"
0.4978241645778001,113.08535734869542,"PGF+E2, day 88"
0.4978353296327502,111.17269212719796,"PGF+E2, day 88"
0.4978464946877003,109.20451465030844,"PGF+E2, day 88"
0.49785765974265045,107.28449184657745,"PGF+E2, day 88"
0.49786882479760053,105.51845869447065,"PGF+E2, day 88"
0.49787998985255066,104.01182758492608,"PGF+E2, day 88"
0.4978911549075008,102.86698703020238,"PGF+E2, day 88"
0.4979023199624509,102.18076389463175,"PGF+E2, day 88"
0.497913485017401,102.04201974697739,"PGF+E2, day 88"
0.49792465007235115,102.52944626903658,"PGF+E2, day 88"
0.4979358151273013,103.70961725548594,"PGF+E2, day 88"
0.49794698018225136,105.63534597945336,"PGF+E2, day 88"
0.4979581452372015,108.34438694669673,"PGF+E2, day 88"
0.49796931029215163,111.85851066770961,"PGF+E2, day 88"
0.4979804753471017,116.18296936034476,"PGF+E2, day 88"
0.49799164040205185,121.30636073796431,"PGF+E2, day 88"
0.498002805457002,127.20088649053105,"PGF+E2, day 88"
0.49801397051195206,133.8229919527676,"PGF+E2, day 88"
0.4980251355669022,141.1143639758867,"PGF+E2, day 88"
0.49803630062185233,149.00325536919402,"PGF+E2, day 88"
0.4980474656768024,157.40609663771434,"PGF+E2, day 88"
0.49805863073175255,166.2293492820766,"PGF+E2, day 88"
0.4980697957867027,175.37154981048437,"PGF+E2, day 88"
0.4980809608416528,184.72548998079623,"PGF+E2, day 88"
0.4980921258966029,194.18047674774664,"PGF+E2, day 88"
0.49810329095155303,203.62461500513578,"PGF+E2, day 88"
0.49811445600650317,212.9470574871673,"PGF+E2, day 88"
0.49812562106145325,222.04016907329301,"PGF+E2, day 88"
0.4981367861164034,230.80155709143656,"PGF+E2, day 88"
0.4981479511713535,239.13592484132323,"PGF+E2, day 88"
0.4981591162263036,246.95671220406854,"PGF+E2, day 88"
0.49817028128125374,254.18749455824974,"PGF+E2, day 88"
0.49818144633620387,260.76311896078096,"PGF+E2, day 88"
0.498192611391154,266.6305643405715,"PGF+E2, day 88"
0.4982037764461041,271.7495199805964,"PGF+E2, day 88"
0.4982149415010542,276.0926835677154,"PGF+E2, day 88"
0.49822610655600436,279.64578635947237,"PGF+E2, day 88"
0.49823727161095444,282.40735842282015,"PGF+E2, day 88"
0.49824843666590457,284.3882513791148,"PGF+E2, day 88"
0.4982596017208547,285.6109396571516,"PGF+E2, day 88"
0.4982707667758048,286.10862398034254,"PGF+E2, day 88"
0.4982819318307549,285.92416280544575,"PGF+E2, day 88"
0.49829309688570506,285.1088588213683,"PGF+E2, day 88"
0.49830426194065514,283.7211285369655,"PGF+E2, day 88"
0.49831542699560527,281.8250835484514,"PGF+E2, day 88"
0.4983265920505554,279.4890523590141,"PGF+E2, day 88"
0.49833775710550554,276.78407166307875,"PGF+E2, day 88"
0.4983489221604556,273.78237580420716,"PGF+E2, day 88"
0.49836008721540576,270.55591263126416,"PGF+E2, day 88"
0.4983712522703559,267.1749131548933,"PGF+E2, day 88"
0.49838241732530597,263.7065411786538,"PGF+E2, day 88"
0.4983935823802561,260.21364739256387,"PGF+E2, day 88"
0.49840474743520624,256.7536502388709,"PGF+E2, day 88"
0.4984159124901563,253.37756319410943,"PGF+E2, day 88"
0.49842707754510646,250.12918500327083,"PGF+E2, day 88"
0.4984382426000566,247.04446593185796,"PGF+E2, day 88"
0.49844940765500667,244.1510593824959,"PGF+E2, day 88"
0.4984605727099568,241.46806438612603,"PGF+E2, day 88"
0.49847173776490694,239.00596065418506,"PGF+E2, day 88"
0.4984829028198571,236.76673418466302,"PGF+E2, day 88"
0.49849406787480716,234.74418794082868,"PGF+E2, day 88"
0.4985052329297573,232.9244289143696,"PGF+E2, day 88"
0.4985163979847074,231.28651995376174,"PGF+E2, day 88"
0.4985275630396575,229.80328205237151,"PGF+E2, day 88"
0.49853872809460764,228.4422302932663,"PGF+E2, day 88"
0.4985498931495578,227.16662427044508,"PGF+E2, day 88"
0.49856105820450786,225.9366114911381,"PGF+E2, day 88"
0.498572223259458,224.71043998236422,"PGF+E2, day 88"
0.4985833883144081,223.4457140935361,"PGF+E2, day 88"
0.49859455336935826,222.1006653800651,"PGF+E2, day 88"
0.49860571842430834,220.63540860590172,"PGF+E2, day 88"
0.4986168834792585,219.013151503613,"PGF+E2, day 88"
0.4986280485342086,217.20132620638978,"PGF+E2, day 88"
0.4986392135891587,215.17261045702637,"PGF+E2, day 88"
0.4986503786441088,212.90580803006245,"PGF+E2, day 88"
0.49866154369905896,210.38656045114956,"PGF+E2, day 88"
0.49867270875400904,207.60786616046755,"PGF+E2, day 88"
0.4986838738089592,204.57038874060413,"PGF+E2, day 88"
0.4986950388639093,201.28254258898946,"PGF+E2, day 88"
0.4987062039188594,197.76035221306623,"PGF+E2, day 88"
0.4987173689738095,194.0270898022546,"PGF+E2, day 88"
0.49872853402875966,190.11270442900747,"PGF+E2, day 88"
0.4987396990837098,186.05306463706796,"PGF+E2, day 88"
0.4987508641386599,181.88904375757252,"PGF+E2, day 88"
0.49876202919361,177.665483544771,"PGF+E2, day 88"
0.49877319424856015,173.43007621206382,"PGF+E2, day 88"
0.4987843593035102,169.23220735327695,"PGF+E2, day 88"
0.49879552435846036,165.12180238052827,"PGF+E2, day 88"
0.4988066894134105,161.14821698484778,"PGF+E2, day 88"
0.4988178544683606,157.35920788476463,"PGF+E2, day 88"
0.4988290195233107,153.80001408655482,"PGF+E2, day 88"
0.49884018457826085,150.51257148208398,"PGF+E2, day 88"
0.498851349633211,147.53487539816342,"PGF+E2, day 88"
0.49886251468816106,144.90049727941135,"PGF+E2, day 88"
0.4988736797431112,142.6382536262128,"PGF+E2, day 88"
0.49888484479806133,140.77201816864348,"PGF+E2, day 88"
0.4988960098530114,139.3206624885575,"PGF+E2, day 88"
0.49890717490796155,138.29810623388488,"PGF+E2, day 88"
0.4989183399629117,137.71345587601277,"PGF+E2, day 88"
0.49892950501786176,137.57121065797162,"PGF+E2, day 88"
0.4989406700728119,137.87151582610474,"PGF+E2, day 88"
0.49895183512776203,138.61044614763134,"PGF+E2, day 88"
0.4989630001827121,139.78030669772832,"PGF+E2, day 88"
0.49897416523766225,141.36994248397588,"PGF+E2, day 88"
0.4989853302926124,143.36505316193822,"PGF+E2, day 88"
0.4989964953475625,145.74851339340515,"PGF+E2, day 88"
0.4990076604025126,148.50070286838158,"PGF+E2, day 88"
0.49901882545746273,151.59985230135726,"PGF+E2, day 88"
0.49902999051241287,155.02241258134873,"PGF+E2, day 88"
0.49904115556736295,158.74345359633054,"PGF+E2, day 88"
0.4990523206223131,162.73709709298745,"PGF+E2, day 88"
0.4990634856772632,166.9769844350312,"PGF+E2, day 88"
0.4990746507322133,171.43677556975535,"PGF+E2, day 88"
0.49908581578716343,176.09067028075015,"PGF+E2, day 88"
0.49909698084211357,180.91393734559725,"PGF+E2, day 88"
0.4991081458970637,185.88343201814666,"PGF+E2, day 88"
0.4991193109520138,190.97807780409755,"PGF+E2, day 88"
0.4991304760069639,196.17928525920058,"PGF+E2, day 88"
0.49914164106191405,201.4712789068245,"PGF+E2, day 88"
0.49915280611686413,206.8413036566392,"PGF+E2, day 88"
0.49916397117181427,212.27968449991326,"PGF+E2, day 88"
0.4991751362267644,217.7797178251821,"PGF+E2, day 88"
0.4991863012817145,223.33737936320207,"PGF+E2, day 88"
0.4991974663366646,228.95084230793475,"PGF+E2, day 88"
0.49920863139161475,234.61980921104933,"PGF+E2, day 88"
0.49921979644656483,240.34467232198645,"PGF+E2, day 88"
0.49923096150151497,246.12552854556918,"PGF+E2, day 88"
0.4992421265564651,251.96108644128827,"PGF+E2, day 88"
0.49925329161141524,257.84751297296623,"PGF+E2, day 88"
0.4992644566663653,263.77727630789065,"PGF+E2, day 88"
0.49927562172131545,269.7380471803177,"PGF+E2, day 88"
0.4992867867762656,275.71172457462177,"PGF+E2, day 88"
0.49929795183121567,281.6736512857288,"PGF+E2, day 88"
0.4993091168861658,287.5920809823925,"PGF+E2, day 88"
0.49932028194111594,293.4279506491969,"PGF+E2, day 88"
0.499331446996066,299.1350008613509,"PGF+E2, day 88"
0.49934261205101615,304.66027163625427,"PGF+E2, day 88"
0.4993537771059663,309.94498423260274,"PGF+E2, day 88"
0.4993649421609164,314.92580006743066,"PGF+E2, day 88"
0.4993761072158665,319.53642790217043,"PGF+E2, day 88"
0.49938727227081664,323.7095307440756,"PGF+E2, day 88"
0.4993984373257668,327.37886569789583,"PGF+E2, day 88"
0.49940960238071685,330.4815744440056,"PGF+E2, day 88"
0.499420767435667,332.9605301616548,"PGF+E2, day 88"
0.4994319324906171,334.76663943040705,"PGF+E2, day 88"
0.4994430975455672,335.86099554497576,"PGF+E2, day 88"
0.49945426260051734,336.21678307774926,"PGF+E2, day 88"
0.4994654276554675,335.82084239121497,"PGF+E2, day 88"
0.49947659271041756,334.67481675750014,"PGF+E2, day 88"
0.4994877577653677,332.79582306818486,"PGF+E2, day 88"
0.4994989228203178,330.21660880400503,"PGF+E2, day 88"
0.49951008787526796,326.98518173787477,"PGF+E2, day 88"
0.49952125293021804,323.1639233762915,"PGF+E2, day 88"
0.4995324179851682,318.82822095874735,"PGF+E2, day 88"
0.4995435830401183,314.06467453701606,"PGF+E2, day 88"
0.4995547480950684,308.96895399270085,"PGF+E2, day 88"
0.4995659131500185,303.64339480507357,"PGF+E2, day 88"
0.49957707820496866,298.1944302332363,"PGF+E2, day 88"
0.49958824325991874,292.7299609568081,"PGF+E2, day 88"
0.4995994083148689,287.35676112899785,"PGF+E2, day 88"
0.499610573369819,282.178012590817,"PGF+E2, day 88"
0.49962173842476915,277.29104735799484,"PGF+E2, day 88"
0.4996329034797192,272.7853633727918,"PGF+E2, day 88"
0.49964406853466936,268.7409610442306,"PGF+E2, day 88"
0.4996552335896195,265.2270295197244,"PGF+E2, day 88"
0.4996663986445696,262.300993176952,"PGF+E2, day 88"
0.4996775636995197,260.0079116561942,"PGF+E2, day 88"
0.49968872875446985,258.38021186091447,"PGF+E2, day 88"
0.4996998938094199,257.4377185043724,"PGF+E2, day 88"
0.49971105886437006,257.18794146905697,"PGF+E2, day 88"
0.4997222239193202,257.6265736775077,"PGF+E2, day 88"
0.4997333889742703,258.7381522667119,"PGF+E2, day 88"
0.4997445540292204,260.4968382697825,"PGF+E2, day 88"
0.49975571908417055,262.86727517437,"PGF+E2, day 88"
0.4997668841391207,265.8054939238923,"PGF+E2, day 88"
0.49977804919407076,269.25984033487197,"PGF+E2, day 88"
0.4997892142490209,273.1719096768698,"PGF+E2, day 88"
0.49980037930397103,277.4774814952947,"PGF+E2, day 88"
0.4998115443589211,282.1074549489057,"PGF+E2, day 88"
0.49982270941387125,286.98879042454337,"PGF+E2, day 88"
0.4998338744688214,292.04546660735195,"PGF+E2, day 88"
0.49984503952377146,297.1994633486431,"PGF+E2, day 88"
0.4998562045787216,302.37177960549377,"PGF+E2, day 88"
0.49986736963367173,307.4834926347802,"PGF+E2, day 88"
0.49987853468862187,312.4568598742178,"PGF+E2, day 88"
0.49988969974357195,317.21645901578813,"PGF+E2, day 88"
0.4999008647985221,321.6903552357214,"PGF+E2, day 88"
0.4999120298534722,325.8112779750353,"PGF+E2, day 88"
0.4999231949084223,329.51778363840486,"PGF+E2, day 88"
0.49993435996337243,332.7553756036122,"PGF+E2, day 88"
0.49994552501832257,335.4775494262561,"PGF+E2, day 88"
0.49995669007327265,337.6467293778091,"PGF+E2, day 88"
0.4999678551282228,339.23506262653746,"PGF+E2, day 88"
0.4999790201831729,340.22503948026576,"PGF+E2, day 88"
0.499990185238123,340.60991204231703,"PGF+E2, day 88"
0.5000013502930731,340.3938891559512,"PGF+E2, day 88"
0.5000125153480233,339.59209230582786,"PGF+E2, day 88"
0.5000236804029734,338.2302648202136,"PGF+E2, day 88"
0.5000348454579235,336.3442348564034,"PGF+E2, day 88"
0.5000460105128736,333.97914083586954,"PGF+E2, day 88"
0.5000571755678237,331.1884358338272,"PGF+E2, day 88"
0.5000683406227738,328.03269458261315,"PGF+E2, day 88"
0.500079505677724,324.5782529467135,"PGF+E2, day 88"
0.5000906707326741,320.89571477945225,"PGF+E2, day 88"
0.5001018357876242,317.0583648595052,"PGF+E2, day 88"
0.5001130008425744,313.1405290890516,"PGF+E2, day 88"
0.5001241658975244,309.2159243315076,"PGF+E2, day 88"
0.5001353309524745,305.35604023750915,"PGF+E2, day 88"
0.5001464960074247,301.6285942428906,"PGF+E2, day 88"
0.5001576610623748,298.0960987170768,"PGF+E2, day 88"
0.5001688261173249,294.81457609371887,"PGF+E2, day 88"
0.5001799911722751,291.832453803793,"PGF+E2, day 88"
0.5001911562272251,289.18966602402435,"PGF+E2, day 88"
0.5002023212821752,286.91698370282336,"PGF+E2, day 88"
0.5002134863371254,285.0355880858807,"PGF+E2, day 88"
0.5002246513920755,283.55689609763886,"PGF+E2, day 88"
0.5002358164470256,282.4826385421637,"PGF+E2, day 88"
0.5002469815019758,281.805184306698,"PGF+E2, day 88"
0.5002581465569259,281.50809578834367,"PGF+E2, day 88"
0.5002693116118759,281.56689288776545,"PGF+E2, day 88"
0.5002804766668261,281.9499954593959,"PGF+E2, day 88"
0.5002916417217762,282.6198074651068,"PGF+E2, day 88"
0.5003028067767263,283.5339006697475,"PGF+E2, day 88"
0.5003139718316765,284.64625196544273,"PGF+E2, day 88"
0.5003251368866266,285.9084867022111,"PGF+E2, day 88"
0.5003363019415767,287.271081040875,"PGF+E2, day 88"
0.5003474669965268,288.68447951357905,"PGF+E2, day 88"
0.5003586320514769,290.1000897029212,"PGF+E2, day 88"
0.500369797106427,291.4711240721826,"PGF+E2, day 88"
0.5003809621613772,292.75326914044547,"PGF+E2, day 88"
0.5003921272163273,293.9051738460957,"PGF+E2, day 88"
0.5004032922712774,294.888761363025,"PGF+E2, day 88"
0.5004144573262275,295.66938097904733,"PGF+E2, day 88"
0.5004256223811776,296.215828000831,"PGF+E2, day 88"
0.5004367874361277,296.50026910012474,"PGF+E2, day 88"
0.5004479524910779,296.4981172264599,"PGF+E2, day 88"
0.500459117546028,296.18790349932465,"PGF+E2, day 88"
0.5004702826009781,295.55119290029876,"PGF+E2, day 88"
0.5004814476559283,294.5725859319653,"PGF+E2, day 88"
0.5004926127108783,293.23983982828213,"PGF+E2, day 88"
0.5005037777658284,291.54413084578266,"PGF+E2, day 88"
0.5005149428207786,289.48046439813265,"PGF+E2, day 88"
0.5005261078757287,287.0482233405814,"PGF+E2, day 88"
0.5005372729306788,284.2518277848605,"PGF+E2, day 88"
0.500548437985629,281.10146375141545,"PGF+E2, day 88"
0.500559603040579,277.6138240757746,"PGF+E2, day 88"
0.5005707680955291,273.81279451005,"PGF+E2, day 88"
0.5005819331504793,269.7300119320547,"PGF+E2, day 88"
0.5005930982054294,265.4052207343242,"PGF+E2, day 88"
0.5006042632603795,260.88635820555083,"PGF+E2, day 88"
0.5006154283153297,256.2293100230981,"PGF+E2, day 88"
0.5006265933702798,251.4972924299697,"PGF+E2, day 88"
0.5006377584252298,246.75983746065245,"PGF+E2, day 88"
0.50064892348018,242.09138055476427,"PGF+E2, day 88"
0.5006600885351301,237.56947463823252,"PGF+E2, day 88"
0.5006712535900802,233.2726796659465,"PGF+E2, day 88"
0.5006824186450304,229.27820006351308,"PGF+E2, day 88"
0.5006935836999805,225.6593628765112,"PGF+E2, day 88"
0.5007047487549305,222.48304530474326,"PGF+E2, day 88"
0.5007159138098807,219.80717049512842,"PGF+E2, day 88"
0.5007270788648308,217.6783941652985,"PGF+E2, day 88"
0.500738243919781,216.13010140264643,"PGF+E2, day 88"
0.5007494089747311,215.1808228382625,"PGF+E2, day 88"
0.5007605740296812,214.83316276193088,"PGF+E2, day 88"
0.5007717390846314,215.07330946234785,"PGF+E2, day 88"
0.5007829041395814,215.87117133005583,"PGF+E2, day 88"
0.5007940691945315,217.18115250930225,"PGF+E2, day 88"
0.5008052342494816,218.94355077126025,"PGF+E2, day 88"
0.5008163993044318,221.0865295307415,"PGF+E2, day 88"
0.5008275643593819,223.52858724387164,"PGF+E2, day 88"
0.500838729414332,226.18142238740606,"PGF+E2, day 88"
0.5008498944692822,228.9530721983138,"PGF+E2, day 88"
0.5008610595242322,231.75118942273264,"PGF+E2, day 88"
0.5008722245791823,234.48631421620826,"PGF+E2, day 88"
0.5008833896341325,237.07499839728754,"PGF+E2, day 88"
0.5008945546890826,239.44264643557125,"PGF+E2, day 88"
0.5009057197440328,241.52595141302956,"PGF+E2, day 88"
0.5009168847989829,243.27482394643576,"PGF+E2, day 88"
0.5009280498539329,244.65373660392152,"PGF+E2, day 88"
0.500939214908883,245.6424343632116,"PGF+E2, day 88"
0.5009503799638332,246.23599165796597,"PGF+E2, day 88"
0.5009615450187833,246.44422698719137,"PGF+E2, day 88"
0.5009727100737335,246.2905153780343,"PGF+E2, day 88"
0.5009838751286836,245.810065751641,"PGF+E2, day 88"
0.5009950401836337,245.04775317082238,"PGF+E2, day 88"
0.5010062052385837,244.05561400694094,"PGF+E2, day 88"
0.5010173702935339,242.89012449120506,"PGF+E2, day 88"
0.501028535348484,241.60938946213423,"PGF+E2, day 88"
0.5010397004034342,240.27036825744383,"PGF+E2, day 88"
0.5010508654583843,238.92625881499356,"PGF+E2, day 88"
0.5010620305133344,237.62414962732396,"PGF+E2, day 88"
0.5010731955682844,236.40303298310602,"PGF+E2, day 88"
0.5010843606232346,235.2922528834927,"PGF+E2, day 88"
0.5010955256781847,234.31043825693496,"PGF+E2, day 88"
0.5011066907331349,233.46494782114297,"PGF+E2, day 88"
0.501117855788085,232.75182839931637,"PGF+E2, day 88"
0.5011290208430351,232.15626489965555,"PGF+E2, day 88"
0.5011401858979853,231.65347863605237,"PGF+E2, day 88"
0.5011513509529353,231.2100121842406,"PGF+E2, day 88"
0.5011625160078854,230.78532432650525,"PGF+E2, day 88"
0.5011736810628356,230.33360841411425,"PGF+E2, day 88"
0.5011848461177857,229.8057420011693,"PGF+E2, day 88"
0.5011960111727358,229.15127495464,"PGF+E2, day 88"
0.501207176227686,228.3203672479836,"PGF+E2, day 88"
0.501218341282636,227.26559588810113,"PGF+E2, day 88"
0.5012295063375861,225.9435622836902,"PGF+E2, day 88"
0.5012406713925363,224.3162460403019,"PGF+E2, day 88"
0.5012518364474864,222.35206773784967,"PGF+E2, day 88"
0.5012630015024365,220.02664071227517,"PGF+E2, day 88"
0.5012741665573867,217.32320920836054,"PGF+E2, day 88"
0.5012853316123368,214.23278652334128,"PGF+E2, day 88"
0.5012964966672868,210.75402104685034,"PGF+E2, day 88"
0.501307661722237,206.8928296963989,"PGF+E2, day 88"
0.5013188267771871,202.66184661523138,"PGF+E2, day 88"
0.5013299918321372,198.0797398213205,"PGF+E2, day 88"
0.5013411568870874,193.17044969345326,"PGF+E2, day 88"
0.5013523219420375,187.96240089748122,"PGF+E2, day 88"
0.5013634869969876,182.48773396018953,"PGF+E2, day 88"
0.5013746520519377,176.78159473902653,"PGF+E2, day 88"
0.5013858171068878,170.88151020472813,"PGF+E2, day 88"
0.5013969821618379,164.82686803544482,"PGF+E2, day 88"
0.5014081472167881,158.65850632609818,"PGF+E2, day 88"
0.5014193122717382,152.41840904424,"PGF+E2, day 88"
0.5014304773266883,146.1494934192723,"PGF+E2, day 88"
0.5014416423816384,139.89546782872557,"PGF+E2, day 88"
0.5014528074365885,133.70073336841375,"PGF+E2, day 88"
0.5014639724915386,127.61029941096508,"PGF+E2, day 88"
0.5014751375464888,121.66968311957191,"PGF+E2, day 88"
0.5014863026014389,115.92476497088417,"PGF+E2, day 88"
0.501497467656389,110.42157655461216,"PGF+E2, day 88"
0.5015086327113392,105.2060028406488,"PGF+E2, day 88"
0.5015197977662892,100.32338822081078,"PGF+E2, day 88"
0.5015309628212393,95.81804337861202,"PGF+E2, day 88"
0.5015421278761895,91.73265785075839,"PGF+E2, day 88"
0.5015532929311396,88.10763048366005,"PGF+E2, day 88"
0.5015644579860897,84.98033640495443,"PGF+E2, day 88"
0.5015756230410399,82.38435425910166,"PGF+E2, day 88"
0.5015867880959899,80.34868105997131,"PGF+E2, day 88"
0.50159795315094,78.89696397224594,"PGF+E2, day 88"
0.5016091182058902,78.04677865137316,"PGF+E2, day 88"
0.5016202832608403,77.80898255819157,"PGF+E2, day 88"
0.5016314483157904,78.18716912169317,"PGF+E2, day 88"
0.5016426133707406,79.17724501307919,"PGF+E2, day 88"
0.5016537784256907,80.76714841865046,"PGF+E2, day 88"
0.5016649434806407,82.9367213669853,"PGF+E2, day 88"
0.5016761085355909,85.65774417067573,"PGF+E2, day 88"
0.501687273590541,88.89413513871914,"PGF+E2, day 88"
0.5016984386454911,92.60231410533441,"PGF+E2, day 88"
0.5017096037004413,96.73172413940692,"PGF+E2, day 88"
0.5017207687553914,101.22550212076398,"PGF+E2, day 88"
0.5017319338103414,106.02128570436301,"PGF+E2, day 88"
0.5017430988652916,111.05214150303767,"PGF+E2, day 88"
0.5017542639202417,116.24759702747696,"PGF+E2, day 88"
0.5017654289751918,121.53475694177082,"PGF+E2, day 88"
0.501776594030142,126.83948243052322,"PGF+E2, day 88"
0.5017877590850921,132.08761086934834,"PGF+E2, day 88"
0.5017989241400422,137.20619151248147,"PGF+E2, day 88"
0.5018100891949923,142.1247115811084,"PGF+E2, day 88"
0.5018212542499424,146.77628602727978,"PGF+E2, day 88"
0.5018324193048925,151.0987834829703,"PGF+E2, day 88"
0.5018435843598427,155.03586065057686,"PGF+E2, day 88"
0.5018547494147928,158.53787783215444,"PGF+E2, day 88"
0.5018659144697429,161.56266962676762,"PGF+E2, day 88"
0.501877079524693,164.07614721157645,"PGF+E2, day 88"
0.5018882445796431,166.05271218276604,"PGF+E2, day 88"
0.5018994096345932,167.4754667104909,"PGF+E2, day 88"
0.5019105746895434,168.33621071211223,"PGF+E2, day 88"
0.5019217397444935,168.63522371511365,"PGF+E2, day 88"
0.5019329047994436,168.3808368104843,"PGF+E2, day 88"
0.5019440698543938,167.58880823084263,"PGF+E2, day 88"
0.5019552349093438,166.28152419134062,"PGF+E2, day 88"
0.5019663999642939,164.48705421986907,"PGF+E2, day 88"
0.5019775650192441,162.23809677747278,"PGF+E2, day 88"
0.5019887300741942,159.57085605585243,"PGF+E2, day 88"
0.5019998951291443,156.52389403262615,"PGF+E2, day 88"
0.5020110601840945,153.13700286531096,"PGF+E2, day 88"
0.5020222252390446,149.4501413500357,"PGF+E2, day 88"
0.5020333902939946,145.50247545562917,"PGF+E2, day 88"
0.5020445553489448,141.33155702865864,"PGF+E2, day 88"
0.5020557204038949,136.97266697306037,"PGF+E2, day 88"
0.502066885458845,132.45833999746858,"PGF+E2, day 88"
0.5020780505137952,127.81807796921511,"PGF+E2, day 88"
0.5020892155687453,123.07824864745928,"PGF+E2, day 88"
0.5021003806236953,118.2621567466976,"PGF+E2, day 88"
0.5021115456786455,113.39026552639959,"PGF+E2, day 88"
0.5021227107335956,108.48053995770917,"PGF+E2, day 88"
0.5021338757885457,103.54887740232111,"PGF+E2, day 88"
0.5021450408434959,98.60958892952411,"PGF+E2, day 88"
0.502156205898446,93.67589399189316,"PGF+E2, day 88"
0.5021673709533961,88.76039311296533,"PGF+E2, day 88"
0.5021785360083462,83.87548727866074,"PGF+E2, day 88"
0.5021897010632963,79.03371849839579,"PGF+E2, day 88"
0.5022008661182464,74.24801303850325,"PGF+E2, day 88"
0.5022120311731966,69.53181658598237,"PGF+E2, day 88"
0.5022231962281467,64.89911852032905,"PGF+E2, day 88"
0.5022343612830968,60.364370010807036,"PGF+E2, day 88"
0.5022455263380469,55.94230734302151,"PGF+E2, day 88"
0.502256691392997,51.64769732555996,"PGF+E2, day 88"
0.5022678564479471,47.49502556737596,"PGF+E2, day 88"
0.5022790215028973,43.49815070285956,"PGF+E2, day 88"
0.5022901865578474,39.669948263830435,"PGF+E2, day 88"
0.5023013516127975,36.021966952326615,"PGF+E2, day 88"
0.5023125166677477,32.56411776052167,"PGF+E2, day 88"
0.5023236817226977,29.304412990450977,"PGF+E2, day 88"
0.5023348467776478,26.248768072476903,"PGF+E2, day 88"
0.502346011832598,23.40087451404759,"PGF+E2, day 88"
0.5023571768875481,20.762147664381562,"PGF+E2, day 88"
0.5023683419424982,18.33174856660204,"PGF+E2, day 88"
0.5023795069974484,16.10667523878104,"PGF+E2, day 88"
0.5023906720523984,14.081915475713183,"PGF+E2, day 88"
0.5024018371073485,12.25065081732348,"PGF+E2, day 88"
0.5024130021622987,10.604499743804906,"PGF+E2, day 88"
0.5024241672172488,9.133787421347137,"PGF+E2, day 88"
0.5024353322721989,7.827829374314913,"PGF+E2, day 88"
0.5024464973271491,6.675217190614687,"PGF+E2, day 88"
0.5024576623820992,5.664095642350298,"PGF+E2, day 88"
0.5024688274370492,4.782422271308011,"PGF+E2, day 88"
0.5024799924919994,4.01820239413316,"PGF+E2, day 88"
0.5024911575469495,3.3596944796512913,"PGF+E2, day 88"
0.5025023226018996,2.795582811153503,"PGF+E2, day 88"
0.5025134876568498,2.315116165046956,"PGF+E2, day 88"
0.5025246527117999,1.9082128337311803,"PGF+E2, day 88"
0.50253581776675,1.565533643658289,"PGF+E2, day 88"
0.5025469828217001,1.278525642874978,"PGF+E2, day 88"
0.5025581478766502,1.0394398528852569,"PGF+E2, day 88"
0.5025693129316003,0.8413269133174058,"PGF+E2, day 88"
0.5025804779865505,0.6780146244858951,"PGF+E2, day 88"
0.5025916430415006,0.5440713524713208,"PGF+E2, day 88"
0.5026028080964507,0.434759048085376,"PGF+E2, day 88"
0.5026139731514008,0.3459792910413028,"PGF+E2, day 88"
0.5026251382063509,0.27421534737546543,"PGF+E2, day 88"
0.502636303261301,0.21647276095272588,"PGF+E2, day 88"
0.5026474683162512,0.17022052191318637,"PGF+E2, day 88"
0.5026586333712013,0.13333439277900258,"PGF+E2, day 88"
0.5026697984261514,0.10404354610870048,"PGF+E2, day 88"
0.5026809634811016,0.08088128919462849,"PGF+E2, day 88"
0.5026921285360516,0.06264032856378629,"PGF+E2, day 88"
0.5027032935910017,0.0483327623708546,"PGF+E2, day 88"
0.5027144586459519,0.03715478076433321,"PGF+E2, day 88"
0.502725623700902,0.028455898780116718,"PGF+E2, day 88"
0.5027367887558521,0.021712437325503358,"PGF+E2, day 88"
0.5027479538108023,0.01650489840240862,"PGF+E2, day 88"
0.5027591188657523,0.012498843671890506,"PGF+E2, day 88"
0.5027702839207024,0.009428873774742138,"PGF+E2, day 88"
0.5027814489756526,0.007085313077732111,"PGF+E2, day 88"
0.5027926140306027,0.005303225091737895,"PGF+E2, day 88"
0.4972212516104937,1.1018402181980658,"PGF, day 88"
0.4972324166654438,1.3672421642856067,"PGF, day 88"
0.4972435817203939,1.68834953166865,"PGF, day 88"
0.49725474677534404,2.0747937867150616,"PGF, day 88"
0.49726591183029417,2.537399055483778,"PGF, day 88"
0.49727707688524425,3.088229031112062,"PGF, day 88"
0.4972882419401944,3.7406130350927373,"PGF, day 88"
0.4972994069951445,4.509145994504715,"PGF, day 88"
0.49731057205009466,5.409656888636264,"PGF, day 88"
0.49732173710504474,6.459140171663816,"PGF, day 88"
0.49733290215999487,7.675644826318462,"PGF, day 88"
0.497344067214945,9.078116076808843,"PGF, day 88"
0.4973552322698951,10.686185414617297,"PGF, day 88"
0.4973663973248452,12.519905488206572,"PGF, day 88"
0.49737756237979536,14.59942759078119,"PGF, day 88"
0.49738872743474544,16.944620953490205,"PGF, day 88"
0.49739989248969557,19.574634807766927,"PGF, day 88"
0.4974110575446457,22.507406202115003,"PGF, day 88"
0.49742222259959584,25.75911881454367,"PGF, day 88"
0.4974333876545459,29.34362044539693,"PGF, day 88"
0.49744455270949606,33.27180944800586,"PGF, day 88"
0.4974557177644462,37.55100297979555,"PGF, day 88"
0.49746688281939627,42.18430254645153,"PGF, day 88"
0.4974780478743464,47.169974760800024,"PGF, day 88"
0.49748921292929654,52.50086743187504,"PGF, day 88"
0.4975003779842466,58.16388291330828,"PGF, day 88"
0.49751154303919676,64.13953194030064,"PGF, day 88"
0.4975227080941469,70.40159184025124,"PGF, day 88"
0.497533873149097,76.91689288666143,"PGF, day 88"
0.4975450382040471,83.64525556162663,"PGF, day 88"
0.49755620325899724,90.5395995067831,"PGF, day 88"
0.4975673683139474,97.54624191154953,"PGF, day 88"
0.49757853336889746,104.60539898151636,"PGF, day 88"
0.4975896984238476,111.6518989738962,"PGF, day 88"
0.49760086347879773,118.61610915211031,"PGF, day 88"
0.4976120285337478,125.42507203593254,"PGF, day 88"
0.49762319358869794,132.00383869745963,"PGF, day 88"
0.4976343586436481,138.2769788332461,"PGF, day 88"
0.49764552369859816,144.17023923489631,"PGF, day 88"
0.4976566887535483,149.61231442885722,"PGF, day 88"
0.49766785380849843,154.53668603784158,"PGF, day 88"
0.49767901886344856,158.8834812121327,"PGF, day 88"
0.49769018391839864,162.6012956539591,"PGF, day 88"
0.4977013489733488,165.6489236463702,"PGF, day 88"
0.4977125140282989,167.99693636793998,"PGF, day 88"
0.497723679083249,169.62905082073146,"PGF, day 88"
0.49773484413819913,170.5432350147891,"PGF, day 88"
0.49774600919314926,170.75250062930448,"PGF, day 88"
0.49775717424809934,170.28534208552924,"PGF, day 88"
0.4977683393030495,169.1857905886595,"PGF, day 88"
0.4977795043579996,167.51306289735595,"PGF, day 88"
0.4977906694129497,165.34079694868498,"PGF, day 88"
0.49780183446789983,162.75587953287348,"PGF, day 88"
0.49781299952284996,159.8568844713445,"PGF, day 88"
0.4978241645778001,156.7521526896581,"PGF, day 88"
0.4978353296327502,153.5575577018601,"PGF, day 88"
0.4978464946877003,150.39401088181012,"PGF, day 88"
0.49785765974265045,147.38477010260823,"PGF, day 88"
0.49786882479760053,144.65262256229036,"PGF, day 88"
0.49787998985255066,142.31701765466624,"PGF, day 88"
0.4978911549075008,140.49122844281,"PGF, day 88"
0.4979023199624509,139.27962058739868,"PGF, day 88"
0.497913485017401,138.77510548722287,"PGF, day 88"
0.49792465007235115,139.05684998261137,"PGF, day 88"
0.4979358151273013,140.18830839036187,"PGF, day 88"
0.49794698018225136,142.2156340642446,"PGF, day 88"
0.4979581452372015,145.16651733140017,"PGF, day 88"
0.49796931029215163,149.04948480258722,"PGF, day 88"
0.4979804753471017,153.85368198989693,"PGF, day 88"
0.49799164040205185,159.54914722019785,"PGF, day 88"
0.498002805457002,166.0875703758796,"PGF, day 88"
0.49801397051195206,173.40351543474756,"PGF, day 88"
0.4980251355669022,181.41607155826298,"PGF, day 88"
0.49803630062185233,190.0308840648268,"PGF, day 88"
0.4980474656768024,199.142504512255,"PGF, day 88"
0.49805863073175255,208.63698878600238,"PGF, day 88"
0.4980697957867027,218.39466401450764,"PGF, day 88"
0.4980809608416528,228.29297972510446,"PGF, day 88"
0.4980921258966029,238.20935624196287,"PGF, day 88"
0.49810329095155303,248.0239441404528,"PGF, day 88"
0.49811445600650317,257.6222126913785,"PGF, day 88"
0.49812562106145325,266.8972925898658,"PGF, day 88"
0.4981367861164034,275.75200862420644,"PGF, day 88"
0.4981479511713535,284.10055090037145,"PGF, day 88"
0.4981591162263036,291.86974823888426,"PGF, day 88"
0.49817028128125374,298.9999237095382,"PGF, day 88"
0.49818144633620387,305.4453291861866,"PGF, day 88"
0.498192611391154,311.1741724538568,"PGF, day 88"
0.4982037764461041,316.1682659467952,"PGF, day 88"
0.4982149415010542,320.4223398614641,"PGF, day 88"
0.49822610655600436,323.9430734894363,"PGF, day 88"
0.49823727161095444,326.74790662105613,"PGF, day 88"
0.49824843666590457,328.8636974248871,"PGF, day 88"
0.4982596017208547,330.3252941613629,"PGF, day 88"
0.4982707667758048,331.1740855001955,"PGF, day 88"
0.4982819318307549,331.45658834286223,"PGF, day 88"
0.49829309688570506,331.223123355159,"PGF, day 88"
0.49830426194065514,330.5266174942436,"PGF, day 88"
0.49831542699560527,329.42156038976856,"PGF, day 88"
0.4983265920505554,327.9631283002497,"PGF, day 88"
0.49833775710550554,326.20647632470155,"PGF, day 88"
0.4983489221604556,324.20618739212523,"PGF, day 88"
0.49836008721540576,322.0158559931951,"PGF, day 88"
0.4983712522703559,319.68777626718435,"PGF, day 88"
0.49838241732530597,317.27269837992384,"PGF, day 88"
0.4983935823802561,314.81961443191955,"PGF, day 88"
0.49840474743520624,312.3755355481451,"PGF, day 88"
0.4984159124901563,309.9852252701226,"PGF, day 88"
0.49842707754510646,307.6908606677177,"PGF, day 88"
0.4984382426000566,305.5316013151751,"PGF, day 88"
0.49844940765500667,303.5430568894095,"PGF, day 88"
0.4984605727099568,301.75665598440827,"PGF, day 88"
0.49847173776490694,300.19893103838285,"PGF, day 88"
0.4984829028198571,298.89074623472175,"PGF, day 88"
0.49849406787480716,297.84650604992567,"PGF, day 88"
0.4985052329297573,297.07339100202904,"PGF, day 88"
0.4985163979847074,296.5706734066731,"PGF, day 88"
0.4985275630396575,296.3291690066603,"PGF, day 88"
0.49853872809460764,296.33087980769733,"PGF, day 88"
0.4985498931495578,296.54887913432844,"PGF, day 88"
0.49856105820450786,296.94748185319185,"PGF, day 88"
0.498572223259458,297.48273117454823,"PGF, day 88"
0.4985833883144081,298.1032189556304,"PGF, day 88"
0.49859455336935826,298.75123972984295,"PGF, day 88"
0.49860571842430834,299.3642606969885,"PGF, day 88"
0.4986168834792585,299.8766716888824,"PGF, day 88"
0.4986280485342086,300.2217617976771,"PGF, day 88"
0.4986392135891587,300.3338540444926,"PGF, day 88"
0.4986503786441088,300.1505172151818,"PGF, day 88"
0.49866154369905896,299.61476568595674,"PGF, day 88"
0.49867270875400904,298.67715436735267,"PGF, day 88"
0.4986838738089592,297.29767719796973,"PGF, day 88"
0.4986950388639093,295.4473839936114,"PGF, day 88"
0.4987062039188594,293.1096416500931,"PGF, day 88"
0.4987173689738095,290.2809811398175,"PGF, day 88"
0.49872853402875966,286.9714905791792,"PGF, day 88"
0.4987396990837098,283.2047357922371,"PGF, day 88"
0.4987508641386599,279.01721201593574,"PGF, day 88"
0.49876202919361,274.4573523679144,"PGF, day 88"
0.49877319424856015,269.5841391333614,"PGF, day 88"
0.4987843593035102,264.46538162846906,"PGF, day 88"
0.49879552435846036,259.17573836144453,"PGF, day 88"
0.4988066894134105,253.79457068386654,"PGF, day 88"
0.4988178544683606,248.40371965410506,"PGF, day 88"
0.4988290195233107,243.08529729864918,"PGF, day 88"
0.49884018457826085,237.91957805896445,"PGF, day 88"
0.498851349633211,232.98306646182974,"PGF, day 88"
0.49886251468816106,228.3468037267733,"PGF, day 88"
0.4988736797431112,224.07496009820264,"PGF, day 88"
0.49888484479806133,220.22374227014694,"PGF, day 88"
0.4988960098530114,216.8406275076799,"PGF, day 88"
0.49890717490796155,213.9639190831349,"PGF, day 88"
0.4989183399629117,211.62260244388096,"PGF, day 88"
0.49892950501786176,209.83646894629538,"PGF, day 88"
0.4989406700728119,208.61646463724813,"PGF, day 88"
0.49895183512776203,207.96521578925197,"PGF, day 88"
0.4989630001827121,207.87768078028435,"PGF, day 88"
0.49897416523766225,208.34187927429758,"PGF, day 88"
0.4989853302926124,209.33965408731817,"PGF, day 88"
0.4989964953475625,210.8474280103405,"PGF, day 88"
0.4990076604025126,212.83692645971374,"PGF, day 88"
0.49901882545746273,215.27584632049977,"PGF, day 88"
0.49902999051241287,218.128460912194,"PGF, day 88"
0.49904115556736295,221.35615986871053,"PGF, day 88"
0.4990523206223131,224.9179302251142,"PGF, day 88"
0.4990634856772632,228.77079063944976,"PGF, day 88"
0.4990746507322133,232.87019413421186,"PGF, day 88"
0.49908581578716343,237.17041590401573,"PGF, day 88"
0.49909698084211357,241.6249416933599,"PGF, day 88"
0.4991081458970637,246.186869273606,"PGF, day 88"
0.4991193109520138,250.80933106424652,"PGF, day 88"
0.4991304760069639,255.4459404882769,"PGF, day 88"
0.49914164106191405,260.0512588192675,"PGF, day 88"
0.49915280611686413,264.5812736766017,"PGF, day 88"
0.49916397117181427,268.99387551611943,"PGF, day 88"
0.4991751362267644,273.2493149234755,"PGF, day 88"
0.4991863012817145,277.310621597634,"PGF, day 88"
0.4991974663366646,281.1439658102561,"PGF, day 88"
0.49920863139161475,284.71894488220784,"PGF, day 88"
0.49921979644656483,288.0087807057336,"PGF, day 88"
0.49923096150151497,290.9904192850026,"PGF, day 88"
0.4992421265564651,293.64452927426976,"PGF, day 88"
0.49925329161141524,295.955403076774,"PGF, day 88"
0.4992644566663653,297.91077069411307,"PGF, day 88"
0.49927562172131545,299.5015426489982,"PGF, day 88"
0.4992867867762656,300.7215034406883,"PGF, day 88"
0.49929795183121567,301.56698070727066,"PGF, day 88"
0.4993091168861658,302.03651724167264,"PGF, day 88"
0.49932028194111594,302.1305730507463,"PGF, day 88"
0.499331446996066,301.8512827118356,"PGF, day 88"
0.49934261205101615,301.20228946742543,"PGF, day 88"
0.4993537771059663,300.1886720416422,"PGF, day 88"
0.4993649421609164,298.8169734164536,"PGF, day 88"
0.4993761072158665,297.0953332185501,"PGF, day 88"
0.49938727227081664,295.0337174488537,"PGF, day 88"
0.4993984373257668,292.6442315711929,"PGF, day 88"
0.49940960238071685,289.9414959881942,"PGF, day 88"
0.499420767435667,286.9430571500639,"PGF, day 88"
0.4994319324906171,283.6698033642606,"PGF, day 88"
0.4994430975455672,280.1463520951002,"PGF, day 88"
0.49945426260051734,276.4013753329551,"PGF, day 88"
0.4994654276554675,272.4678315059664,"PGF, day 88"
0.49947659271041756,268.3830762987877,"PGF, day 88"
0.4994877577653677,264.18883039986787,"PGF, day 88"
0.4994989228203178,259.93098926953695,"PGF, day 88"
0.49951008787526796,255.6592680639731,"PGF, day 88"
0.49952125293021804,251.42668336214192,"PGF, day 88"
0.4995324179851682,247.28888178902687,"PGF, day 88"
0.4995435830401183,243.30333348500577,"PGF, day 88"
0.4995547480950684,239.52841515297166,"PGF, day 88"
0.4995659131500185,236.02241271676903,"PGF, day 88"
0.49957707820496866,232.84247714048195,"PGF, day 88"
0.49958824325991874,230.04356850835455,"PGF, day 88"
0.4995994083148689,227.67742300703267,"PGF, day 88"
0.499610573369819,225.79157507854288,"PGF, day 88"
0.49962173842476915,224.4284629503418,"PGF, day 88"
0.4996329034797192,223.624640339313,"PGF, day 88"
0.49964406853466936,223.41011079716066,"PGF, day 88"
0.4996552335896195,223.80779440254588,"PGF, day 88"
0.4996663986445696,224.83312981557296,"PGF, day 88"
0.4996775636995197,226.4938085815746,"PGF, day 88"
0.49968872875446985,228.78963343545306,"PGF, day 88"
0.4996998938094199,231.71248856030107,"PGF, day 88"
0.49971105886437006,235.24640752352096,"PGF, day 88"
0.4997222239193202,239.3677240468075,"PGF, day 88"
0.4997333889742703,244.04529182077388,"PGF, day 88"
0.4997445540292204,249.24076206813504,"PGF, day 88"
0.49975571908417055,254.90891118875962,"PGF, day 88"
0.4997668841391207,260.9980151835944,"PGF, day 88"
0.49977804919407076,267.4502721800761,"PGF, day 88"
0.4997892142490209,274.20227877319235,"PGF, day 88"
0.49980037930397103,281.18556956218407,"PGF, day 88"
0.4998115443589211,288.3272317691965,"PGF, day 88"
0.49982270941387125,295.5506078188098,"PGF, day 88"
0.4998338744688214,302.7760980061874,"PGF, day 88"
0.49984503952377146,309.92207279268007,"PGF, day 88"
0.4998562045787216,316.905899892625,"PGF, day 88"
0.49986736963367173,323.64508535989427,"PGF, day 88"
0.49987853468862187,330.0585206863036,"PGF, day 88"
0.49988969974357195,336.06781993525397,"PGF, day 88"
0.4999008647985221,341.5987226910558,"PGF, day 88"
0.4999120298534722,346.58253068057184,"PGF, day 88"
0.4999231949084223,350.95753890288523,"PGF, day 88"
0.49993435996337243,354.6704165215323,"PGF, day 88"
0.49994552501832257,357.67748909924245,"PGF, day 88"
0.49995669007327265,359.945872340067,"PGF, day 88"
0.4999678551282228,361.4544085663362,"PGF, day 88"
0.4999790201831729,362.194360771446,"PGF, day 88"
0.499990185238123,362.16982517213745,"PGF, day 88"
0.5000013502930731,361.3978315088318,"PGF, day 88"
0.5000125153480233,359.9081105561862,"PGF, day 88"
0.5000236804029734,357.7425199478606,"PGF, day 88"
0.5000348454579235,354.9541319564217,"PGF, day 88"
0.5000460105128736,351.60599972608566,"PGF, day 88"
0.5000571755678237,347.7696310486301,"PGF, day 88"
0.5000683406227738,343.52321054193396,"PGF, day 88"
0.500079505677724,338.94962152139476,"PGF, day 88"
0.5000906707326741,334.1343275097472,"PGF, day 88"
0.5001018357876242,329.16317984956805,"PGF, day 88"
0.5001130008425744,324.1202220031855,"PGF, day 88"
0.5001241658975244,319.08556267663585,"PGF, day 88"
0.5001353309524745,314.1333888113602,"PGF, day 88"
0.5001464960074247,309.3301857630862,"PGF, day 88"
0.5001576610623748,304.7332257218345,"PGF, day 88"
0.5001688261173249,300.3893767964053,"PGF, day 88"
0.5001799911722751,296.3342744264944,"PGF, day 88"
0.5001911562272251,292.59188420941945,"PGF, day 88"
0.5002023212821752,289.1744712101476,"PGF, day 88"
0.5002134863371254,286.0829758052214,"PGF, day 88"
0.5002246513920755,283.30778059271677,"PGF, day 88"
0.5002358164470256,280.8298374457202,"PGF, day 88"
0.5002469815019758,278.62210899763215,"PGF, day 88"
0.5002581465569259,276.65126536444774,"PGF, day 88"
0.5002693116118759,274.87956537690957,"PGF, day 88"
0.5002804766668261,273.2668426391194,"PGF, day 88"
0.5002916417217762,271.7725109191935,"PGF, day 88"
0.5003028067767263,270.35750118314087,"PGF, day 88"
0.5003139718316765,268.9860443440336,"PGF, day 88"
0.5003251368866266,267.62721967430065,"PGF, day 88"
0.5003363019415767,266.25619877667356,"PGF, day 88"
0.5003474669965268,264.855128756044,"PGF, day 88"
0.5003586320514769,263.4136152720226,"PGF, day 88"
0.500369797106427,261.9287857456473,"PGF, day 88"
0.5003809621613772,260.4049342049662,"PGF, day 88"
0.5003921272163273,258.85277099006095,"PGF, day 88"
0.5004032922712774,257.2883216017061,"PGF, day 88"
0.5004144573262275,255.73153814755287,"PGF, day 88"
0.5004256223811776,254.2047029418462,"PGF, day 88"
0.5004367874361277,252.73071580757588,"PGF, day 88"
0.5004479524910779,251.3313636771591,"PGF, day 88"
0.500459117546028,250.02567262873418,"PGF, day 88"
0.5004702826009781,248.82843828825577,"PGF, day 88"
0.5004814476559283,247.7490206863015,"PGF, day 88"
0.5004926127108783,246.79047465201498,"PGF, day 88"
0.5005037777658284,245.94906746261552,"PGF, day 88"
0.5005149428207786,245.21421284780422,"PGF, day 88"
0.5005261078757287,244.56882590419107,"PGF, day 88"
0.5005372729306788,243.99007848340466,"PGF, day 88"
0.500548437985629,243.45051070544173,"PGF, day 88"
0.500559603040579,242.9194328958373,"PGF, day 88"
0.5005707680955291,242.3645347837081,"PGF, day 88"
0.5005819331504793,241.75360632505019,"PGF, day 88"
0.5005930982054294,241.05626781983193,"PGF, day 88"
0.5006042632603795,240.2456064996244,"PGF, day 88"
0.5006154283153297,239.29962250988115,"PGF, day 88"
0.5006265933702798,238.20239884026125,"PGF, day 88"
0.5006377584252298,236.94492653970468,"PGF, day 88"
0.50064892348018,235.52553744013818,"PGF, day 88"
0.5006600885351301,233.9499203004958,"PGF, day 88"
0.5006712535900802,232.2307212975746,"PGF, day 88"
0.5006824186450304,230.38675458730245,"PGF, day 88"
0.5006935836999805,228.44187171658203,"PGF, day 88"
0.5007047487549305,226.42355858297012,"PGF, day 88"
0.5007159138098807,224.3613442252095,"PGF, day 88"
0.5007270788648308,222.28511607302582,"PGF, day 88"
0.500738243919781,220.22344081342527,"PGF, day 88"
0.5007494089747311,218.2019885385901,"PGF, day 88"
0.5007605740296812,216.2421504932419,"PGF, day 88"
0.5007717390846314,214.35992806704317,"PGF, day 88"
0.5007829041395814,212.56515352959644,"PGF, day 88"
0.5007940691945315,210.8610824954814,"PGF, day 88"
0.5008052342494816,209.24437553870797,"PGF, day 88"
0.5008163993044318,207.70546315746486,"PGF, day 88"
0.5008275643593819,206.22926584738866,"PGF, day 88"
0.500838729414332,204.79622072261657,"PGF, day 88"
0.5008498944692822,203.38354912241502,"PGF, day 88"
0.5008610595242322,201.96668691941971,"PGF, day 88"
0.5008722245791823,200.52079148071033,"PGF, day 88"
0.5008833896341325,199.02223678026047,"PGF, day 88"
0.5008945546890826,197.45001103662278,"PGF, day 88"
0.5009057197440328,195.78693914038303,"PGF, day 88"
0.5009168847989829,194.02066442274608,"PGF, day 88"
0.5009280498539329,192.1443401267629,"PGF, day 88"
0.500939214908883,190.15699920757814,"PGF, day 88"
0.5009503799638332,188.0635906201169,"PGF, day 88"
0.5009615450187833,185.87468982071832,"PGF, day 88"
0.5009727100737335,183.60590962498418,"PGF, day 88"
0.5009838751286836,181.27705374796128,"PGF, day 88"
0.5009950401836337,178.9110684075557,"PGF, day 88"
0.5010062052385837,176.53285662813005,"PGF, day 88"
0.5010173702935339,174.1680249331115,"PGF, day 88"
0.501028535348484,171.84163283818845,"PGF, day 88"
0.5010397004034342,169.5770120982462,"PGF, day 88"
0.5010508654583843,167.39471542955394,"PGF, day 88"
0.5010620305133344,165.3116440434854,"PGF, day 88"
0.5010731955682844,163.3403905821319,"PGF, day 88"
0.5010843606232346,161.48881983937753,"PGF, day 88"
0.5010955256781847,159.7598949325886,"PGF, day 88"
0.5011066907331349,158.15174229131836,"PGF, day 88"
0.501117855788085,156.65793581186074,"PGF, day 88"
0.5011290208430351,155.26796952169403,"PGF, day 88"
0.5011401858979853,153.96787967597595,"PGF, day 88"
0.5011513509529353,152.7409717436955,"PGF, day 88"
0.5011625160078854,151.56860540089448,"PGF, day 88"
0.5011736810628356,150.43099139176582,"PGF, day 88"
0.5011848461177857,149.30795770722287,"PGF, day 88"
0.5011960111727358,148.17964855788392,"PGF, day 88"
0.501207176227686,147.02712753693484,"PGF, day 88"
0.501218341282636,145.83286553742278,"PGF, day 88"
0.5012295063375861,144.5811037154691,"PGF, day 88"
0.5012406713925363,143.25809138075218,"PGF, day 88"
0.5012518364474864,141.85220749425145,"PGF, day 88"
0.5012630015024365,140.3539818923082,"PGF, day 88"
0.5012741665573867,138.7560379825588,"PGF, day 88"
0.5012853316123368,137.05298216458803,"PGF, day 88"
0.5012964966672868,135.24126646825675,"PGF, day 88"
0.501307661722237,133.31904989272428,"PGF, day 88"
0.5013188267771871,131.2860808460165,"PGF, day 88"
0.5013299918321372,129.14361824535487,"PGF, day 88"
0.5013411568870874,126.89440267960444,"PGF, day 88"
0.5013523219420375,124.5426820729986,"PGF, day 88"
0.5013634869969876,122.09428908858686,"PGF, day 88"
0.5013746520519377,119.55676063772229,"PGF, day 88"
0.5013858171068878,116.93948385009983,"PGF, day 88"
0.5013969821618379,114.25384816744936,"PGF, day 88"
0.5014081472167881,111.51338020594477,"PGF, day 88"
0.5014193122717382,108.73383691884246,"PGF, day 88"
0.5014304773266883,105.93323346574272,"PGF, day 88"
0.5014416423816384,103.13178500286439,"PGF, day 88"
0.5014528074365885,100.35174615384919,"PGF, day 88"
0.5014639724915386,97.61713788804744,"PGF, day 88"
0.5014751375464888,94.95335850806934,"PGF, day 88"
0.5014863026014389,92.38668295583837,"PGF, day 88"
0.501497467656389,89.94366217320554,"PGF, day 88"
0.5015086327113392,87.65044129636803,"PGF, day 88"
0.5015197977662892,85.53202155489451,"PGF, day 88"
0.5015309628212393,83.61149548797208,"PGF, day 88"
0.5015421278761895,81.90928817848534,"PGF, day 88"
0.5015532929311396,80.4424384440586,"PGF, day 88"
0.5015644579860897,79.22395324213441,"PGF, day 88"
0.5015756230410399,78.26226598853711,"PGF, day 88"
0.5015867880959899,77.56082521982619,"PGF, day 88"
0.50159795315094,77.11783431133948,"PGF, day 88"
0.5016091182058902,76.9261561398658,"PGF, day 88"
0.5016202832608403,76.97338905362348,"PGF, day 88"
0.5016314483157904,77.24211271639612,"PGF, day 88"
0.5016426133707406,77.71029476340613,"PGF, day 88"
0.5016537784256907,78.35184215908251,"PGF, day 88"
0.5016649434806407,79.13727504963326,"PGF, day 88"
0.5016761085355909,80.0344960584848,"PGF, day 88"
0.501687273590541,81.00962459990568,"PGF, day 88"
0.5016984386454911,82.02786401383882,"PGF, day 88"
0.5017096037004413,83.0543691829142,"PGF, day 88"
0.5017207687553914,84.0550837173948,"PGF, day 88"
0.5017319338103414,84.99751863218894,"PGF, day 88"
0.5017430988652916,85.85144846443006,"PGF, day 88"
0.5017542639202417,86.58950570331262,"PGF, day 88"
0.5017654289751918,87.18765990166854,"PGF, day 88"
0.501776594030142,87.62557356884706,"PGF, day 88"
0.5017877590850921,87.88683257358875,"PGF, day 88"
0.5017989241400422,87.95905400710909,"PGF, day 88"
0.5018100891949923,87.83387901270461,"PGF, day 88"
0.5018212542499424,87.50686178356266,"PGF, day 88"
0.5018324193048925,86.9772686430247,"PGF, day 88"
0.5018435843598427,86.24780280642588,"PGF, day 88"
0.5018547494147928,85.3242711115937,"PGF, day 88"
0.5018659144697429,84.21520879432111,"PGF, day 88"
0.501877079524693,82.93147742861686,"PGF, day 88"
0.5018882445796431,81.48584963977434,"PGF, day 88"
0.5018994096345932,79.89259234066274,"PGF, day 88"
0.5019105746895434,78.16705824437837,"PGF, day 88"
0.5019217397444935,76.32529345812848,"PGF, day 88"
0.5019329047994436,74.38366721340971,"PGF, day 88"
0.5019440698543938,72.35852834108185,"PGF, day 88"
0.5019552349093438,70.26589200711393,"PGF, day 88"
0.5019663999642939,68.12115948300031,"PGF, day 88"
0.5019775650192441,65.93887328458656,"PGF, day 88"
0.5019887300741942,63.732509784836715,"PGF, day 88"
0.5019998951291443,61.514311281216756,"PGF, day 88"
0.5020110601840945,59.29515935513813,"PGF, day 88"
0.5020222252390446,57.0844910901973,"PGF, day 88"
0.5020333902939946,54.890259228832015,"PGF, day 88"
0.5020445553489448,52.718936589370905,"PGF, day 88"
0.5020557204038949,50.57556402508108,"PGF, day 88"
0.502066885458845,48.46383991219239,"PGF, day 88"
0.5020780505137952,46.38624767870228,"PGF, day 88"
0.5020892155687453,44.34421633113365,"PGF, day 88"
0.5021003806236953,42.338307430141434,"PGF, day 88"
0.5021115456786455,40.36842064127164,"PGF, day 88"
0.5021227107335956,38.43400897368712,"PGF, day 88"
0.5021338757885457,36.53429422442234,"PGF, day 88"
0.5021450408434959,34.66847304898155,"PGF, day 88"
0.502156205898446,32.83590451657652,"PGF, day 88"
0.5021673709533961,31.036270976198463,"PGF, day 88"
0.5021785360083462,29.269705508191567,"PGF, day 88"
0.5021897010632963,27.536881076507196,"PGF, day 88"
0.5022008661182464,25.83905860998992,"PGF, day 88"
0.5022120311731966,24.178093484598083,"PGF, day 88"
0.5022231962281467,22.556402105242405,"PGF, day 88"
0.5022343612830968,20.97689234837833,"PGF, day 88"
0.5022455263380469,19.442863396571855,"PGF, day 88"
0.502256691392997,17.957881869238214,"PGF, day 88"
0.5022678564479471,16.525642059156517,"PGF, day 88"
0.5022790215028973,15.14981848639109,"PGF, day 88"
0.5022901865578474,13.833918884647101,"PGF, day 88"
0.5023013516127975,12.581145175518246,"PGF, day 88"
0.5023125166677477,11.394269031963521,"PGF, day 88"
0.5023236817226977,10.275527372554333,"PGF, day 88"
0.5023348467776478,9.226541665834167,"PGF, day 88"
0.502346011832598,8.248263368086631,"PGF, day 88"
0.5023571768875481,7.340946271717592,"PGF, day 88"
0.5023683419424982,6.50414510060881,"PGF, day 88"
0.5023795069974484,5.736738429140242,"PGF, day 88"
0.5023906720523984,5.036972981021235,"PGF, day 88"
0.5024018371073485,4.40252561692313,"PGF, day 88"
0.5024130021622987,3.8305788592146617,"PGF, day 88"
0.5024241672172488,3.317905619713786,"PGF, day 88"
0.5024353322721989,2.8609588684365423,"PGF, day 88"
0.5024464973271491,2.4559622691273115,"PGF, day 88"
0.5024576623820992,2.0989982649746857,"PGF, day 88"
0.5024688274370492,1.7860906744050218,"PGF, day 88"
0.5024799924919994,1.5132795014969074,"PGF, day 88"
0.5024911575469495,1.2766863311882815,"PGF, day 88"
0.5025023226018996,1.0725693246874233,"PGF, day 88"
0.5025134876568498,0.8973674225921872,"PGF, day 88"
0.5025246527117999,0.7477338775296268,"PGF, day 88"
0.50253581776675,0.6205596596703469,"PGF, day 88"
0.5025469828217001,0.5129876003192122,"PGF, day 88"
0.5025581478766502,0.4224183614890319,"PGF, day 88"
0.5025693129316003,0.34650944942677503,"PGF, day 88"
0.5025804779865505,0.2831685382210245,"PGF, day 88"
0.5025916430415006,0.2305423496085266,"PGF, day 88"
0.5026028080964507,0.18700226170337547,"PGF, day 88"
0.5026139731514008,0.15112770766217867,"PGF, day 88"
0.5026251382063509,0.12168828927584836,"PGF, day 88"
0.502636303261301,0.09762538256077065,"PGF, day 88"
0.5026474683162512,0.07803386288979604,"PGF, day 88"
0.5026586333712013,0.06214443413313175,"PGF, day 88"
0.5026697984261514,0.049306915395952174,"PGF, day 88"
0.5026809634811016,0.0389747239505468,"PGF, day 88"
0.5026921285360516,0.030690695712858856,"PGF, day 88"
0.5027032935910017,0.02407430548823007,"PGF, day 88"
0.5027144586459519,0.018810287464912107,"PGF, day 88"
0.502725623700902,0.014638610526034258,"PGF, day 88"
0.5027367887558521,0.011345730883424323,"PGF, day 88"
0.5027479538108023,0.00875702406574453,"PGF, day 88"
0.5027591188657523,0.006730287177628181,"PGF, day 88"
0.5027702839207024,0.005150198457953805,"PGF, day 88"
0.5027814489756526,0.003923622606875626,"PGF, day 88"
0.5027926140306027,0.002975655495870181,"PGF, day 88"
