candidate,n_samples,mi_mean_nats,mi_sd_nats,n_repeats
all_species_day_55,500,0.6459028884721978,0.015276058190607279,20
all_species_day_55,1000,0.7606546650997471,0.008725694695211554,20
all_species_day_55,2000,0.8641575279059831,0.005484363992095047,20
all_species_day_55,4000,0.9710683997800306,0.005296582053669997,20
all_species_day_55,6000,1.0285006103225887,0.0029453261324257117,20
all_species_day_55,7874,1.0652597061583315,8.881784197001252e-16,20
FSH_day_55,500,0.16878493412135237,0.024649274738888317,20
FSH_day_55,1000,0.16711678335638372,0.015031477013141224,20
FSH_day_55,2000,0.16712735783928698,0.014090548142316833,20
FSH_day_55,4000,0.16747435774294006,0.010672114348487994,20
FSH_day_55,6000,0.16294292174464112,0.0065179903433964965,20
FSH_day_55,7874,0.16474749148354215,3.9724629357497496e-16,20
PGF_day_55,500,0.011899816455017077,0.013404450010253558,20
PGF_day_55,1000,0.009265945267551423,0.010618164709412431,20
PGF_day_55,2000,0.01009585580302117,0.012209977947630896,20
PGF_day_55,4000,0.005644958141819511,0.006871438819976632,20
PGF_day_55,6000,0.004041165515348766,0.0038539388833604598,20
PGF_day_55,7874,0.002472767959236677,0.0,20
P4_day_55,500,0.26979888316406486,0.03582337271258344,20
P4_day_55,1000,0.28266575515782916,0.025054489757798035,20
P4_day_55,2000,0.2738070660922111,0.01318644372844756,20
P4_day_55,4000,0.2748181112288316,0.009728451566887873,20
P4_day_55,6000,0.2715495653756368,0.007384786049414131,20
P4_day_55,7874,0.27105666641405046,7.293573360065267e-16,20
E2_day_55,500,0.1999044815547013,0.030282871300344013,20
E2_day_55,1000,0.19646183336927442,0.02133272975923854,20
E2_day_55,2000,0.19073155827122878,0.013685464727464257,20
E2_day_55,4000,0.19240435025891572,0.011953423727523317,20
E2_day_55,6000,0.19172794689086495,0.006781446448386916,20
E2_day_55,7874,0.19197099662065337,1.0430375909640913e-15,20
INH_day_55,500,0.1613904752430512,0.024388836237063477,20
INH_day_55,1000,0.1546009790213793,0.01614873832250056,20
INH_day_55,2000,0.14977924428205255,0.019271435063246065,20
INH_day_55,4000,0.15557595505903307,0.008047146146839393,20
INH_day_55,6000,0.15784632110274047,0.005163159656045861,20
INH_day_55,7874,0.15998827565531543,6.508636539076828e-16,20
IGF1_day_55,500,0.008876766581982531,0.013121788898404076,20
IGF1_day_55,1000,0.015341244574679091,0.01564733259997366,20
IGF1_day_55,2000,0.013132416727798812,0.012144792293301388,20
IGF1_day_55,4000,0.008717632452856172,0.007021623503070014,20
IGF1_day_55,6000,0.005836192243069416,0.003941887549907214,20
IGF1_day_55,7874,0.0015766517452084016,8.351761036539184e-16,20
Insulin_day_55,500,0.3996954671926293,0.0413975584180003,20
Insulin_day_55,1000,0.40413661412461843,0.03031051536659036,20
Insulin_day_55,2000,0.4005589545569294,0.01409722934059473,20
Insulin_day_55,4000,0.4088848904634008,0.007282096671059034,20
Insulin_day_55,6000,0.40691825967275363,0.008510751765583012,20
Insulin_day_55,7874,0.40239601866540625,6.508636539076828e-16,20
Glucose_day_55,500,0.2834702725825802,0.022354335654609633,20
Glucose_day_55,1000,0.2773058137897425,0.028723197376346325,20
Glucose_day_55,2000,0.2845366474875786,0.012339006733306504,20
Glucose_day_55,4000,0.2862704845657105,0.011543193411426393,20
Glucose_day_55,6000,0.2885985046514685,0.006091776986904033,20
Glucose_day_55,7874,0.2871002439213547,3.978582266107461e-16,20
Glucagon_day_55,500,0.01940299317264458,0.018024103825302142,20
Glucagon_day_55,1000,0.017838590953137334,0.019195124350455884,20
Glucagon_day_55,2000,0.017743522598161386,0.010163946625862088,20
Glucagon_day_55,4000,0.018317595160385648,0.008118137336336621,20
Glucagon_day_55,6000,0.020398875066233745,0.005309487951174931,20
Glucagon_day_55,7874,0.020388761599121265,1.0743510081058487e-15,20
all_species_day_56,500,0.6201689680590979,0.012912953849062297,20
all_species_day_56,1000,0.7311654009017069,0.009845209068879654,20
all_species_day_56,2000,0.8435883611672317,0.00812600396621442,20
all_species_day_56,4000,0.9454478842488674,0.003669270476765509,20
all_species_day_56,6000,1.0035714988112239,0.0023464314804548755,20
all_species_day_56,7874,1.0432971745869937,9.112518314015307e-16,20
FSH_day_56,500,0.17491521754078443,0.03126246865509254,20
FSH_day_56,1000,0.18666191914466773,0.018996173295070168,20
FSH_day_56,2000,0.1783947013055136,0.011282491749108203,20
FSH_day_56,4000,0.18154624764613142,0.009661719100584824,20
FSH_day_56,6000,0.18640838730782763,0.005020819525989751,20
FSH_day_56,7874,0.1886701506488456,9.067020116582793e-16,20
PGF_day_56,500,0.010562881791289858,0.015420926159827895,20
PGF_day_56,1000,0.016854787190872144,0.016057377326328868,20
PGF_day_56,2000,0.009702695312479914,0.01111554071337477,20
PGF_day_56,4000,0.00664526223990416,0.006447104010139766,20
PGF_day_56,6000,0.004607525076337282,0.004252336262486759,20
PGF_day_56,7874,0.006201524321189744,5.467511278088334e-16,20
P4_day_56,500,0.2712660786067101,0.034305939373244866,20
P4_day_56,1000,0.2590889845864556,0.020983245313962475,20
P4_day_56,2000,0.27520642146915925,0.015922569338701908,20
P4_day_56,4000,0.2826992226346194,0.011604639066440289,20
P4_day_56,6000,0.273366686061574,0.006698481170752832,20
P4_day_56,7874,0.2744445526111736,0.0,20
E2_day_56,500,0.09165333771840083,0.0291831204961134,20
E2_day_56,1000,0.09701297196305285,0.02274860332866572,20
E2_day_56,2000,0.10292747036885874,0.01046717429768513,20
E2_day_56,4000,0.10210506138860236,0.008196953843623804,20
E2_day_56,6000,0.10618872236005812,0.006020481392360441,20
E2_day_56,7874,0.11080942684852157,1.0782077074134192e-15,20
INH_day_56,500,0.14823021780296042,0.03386658489715537,20
INH_day_56,1000,0.14541659868407458,0.025669040466839748,20
INH_day_56,2000,0.15177973956696258,0.015349582149999081,20
INH_day_56,4000,0.14390030101500767,0.010503351841065258,20
INH_day_56,6000,0.1450798490829956,0.005529980049412463,20
INH_day_56,7874,0.1436410712609999,9.77208721444677e-16,20
IGF1_day_56,500,0.010381589399258439,0.015824016563984977,20
IGF1_day_56,1000,0.0117164792492634,0.013840509159866812,20
IGF1_day_56,2000,0.008197044652250707,0.008993575264111054,20
IGF1_day_56,4000,0.008223380590638563,0.00803675295789343,20
IGF1_day_56,6000,0.007336021673579207,0.0043554119633664335,20
IGF1_day_56,7874,0.005875407539453636,8.692788625568813e-16,20
Insulin_day_56,500,0.3875238385243836,0.02906435634658311,20
Insulin_day_56,1000,0.40405211411536823,0.025794406012813895,20
Insulin_day_56,2000,0.406792477590017,0.021682624784161567,20
Insulin_day_56,4000,0.40324581828962885,0.011378178829566843,20
Insulin_day_56,6000,0.40748454549918256,0.0061649814599799395,20
Insulin_day_56,7874,0.40239601866540653,0.0,20
Glucose_day_56,500,0.2725730379860855,0.02783781154271248,20
Glucose_day_56,1000,0.28169595170153505,0.026271099343124046,20
Glucose_day_56,2000,0.2828095561656572,0.013896682190832014,20
Glucose_day_56,4000,0.2902352235506183,0.013725892644217412,20
Glucose_day_56,6000,0.28819367647485555,0.0057463920617412635,20
Glucose_day_56,7874,0.28710024392135464,5.468697385512963e-16,20
Glucagon_day_56,500,0.023963616319281122,0.02385904394933251,20
Glucagon_day_56,1000,0.02174961317950199,0.016327476651450516,20
Glucagon_day_56,2000,0.01852484473187852,0.010479728097068035,20
Glucagon_day_56,4000,0.016813490215903393,0.00818862465436641,20
Glucagon_day_56,6000,0.02111696871042712,0.004782157469316208,20
Glucagon_day_56,7874,0.020388761599121265,9.066852422560963e-16,20
all_species_day_57,500,0.6487891744583125,0.01508068057090745,20
all_species_day_57,1000,0.7629819435959262,0.009708695963107038,20
all_species_day_57,2000,0.8704171461145599,0.007339738094341152,20
all_species_day_57,4000,0.9715181963868702,0.006188372366822404,20
all_species_day_57,6000,1.0268953735763158,0.0026860171458218496,20
all_species_day_57,7874,1.063691049045876,8.704720897089622e-16,20
FSH_day_57,500,0.26520298899630634,0.032320681154260435,20
FSH_day_57,1000,0.2600888449370757,0.025632630170451393,20
FSH_day_57,2000,0.26391092607070243,0.01396840027516479,20
FSH_day_57,4000,0.2692501350793969,0.00906437761703981,20
FSH_day_57,6000,0.26945922925812293,0.004376282176558958,20
FSH_day_57,7874,0.27254585333968534,1.0627541630950252e-15,20
PGF_day_57,500,0.0072384445502429616,0.008213627102717539,20
PGF_day_57,1000,0.01982429882192731,0.01727473258339243,20
PGF_day_57,2000,0.006084226796703529,0.007491039808147537,20
PGF_day_57,4000,0.005529050300760651,0.006154313765645072,20
PGF_day_57,6000,0.006239518839722269,0.004837381776206072,20
PGF_day_57,7874,0.004754938617253934,8.351761747687361e-16,20
P4_day_57,500,0.2623331467587048,0.027210660359072065,20
P4_day_57,1000,0.27656067841978843,0.02954480776268519,20
P4_day_57,2000,0.27217468860606886,0.014381478956604295,20
P4_day_57,4000,0.27485769783936503,0.011747620344566783,20
P4_day_57,6000,0.2732366322517919,0.005630587872602852,20
P4_day_57,7874,0.27246727919928315,3.978582266107461e-16,20
E2_day_57,500,0.1714115089017459,0.030698233385001973,20
E2_day_57,1000,0.18570931348242556,0.02634070671352496,20
E2_day_57,2000,0.17313864786396485,0.014449670144035904,20
E2_day_57,4000,0.17928010098731867,0.009101586251917516,20
E2_day_57,6000,0.17925011652967554,0.004865248480923178,20
E2_day_57,7874,0.1785397465064226,1.3485415893565697e-15,20
INH_day_57,500,0.1874178070374906,0.030137000208913713,20
INH_day_57,1000,0.20230841225010776,0.023865922035440454,20
INH_day_57,2000,0.19869182429955873,0.012015975792754634,20
INH_day_57,4000,0.19651405312288733,0.008189621535484064,20
INH_day_57,6000,0.19098731554889553,0.005658604817760319,20
INH_day_57,7874,0.19258929471608166,9.112518314015307e-16,20
IGF1_day_57,500,0.0069850082590042105,0.011207313790545017,20
IGF1_day_57,1000,0.00846568431014747,0.009023308832258123,20
IGF1_day_57,2000,0.005579719602317468,0.007310610570960344,20
IGF1_day_57,4000,0.0020360340062927306,0.004274725076375789,20
IGF1_day_57,6000,0.000801424817759333,0.00208985079371432,20
IGF1_day_57,7874,0.0,0.0,20
Insulin_day_57,500,0.3953610389130732,0.04385339825298985,20
Insulin_day_57,1000,0.40691673056317496,0.03124870830261431,20
Insulin_day_57,2000,0.40272584226666214,0.014989341258011943,20
Insulin_day_57,4000,0.4073563573093152,0.009592980365302773,20
Insulin_day_57,6000,0.40751955301554477,0.006769179953546275,20
Insulin_day_57,7874,0.40239601866540636,5.468697385512963e-16,20
Glucose_day_57,500,0.27873938668585474,0.034423577216445796,20
Glucose_day_57,1000,0.2742693389507668,0.02736383874578207,20
Glucose_day_57,2000,0.2885358384079222,0.012031255178078291,20
Glucose_day_57,4000,0.28756084013723093,0.009078343952083432,20
Glucose_day_57,6000,0.2869555726870539,0.006131005473555506,20
Glucose_day_57,7874,0.2871002439213545,6.508636539076828e-16,20
Glucagon_day_57,500,0.015576383656161185,0.015927085241492996,20
Glucagon_day_57,1000,0.01746735705664184,0.015720179239498266,20
Glucagon_day_57,2000,0.022144111047175664,0.011913672757327989,20
Glucagon_day_57,4000,0.020424991269574734,0.008541728057486741,20
Glucagon_day_57,6000,0.02064220044884877,0.004594406127299882,20
Glucagon_day_57,7874,0.020388761599120998,1.0626933570602882e-15,20
all_species_day_58,500,0.699166042304548,0.01462342473582735,20
all_species_day_58,1000,0.8216909085865207,0.009668713926020202,20
all_species_day_58,2000,0.9348647539089303,0.005354654117293098,20
all_species_day_58,4000,1.0348633241312473,0.005661799361041434,20
all_species_day_58,6000,1.0910077704368866,0.003114391883730674,20
all_species_day_58,7874,1.1282636330400995,8.401326771395977e-16,20
FSH_day_58,500,0.17787958411471286,0.03485262457684885,20
FSH_day_58,1000,0.16499308110746913,0.022307156349912892,20
FSH_day_58,2000,0.1717640681186287,0.013435371749954586,20
FSH_day_58,4000,0.17389805441529677,0.00980517885658944,20
FSH_day_58,6000,0.17744321369327665,0.005935304586234969,20
FSH_day_58,7874,0.17906959621242696,5.468697385512963e-16,20
PGF_day_58,500,0.16806506657606773,0.03628250556156316,20
PGF_day_58,1000,0.1761134178580357,0.02405051929026757,20
PGF_day_58,2000,0.1782493227315313,0.014122108989290047,20
PGF_day_58,4000,0.17916727520528575,0.01046475854613549,20
PGF_day_58,6000,0.1762445518830682,0.007395335081327275,20
PGF_day_58,7874,0.1739549208661728,0.0,20
P4_day_58,500,0.25632108317744606,0.03628747014806719,20
P4_day_58,1000,0.2616854061277062,0.024411810835401008,20
P4_day_58,2000,0.27285688414614395,0.015620026337776618,20
P4_day_58,4000,0.2688289484551203,0.010210362372593268,20
P4_day_58,6000,0.2684035055077628,0.006080230679856438,20
P4_day_58,7874,0.2665699685176085,1.3017273078153655e-15,20
E2_day_58,500,0.1938922972777045,0.03669751946536981,20
E2_day_58,1000,0.19732321422577667,0.02808981112382166,20
E2_day_58,2000,0.19830093997652573,0.01235747046228745,20
E2_day_58,4000,0.20448181177280791,0.014421704410536884,20
E2_day_58,6000,0.20057128560825382,0.006857640315987972,20
E2_day_58,7874,0.2030844100938526,3.9724629357497496e-16,20
INH_day_58,500,0.19716304778378696,0.03508655059261969,20
INH_day_58,1000,0.20453255969579676,0.022041157150788256,20
INH_day_58,2000,0.2062370181964484,0.018384581561523183,20
INH_day_58,4000,0.2085178421841257,0.010863729730688124,20
INH_day_58,6000,0.20760328460054794,0.004743809518638176,20
INH_day_58,7874,0.20364513319224073,1.2360952443654647e-15,20
IGF1_day_58,500,0.011937650131624445,0.01672543913826727,20
IGF1_day_58,1000,0.004165768519061963,0.00720021741626719,20
IGF1_day_58,2000,0.00433869536532896,0.0065604950365581016,20
IGF1_day_58,4000,0.001591413773145245,0.002894231056049623,20
IGF1_day_58,6000,0.00023056504735690097,0.0005454122771450532,20
IGF1_day_58,7874,0.0,0.0,20
Insulin_day_58,500,0.40652990225826346,0.027354176534382026,20
Insulin_day_58,1000,0.4076087349727425,0.025274772349626783,20
Insulin_day_58,2000,0.40496528982896657,0.016254601714870174,20
Insulin_day_58,4000,0.4054675029654063,0.006840575544136096,20
Insulin_day_58,6000,0.4039337541769944,0.006334456082051697,20
Insulin_day_58,7874,0.4023960186654064,3.978582266107461e-16,20
Glucose_day_58,500,0.2727457974458213,0.03753831645770708,20
Glucose_day_58,1000,0.2846096964237395,0.020636887139377363,20
Glucose_day_58,2000,0.2862855802763115,0.016763074023320324,20
Glucose_day_58,4000,0.28904406156227164,0.010924940523300689,20
Glucose_day_58,6000,0.28831366195066704,0.005492291179353418,20
Glucose_day_58,7874,0.2871002439213547,3.978582266107461e-16,20
Glucagon_day_58,500,0.016680036304540558,0.019448579566474763,20
Glucagon_day_58,1000,0.023361664664278515,0.01788316105601827,20
Glucagon_day_58,2000,0.01663202682561051,0.009172886414436763,20
Glucagon_day_58,4000,0.021648795277940815,0.008692238085649865,20
Glucagon_day_58,6000,0.02125016522826888,0.005419489701715984,20
Glucagon_day_58,7874,0.02038876159912064,9.292992647885976e-16,20
all_species_day_59,500,0.6725554041093067,0.008779375943915382,20
all_species_day_59,1000,0.7840823735285061,0.008749987769452326,20
all_species_day_59,2000,0.8899301435233398,0.007676295449892172,20
all_species_day_59,4000,0.9910410944662729,0.004614355204854128,20
all_species_day_59,6000,1.0454440280255022,0.002245384922204221,20
all_species_day_59,7874,1.082499774178034,8.150484158540002e-16,20
FSH_day_59,500,0.17857768652189326,0.033206339670623454,20
FSH_day_59,1000,0.18471424584275856,0.025014343889082327,20
FSH_day_59,2000,0.1890396324113901,0.013084222570395527,20
FSH_day_59,4000,0.18830499162228104,0.009242246222949925,20
FSH_day_59,6000,0.18734036815791022,0.005573564008910808,20
FSH_day_59,7874,0.19127968849985413,3.9724629357497496e-16,20
PGF_day_59,500,0.21497583875050535,0.03744782000062183,20
PGF_day_59,1000,0.21019304533627176,0.024092309341291702,20
PGF_day_59,2000,0.21021365214385135,0.015617910347156816,20
PGF_day_59,4000,0.2215927445425801,0.009293002564220543,20
PGF_day_59,6000,0.21952397818701322,0.006270321135670085,20
PGF_day_59,7874,0.21829390625381234,5.468697385512963e-16,20
P4_day_59,500,0.2639233621042589,0.03419184349384058,20
P4_day_59,1000,0.26799929114454263,0.018443339393529302,20
P4_day_59,2000,0.26857915243833563,0.016761939364685858,20
P4_day_59,4000,0.2705772276921591,0.013761952349976153,20
P4_day_59,6000,0.2644290950976134,0.004225904133770554,20
P4_day_59,7874,0.26452546411106315,3.978582266107461e-16,20
E2_day_59,500,0.08858616333059444,0.03533535026446206,20
E2_day_59,1000,0.09873948259345733,0.01695992192925329,20
E2_day_59,2000,0.10801447757111422,0.013168695342264771,20
E2_day_59,4000,0.10155321873068601,0.008020762470315034,20
E2_day_59,6000,0.10407054134153863,0.007345227022985558,20
E2_day_59,7874,0.10550949682374489,1.272493931401504e-15,20
INH_day_59,500,0.2607380566636946,0.03806157743793458,20
INH_day_59,1000,0.2683534769563301,0.01996975211743475,20
INH_day_59,2000,0.26774172260940726,0.016006498315550052,20
INH_day_59,4000,0.2678716933374897,0.010222396775284347,20
INH_day_59,6000,0.2675774710322078,0.0064601210636688845,20
INH_day_59,7874,0.268643187345884,1.0937394771025926e-15,20
IGF1_day_59,500,0.005701506971711812,0.01387785898190338,20
IGF1_day_59,1000,0.004034198670329836,0.007162433088258631,20
IGF1_day_59,2000,0.0036462079437177943,0.00585090631626956,20
IGF1_day_59,4000,0.0020941279233295694,0.003308683390038827,20
IGF1_day_59,6000,0.0007929069035031766,0.00246267414990604,20
IGF1_day_59,7874,0.0,0.0,20
Insulin_day_59,500,0.4001830498073698,0.035822462045197026,20
Insulin_day_59,1000,0.40203855462356525,0.02828035002583486,20
Insulin_day_59,2000,0.40618160667750375,0.012237394440471604,20
Insulin_day_59,4000,0.4069110643667434,0.011732314766141028,20
Insulin_day_59,6000,0.40430606499752136,0.00772152506438496,20
Insulin_day_59,7874,0.4023960186654064,3.978582266107461e-16,20
Glucose_day_59,500,0.2775972753644405,0.03407730356813229,20
Glucose_day_59,1000,0.2762012175461446,0.025686356171879154,20
Glucose_day_59,2000,0.28546615161946914,0.014941231961500146,20
Glucose_day_59,4000,0.2880324810656044,0.011037520715135238,20
Glucose_day_59,6000,0.2872214944607828,0.005610966594133994,20
Glucose_day_59,7874,0.28710024392135436,7.8916723523882e-16,20
Glucagon_day_59,500,0.011460820844233366,0.01309416826150693,20
Glucagon_day_59,1000,0.017570395025187403,0.019429729404141744,20
Glucagon_day_59,2000,0.016806980861696807,0.010917697641940081,20
Glucagon_day_59,4000,0.018719553496246367,0.009230539344564205,20
Glucagon_day_59,6000,0.023708126300756936,0.004417178779932654,20
Glucagon_day_59,7874,0.020388761599121084,1.2191726902744792e-15,20
all_species_day_60,500,0.8377962377186016,0.013992103238545673,20
all_species_day_60,1000,0.9669079458118146,0.011887436617602692,20
all_species_day_60,2000,1.0846230596446351,0.006909180253359548,20
all_species_day_60,4000,1.1907989995725181,0.00576146245926531,20
all_species_day_60,6000,1.2494316337355005,0.0029455257499775476,20
all_species_day_60,7874,1.2879235028489506,1.0972925112919225e-15,20
FSH_day_60,500,0.19772126246050975,0.03952303387327511,20
FSH_day_60,1000,0.20895630654710518,0.02592305356567215,20
FSH_day_60,2000,0.21141417229111079,0.023750901278141372,20
FSH_day_60,4000,0.2075173785260734,0.009164488498532929,20
FSH_day_60,6000,0.20533387984921347,0.004886999340933487,20
FSH_day_60,7874,0.20624154980753123,5.468697385512963e-16,20
PGF_day_60,500,0.1851842630047781,0.03609408609670392,20
PGF_day_60,1000,0.18938419745222984,0.016459510019864437,20
PGF_day_60,2000,0.1981145995774642,0.015888402180628244,20
PGF_day_60,4000,0.19314748685983157,0.01017692762148351,20
PGF_day_60,6000,0.19161986562501054,0.006088190923209626,20
PGF_day_60,7874,0.19150027343034717,9.067020116582793e-16,20
P4_day_60,500,0.19494053799550598,0.04042496313870034,20
P4_day_60,1000,0.2114262411532229,0.018426561690129295,20
P4_day_60,2000,0.21516752615305207,0.01727686875712215,20
P4_day_60,4000,0.21497526342147272,0.008684001113750657,20
P4_day_60,6000,0.21972410185318525,0.006333495514748271,20
P4_day_60,7874,0.22065878451945659,8.929134622586613e-16,20
E2_day_60,500,0.1696269222189443,0.028615969512814733,20
E2_day_60,1000,0.17716005229213705,0.021409523523991114,20
E2_day_60,2000,0.1648247959677433,0.013887007165451982,20
E2_day_60,4000,0.16281059031653192,0.008400770165628318,20
E2_day_60,6000,0.16499019804081536,0.0045540561807801225,20
E2_day_60,7874,0.1715120060935301,1.0743651604730247e-15,20
INH_day_60,500,0.14491865018770297,0.02826291392182904,20
INH_day_60,1000,0.134644527836499,0.0225262068015451,20
INH_day_60,2000,0.12833447880415588,0.017603987520610393,20
INH_day_60,4000,0.12514296380078846,0.008901933080724999,20
INH_day_60,6000,0.12354216755527325,0.006934121273392595,20
INH_day_60,7874,0.12245573633716589,0.0,20
IGF1_day_60,500,0.1637101336080637,0.031376070057369435,20
IGF1_day_60,1000,0.1693636319644325,0.016798831753109675,20
IGF1_day_60,2000,0.16013445426679968,0.0187804679312702,20
IGF1_day_60,4000,0.15830049478577984,0.008619835650979799,20
IGF1_day_60,6000,0.15041218755808705,0.007428621906971034,20
IGF1_day_60,7874,0.15219993929602396,7.290237121409324e-16,20
Insulin_day_60,500,0.40432529148699886,0.03671481536593137,20
Insulin_day_60,1000,0.4003807459092618,0.027113131058016365,20
Insulin_day_60,2000,0.406113942208193,0.014721453809175415,20
Insulin_day_60,4000,0.4061661643293039,0.00829923597651571,20
Insulin_day_60,6000,0.40675142003778897,0.005648439468334774,20
Insulin_day_60,7874,0.40239601866540653,0.0,20
Glucose_day_60,500,0.27920752449898395,0.026083168927146908,20
Glucose_day_60,1000,0.2738478243412293,0.02087327054776524,20
Glucose_day_60,2000,0.281792332969251,0.01618570937551504,20
Glucose_day_60,4000,0.2865639454259238,0.008797491910305285,20
Glucose_day_60,6000,0.28718493287423963,0.0056326476766994996,20
Glucose_day_60,7874,0.2871002439213542,8.693534701553318e-16,20
Glucagon_day_60,500,0.01588095774113838,0.016311633550820215,20
Glucagon_day_60,1000,0.014875536548114531,0.015957799063977905,20
Glucagon_day_60,2000,0.0152346536811657,0.008890679145074758,20
Glucagon_day_60,4000,0.017430381305244946,0.007284353427007168,20
Glucagon_day_60,6000,0.024088964140296553,0.007576738025263354,20
Glucagon_day_60,7874,0.02038876159912073,9.77208721444677e-16,20
all_species_day_61,500,0.8985459411691583,0.015692219065730203,20
all_species_day_61,1000,1.0374126170075175,0.010382062732170762,20
all_species_day_61,2000,1.1655039391243505,0.009549312398830261,20
all_species_day_61,4000,1.2754086373019695,0.005481910025560711,20
all_species_day_61,6000,1.3354050754807127,0.0043423437047404555,20
all_species_day_61,7874,1.3739539547113604,9.337552651762004e-16,20
FSH_day_61,500,0.1357657651515999,0.02388721844657004,20
FSH_day_61,1000,0.13715966941690824,0.023405520514320287,20
FSH_day_61,2000,0.1396239338369007,0.01609169552215189,20
FSH_day_61,4000,0.14059649168664973,0.009811868228338847,20
FSH_day_61,6000,0.14737843625776925,0.005962874199802737,20
FSH_day_61,7874,0.15216131586929454,1.5139280932400682e-15,20
PGF_day_61,500,0.19231899055728024,0.03076855791734299,20
PGF_day_61,1000,0.20249022882943607,0.019703216334810224,20
PGF_day_61,2000,0.20440586536201738,0.010910419841459474,20
PGF_day_61,4000,0.20173305208031583,0.013402150482773325,20
PGF_day_61,6000,0.20118562990578406,0.005783055274709719,20
PGF_day_61,7874,0.20425429118712302,0.0,20
P4_day_61,500,0.2111743708713111,0.0399522901571439,20
P4_day_61,1000,0.21581055512576164,0.02385022979380765,20
P4_day_61,2000,0.21724852459648272,0.013568742737431166,20
P4_day_61,4000,0.21929082507029793,0.011978269041081405,20
P4_day_61,6000,0.22346830704889556,0.006191229924883348,20
P4_day_61,7874,0.21782759341550156,5.468697385512963e-16,20
E2_day_61,500,0.17787575394955984,0.024110074608340082,20
E2_day_61,1000,0.1777852914146088,0.026778754950800957,20
E2_day_61,2000,0.16902755483779988,0.013322810280640002,20
E2_day_61,4000,0.16968950383700349,0.008345116482762264,20
E2_day_61,6000,0.17268166225012482,0.004431950137225599,20
E2_day_61,7874,0.17131202982844948,3.9724629357497496e-16,20
INH_day_61,500,0.13757167732838244,0.02189106931396306,20
INH_day_61,1000,0.14381656809459525,0.018831226234010352,20
INH_day_61,2000,0.13588084543543602,0.013487214338695647,20
INH_day_61,4000,0.13543830423199665,0.009874400780732255,20
INH_day_61,6000,0.13690588662063147,0.0060488070590056075,20
INH_day_61,7874,0.1409219670075868,8.693534701553318e-16,20
IGF1_day_61,500,0.19825657455363882,0.02984190204477683,20
IGF1_day_61,1000,0.21940288003039948,0.023949809562072304,20
IGF1_day_61,2000,0.2187432793890899,0.016567419359232886,20
IGF1_day_61,4000,0.21815525538377828,0.00886456316654463,20
IGF1_day_61,6000,0.21648498024118573,0.004919289246975494,20
IGF1_day_61,7874,0.2139726326791976,7.290237121409324e-16,20
Insulin_day_61,500,0.3956060216622276,0.027636363672618038,20
Insulin_day_61,1000,0.39899550950511026,0.027359536094318595,20
Insulin_day_61,2000,0.4066148213434369,0.015711661921190855,20
Insulin_day_61,4000,0.4052080018546064,0.009764906830465834,20
Insulin_day_61,6000,0.4051227024623466,0.007195424078448521,20
Insulin_day_61,7874,0.4023960186654062,7.293573360065267e-16,20
Glucose_day_61,500,0.27332140633775104,0.02592347696032639,20
Glucose_day_61,1000,0.27841376897744247,0.03414528582565149,20
Glucose_day_61,2000,0.2840438792508757,0.019476434032568574,20
Glucose_day_61,4000,0.2864944252153566,0.010068419618718625,20
Glucose_day_61,6000,0.2879796939946079,0.00631470048844511,20
Glucose_day_61,7874,0.28710024392135447,7.293573360065267e-16,20
Glucagon_day_61,500,0.021790825623596976,0.016199884620184513,20
Glucagon_day_61,1000,0.014636081967771197,0.01369793267786221,20
Glucagon_day_61,2000,0.016253487894223716,0.011838725437150867,20
Glucagon_day_61,4000,0.021605981334434345,0.009169353392991972,20
Glucagon_day_61,6000,0.022002557190332884,0.004774926002373875,20
Glucagon_day_61,7874,0.02038876159912064,1.0935031246547427e-15,20
all_species_day_62,500,0.8544457011430755,0.017485197160846094,20
all_species_day_62,1000,0.9934671979256132,0.010172746275422272,20
all_species_day_62,2000,1.1162269147575432,0.008845324641759753,20
all_species_day_62,4000,1.2265297389277143,0.005342900678578795,20
all_species_day_62,6000,1.2863224665524202,0.003722662668292718,20
all_species_day_62,7874,1.3263250347857884,9.169294678357502e-16,20
FSH_day_62,500,0.1514195932421582,0.02950954542239121,20
FSH_day_62,1000,0.1611442950904703,0.021200424824582488,20
FSH_day_62,2000,0.15567938205704807,0.018693694599936552,20
FSH_day_62,4000,0.15412402687318644,0.008888528620377369,20
FSH_day_62,6000,0.1556501066786553,0.0043685426381398365,20
FSH_day_62,7874,0.15669024009157662,7.8916723523882e-16,20
PGF_day_62,500,0.2105869585626421,0.03788832758286742,20
PGF_day_62,1000,0.20175944607080892,0.015257645541480198,20
PGF_day_62,2000,0.20508228093797348,0.015191313110565678,20
PGF_day_62,4000,0.20324660194244942,0.010413040401604231,20
PGF_day_62,6000,0.20545628084514506,0.007261206969996898,20
PGF_day_62,7874,0.21001669329843153,0.0,20
P4_day_62,500,0.1951402698150936,0.03491865563850698,20
P4_day_62,1000,0.20306353519720738,0.01764286738551897,20
P4_day_62,2000,0.2142298805722243,0.02363841618801884,20
P4_day_62,4000,0.22083908007942546,0.007478552391378033,20
P4_day_62,6000,0.2229638953236564,0.005419920734958345,20
P4_day_62,7874,0.22185946696829903,3.9724629357497496e-16,20
E2_day_62,500,0.1803229895525999,0.02613438910893854,20
E2_day_62,1000,0.1813454432609672,0.028037787470205414,20
E2_day_62,2000,0.17676254850718792,0.012453233455228164,20
E2_day_62,4000,0.1787629713482845,0.008883466811938434,20
E2_day_62,6000,0.18264522032537958,0.005950648472438412,20
E2_day_62,7874,0.19089849734689066,9.067020116582793e-16,20
INH_day_62,500,0.13578446395171212,0.03597823975640147,20
INH_day_62,1000,0.1351975056183739,0.02395806628520509,20
INH_day_62,2000,0.1259805246392081,0.01267604070714001,20
INH_day_62,4000,0.12933895629596828,0.009346840960925262,20
INH_day_62,6000,0.12473762376334721,0.005525433078143608,20
INH_day_62,7874,0.12187494197830713,1.138156735050862e-15,20
IGF1_day_62,500,0.22915927937774677,0.03384092594101978,20
IGF1_day_62,1000,0.21693366167330935,0.02359605422777611,20
IGF1_day_62,2000,0.23101565226761123,0.016544402308473812,20
IGF1_day_62,4000,0.2294323125666491,0.01207176871072057,20
IGF1_day_62,6000,0.22118217745181462,0.005246256908954413,20
IGF1_day_62,7874,0.22355534459119672,1.2191851615449088e-15,20
Insulin_day_62,500,0.39832877785639176,0.03019506378787531,20
Insulin_day_62,1000,0.40339513435725766,0.026862342201730845,20
Insulin_day_62,2000,0.40266559808616903,0.01538511704535779,20
Insulin_day_62,4000,0.404106875144514,0.01087315967701887,20
Insulin_day_62,6000,0.4044152881723725,0.005688871447456138,20
Insulin_day_62,7874,0.40239601866540636,5.468697385512963e-16,20
Glucose_day_62,500,0.27484303180196024,0.032863811742136935,20
Glucose_day_62,1000,0.27687366839186717,0.023218123472629984,20
Glucose_day_62,2000,0.28697375197179653,0.014629183023922923,20
Glucose_day_62,4000,0.28696506468565125,0.007370426235923572,20
Glucose_day_62,6000,0.2863435260393937,0.00594234186649054,20
Glucose_day_62,7874,0.28710024392135464,5.468697385512963e-16,20
Glucagon_day_62,500,0.025048787936780316,0.01989914589793148,20
Glucagon_day_62,1000,0.016688010328443248,0.016275953200866257,20
Glucagon_day_62,2000,0.018416765796609537,0.010033052151382936,20
Glucagon_day_62,4000,0.021265880789894265,0.008525258608076078,20
Glucagon_day_62,6000,0.02186431734807055,0.004892582173137182,20
Glucagon_day_62,7874,0.020388761599120998,1.0626933570602882e-15,20
all_species_day_63,500,0.8434821057884754,0.017394431519799722,20
all_species_day_63,1000,0.9748818590980299,0.012927608506800881,20
all_species_day_63,2000,1.0907346015720296,0.007827146612734825,20
all_species_day_63,4000,1.193322834251336,0.005157860143827108,20
all_species_day_63,6000,1.2487409441074715,0.00349332966509232,20
all_species_day_63,7874,1.2876368805209624,1.0587789501657413e-15,20
FSH_day_63,500,0.205054943112509,0.037434290245295376,20
FSH_day_63,1000,0.21236348047807435,0.029666280727954256,20
FSH_day_63,2000,0.202871631026235,0.010980614848119059,20
FSH_day_63,4000,0.20282368206913742,0.010003250365711798,20
FSH_day_63,6000,0.2072119351806884,0.006822338337389573,20
FSH_day_63,7874,0.20498498014898098,8.929134622586613e-16,20
PGF_day_63,500,0.2084330001639924,0.023900970816808868,20
PGF_day_63,1000,0.19790959834702812,0.016973764191744876,20
PGF_day_63,2000,0.20243074600988908,0.01570395882540784,20
PGF_day_63,4000,0.2030928838519535,0.014549964932135544,20
PGF_day_63,6000,0.203009907539694,0.005344537935744865,20
PGF_day_63,7874,0.20567377782997331,7.8916723523882e-16,20
P4_day_63,500,0.2051768818435203,0.021099474291655852,20
P4_day_63,1000,0.20671118367691843,0.014275941623678842,20
P4_day_63,2000,0.20242489006795825,0.015711107589600003,20
P4_day_63,4000,0.20184131284279125,0.012542990483362874,20
P4_day_63,6000,0.20696484052925657,0.006302796052861094,20
P4_day_63,7874,0.20761791838521057,3.9724629357497496e-16,20
E2_day_63,500,0.16004012553990926,0.02704652562534313,20
E2_day_63,1000,0.168141074782533,0.020993663363728324,20
E2_day_63,2000,0.16027770246875034,0.010360037597384814,20
E2_day_63,4000,0.15929517773382001,0.009550935784874147,20
E2_day_63,6000,0.16404567307161216,0.0050710569985156035,20
E2_day_63,7874,0.1626227229223529,9.112518314015307e-16,20
INH_day_63,500,0.1588717062482917,0.03192126065670876,20
INH_day_63,1000,0.18050349188533216,0.021748814196026152,20
INH_day_63,2000,0.16658182930308163,0.0159601254490304,20
INH_day_63,4000,0.16729959905009392,0.013093656158448036,20
INH_day_63,6000,0.17407903479247872,0.005746418939428096,20
INH_day_63,7874,0.1733792546244423,8.929134622586613e-16,20
IGF1_day_63,500,0.23030017559623123,0.03696200451639084,20
IGF1_day_63,1000,0.24923660232710124,0.016085580079032075,20
IGF1_day_63,2000,0.240123278869884,0.012909451955679298,20
IGF1_day_63,4000,0.23328781160137887,0.009488385377850312,20
IGF1_day_63,6000,0.23026963627045563,0.00826688616476001,20
IGF1_day_63,7874,0.22822751416813344,1.0743651604730247e-15,20
Insulin_day_63,500,0.38741341939639395,0.029425615139769278,20
Insulin_day_63,1000,0.4081840865067473,0.02010188459484909,20
Insulin_day_63,2000,0.40868956179468546,0.016763781549890906,20
Insulin_day_63,4000,0.4046570808062612,0.012129178689966935,20
Insulin_day_63,6000,0.4052285559597185,0.007528427454420966,20
Insulin_day_63,7874,0.40239601866540625,6.508636539076828e-16,20
Glucose_day_63,500,0.27461247307677306,0.0370282115894809,20
Glucose_day_63,1000,0.28513189104323333,0.022661154594165532,20
Glucose_day_63,2000,0.28118302929488354,0.021003042833982015,20
Glucose_day_63,4000,0.2871758511937613,0.01151712148978401,20
Glucose_day_63,6000,0.28913913760051163,0.0071595969503906575,20
Glucose_day_63,7874,0.2871002439213545,6.508636539076828e-16,20
Glucagon_day_63,500,0.011436294181722272,0.01623756998140325,20
Glucagon_day_63,1000,0.01353145033373071,0.015119754874688623,20
Glucagon_day_63,2000,0.020667747900434907,0.015231330339623678,20
Glucagon_day_63,4000,0.018622222016712885,0.008275419879264485,20
Glucagon_day_63,6000,0.020906639080318267,0.005411906374420135,20
Glucagon_day_63,7874,0.020388761599120998,1.0626933570602882e-15,20
all_species_day_64,500,0.8090272396779818,0.014699268216397316,20
all_species_day_64,1000,0.9268579994367052,0.01160290848887286,20
all_species_day_64,2000,1.0336930378221862,0.006286406725284967,20
all_species_day_64,4000,1.143138412303453,0.004575426664072213,20
all_species_day_64,6000,1.1982919941802714,0.0032585506386537907,20
all_species_day_64,7874,1.2312054047056975,0.0,20
FSH_day_64,500,0.16736534392345298,0.032457354822436085,20
FSH_day_64,1000,0.1580586726113548,0.022214077625198142,20
FSH_day_64,2000,0.16205721476658877,0.014783258530408332,20
FSH_day_64,4000,0.1568747034875777,0.0083664407345028,20
FSH_day_64,6000,0.16073969180772982,0.00600155698661459,20
FSH_day_64,7874,0.15719715310544213,1.57833447047764e-15,20
PGF_day_64,500,0.19888079147475418,0.03288211830310754,20
PGF_day_64,1000,0.2030776443878753,0.02313429808738738,20
PGF_day_64,2000,0.2025674131329958,0.015509187605139666,20
PGF_day_64,4000,0.20122273018370213,0.007869281991225625,20
PGF_day_64,6000,0.201601864211968,0.006809417440761088,20
PGF_day_64,7874,0.19887380476815678,3.9724629357497496e-16,20
P4_day_64,500,0.17420672701675843,0.028897644921212058,20
P4_day_64,1000,0.1766649212358673,0.018148909312891297,20
P4_day_64,2000,0.17522284964383666,0.015044219269360344,20
P4_day_64,4000,0.17779780169838144,0.012125708644791892,20
P4_day_64,6000,0.17170999886934551,0.005667505803958807,20
P4_day_64,7874,0.17061016680445987,1.0743651604730247e-15,20
E2_day_64,500,0.17002325008461314,0.0215594468179576,20
E2_day_64,1000,0.16281953288614232,0.02107351862792152,20
E2_day_64,2000,0.15827426394445726,0.016356435590514307,20
E2_day_64,4000,0.1751709589953066,0.008618208219665606,20
E2_day_64,6000,0.1755936107360121,0.00560120086068292,20
E2_day_64,7874,0.17561306297111265,7.290237121409324e-16,20
INH_day_64,500,0.17855807336280236,0.031238130386755443,20
INH_day_64,1000,0.17217638807573846,0.018969886444635552,20
INH_day_64,2000,0.1753579921301575,0.018001913904119093,20
INH_day_64,4000,0.1708845934221082,0.011289845985722096,20
INH_day_64,6000,0.17728150402938062,0.006500016438982236,20
INH_day_64,7874,0.17909106556360674,1.2191851615449088e-15,20
IGF1_day_64,500,0.2291713080490032,0.03397806117618999,20
IGF1_day_64,1000,0.21020644257049223,0.023577112469348686,20
IGF1_day_64,2000,0.22234276852060103,0.01659230090022969,20
IGF1_day_64,4000,0.21918656467518663,0.012202485663388588,20
IGF1_day_64,6000,0.21807106706217388,0.007271083304272006,20
IGF1_day_64,7874,0.21828928811486925,0.0,20
Insulin_day_64,500,0.40390547313632846,0.028519163119033925,20
Insulin_day_64,1000,0.4063418503701362,0.023920058208703666,20
Insulin_day_64,2000,0.4068110256103411,0.013510986711092767,20
Insulin_day_64,4000,0.4099238641495873,0.009656687968240932,20
Insulin_day_64,6000,0.40708835289016454,0.007721634308493558,20
Insulin_day_64,7874,0.40239601866540653,0.0,20
Glucose_day_64,500,0.2696771053429849,0.029693801535634275,20
Glucose_day_64,1000,0.27950057321330146,0.028054424993787422,20
Glucose_day_64,2000,0.2909944696822861,0.019045978487162864,20
Glucose_day_64,4000,0.2887405571823581,0.008675612073302127,20
Glucose_day_64,6000,0.28870303082310345,0.005666472709789896,20
Glucose_day_64,7874,0.2871002439213545,6.508636539076828e-16,20
Glucagon_day_64,500,0.015359852761218295,0.014327754131473112,20
Glucagon_day_64,1000,0.017674343106741562,0.0181834801065752,20
Glucagon_day_64,2000,0.015971867484102464,0.009178335655830767,20
Glucagon_day_64,4000,0.02131678523687075,0.00897637742683139,20
Glucagon_day_64,6000,0.0203235923068263,0.005013358664602974,20
Glucagon_day_64,7874,0.020388761599120998,8.928410894705776e-16,20
all_species_day_65,500,0.7627914508950445,0.012155606276167632,20
all_species_day_65,1000,0.8881389374822264,0.008969687451390646,20
all_species_day_65,2000,1.0061269975859006,0.008381243695850984,20
all_species_day_65,4000,1.1169341320656923,0.005250210545584915,20
all_species_day_65,6000,1.1739073543949108,0.0026925067292147935,20
all_species_day_65,7874,1.21140348896875,8.704720897089622e-16,20
FSH_day_65,500,0.16407004032813957,0.036836540279889696,20
FSH_day_65,1000,0.1595928374910712,0.02244267179820496,20
FSH_day_65,2000,0.15651506596325362,0.013723935440354948,20
FSH_day_65,4000,0.16067976605630863,0.008794657777629052,20
FSH_day_65,6000,0.16838602438465466,0.007015454287034054,20
FSH_day_65,7874,0.1702331454072933,1.2360952443654647e-15,20
PGF_day_65,500,0.19897518811644158,0.029929407527922502,20
PGF_day_65,1000,0.20114248834059448,0.02214244926923158,20
PGF_day_65,2000,0.1991012109902826,0.016773708253660383,20
PGF_day_65,4000,0.19847457289432002,0.00917406632879026,20
PGF_day_65,6000,0.19903152833066642,0.007616807525704708,20
PGF_day_65,7874,0.1966278252283879,1.1916708338535573e-15,20
P4_day_65,500,0.18020208783718644,0.03295509257294308,20
P4_day_65,1000,0.18880806503356018,0.025019988059867687,20
P4_day_65,2000,0.18329488187687745,0.018602302838658095,20
P4_day_65,4000,0.17718459132608846,0.008041721086407468,20
P4_day_65,6000,0.17643667133381974,0.005530302466867025,20
P4_day_65,7874,0.17382170850722858,7.290237121409324e-16,20
E2_day_65,500,0.1665263278699634,0.03153729343287337,20
E2_day_65,1000,0.1690043266577094,0.018966079464970653,20
E2_day_65,2000,0.1695793978418391,0.01635605482526364,20
E2_day_65,4000,0.17013905347675023,0.011970550160982581,20
E2_day_65,6000,0.1700905062322665,0.004581302504484989,20
E2_day_65,7874,0.16979728379130962,3.9724629357497496e-16,20
INH_day_65,500,0.12261927557263048,0.024827219275820638,20
INH_day_65,1000,0.13158158786616125,0.02316312155370878,20
INH_day_65,2000,0.13094656173134062,0.012647847979354946,20
INH_day_65,4000,0.1299804224301954,0.009211024980086394,20
INH_day_65,6000,0.13328956935254394,0.006014791632537764,20
INH_day_65,7874,0.13379062493059662,8.929134622586613e-16,20
IGF1_day_65,500,0.18687921969538737,0.03129253256590481,20
IGF1_day_65,1000,0.18785916521864648,0.026857846991596053,20
IGF1_day_65,2000,0.1933806484240626,0.011522011028404631,20
IGF1_day_65,4000,0.19180704888714545,0.010821100398764412,20
IGF1_day_65,6000,0.187626205121835,0.005500007545702652,20
IGF1_day_65,7874,0.18910352782754333,8.351955177742957e-16,20
Insulin_day_65,500,0.4013424243327899,0.0193070461891117,20
Insulin_day_65,1000,0.39268052127709396,0.025884587544657146,20
Insulin_day_65,2000,0.4045438605289206,0.017590203034860065,20
Insulin_day_65,4000,0.40630531550575605,0.007629818225286509,20
Insulin_day_65,6000,0.40404551963248,0.008039846417196428,20
Insulin_day_65,7874,0.40239601866540653,0.0,20
Glucose_day_65,500,0.27782508693461583,0.030409778724985712,20
Glucose_day_65,1000,0.27978692745942435,0.025532208820298195,20
Glucose_day_65,2000,0.281925368295446,0.018511219972756062,20
Glucose_day_65,4000,0.2885767176949489,0.007902162321889297,20
Glucose_day_65,6000,0.2868557874428673,0.00670421099459942,20
Glucose_day_65,7874,0.2871002439213545,6.508636539076828e-16,20
Glucagon_day_65,500,0.022200631054387097,0.020297059865392195,20
Glucagon_day_65,1000,0.02241164391900492,0.01698770816279634,20
Glucagon_day_65,2000,0.014805443984886146,0.010797327541279596,20
Glucagon_day_65,4000,0.01856139126670655,0.00544334006205779,20
Glucagon_day_65,6000,0.02206661431588781,0.004146930848792766,20
Glucagon_day_65,7874,0.020388761599120907,8.692791358564726e-16,20
all_species_day_66,500,0.9267415897235768,0.01251045471805358,20
all_species_day_66,1000,1.0705687441963128,0.009071523121587544,20
all_species_day_66,2000,1.1981043419539472,0.009247419769917872,20
all_species_day_66,4000,1.312178263280953,0.006662616356743651,20
all_species_day_66,6000,1.3745146675623077,0.004912303576801806,20
all_species_day_66,7874,1.4125527229644597,0.0,20
FSH_day_66,500,0.16351687740058157,0.03789494655636512,20
FSH_day_66,1000,0.170479215367227,0.025199340069618548,20
FSH_day_66,2000,0.165676560372341,0.0178450616064867,20
FSH_day_66,4000,0.16209705845989583,0.011826531910220515,20
FSH_day_66,6000,0.16635330209832605,0.007545762989779854,20
FSH_day_66,7874,0.16730030455390904,8.929134622586613e-16,20
PGF_day_66,500,0.19303891031289622,0.03845844810118791,20
PGF_day_66,1000,0.19700660482180873,0.028062054850120484,20
PGF_day_66,2000,0.1992310276081425,0.020929613411363294,20
PGF_day_66,4000,0.20127056699308293,0.012629819096628478,20
PGF_day_66,6000,0.2007798512169982,0.006973399670053157,20
PGF_day_66,7874,0.19800880751124347,3.9724629357497496e-16,20
P4_day_66,500,0.20959511750404988,0.028970977764197398,20
P4_day_66,1000,0.21502609462038302,0.02317325164264102,20
P4_day_66,2000,0.22727087769347037,0.014802265997519848,20
P4_day_66,4000,0.223733483089186,0.013333741867253774,20
P4_day_66,6000,0.22369329680861938,0.004300462605931896,20
P4_day_66,7874,0.22178986466669787,8.693534701553318e-16,20
E2_day_66,500,0.20747649978784038,0.03575945098594336,20
E2_day_66,1000,0.20824362468374202,0.024178660307577683,20
E2_day_66,2000,0.21199690447945488,0.015564408474106253,20
E2_day_66,4000,0.20947810517902746,0.011522858837874777,20
E2_day_66,6000,0.20549566660760954,0.006021592778347102,20
E2_day_66,7874,0.2006324244487155,8.351955177742957e-16,20
INH_day_66,500,0.19200799518359415,0.02807856958775964,20
INH_day_66,1000,0.20374957672236604,0.021398821084111404,20
INH_day_66,2000,0.20981696531609312,0.016905293827388344,20
INH_day_66,4000,0.21835234377010568,0.00840431868340717,20
INH_day_66,6000,0.20645577095049267,0.006902765691911439,20
INH_day_66,7874,0.20715821603038959,9.81514356048488e-16,20
IGF1_day_66,500,0.18233396853090147,0.043790608481036566,20
IGF1_day_66,1000,0.18794333688816645,0.021707289630129585,20
IGF1_day_66,2000,0.1959259792159175,0.01503740268085314,20
IGF1_day_66,4000,0.1911852145568549,0.00994835185735154,20
IGF1_day_66,6000,0.18962364573872542,0.005859900577427512,20
IGF1_day_66,7874,0.18688023243904758,7.290237121409324e-16,20
Insulin_day_66,500,0.39487000591417803,0.028680836227422513,20
Insulin_day_66,1000,0.4002856607083933,0.02664657502079029,20
Insulin_day_66,2000,0.3957283148515134,0.015083457918456252,20
Insulin_day_66,4000,0.4102552187419507,0.009441525607610197,20
Insulin_day_66,6000,0.4063984926706687,0.006103103365708794,20
Insulin_day_66,7874,0.40239601866540636,5.468697385512963e-16,20
Glucose_day_66,500,0.27692056581904134,0.024087946584504923,20
Glucose_day_66,1000,0.28510777096828627,0.028237399295134892,20
Glucose_day_66,2000,0.27741534978178695,0.018137502323685092,20
Glucose_day_66,4000,0.29070102344221294,0.01106686824160452,20
Glucose_day_66,6000,0.2869923070603112,0.006814861181328407,20
Glucose_day_66,7874,0.28710024392135447,7.293573360065267e-16,20
Glucagon_day_66,500,0.011926849832415076,0.015021026059593596,20
Glucagon_day_66,1000,0.017943740240952178,0.013684270289430296,20
Glucagon_day_66,2000,0.015916111112145526,0.012685711868562885,20
Glucagon_day_66,4000,0.019061837874456165,0.007214003105295646,20
Glucagon_day_66,6000,0.02113275554901861,0.0051680725085481065,20
Glucagon_day_66,7874,0.02038876159912064,1.0935031246547427e-15,20
all_species_day_67,500,0.9178276607191762,0.01217995266960172,20
all_species_day_67,1000,1.0651528854321264,0.009210107459483833,20
all_species_day_67,2000,1.1871229807646966,0.010940949989378009,20
all_species_day_67,4000,1.2978798159742468,0.005411256213081085,20
all_species_day_67,6000,1.359663990675408,0.0033283583371068503,20
all_species_day_67,7874,1.3950831687130467,0.0,20
FSH_day_67,500,0.1636206044426769,0.04042434920256879,20
FSH_day_67,1000,0.16136843889061891,0.017797080348257065,20
FSH_day_67,2000,0.16571664588243298,0.017194321612332267,20
FSH_day_67,4000,0.15900074089890676,0.010696856863970929,20
FSH_day_67,6000,0.16769057036058282,0.004740395719140949,20
FSH_day_67,7874,0.16965368063476155,8.693534701553318e-16,20
PGF_day_67,500,0.2057151772964519,0.03799314088215961,20
PGF_day_67,1000,0.2032144441726193,0.025325539441774847,20
PGF_day_67,2000,0.1926369588611136,0.014840478266229761,20
PGF_day_67,4000,0.19793580497414656,0.008257735795428671,20
PGF_day_67,6000,0.1952929856734653,0.005817457651169854,20
PGF_day_67,7874,0.19322376731037166,6.508636539076828e-16,20
P4_day_67,500,0.25380406645454007,0.03712953796857288,20
P4_day_67,1000,0.2569481716882714,0.020904837591944392,20
P4_day_67,2000,0.26030524780801034,0.012906545023998066,20
P4_day_67,4000,0.25978669614176536,0.011327958571527973,20
P4_day_67,6000,0.2526640805347575,0.006835669968319211,20
P4_day_67,7874,0.24944148012480855,5.468697385512963e-16,20
E2_day_67,500,0.19723580221553805,0.032976976230427946,20
E2_day_67,1000,0.2156062583852984,0.02500121250721442,20
E2_day_67,2000,0.21467440393757897,0.016407981908627287,20
E2_day_67,4000,0.21139806467331895,0.009936238689011997,20
E2_day_67,6000,0.21149193844039527,0.004924323049964257,20
E2_day_67,7874,0.20807114738011023,0.0,20
INH_day_67,500,0.20580036197336712,0.037347195776786614,20
INH_day_67,1000,0.20037292270746007,0.020845154362532675,20
INH_day_67,2000,0.21671799089848634,0.015513798450606655,20
INH_day_67,4000,0.2098716806015358,0.008970180496499735,20
INH_day_67,6000,0.20949217198969095,0.005575577195391341,20
INH_day_67,7874,0.20610137607357187,8.929134622586613e-16,20
IGF1_day_67,500,0.22139184040351584,0.025879999306059522,20
IGF1_day_67,1000,0.21659648527428654,0.01824694445746728,20
IGF1_day_67,2000,0.2243218475921572,0.010808433074333419,20
IGF1_day_67,4000,0.22439934924636865,0.009158213692492196,20
IGF1_day_67,6000,0.2242584326038533,0.006162801413504115,20
IGF1_day_67,7874,0.22596459412732592,7.290237121409324e-16,20
Insulin_day_67,500,0.3978437580190287,0.032229846764794005,20
Insulin_day_67,1000,0.38958557947884187,0.01420647306814396,20
Insulin_day_67,2000,0.3999646869123447,0.01615162881283801,20
Insulin_day_67,4000,0.40565057141697825,0.00991434447880693,20
Insulin_day_67,6000,0.4065243915814813,0.005174697141712778,20
Insulin_day_67,7874,0.40239601866540636,5.468697385512963e-16,20
Glucose_day_67,500,0.27201941372505567,0.03300841253324365,20
Glucose_day_67,1000,0.2731047219953907,0.02212534868946115,20
Glucose_day_67,2000,0.28119379847494513,0.013381454502468094,20
Glucose_day_67,4000,0.28957298857659974,0.011331094546838215,20
Glucose_day_67,6000,0.2844998124373837,0.005848071031089592,20
Glucose_day_67,7874,0.2871002439213545,6.508636539076828e-16,20
Glucagon_day_67,500,0.02355599841241469,0.020388671955056576,20
Glucagon_day_67,1000,0.01648849088583315,0.013718903258407248,20
Glucagon_day_67,2000,0.01920450638598963,0.00933406938599107,20
Glucagon_day_67,4000,0.017108275550812912,0.008986405759514864,20
Glucagon_day_67,6000,0.02184452139104547,0.004447080921283861,20
Glucagon_day_67,7874,0.020388761599120907,1.0429756354433373e-15,20
all_species_day_68,500,0.9164880132371895,0.01201338430287218,20
all_species_day_68,1000,1.0634325974350223,0.015178472760875077,20
all_species_day_68,2000,1.1780273840517073,0.006923886583320997,20
all_species_day_68,4000,1.28573878161579,0.004694808056862644,20
all_species_day_68,6000,1.3459819034103186,0.003617943728061928,20
all_species_day_68,7874,1.3846584409387792,8.401326771395977e-16,20
FSH_day_68,500,0.2502472850837964,0.027199532002686103,20
FSH_day_68,1000,0.24889206718135215,0.03169631541159202,20
FSH_day_68,2000,0.24768281914798482,0.016530404667024438,20
FSH_day_68,4000,0.24333982488868733,0.011403977143304326,20
FSH_day_68,6000,0.24813736214369708,0.005484118623632977,20
FSH_day_68,7874,0.24689371196151955,9.77208721444677e-16,20
PGF_day_68,500,0.2048498190894419,0.031119845960065028,20
PGF_day_68,1000,0.1895304047307836,0.026395905688053316,20
PGF_day_68,2000,0.19150331126688142,0.015722634946617912,20
PGF_day_68,4000,0.19804320776282375,0.009268356643701854,20
PGF_day_68,6000,0.1949978265135547,0.005218103442988373,20
PGF_day_68,7874,0.19532785661434993,0.0,20
P4_day_68,500,0.2661929578957577,0.0429968991383632,20
P4_day_68,1000,0.26185280381149684,0.02273632858324766,20
P4_day_68,2000,0.27332827159635,0.015982736801484453,20
P4_day_68,4000,0.2745565484697473,0.008639824681302154,20
P4_day_68,6000,0.27181418038365646,0.0062355773682555805,20
P4_day_68,7874,0.2613904772048808,6.508636539076828e-16,20
E2_day_68,500,0.2135025202436131,0.03381875435091132,20
E2_day_68,1000,0.2089805748286052,0.015043259426085817,20
E2_day_68,2000,0.21317786769618136,0.014893573646585506,20
E2_day_68,4000,0.21609471525940202,0.010713423023372014,20
E2_day_68,6000,0.2137175312258101,0.0067134458888357985,20
E2_day_68,7874,0.21261812294825252,9.067020116582793e-16,20
INH_day_68,500,0.20349612912328224,0.037703493884357536,20
INH_day_68,1000,0.2054183667480606,0.02539905623078779,20
INH_day_68,2000,0.21069838691099285,0.02048914820126013,20
INH_day_68,4000,0.20644362863629784,0.009742725873431212,20
INH_day_68,6000,0.20645556241637567,0.005878339596092668,20
INH_day_68,7874,0.20372604422378576,8.693534701553318e-16,20
IGF1_day_68,500,0.23952572728840904,0.029146981997263004,20
IGF1_day_68,1000,0.25131457509735816,0.02473358675711235,20
IGF1_day_68,2000,0.2542892569466897,0.015799566337346655,20
IGF1_day_68,4000,0.25727864545100526,0.010053137801653655,20
IGF1_day_68,6000,0.2560664827611654,0.006292712508082519,20
IGF1_day_68,7874,0.2531771067242018,3.978582266107461e-16,20
Insulin_day_68,500,0.39065602773881447,0.031063213168535456,20
Insulin_day_68,1000,0.4007465650187518,0.025219551693406745,20
Insulin_day_68,2000,0.4015416807407142,0.012388790653290935,20
Insulin_day_68,4000,0.40712293958037,0.01400900789240959,20
Insulin_day_68,6000,0.403787341444208,0.006668533437170145,20
Insulin_day_68,7874,0.40239601866540625,6.508636539076828e-16,20
Glucose_day_68,500,0.27423561314281253,0.02930200963627073,20
Glucose_day_68,1000,0.2707748665190405,0.02357390376451953,20
Glucose_day_68,2000,0.28204301887043454,0.014860814923259014,20
Glucose_day_68,4000,0.2846458260837559,0.012040622273647165,20
Glucose_day_68,6000,0.2889601026092583,0.004713889648850055,20
Glucose_day_68,7874,0.2871002439213548,0.0,20
Glucagon_day_68,500,0.01863430467733802,0.024955264236941676,20
Glucagon_day_68,1000,0.013457073152101807,0.015351439847660579,20
Glucagon_day_68,2000,0.018635850952001397,0.00976258383762393,20
Glucagon_day_68,4000,0.01838439576840818,0.007193443680221013,20
Glucagon_day_68,6000,0.01982676665311258,0.005565436282694425,20
Glucagon_day_68,7874,0.020388761599121265,9.066852422560963e-16,20
all_species_day_69,500,0.9034776424502763,0.02025439764205139,20
all_species_day_69,1000,1.0415268006738247,0.01125521062480319,20
all_species_day_69,2000,1.1656871550468753,0.009455277600626552,20
all_species_day_69,4000,1.2702105816808635,0.007367795709189821,20
all_species_day_69,6000,1.3275605203341678,0.003507044169636158,20
all_species_day_69,7874,1.365436111449484,1.043970123641163e-15,20
FSH_day_69,500,0.21351777265550353,0.044100373101155714,20
FSH_day_69,1000,0.21941367471562848,0.02621564236026921,20
FSH_day_69,2000,0.20909180150506232,0.018959358043477034,20
FSH_day_69,4000,0.2028691620768691,0.011314840166123327,20
FSH_day_69,6000,0.20208578986719922,0.004706049972351224,20
FSH_day_69,7874,0.20070182936144568,3.9724629357497496e-16,20
PGF_day_69,500,0.20383483522939838,0.028647618878627684,20
PGF_day_69,1000,0.18813156126804137,0.022832457318121765,20
PGF_day_69,2000,0.1902275308916656,0.009641813502202659,20
PGF_day_69,4000,0.1962123670342602,0.007928441126280923,20
PGF_day_69,6000,0.20133682672212974,0.005840754523140609,20
PGF_day_69,7874,0.19858956563310767,9.067020116582793e-16,20
P4_day_69,500,0.27180932641760686,0.02662531042099992,20
P4_day_69,1000,0.2805039071432991,0.020985889634066564,20
P4_day_69,2000,0.27860674735611957,0.01699161101418178,20
P4_day_69,4000,0.27235034680725007,0.008515475322522238,20
P4_day_69,6000,0.26974899665178975,0.007147356666857734,20
P4_day_69,7874,0.2710257358913227,3.978582266107461e-16,20
E2_day_69,500,0.20621854517268812,0.03090624541951603,20
E2_day_69,1000,0.21846130579417525,0.021680908845125024,20
E2_day_69,2000,0.2281518796427889,0.020598958452212875,20
E2_day_69,4000,0.21855739651095166,0.010058901627134699,20
E2_day_69,6000,0.21901181806616163,0.007358624332937233,20
E2_day_69,7874,0.2143550063001058,1.0627541630950252e-15,20
INH_day_69,500,0.19321975693758198,0.0318631797844809,20
INH_day_69,1000,0.19942080928793632,0.02729974401959174,20
INH_day_69,2000,0.2048352327601232,0.011954765354756492,20
INH_day_69,4000,0.20096844479060208,0.009466999309667568,20
INH_day_69,6000,0.19948040857635138,0.007433137991775989,20
INH_day_69,7874,0.1972131531722213,3.9724629357497496e-16,20
IGF1_day_69,500,0.2566340705968432,0.033605071609744776,20
IGF1_day_69,1000,0.2600462706139677,0.020914717550165066,20
IGF1_day_69,2000,0.2581849389142431,0.016260018623733243,20
IGF1_day_69,4000,0.2601802334317328,0.006406131172534636,20
IGF1_day_69,6000,0.2545655636705949,0.004630798908278216,20
IGF1_day_69,7874,0.24899272315929188,0.0,20
Insulin_day_69,500,0.3948075844015916,0.029804722126980668,20
Insulin_day_69,1000,0.39705780177539796,0.03008157875094703,20
Insulin_day_69,2000,0.40154785415871996,0.01605950650218625,20
Insulin_day_69,4000,0.4032976627666107,0.010685017505946026,20
Insulin_day_69,6000,0.40638634404482826,0.007262412606502727,20
Insulin_day_69,7874,0.40239601866540625,6.508636539076828e-16,20
Glucose_day_69,500,0.2671199975924243,0.03482205407719801,20
Glucose_day_69,1000,0.2802626307496657,0.02052005418641313,20
Glucose_day_69,2000,0.28809432620282405,0.009094515464594409,20
Glucose_day_69,4000,0.28747796242786566,0.010694105631298004,20
Glucose_day_69,6000,0.2857868327182184,0.0065179278663916014,20
Glucose_day_69,7874,0.28710024392135464,5.468697385512963e-16,20
Glucagon_day_69,500,0.02020376154049237,0.01971231197317988,20
Glucagon_day_69,1000,0.02192660424523618,0.01910940876314215,20
Glucagon_day_69,2000,0.017462584436012295,0.0103702372874205,20
Glucagon_day_69,4000,0.01943778491738426,0.007852768272257183,20
Glucagon_day_69,6000,0.02198143877636651,0.005265806905809632,20
Glucagon_day_69,7874,0.02038876159912064,9.292992647885976e-16,20
all_species_day_70,500,0.8868141796285922,0.018193768002323637,20
all_species_day_70,1000,1.0251787569298223,0.009485141700104551,20
all_species_day_70,2000,1.1381102442735025,0.009416252039691998,20
all_species_day_70,4000,1.2439617548849848,0.005750437213448727,20
all_species_day_70,6000,1.3014543253337583,0.003575220247715312,20
all_species_day_70,7874,1.3357421757896044,1.7409441794179245e-15,20
FSH_day_70,500,0.21187139488843915,0.03562263378269167,20
FSH_day_70,1000,0.20668759972680223,0.026529571502870143,20
FSH_day_70,2000,0.20536185730961193,0.01681109792726629,20
FSH_day_70,4000,0.20516244374091758,0.008484815396089397,20
FSH_day_70,6000,0.19922519175934134,0.005062785823409952,20
FSH_day_70,7874,0.19765851502120757,1.57833447047764e-15,20
PGF_day_70,500,0.19425647994955225,0.03211626991753652,20
PGF_day_70,1000,0.19131681126735814,0.02429375986822816,20
PGF_day_70,2000,0.19297043661875604,0.019208853968293273,20
PGF_day_70,4000,0.1971533203833121,0.010856713015020085,20
PGF_day_70,6000,0.19612081120588912,0.004967087900567833,20
PGF_day_70,7874,0.19659191971348172,8.693534701553318e-16,20
P4_day_70,500,0.2666729795683849,0.026950328591440843,20
P4_day_70,1000,0.27808909787280334,0.02667876275754131,20
P4_day_70,2000,0.2777617127673465,0.017082286657068613,20
P4_day_70,4000,0.2728200003408151,0.009577852703734934,20
P4_day_70,6000,0.2690169830072809,0.005230194094570892,20
P4_day_70,7874,0.26909791462854893,7.293573360065267e-16,20
E2_day_70,500,0.21382265048242988,0.04264760967784329,20
E2_day_70,1000,0.2187915963689469,0.015200988944756614,20
E2_day_70,2000,0.2161131485267404,0.014536819049273047,20
E2_day_70,4000,0.21767953093715944,0.009642319340566615,20
E2_day_70,6000,0.21733626381405236,0.006020242837548412,20
E2_day_70,7874,0.2187388027096703,1.0743651604730247e-15,20
INH_day_70,500,0.1922194417643329,0.028514112374531244,20
INH_day_70,1000,0.19784836084309765,0.02304872412272976,20
INH_day_70,2000,0.1943014596797245,0.015383431380591239,20
INH_day_70,4000,0.19327830481380442,0.010766147912293801,20
INH_day_70,6000,0.19379095487888137,0.005323003022780511,20
INH_day_70,7874,0.19149889159448835,5.468697385512963e-16,20
IGF1_day_70,500,0.2607316277394511,0.03371719526128103,20
IGF1_day_70,1000,0.2514796571097495,0.024413333790705857,20
IGF1_day_70,2000,0.26049448176078915,0.01440905468367722,20
IGF1_day_70,4000,0.25853467801010527,0.00813771265585777,20
IGF1_day_70,6000,0.2574994827347676,0.006100872411543034,20
IGF1_day_70,7874,0.2597958337700616,1.3999379669858416e-15,20
Insulin_day_70,500,0.3925559347152153,0.02859730253705448,20
Insulin_day_70,1000,0.40156275492013743,0.023383924946759917,20
Insulin_day_70,2000,0.40719784031813655,0.013202487090474467,20
Insulin_day_70,4000,0.40624450771884113,0.009228445033773196,20
Insulin_day_70,6000,0.40436313738663154,0.006092997599430723,20
Insulin_day_70,7874,0.40239601866540636,5.468697385512963e-16,20
Glucose_day_70,500,0.2795006548121703,0.03974766470843118,20
Glucose_day_70,1000,0.2786055795991162,0.020571161979574995,20
Glucose_day_70,2000,0.2830857234303874,0.01759128784973681,20
Glucose_day_70,4000,0.2883957510881442,0.008006381048265327,20
Glucose_day_70,6000,0.28812791972884827,0.0054752755208090816,20
Glucose_day_70,7874,0.28710024392135464,5.468697385512963e-16,20
Glucagon_day_70,500,0.020930147327447156,0.01865393844855022,20
Glucagon_day_70,1000,0.01270603360266227,0.012214896630771428,20
Glucagon_day_70,2000,0.011702098739418432,0.012013527121574597,20
Glucagon_day_70,4000,0.019308994521245106,0.009764352267976057,20
Glucagon_day_70,6000,0.02084791254735787,0.0053214413967339275,20
Glucagon_day_70,7874,0.020388761599121084,1.0743510081058487e-15,20
all_species_day_71,500,0.7991062002492336,0.017091675245251292,20
all_species_day_71,1000,0.9307747235912904,0.008873164969852217,20
all_species_day_71,2000,1.0476668081193292,0.010029377990391577,20
all_species_day_71,4000,1.1558552425876292,0.004092571838754407,20
all_species_day_71,6000,1.2144715823132883,0.001957052381573422,20
all_species_day_71,7874,1.2501844423495143,0.0,20
FSH_day_71,500,0.21300090168953356,0.0370137804061293,20
FSH_day_71,1000,0.20375515952147208,0.025461288767370745,20
FSH_day_71,2000,0.2171367346055341,0.01461227290920496,20
FSH_day_71,4000,0.20506690116174936,0.01032871384337207,20
FSH_day_71,6000,0.20571240421715267,0.005980742754488622,20
FSH_day_71,7874,0.20585617340251156,8.929134622586613e-16,20
PGF_day_71,500,0.20183407354996397,0.030741928052206196,20
PGF_day_71,1000,0.19266605574707682,0.020327288556211152,20
PGF_day_71,2000,0.18387978086281748,0.019468374404776542,20
PGF_day_71,4000,0.19237337292798484,0.00995983266405535,20
PGF_day_71,6000,0.19496231089691812,0.004578441617707497,20
PGF_day_71,7874,0.19618829538044827,9.067020116582793e-16,20
P4_day_71,500,0.2658243367731628,0.04151807293062754,20
P4_day_71,1000,0.27695807037176845,0.028084954022753378,20
P4_day_71,2000,0.2772216045697995,0.012625210350379357,20
P4_day_71,4000,0.2756151294454189,0.009469520806967092,20
P4_day_71,6000,0.26789168009153286,0.005598665091810996,20
P4_day_71,7874,0.27109056371759255,3.978582266107461e-16,20
E2_day_71,500,0.034264341816252084,0.02055281148126237,20
E2_day_71,1000,0.019596992171450812,0.01658068471204603,20
E2_day_71,2000,0.03299950804247533,0.013478193479357385,20
E2_day_71,4000,0.026119883807368093,0.009537931986524084,20
E2_day_71,6000,0.02399128294593291,0.005928604983584665,20
E2_day_71,7874,0.02400654080124811,9.066852422560963e-16,20
INH_day_71,500,0.20324188064982002,0.029490382644730914,20
INH_day_71,1000,0.19043710773325673,0.027857395843550067,20
INH_day_71,2000,0.19159080583506816,0.012471735829378652,20
INH_day_71,4000,0.19535638705920055,0.010925991125542172,20
INH_day_71,6000,0.1928948230292203,0.004815029080470289,20
INH_day_71,7874,0.19062076492057917,5.468697385512963e-16,20
IGF1_day_71,500,0.23799996911614124,0.02803400404536013,20
IGF1_day_71,1000,0.2333286094158497,0.027293323826167046,20
IGF1_day_71,2000,0.23500220308484945,0.014820005475740711,20
IGF1_day_71,4000,0.23950078071734984,0.008531688490240108,20
IGF1_day_71,6000,0.23464530011777854,0.006717596399976308,20
IGF1_day_71,7874,0.23392945544342147,0.0,20
Insulin_day_71,500,0.4055210330944571,0.03944145683292645,20
Insulin_day_71,1000,0.40244073990424256,0.02537174111726341,20
Insulin_day_71,2000,0.4063676819053722,0.01984066446339547,20
Insulin_day_71,4000,0.4079114608823785,0.012501928752058605,20
Insulin_day_71,6000,0.40495557664876153,0.005389007364945804,20
Insulin_day_71,7874,0.40239601866540625,6.508636539076828e-16,20
Glucose_day_71,500,0.28158764660688396,0.03474666390024779,20
Glucose_day_71,1000,0.2807354048083447,0.022924489791475725,20
Glucose_day_71,2000,0.29171684209945736,0.017278814291864012,20
Glucose_day_71,4000,0.28407285520825154,0.010583205847289823,20
Glucose_day_71,6000,0.28638430419043737,0.006652484395065566,20
Glucose_day_71,7874,0.28710024392135436,7.8916723523882e-16,20
Glucagon_day_71,500,0.020450254442235007,0.02382115902360228,20
Glucagon_day_71,1000,0.01455864388764141,0.015005250043683973,20
Glucagon_day_71,2000,0.019428973184907862,0.012657682742958556,20
Glucagon_day_71,4000,0.019229683013115652,0.00892212930062966,20
Glucagon_day_71,6000,0.021890228948596668,0.005841199290656037,20
Glucagon_day_71,7874,0.02038876159912073,1.1344993809432415e-15,20
all_species_day_72,500,0.7751918050646263,0.019231159792857014,20
all_species_day_72,1000,0.9097432094294376,0.012956292599094059,20
all_species_day_72,2000,1.0360812872285248,0.007024770051685512,20
all_species_day_72,4000,1.142489293635269,0.0050908520377262794,20
all_species_day_72,6000,1.2018153633436193,0.0037897951990462897,20
all_species_day_72,7874,1.2399152538671825,7.691850745534255e-16,20
FSH_day_72,500,0.2300632439430066,0.02882975959845868,20
FSH_day_72,1000,0.2325744055406293,0.023467546067850592,20
FSH_day_72,2000,0.22789059559007036,0.018974426323999864,20
FSH_day_72,4000,0.2284302955792839,0.01147481307022798,20
FSH_day_72,6000,0.22499843887086585,0.0044473417947437826,20
FSH_day_72,7874,0.22671996626659235,8.929134622586613e-16,20
PGF_day_72,500,0.20093915304728888,0.03711999016099804,20
PGF_day_72,1000,0.19470936350339355,0.0250759780516291,20
PGF_day_72,2000,0.1863118475843864,0.014193995804309294,20
PGF_day_72,4000,0.19121157698244903,0.00852923790501138,20
PGF_day_72,6000,0.19528931816723966,0.003867449929517233,20
PGF_day_72,7874,0.1962844919604727,0.0,20
P4_day_72,500,0.27445823342549647,0.03361628020897043,20
P4_day_72,1000,0.2647813772040187,0.02146863350215504,20
P4_day_72,2000,0.27387217591947505,0.023032589814407534,20
P4_day_72,4000,0.268893575938751,0.010560204115912603,20
P4_day_72,6000,0.26900045118055615,0.006745470245235412,20
P4_day_72,7874,0.2724078439284471,8.354867465334602e-16,20
E2_day_72,500,0.2145068459021918,0.02932634910544973,20
E2_day_72,1000,0.20741004877200497,0.02599055439307655,20
E2_day_72,2000,0.20890646782778485,0.016753108736675886,20
E2_day_72,4000,0.21226548901067915,0.009339345417760925,20
E2_day_72,6000,0.20978807266878174,0.006945599114879306,20
E2_day_72,7874,0.20596843023548442,8.351955177742957e-16,20
INH_day_72,500,0.10798903525195133,0.02723276264686614,20
INH_day_72,1000,0.1170157963749264,0.02358830811144387,20
INH_day_72,2000,0.12444027236024269,0.013426611667976339,20
INH_day_72,4000,0.12705834376050723,0.00871284937118788,20
INH_day_72,6000,0.12476163461225634,0.007867161559809852,20
INH_day_72,7874,0.12674857897645708,0.0,20
IGF1_day_72,500,0.20157148642462777,0.030250982249308826,20
IGF1_day_72,1000,0.21161521680676687,0.023660992955123257,20
IGF1_day_72,2000,0.21461262452102972,0.021788988285954727,20
IGF1_day_72,4000,0.2208680982109704,0.00946372338588463,20
IGF1_day_72,6000,0.21890463738866445,0.006207969910311798,20
IGF1_day_72,7874,0.2220516265589067,9.81514356048488e-16,20
Insulin_day_72,500,0.39265143510565403,0.03071562814405609,20
Insulin_day_72,1000,0.40186126873732925,0.02699312889944937,20
Insulin_day_72,2000,0.4027184447860247,0.01781591828754598,20
Insulin_day_72,4000,0.4056090318161102,0.008379613397325758,20
Insulin_day_72,6000,0.40405316966862637,0.00571268623967424,20
Insulin_day_72,7874,0.4023960186654064,3.978582266107461e-16,20
Glucose_day_72,500,0.27585157564222407,0.031473073136873815,20
Glucose_day_72,1000,0.2867205199617948,0.020716337115834264,20
Glucose_day_72,2000,0.28443187849746715,0.01756434666308148,20
Glucose_day_72,4000,0.2893161796494709,0.008894544697379596,20
Glucose_day_72,6000,0.2873269095395793,0.006357096247897718,20
Glucose_day_72,7874,0.28710024392135447,7.293573360065267e-16,20
Glucagon_day_72,500,0.026048153160813346,0.024500304025751637,20
Glucagon_day_72,1000,0.014241637208068082,0.014437196802329466,20
Glucagon_day_72,2000,0.014207115409318316,0.011453069046506675,20
Glucagon_day_72,4000,0.018685368748947086,0.006959205866541039,20
Glucagon_day_72,6000,0.022288907679462965,0.006876000135401781,20
Glucagon_day_72,7874,0.020388761599121084,9.066852422560963e-16,20
all_species_day_73,500,0.7987532292172344,0.015609392310874225,20
all_species_day_73,1000,0.9247471761533509,0.00697571055056206,20
all_species_day_73,2000,1.0409798921292637,0.0074636098272458555,20
all_species_day_73,4000,1.1470469481654724,0.004759486516891956,20
all_species_day_73,6000,1.2019281027623214,0.002767134631105441,20
all_species_day_73,7874,1.238572696237232,8.94002602889902e-16,20
FSH_day_73,500,0.17709844305063527,0.028936798199954653,20
FSH_day_73,1000,0.16776536145670545,0.023240861366104114,20
FSH_day_73,2000,0.16771189900715724,0.016378300129849754,20
FSH_day_73,4000,0.16592032760600936,0.010097896184795936,20
FSH_day_73,6000,0.16376210664744342,0.006665350054107999,20
FSH_day_73,7874,0.16247873863655374,9.067020116582793e-16,20
PGF_day_73,500,0.03311846135466214,0.011844079857135089,20
PGF_day_73,1000,0.03640183699459332,0.007486415319383757,20
PGF_day_73,2000,0.03897461577473651,0.007557831387870108,20
PGF_day_73,4000,0.04046206817123279,0.003934962879388538,20
PGF_day_73,6000,0.04074360524764886,0.0021669186795942423,20
PGF_day_73,7874,0.04042231225363402,0.0,20
P4_day_73,500,0.2838414193618043,0.031317739986687604,20
P4_day_73,1000,0.26699136269657514,0.020785879960333223,20
P4_day_73,2000,0.2699991281741835,0.018011514456225616,20
P4_day_73,4000,0.2709160208104717,0.009728058234935482,20
P4_day_73,6000,0.27124938811800686,0.00745298264855864,20
P4_day_73,7874,0.27051718196890384,0.0,20
E2_day_73,500,0.226850355470897,0.028516053916295588,20
E2_day_73,1000,0.2150056030638514,0.018256835889997446,20
E2_day_73,2000,0.21726803054180294,0.014905895046373208,20
E2_day_73,4000,0.2281366582350385,0.011084764549820304,20
E2_day_73,6000,0.2217090897351187,0.006959028885856865,20
E2_day_73,7874,0.21828417930447266,7.290237121409324e-16,20
INH_day_73,500,0.2291034381400602,0.03182415674555801,20
INH_day_73,1000,0.22849087622679082,0.02086087535688974,20
INH_day_73,2000,0.2252232834671677,0.0136383765384237,20
INH_day_73,4000,0.23036546901680444,0.00879904355825493,20
INH_day_73,6000,0.22555867790692288,0.007243815131173187,20
INH_day_73,7874,0.22365653319898265,1.0627541630950252e-15,20
IGF1_day_73,500,0.17545545684007752,0.027349336669537195,20
IGF1_day_73,1000,0.18064050980220703,0.023870331737125477,20
IGF1_day_73,2000,0.1714331108946369,0.017901715767568334,20
IGF1_day_73,4000,0.17304699914848332,0.010424723209924403,20
IGF1_day_73,6000,0.17632019713927916,0.005794465037041054,20
IGF1_day_73,7874,0.17724700079436734,8.693534701553318e-16,20
Insulin_day_73,500,0.3910059519495858,0.036072431924083256,20
Insulin_day_73,1000,0.40129885586792335,0.02100085705419214,20
Insulin_day_73,2000,0.4121355416001219,0.014567321513415034,20
Insulin_day_73,4000,0.40305005282509415,0.007470678864406151,20
Insulin_day_73,6000,0.40412836326048895,0.004982566803723773,20
Insulin_day_73,7874,0.40239601866540636,5.468697385512963e-16,20
Glucose_day_73,500,0.27698700432968926,0.03936067187965372,20
Glucose_day_73,1000,0.28174070327997064,0.018488647830284328,20
Glucose_day_73,2000,0.28687930522752714,0.015191279464102567,20
Glucose_day_73,4000,0.28778147421359357,0.007630433342062584,20
Glucose_day_73,6000,0.28849863192476183,0.006559341515875515,20
Glucose_day_73,7874,0.28710024392135447,7.293573360065267e-16,20
Glucagon_day_73,500,0.01792487405615404,0.018556688959883782,20
Glucagon_day_73,1000,0.012921037590005291,0.013115145767536442,20
Glucagon_day_73,2000,0.017420889719794184,0.014370179290652072,20
Glucagon_day_73,4000,0.01985039488083471,0.006161021296273202,20
Glucagon_day_73,6000,0.022411322010290835,0.003987055139665372,20
Glucagon_day_73,7874,0.02038876159912082,8.351773126049936e-16,20
all_species_day_74,500,0.7722158068194933,0.016885426474613933,20
all_species_day_74,1000,0.8927349996487843,0.00892393198202281,20
all_species_day_74,2000,1.007224892019535,0.00878792265137165,20
all_species_day_74,4000,1.1130084495163401,0.005537931441508534,20
all_species_day_74,6000,1.1701856947733356,0.0036770239324985473,20
all_species_day_74,7874,1.2081177275101818,5.486462556459613e-16,20
FSH_day_74,500,0.20833584359211144,0.030075169204963437,20
FSH_day_74,1000,0.20993286909850353,0.02440746816663091,20
FSH_day_74,2000,0.21694583696419123,0.013378437502381083,20
FSH_day_74,4000,0.22208514219005213,0.008675537621372022,20
FSH_day_74,6000,0.216873757189183,0.005876927590051683,20
FSH_day_74,7874,0.214509436269772,3.9724629357497496e-16,20
PGF_day_74,500,0.20095081271327492,0.03679989990420629,20
PGF_day_74,1000,0.19244102168526905,0.023119032033306862,20
PGF_day_74,2000,0.1903831291950711,0.014450379896340359,20
PGF_day_74,4000,0.19082456328417124,0.009345872542758205,20
PGF_day_74,6000,0.1895447472182247,0.00587664272558383,20
PGF_day_74,7874,0.192697388162607,5.468697385512963e-16,20
P4_day_74,500,0.2619492332022543,0.043868664734886924,20
P4_day_74,1000,0.26378926246441664,0.024759610142629767,20
P4_day_74,2000,0.2656564970175067,0.016441524835074637,20
P4_day_74,4000,0.27332392639247594,0.008086684878690183,20
P4_day_74,6000,0.2693116544448714,0.006406861953934977,20
P4_day_74,7874,0.266352543138724,1.0430375909640913e-15,20
E2_day_74,500,0.21691879184484705,0.024548124207806204,20
E2_day_74,1000,0.2257638413370719,0.024133580265797698,20
E2_day_74,2000,0.2283977322261097,0.013587828548715621,20
E2_day_74,4000,0.23261938122742148,0.011105359910926295,20
E2_day_74,6000,0.2347214532140839,0.005403197978334782,20
E2_day_74,7874,0.23272599051192094,1.0627541630950252e-15,20
INH_day_74,500,0.22426355976283796,0.03788263536046145,20
INH_day_74,1000,0.23513712207926885,0.028360324791520942,20
INH_day_74,2000,0.2373461013366674,0.019588938013231326,20
INH_day_74,4000,0.23646984024002665,0.008830953933498033,20
INH_day_74,6000,0.23871784883831698,0.005926592552861109,20
INH_day_74,7874,0.23962149482303569,5.468697385512963e-16,20
IGF1_day_74,500,0.11116790064211597,0.030841974143534817,20
IGF1_day_74,1000,0.11643162394440942,0.014301542455490989,20
IGF1_day_74,2000,0.11866536715165879,0.011050036424962557,20
IGF1_day_74,4000,0.12352503985376559,0.010850568532852777,20
IGF1_day_74,6000,0.1260918948062967,0.006394019990289179,20
IGF1_day_74,7874,0.12536893160393553,6.508636539076828e-16,20
Insulin_day_74,500,0.397863891000387,0.03256235749463477,20
Insulin_day_74,1000,0.4082603942926193,0.017560848733993262,20
Insulin_day_74,2000,0.40780220738148365,0.014445930109050601,20
Insulin_day_74,4000,0.40759718819128465,0.010379480648262735,20
Insulin_day_74,6000,0.40356352273566304,0.00634169166554718,20
Insulin_day_74,7874,0.4023960186654064,3.978582266107461e-16,20
Glucose_day_74,500,0.274204746438071,0.03070507172480914,20
Glucose_day_74,1000,0.2760440039377892,0.022451938059393276,20
Glucose_day_74,2000,0.2858291786109149,0.012354420776833665,20
Glucose_day_74,4000,0.2896213792997229,0.009782635737456023,20
Glucose_day_74,6000,0.28495733589268973,0.0068458901677296135,20
Glucose_day_74,7874,0.2871002439213545,6.508636539076828e-16,20
Glucagon_day_74,500,0.024604634559450923,0.01646565110568209,20
Glucagon_day_74,1000,0.020109568989230376,0.014528711095435588,20
Glucagon_day_74,2000,0.02155851902608692,0.01243587897678343,20
Glucagon_day_74,4000,0.018427319520079876,0.007985138027514172,20
Glucagon_day_74,6000,0.022191455602966405,0.0054336517156916226,20
Glucagon_day_74,7874,0.02038876159912064,9.292992647885976e-16,20
all_species_day_75,500,0.7432483936504551,0.017954907923013456,20
all_species_day_75,1000,0.8623609279445812,0.009888579279753021,20
all_species_day_75,2000,0.9775088666572703,0.008212616648305783,20
all_species_day_75,4000,1.0804945119225113,0.004927831283122878,20
all_species_day_75,6000,1.13502989127098,0.0034030253872262793,20
all_species_day_75,7874,1.1729963315367085,5.486462556459613e-16,20
FSH_day_75,500,0.21500312344778721,0.02940149057548671,20
FSH_day_75,1000,0.21442408640831898,0.02360331742922631,20
FSH_day_75,2000,0.22227463880376783,0.017805169476821214,20
FSH_day_75,4000,0.2236732432316657,0.009665563441219537,20
FSH_day_75,6000,0.21972856889839756,0.006592706516826365,20
FSH_day_75,7874,0.21252967997545857,9.77208721444677e-16,20
PGF_day_75,500,0.24240701729564257,0.03704321815962412,20
PGF_day_75,1000,0.2420192217564953,0.02667101810016934,20
PGF_day_75,2000,0.25499973856269254,0.01879350744242891,20
PGF_day_75,4000,0.24846076825042446,0.0095999538737689,20
PGF_day_75,6000,0.25011572828014755,0.005503607743110394,20
PGF_day_75,7874,0.250569900163797,8.354867465334602e-16,20
P4_day_75,500,0.2743452785602604,0.03865291431940208,20
P4_day_75,1000,0.26828340894468444,0.025318712191550786,20
P4_day_75,2000,0.2697128946861649,0.015064058177517626,20
P4_day_75,4000,0.2697111758020069,0.011203796273296708,20
P4_day_75,6000,0.26703132060994444,0.0057212294382823934,20
P4_day_75,7874,0.2632741054022797,3.978582266107461e-16,20
E2_day_75,500,0.21003665829380766,0.028115237749255104,20
E2_day_75,1000,0.1952063962647383,0.018202917458049986,20
E2_day_75,2000,0.20158855493098385,0.012483425824784957,20
E2_day_75,4000,0.20041274287333755,0.00771939952809601,20
E2_day_75,6000,0.19348860943439075,0.006563010052261489,20
E2_day_75,7874,0.19378124893572454,7.290237121409324e-16,20
INH_day_75,500,0.13794576299100542,0.02589328233733977,20
INH_day_75,1000,0.1462961970567062,0.021039576785149682,20
INH_day_75,2000,0.1426992991785685,0.01214991238543649,20
INH_day_75,4000,0.14477237575748153,0.01109710557460197,20
INH_day_75,6000,0.14873537198391124,0.0046762177743312995,20
INH_day_75,7874,0.1495449426795683,1.272493931401504e-15,20
IGF1_day_75,500,0.07422243698094691,0.02888514611344687,20
IGF1_day_75,1000,0.08124196868362085,0.019689854911199876,20
IGF1_day_75,2000,0.06945378180800095,0.011089751579417877,20
IGF1_day_75,4000,0.07803030558166366,0.008880789063608334,20
IGF1_day_75,6000,0.08252973582740512,0.005962087192565608,20
IGF1_day_75,7874,0.07840472863711723,7.8916723523882e-16,20
Insulin_day_75,500,0.38414064400125814,0.027695528449249003,20
Insulin_day_75,1000,0.3931146748936424,0.023397684170780038,20
Insulin_day_75,2000,0.40711139740252006,0.015121993782890381,20
Insulin_day_75,4000,0.40021842649640577,0.01173660826956237,20
Insulin_day_75,6000,0.40333269428735824,0.008212605289003392,20
Insulin_day_75,7874,0.40239601866540653,0.0,20
Glucose_day_75,500,0.27478960781870376,0.04274662475852333,20
Glucose_day_75,1000,0.27727440742520315,0.028396852017189136,20
Glucose_day_75,2000,0.2861400619894458,0.012942735316088522,20
Glucose_day_75,4000,0.29032343684089357,0.008771829129044131,20
Glucose_day_75,6000,0.2850454555449672,0.005101859931746806,20
Glucose_day_75,7874,0.2871002439213541,8.929134622586613e-16,20
Glucagon_day_75,500,0.02778628961826768,0.02482461267022538,20
Glucagon_day_75,1000,0.018882988719779892,0.01587534608104321,20
Glucagon_day_75,2000,0.017082788657898095,0.013257182855392197,20
Glucagon_day_75,4000,0.019424300317716182,0.011785683112722172,20
Glucagon_day_75,6000,0.022336270446788032,0.006200750586172207,20
Glucagon_day_75,7874,0.020388761599120554,1.0429756354433373e-15,20
all_species_day_76,500,0.6419123643378569,0.017319979746115075,20
all_species_day_76,1000,0.757732638777237,0.010107141843539218,20
all_species_day_76,2000,0.8699611400610106,0.0071906445721880525,20
all_species_day_76,4000,0.9654406227953981,0.005292401981300702,20
all_species_day_76,6000,1.0244238484118757,0.0026368261258005875,20
all_species_day_76,7874,1.0622095672556657,7.058526334438275e-16,20
FSH_day_76,500,0.04219835965417444,0.029137251513670453,20
FSH_day_76,1000,0.037807349489135514,0.01827132952537997,20
FSH_day_76,2000,0.040336240627919115,0.011347437018955893,20
FSH_day_76,4000,0.04107676441294013,0.008425831650947718,20
FSH_day_76,6000,0.04124619257919422,0.004546465320846838,20
FSH_day_76,7874,0.04026216860115657,9.814523898022667e-16,20
PGF_day_76,500,0.10385507755423933,0.03379848839149902,20
PGF_day_76,1000,0.10791109788482736,0.017038502991581855,20
PGF_day_76,2000,0.1116253689414954,0.017779274880959667,20
PGF_day_76,4000,0.10960743692116041,0.007642986543810044,20
PGF_day_76,6000,0.11341703654672779,0.005853524509830779,20
PGF_day_76,7874,0.11315670076593687,1.57833447047764e-15,20
P4_day_76,500,0.26443131378934526,0.02426418857859411,20
P4_day_76,1000,0.26606366124568986,0.021256467886920854,20
P4_day_76,2000,0.26438097318644393,0.022255720348173434,20
P4_day_76,4000,0.267872444914704,0.011716051640315634,20
P4_day_76,6000,0.26385029814402194,0.00581203910304864,20
P4_day_76,7874,0.2609415024273942,7.8916723523882e-16,20
E2_day_76,500,0.19783325568928603,0.034233276803127564,20
E2_day_76,1000,0.21632584743265423,0.029902368555845996,20
E2_day_76,2000,0.20783834284379193,0.015788695511659248,20
E2_day_76,4000,0.20304679260574332,0.008278385433894767,20
E2_day_76,6000,0.2035806141493703,0.004547438283319192,20
E2_day_76,7874,0.20322113967022631,8.693534701553318e-16,20
INH_day_76,500,0.18388005768462712,0.030868905128652417,20
INH_day_76,1000,0.1798159441882449,0.02722213556115374,20
INH_day_76,2000,0.18723448312572702,0.020149134543939445,20
INH_day_76,4000,0.18160193093919802,0.009159668378684828,20
INH_day_76,6000,0.18060107960545208,0.005005300165387793,20
INH_day_76,7874,0.18450927719244756,8.351955177742957e-16,20
IGF1_day_76,500,0.04100692996794151,0.023077865341163066,20
IGF1_day_76,1000,0.04216385439991708,0.024247134741695688,20
IGF1_day_76,2000,0.04343404236703767,0.014256430464475505,20
IGF1_day_76,4000,0.04166317022983392,0.006635605414653259,20
IGF1_day_76,6000,0.03931451699500217,0.004900280778757159,20
IGF1_day_76,7874,0.03821144328647783,1.7856821789411553e-15,20
Insulin_day_76,500,0.39546970472674425,0.026410361999765056,20
Insulin_day_76,1000,0.40242558572306814,0.02515660553801155,20
Insulin_day_76,2000,0.40325093328675576,0.019951022702842647,20
Insulin_day_76,4000,0.40688773613301843,0.008290361390893636,20
Insulin_day_76,6000,0.40512414237434147,0.007329979855846268,20
Insulin_day_76,7874,0.4023960186654064,3.978582266107461e-16,20
Glucose_day_76,500,0.278169493720391,0.03853443672368837,20
Glucose_day_76,1000,0.2898246941514656,0.03462507603485974,20
Glucose_day_76,2000,0.2856029592710919,0.016384589614136753,20
Glucose_day_76,4000,0.28771567710699886,0.010373212880851615,20
Glucose_day_76,6000,0.28463813745893435,0.005483208368647245,20
Glucose_day_76,7874,0.2871002439213547,3.978582266107461e-16,20
Glucagon_day_76,500,0.02431057590409469,0.02524631325516334,20
Glucagon_day_76,1000,0.019509376750383823,0.012602115659765893,20
Glucagon_day_76,2000,0.01786520388505002,0.012072048555762093,20
Glucagon_day_76,4000,0.01755556281576647,0.007083860577179597,20
Glucagon_day_76,6000,0.022385510232630957,0.006183650519268619,20
Glucagon_day_76,7874,0.020388761599120907,1.0429756354433373e-15,20
all_species_day_77,500,0.6721331093152232,0.0143455677788916,20
all_species_day_77,1000,0.7939482901070829,0.011893023529731992,20
all_species_day_77,2000,0.9000141307225231,0.006231716747771468,20
all_species_day_77,4000,1.0052943962878373,0.005114534785828303,20
all_species_day_77,6000,1.0636135394233288,0.003354093956340975,20
all_species_day_77,7874,1.1009138073207496,9.77208721444677e-16,20
FSH_day_77,500,0.18697651918925465,0.03744057067033581,20
FSH_day_77,1000,0.19024342083041876,0.01837554206428962,20
FSH_day_77,2000,0.18261953457011434,0.011926352332306621,20
FSH_day_77,4000,0.18658178197132677,0.010363585425840215,20
FSH_day_77,6000,0.18511939440551267,0.006733775650237511,20
FSH_day_77,7874,0.1875278916711765,8.693534701553318e-16,20
PGF_day_77,500,0.05087087608650589,0.02402456927625239,20
PGF_day_77,1000,0.04078731644465359,0.01375418842616446,20
PGF_day_77,2000,0.049059669577233664,0.012092704471384186,20
PGF_day_77,4000,0.05502243151396744,0.010235843029098213,20
PGF_day_77,6000,0.05139783710703201,0.004630949696237328,20
PGF_day_77,7874,0.05374812279121492,8.928453468557988e-16,20
P4_day_77,500,0.2641848314373271,0.02973906482842134,20
P4_day_77,1000,0.2654913711266154,0.03286774992160322,20
P4_day_77,2000,0.26456497025176223,0.016790526329875904,20
P4_day_77,4000,0.2605803859395971,0.009088722926955646,20
P4_day_77,6000,0.25937502058271766,0.0063206407408840275,20
P4_day_77,7874,0.2584971447012484,3.978582266107461e-16,20
E2_day_77,500,0.20952246991694742,0.029793225509680582,20
E2_day_77,1000,0.20325381387877303,0.02039673320287651,20
E2_day_77,2000,0.21525238813461645,0.014327368458158664,20
E2_day_77,4000,0.20978068309950695,0.014510479843851285,20
E2_day_77,6000,0.21333176491715555,0.007219308828573158,20
E2_day_77,7874,0.21010565407934223,0.0,20
INH_day_77,500,0.19775765719803537,0.026454337683397507,20
INH_day_77,1000,0.19033394914776514,0.02708511084656442,20
INH_day_77,2000,0.18487134187592202,0.018503119203800936,20
INH_day_77,4000,0.18365398998159596,0.010446368663721261,20
INH_day_77,6000,0.18552362135212858,0.006599905822596762,20
INH_day_77,7874,0.18801115732399154,0.0,20
IGF1_day_77,500,0.02070944988506116,0.020584998578018574,20
IGF1_day_77,1000,0.024203129914889397,0.01767117218801471,20
IGF1_day_77,2000,0.02048925967792927,0.014667809936072175,20
IGF1_day_77,4000,0.018243956328221688,0.007908281642433797,20
IGF1_day_77,6000,0.01820684467034326,0.004152573488294151,20
IGF1_day_77,7874,0.016856498970195054,1.3015287256796416e-15,20
Insulin_day_77,500,0.39290611812083276,0.03350489528031744,20
Insulin_day_77,1000,0.4019991773073556,0.02772689119515497,20
Insulin_day_77,2000,0.4033627392069727,0.01790086002337238,20
Insulin_day_77,4000,0.4077709147533285,0.00931905022818159,20
Insulin_day_77,6000,0.404916354983495,0.006100407174252642,20
Insulin_day_77,7874,0.40239601866540653,0.0,20
Glucose_day_77,500,0.2839743710312402,0.04022960273778978,20
Glucose_day_77,1000,0.28341970538983546,0.02438100167349014,20
Glucose_day_77,2000,0.28770259168402257,0.01800952037605021,20
Glucose_day_77,4000,0.28881977255646285,0.012769168529326897,20
Glucose_day_77,6000,0.2894108299442868,0.006658731578736715,20
Glucose_day_77,7874,0.28710024392135464,5.468697385512963e-16,20
Glucagon_day_77,500,0.017070537189989698,0.017121081154481865,20
Glucagon_day_77,1000,0.01465302985015704,0.012286591189865399,20
Glucagon_day_77,2000,0.01774094905631678,0.009716533895753582,20
Glucagon_day_77,4000,0.016820245502248986,0.005887794811391473,20
Glucagon_day_77,6000,0.021766182511380537,0.005019948897159409,20
Glucagon_day_77,7874,0.020388761599120907,1.1916166062209317e-15,20
all_species_day_78,500,0.6524461452461996,0.014428086698423123,20
all_species_day_78,1000,0.7711897050054022,0.011295621675910455,20
all_species_day_78,2000,0.8772042222870494,0.008446733563708316,20
all_species_day_78,4000,0.9826540098500585,0.004540901749040722,20
all_species_day_78,6000,1.038275480501129,0.003023518756174567,20
all_species_day_78,7874,1.0747030959424748,0.0,20
FSH_day_78,500,0.21287735959277967,0.03719029650386134,20
FSH_day_78,1000,0.1967724441719975,0.02674946488042952,20
FSH_day_78,2000,0.20306663086223872,0.017063219555354545,20
FSH_day_78,4000,0.1963230464515397,0.009685492919619813,20
FSH_day_78,6000,0.20121501640650036,0.007007498484382143,20
FSH_day_78,7874,0.20009671151266764,3.9724629357497496e-16,20
PGF_day_78,500,0.046201041936935375,0.020375476569489508,20
PGF_day_78,1000,0.05371382158543163,0.01636698218249711,20
PGF_day_78,2000,0.05385969038415874,0.011335098942634908,20
PGF_day_78,4000,0.0556040246200384,0.005687024097779031,20
PGF_day_78,6000,0.054899083465506406,0.005574970764633931,20
PGF_day_78,7874,0.05250389120136152,7.944160329169613e-16,20
P4_day_78,500,0.2602532331079904,0.038138333470572126,20
P4_day_78,1000,0.2663059259448879,0.030451181204822583,20
P4_day_78,2000,0.25776485879161604,0.016859520043311593,20
P4_day_78,4000,0.25957066522798006,0.011121975314189389,20
P4_day_78,6000,0.259595856068198,0.0056660316178592475,20
P4_day_78,7874,0.25460707451488673,0.0,20
E2_day_78,500,0.15800372361183385,0.034224934005215285,20
E2_day_78,1000,0.1549418009470715,0.026558493839855247,20
E2_day_78,2000,0.15372075752690212,0.012192519340398108,20
E2_day_78,4000,0.15267232118784663,0.008020722715110805,20
E2_day_78,6000,0.15380106278173694,0.00664328052339594,20
E2_day_78,7874,0.1554842570403796,8.150484158540002e-16,20
INH_day_78,500,0.16946905307100324,0.03617712356623354,20
INH_day_78,1000,0.16637877941499238,0.01617230826954531,20
INH_day_78,2000,0.1749640841052263,0.01594660636682458,20
INH_day_78,4000,0.17323986094055516,0.010098280828980625,20
INH_day_78,6000,0.17214893732016953,0.00655328262839619,20
INH_day_78,7874,0.17696746051099693,8.929134622586613e-16,20
IGF1_day_78,500,0.012714728790651008,0.015910251405791994,20
IGF1_day_78,1000,0.012837206882911279,0.01375844409581288,20
IGF1_day_78,2000,0.009918089484709203,0.008785139093517922,20
IGF1_day_78,4000,0.010439189683754613,0.006171659620141319,20
IGF1_day_78,6000,0.011486269741312593,0.007394669341258719,20
IGF1_day_78,7874,0.011454364227364077,1.1916166062209317e-15,20
Insulin_day_78,500,0.40460677211979557,0.042782722581628095,20
Insulin_day_78,1000,0.40447452484381097,0.023191424108598032,20
Insulin_day_78,2000,0.4090985682925018,0.01583811708337554,20
Insulin_day_78,4000,0.4048972803875895,0.009238758705895455,20
Insulin_day_78,6000,0.4068510983180036,0.004904915156877723,20
Insulin_day_78,7874,0.40239601866540653,0.0,20
Glucose_day_78,500,0.27448464315177323,0.03164485287130575,20
Glucose_day_78,1000,0.2838657854415588,0.021860424392017925,20
Glucose_day_78,2000,0.2824569494409519,0.013102093003880384,20
Glucose_day_78,4000,0.2891875377137466,0.009815772205557296,20
Glucose_day_78,6000,0.2875653649041509,0.005557265940015517,20
Glucose_day_78,7874,0.2871002439213545,6.508636539076828e-16,20
Glucagon_day_78,500,0.020676237982771628,0.017497045574187253,20
Glucagon_day_78,1000,0.021227031643224682,0.016740310989998872,20
Glucagon_day_78,2000,0.01893379020242163,0.011603812592251293,20
Glucagon_day_78,4000,0.020447316120232983,0.006263751696997913,20
Glucagon_day_78,6000,0.024460970062275145,0.005224163693091427,20
Glucagon_day_78,7874,0.020388761599120907,8.692791358564726e-16,20
all_species_day_79,500,0.6661905126218741,0.013157088752850732,20
all_species_day_79,1000,0.7880301117090174,0.0060849259123478385,20
all_species_day_79,2000,0.8946464240666628,0.006936843434669704,20
all_species_day_79,4000,0.9962074119635613,0.004625416802667593,20
all_species_day_79,6000,1.0560266994555352,0.0028478392252813396,20
all_species_day_79,7874,1.0938310940025242,6.758024453403185e-16,20
FSH_day_79,500,0.2587296620824338,0.024112531781483752,20
FSH_day_79,1000,0.2610613549523733,0.022504334990547176,20
FSH_day_79,2000,0.26925150615208604,0.014310877385307893,20
FSH_day_79,4000,0.26643964685972454,0.012572133942951222,20
FSH_day_79,6000,0.26697571018060173,0.006578228159204813,20
FSH_day_79,7874,0.2688586193746197,1.0627541630950252e-15,20
PGF_day_79,500,0.060077392070641535,0.021596852767488635,20
PGF_day_79,1000,0.04534073631181812,0.019108611117047963,20
PGF_day_79,2000,0.049223932617742425,0.012394180621070087,20
PGF_day_79,4000,0.05348997045684652,0.008506466882929381,20
PGF_day_79,6000,0.05419949736430345,0.0056183418104373325,20
PGF_day_79,7874,0.05123483679390697,9.066852422560963e-16,20
P4_day_79,500,0.2625788848049194,0.029867975669402424,20
P4_day_79,1000,0.2700247717184526,0.02879415340522804,20
P4_day_79,2000,0.26955509253747045,0.012259989176139224,20
P4_day_79,4000,0.25904080334806423,0.009954423180930356,20
P4_day_79,6000,0.2574894713737261,0.007260552480486758,20
P4_day_79,7874,0.25329420192274243,7.8916723523882e-16,20
E2_day_79,500,0.20065120336533648,0.03624791283042089,20
E2_day_79,1000,0.19928825272079748,0.02521795103552259,20
E2_day_79,2000,0.1945831908130473,0.016006156545328148,20
E2_day_79,4000,0.2009655897744036,0.00899985488786241,20
E2_day_79,6000,0.19841248427769892,0.006136540690675484,20
E2_day_79,7874,0.19770039744594,1.093517029154032e-15,20
INH_day_79,500,0.20778343125256676,0.025247779929989486,20
INH_day_79,1000,0.20693230721162514,0.023404976978705947,20
INH_day_79,2000,0.20288562295383156,0.0158730614618818,20
INH_day_79,4000,0.20471395453022448,0.009909039311274726,20
INH_day_79,6000,0.20550175224193995,0.0071245242867671536,20
INH_day_79,7874,0.20640247232368525,9.77208721444677e-16,20
IGF1_day_79,500,0.009213675528344156,0.011344489269803483,20
IGF1_day_79,1000,0.010803113473645442,0.011421943150637008,20
IGF1_day_79,2000,0.010754646657429756,0.007742041965510761,20
IGF1_day_79,4000,0.005868802046670929,0.004944064382572491,20
IGF1_day_79,6000,0.003367187997575005,0.003249836039683242,20
IGF1_day_79,7874,0.003303762477848515,1.1381531865436233e-15,20
Insulin_day_79,500,0.3973415455001441,0.03347675846023154,20
Insulin_day_79,1000,0.4091108166448336,0.017713580061894843,20
Insulin_day_79,2000,0.39855709830852304,0.012046885312980284,20
Insulin_day_79,4000,0.40944076577756083,0.00910656291797298,20
Insulin_day_79,6000,0.40406342629003617,0.006282649887491515,20
Insulin_day_79,7874,0.40239601866540636,5.468697385512963e-16,20
Glucose_day_79,500,0.2660896436506185,0.024443714555467046,20
Glucose_day_79,1000,0.2793626336275176,0.01951849931001487,20
Glucose_day_79,2000,0.2798843650427574,0.011411736886741129,20
Glucose_day_79,4000,0.28141249490955705,0.012848574147002707,20
Glucose_day_79,6000,0.28825447363285805,0.006759421747803613,20
Glucose_day_79,7874,0.28710024392135464,5.468697385512963e-16,20
Glucagon_day_79,500,0.024113460386222398,0.018448894812982106,20
Glucagon_day_79,1000,0.014058355789088584,0.014571401809950165,20
Glucagon_day_79,2000,0.018310659073968873,0.013819949244178476,20
Glucagon_day_79,4000,0.019121079121187722,0.006531996432577486,20
Glucagon_day_79,6000,0.023657636990940922,0.0048722995086779245,20
Glucagon_day_79,7874,0.02038876159912135,1.0626933570602882e-15,20
all_species_day_80,500,0.7125110017089711,0.017673747913063052,20
all_species_day_80,1000,0.8391351607799662,0.01288179367470027,20
all_species_day_80,2000,0.9548023413289695,0.006072516896730709,20
all_species_day_80,4000,1.0574045598789197,0.00566317151980592,20
all_species_day_80,6000,1.117419815221162,0.003297984576240819,20
all_species_day_80,7874,1.1571467956309505,1.0782077074134192e-15,20
FSH_day_80,500,0.19750565607519435,0.04502081101424447,20
FSH_day_80,1000,0.20112573918712026,0.019935026507861588,20
FSH_day_80,2000,0.19213463428289873,0.01308042580612161,20
FSH_day_80,4000,0.19394256200435275,0.009603898366069903,20
FSH_day_80,6000,0.19221338553608963,0.006251515042924207,20
FSH_day_80,7874,0.19284149936988593,9.77208721444677e-16,20
PGF_day_80,500,0.1598511727521196,0.025722304114519444,20
PGF_day_80,1000,0.15590063448393554,0.01896188558838445,20
PGF_day_80,2000,0.15483238421600082,0.0167974270745943,20
PGF_day_80,4000,0.15276035626884354,0.009714863602687484,20
PGF_day_80,6000,0.1494027086243425,0.007398617226615873,20
PGF_day_80,7874,0.14411831493477073,6.508636539076828e-16,20
P4_day_80,500,0.2537655154753049,0.03278763256940887,20
P4_day_80,1000,0.2560971120563118,0.024617872463708362,20
P4_day_80,2000,0.26106064538775475,0.01890289541802589,20
P4_day_80,4000,0.2603800730174533,0.011215044067154277,20
P4_day_80,6000,0.2559861585857083,0.0058578752161208844,20
P4_day_80,7874,0.25079755434266693,1.3017273078153655e-15,20
E2_day_80,500,0.2112003413335914,0.03606915314630708,20
E2_day_80,1000,0.20597978496079614,0.02054956344094147,20
E2_day_80,2000,0.21819106289431112,0.013813716352174316,20
E2_day_80,4000,0.21662958939017535,0.008812234202709974,20
E2_day_80,6000,0.2193964412559432,0.005626288710815338,20
E2_day_80,7874,0.2151517241477979,7.290237121409324e-16,20
INH_day_80,500,0.22512348967874612,0.03823787857930784,20
INH_day_80,1000,0.21849029261794958,0.026743236828338908,20
INH_day_80,2000,0.2146448864649355,0.014456717860274254,20
INH_day_80,4000,0.2192846320423346,0.007858548359298095,20
INH_day_80,6000,0.21488655932445405,0.004867934336155872,20
INH_day_80,7874,0.21380523448164562,9.81514356048488e-16,20
IGF1_day_80,500,0.006310943702112715,0.011269859196967753,20
IGF1_day_80,1000,0.008535864460128995,0.009353700960126958,20
IGF1_day_80,2000,0.004211062914221219,0.006588449413908577,20
IGF1_day_80,4000,0.0021962678503768098,0.0034690617456373447,20
IGF1_day_80,6000,0.002061356844811435,0.004073132013138816,20
IGF1_day_80,7874,0.0,0.0,20
Insulin_day_80,500,0.39388363622457845,0.02386339142257489,20
Insulin_day_80,1000,0.3969280020559446,0.022114647641958675,20
Insulin_day_80,2000,0.4049303923938356,0.01419543846216996,20
Insulin_day_80,4000,0.4024955207390084,0.006669801865914913,20
Insulin_day_80,6000,0.40466347987862133,0.007960822674083285,20
Insulin_day_80,7874,0.40239601866540636,5.468697385512963e-16,20
Glucose_day_80,500,0.2700255969269459,0.03221454630928361,20
Glucose_day_80,1000,0.2831446802413997,0.02500098207031892,20
Glucose_day_80,2000,0.2877244731669137,0.014852410580900957,20
Glucose_day_80,4000,0.2889707607169191,0.010622593193097845,20
Glucose_day_80,6000,0.2889965887169363,0.005831826214820826,20
Glucose_day_80,7874,0.2871002439213545,6.508636539076828e-16,20
Glucagon_day_80,500,0.02135071712779917,0.023120103633027727,20
Glucagon_day_80,1000,0.011916614010590899,0.01353119152557967,20
Glucagon_day_80,2000,0.018146223847675013,0.009063492486729859,20
Glucagon_day_80,4000,0.019382952872080937,0.008749136243898694,20
Glucagon_day_80,6000,0.022501966239705774,0.004030655360735338,20
Glucagon_day_80,7874,0.02038876159912064,7.290028555798464e-16,20
all_species_day_81,500,0.6754768751454169,0.01627838449263606,20
all_species_day_81,1000,0.7949548355441713,0.011815638619538354,20
all_species_day_81,2000,0.9020032503466116,0.0064515191729005794,20
all_species_day_81,4000,1.0018817758469287,0.004542336377498829,20
all_species_day_81,6000,1.0608893054098885,0.0035014576787043587,20
all_species_day_81,7874,1.0992709435807066,1.57833447047764e-15,20
FSH_day_81,500,0.20892241732251787,0.04466718295564151,20
FSH_day_81,1000,0.2076430929082375,0.01910300057214056,20
FSH_day_81,2000,0.20067605898821209,0.01513688554072084,20
FSH_day_81,4000,0.20045771034117718,0.012753138148769627,20
FSH_day_81,6000,0.201598008982313,0.005416384040272975,20
FSH_day_81,7874,0.2023028207427961,5.468697385512963e-16,20
PGF_day_81,500,0.21766378299211428,0.028585265998879703,20
PGF_day_81,1000,0.2223498854311722,0.01690497126665932,20
PGF_day_81,2000,0.2251228076622273,0.015686354141384688,20
PGF_day_81,4000,0.23000890484222997,0.011375563640992748,20
PGF_day_81,6000,0.2287589659722747,0.004253785528701038,20
PGF_day_81,7874,0.22396451123781008,5.468697385512963e-16,20
P4_day_81,500,0.25754430802448725,0.03740320340594029,20
P4_day_81,1000,0.26230387281975587,0.018304163845062088,20
P4_day_81,2000,0.26140301393723925,0.014410389511036573,20
P4_day_81,4000,0.2570682374530314,0.010060239997059343,20
P4_day_81,6000,0.2604228922274038,0.005125772512395186,20
P4_day_81,7874,0.2591165636854442,7.8916723523882e-16,20
E2_day_81,500,0.1756979410865341,0.026623441038025948,20
E2_day_81,1000,0.1566152078396054,0.01917945507347962,20
E2_day_81,2000,0.16014782013035847,0.013594691867389706,20
E2_day_81,4000,0.16051781882652874,0.010187928345500223,20
E2_day_81,6000,0.16238583003258436,0.004762791868433493,20
E2_day_81,7874,0.16180640889205308,3.9724629357497496e-16,20
INH_day_81,500,0.1084808366323196,0.02109403932751743,20
INH_day_81,1000,0.12247102604451392,0.02528475634440111,20
INH_day_81,2000,0.11834564166034305,0.012470062365793351,20
INH_day_81,4000,0.11707481004150706,0.010113879682429161,20
INH_day_81,6000,0.1147868778723029,0.005406394324001551,20
INH_day_81,7874,0.11386894079785037,0.0,20
IGF1_day_81,500,0.012757828941947524,0.014018771831714376,20
IGF1_day_81,1000,0.0056240348663640916,0.007628301389845689,20
IGF1_day_81,2000,0.0018114711889130497,0.003497831829644423,20
IGF1_day_81,4000,0.0018562876171913877,0.0050484698962291645,20
IGF1_day_81,6000,0.0005553826190551447,0.0016884187106033012,20
IGF1_day_81,7874,0.0,0.0,20
Insulin_day_81,500,0.3938454788164165,0.03472732904479446,20
Insulin_day_81,1000,0.40424534017877994,0.02892828505393486,20
Insulin_day_81,2000,0.3998776521049289,0.013214491588767599,20
Insulin_day_81,4000,0.40556736681041405,0.008220519609297086,20
Insulin_day_81,6000,0.40486100982823636,0.004925012642955716,20
Insulin_day_81,7874,0.40239601866540653,0.0,20
Glucose_day_81,500,0.27785049891014596,0.031601582282275255,20
Glucose_day_81,1000,0.28948340424037944,0.025226040403554733,20
Glucose_day_81,2000,0.284631558307915,0.014185871406862198,20
Glucose_day_81,4000,0.2884865427383275,0.009129078905438586,20
Glucose_day_81,6000,0.2863306907005744,0.004585250958206206,20
Glucose_day_81,7874,0.2871002439213547,3.978582266107461e-16,20
Glucagon_day_81,500,0.019053539545853447,0.018715082980107645,20
Glucagon_day_81,1000,0.01821908084939148,0.019701442541028978,20
Glucagon_day_81,2000,0.013738078554427702,0.00962008725647308,20
Glucagon_day_81,4000,0.021470913841495687,0.00823664296133062,20
Glucagon_day_81,6000,0.02277417384243723,0.0036036685904126775,20
Glucagon_day_81,7874,0.020388761599120463,9.81448516781974e-16,20
all_species_day_82,500,0.8799438207247402,0.01524697575209729,20
all_species_day_82,1000,1.0090674734366254,0.012027687356469696,20
all_species_day_82,2000,1.1407742012413646,0.007665134831351678,20
all_species_day_82,4000,1.2475293169816073,0.004607861801854366,20
all_species_day_82,6000,1.3085118018172182,0.0038601631581615978,20
all_species_day_82,7874,1.347996901521718,9.982263672530257e-16,20
FSH_day_82,500,0.21961034132976814,0.03334086655390571,20
FSH_day_82,1000,0.22665276291803202,0.02031851274418046,20
FSH_day_82,2000,0.23532768581439117,0.014288016311247652,20
FSH_day_82,4000,0.23759945796718912,0.011905834401389702,20
FSH_day_82,6000,0.23554902388600613,0.006904508347226735,20
FSH_day_82,7874,0.23333059968506814,1.1382101700575058e-15,20
PGF_day_82,500,0.20522197598962735,0.026384534858672072,20
PGF_day_82,1000,0.20507116627816063,0.027293067558089534,20
PGF_day_82,2000,0.2096577911281356,0.01756873455808261,20
PGF_day_82,4000,0.2086866376845909,0.008209697751459768,20
PGF_day_82,6000,0.20933966217152244,0.006868268848693888,20
PGF_day_82,7874,0.21389020750790425,9.067020116582793e-16,20
P4_day_82,500,0.22075327564129318,0.028064678237516384,20
P4_day_82,1000,0.22142009686712819,0.021281838478986414,20
P4_day_82,2000,0.2258633498995323,0.017175471859184895,20
P4_day_82,4000,0.22492069715989196,0.009812038020543345,20
P4_day_82,6000,0.22466527812123288,0.006964292644162929,20
P4_day_82,7874,0.2245974130932625,1.301540407820459e-15,20
E2_day_82,500,0.1802033915172733,0.041000681410357634,20
E2_day_82,1000,0.19727689249229519,0.02249326315923659,20
E2_day_82,2000,0.1835489978349787,0.01788694756668054,20
E2_day_82,4000,0.1828311246366523,0.012648786589108075,20
E2_day_82,6000,0.1858681848406058,0.005065941572458693,20
E2_day_82,7874,0.1912096481035448,0.0,20
INH_day_82,500,0.1571726494226522,0.03260223618360387,20
INH_day_82,1000,0.16530929294379054,0.018866856014794934,20
INH_day_82,2000,0.16197305000259038,0.01754764688779633,20
INH_day_82,4000,0.16434462069714934,0.009294223254524453,20
INH_day_82,6000,0.16853522009293878,0.005290746763727043,20
INH_day_82,7874,0.17347685934138468,0.0,20
IGF1_day_82,500,0.21131521290140703,0.037367081817601275,20
IGF1_day_82,1000,0.1975649779751179,0.028213951733963752,20
IGF1_day_82,2000,0.19766420438389093,0.01917707458212594,20
IGF1_day_82,4000,0.19660566391551546,0.010102544336978837,20
IGF1_day_82,6000,0.19527564835840874,0.005773596612006052,20
IGF1_day_82,7874,0.197737590948865,0.0,20
Insulin_day_82,500,0.39024544521823123,0.042860329899898075,20
Insulin_day_82,1000,0.4037541670254841,0.026945269312587495,20
Insulin_day_82,2000,0.4076830371038529,0.017426922906422452,20
Insulin_day_82,4000,0.4075275504684342,0.009242287492794946,20
Insulin_day_82,6000,0.4055818363485959,0.006482635434296095,20
Insulin_day_82,7874,0.4023960186654064,3.978582266107461e-16,20
Glucose_day_82,500,0.27139383362213576,0.03204003058134874,20
Glucose_day_82,1000,0.27862072218033934,0.018329393604861098,20
Glucose_day_82,2000,0.2838026300005527,0.020144316788965812,20
Glucose_day_82,4000,0.2870640672038773,0.008885536545468774,20
Glucose_day_82,6000,0.28827961732344426,0.006716036669798921,20
Glucose_day_82,7874,0.2871002439213545,6.508636539076828e-16,20
Glucagon_day_82,500,0.021882299715755726,0.023545945340272118,20
Glucagon_day_82,1000,0.016547246014303952,0.013584357865957204,20
Glucagon_day_82,2000,0.019488843889754647,0.011181003980681465,20
Glucagon_day_82,4000,0.01953959217094159,0.006626091383635518,20
Glucagon_day_82,6000,0.022219562704160544,0.0053933910910197265,20
Glucagon_day_82,7874,0.020388761599120907,8.692791358564726e-16,20
all_species_day_83,500,0.9252412217498922,0.018851783025824385,20
all_species_day_83,1000,1.06365047048952,0.012390459065519832,20
all_species_day_83,2000,1.194845936267788,0.007340852442534681,20
all_species_day_83,4000,1.305118197221756,0.004536496187263981,20
all_species_day_83,6000,1.366239572978786,0.0029688133343312778,20
all_species_day_83,7874,1.4033871019894826,9.337552651762004e-16,20
FSH_day_83,500,0.1650681657846022,0.02102271885406906,20
FSH_day_83,1000,0.1732435062826938,0.02398470657468982,20
FSH_day_83,2000,0.1684993328344012,0.01701732882705353,20
FSH_day_83,4000,0.1654601215940586,0.007794541105279555,20
FSH_day_83,6000,0.1727380649151155,0.0061055343040903485,20
FSH_day_83,7874,0.17404876898376792,1.1916708338535573e-15,20
PGF_day_83,500,0.20650621206885034,0.03495043252313632,20
PGF_day_83,1000,0.20876015070730683,0.026587509856209928,20
PGF_day_83,2000,0.21928513879792044,0.015231070612948755,20
PGF_day_83,4000,0.2188791181737982,0.010306626011775899,20
PGF_day_83,6000,0.22336876989058102,0.00895997067683082,20
PGF_day_83,7874,0.22524517834748678,7.290237121409324e-16,20
P4_day_83,500,0.2124062793801505,0.02802768475303255,20
P4_day_83,1000,0.21634045660485288,0.016629201771489865,20
P4_day_83,2000,0.21427628804181859,0.013219208320435813,20
P4_day_83,4000,0.22464191649512105,0.008715168955183426,20
P4_day_83,6000,0.22733296618336132,0.005318607950933607,20
P4_day_83,7874,0.22160664133625999,3.9724629357497496e-16,20
E2_day_83,500,0.19679909970104772,0.024815120047041096,20
E2_day_83,1000,0.19469486545565334,0.021373485263056668,20
E2_day_83,2000,0.19337234083162275,0.012666507163490704,20
E2_day_83,4000,0.19084030464572682,0.013453351705602107,20
E2_day_83,6000,0.18668676201870033,0.00527076295560733,20
E2_day_83,7874,0.1915733477600444,7.290237121409324e-16,20
INH_day_83,500,0.16413428931349866,0.027104892859029204,20
INH_day_83,1000,0.16754007167804358,0.024395120907334825,20
INH_day_83,2000,0.1688689744149448,0.018098156637920422,20
INH_day_83,4000,0.1663905849770841,0.008937141382356606,20
INH_day_83,6000,0.17130088539529273,0.006494511056693159,20
INH_day_83,7874,0.1776726480961699,0.0,20
IGF1_day_83,500,0.20826897679687698,0.03597176629924569,20
IGF1_day_83,1000,0.22498853362719737,0.0214880718788529,20
IGF1_day_83,2000,0.23007223007121408,0.012800104709720001,20
IGF1_day_83,4000,0.22890018246822602,0.012350942233763033,20
IGF1_day_83,6000,0.2271503577195891,0.005605295844758865,20
IGF1_day_83,7874,0.2276849109594056,3.9724629357497496e-16,20
Insulin_day_83,500,0.38868622685623344,0.029167725636130393,20
Insulin_day_83,1000,0.3982180177396781,0.030005014583508946,20
Insulin_day_83,2000,0.40634918036081213,0.015019064015866604,20
Insulin_day_83,4000,0.40535915587729787,0.0077124122727485,20
Insulin_day_83,6000,0.40518695856274334,0.007113013127842657,20
Insulin_day_83,7874,0.4023960186654062,7.293573360065267e-16,20
Glucose_day_83,500,0.27418862385580595,0.03288704664384949,20
Glucose_day_83,1000,0.2780056433406104,0.027887337134438066,20
Glucose_day_83,2000,0.2914234804171264,0.015051642964903545,20
Glucose_day_83,4000,0.2874973536837085,0.007204388860603422,20
Glucose_day_83,6000,0.28594554894189494,0.006150337101462611,20
Glucose_day_83,7874,0.28710024392135464,5.468697385512963e-16,20
Glucagon_day_83,500,0.016840290980103756,0.01684389833128552,20
Glucagon_day_83,1000,0.021161051362653626,0.017637771371251068,20
Glucagon_day_83,2000,0.015748298335995337,0.01180970400627849,20
Glucagon_day_83,4000,0.01862729938031995,0.008008346858713171,20
Glucagon_day_83,6000,0.01934995390434313,0.005548775672817858,20
Glucagon_day_83,7874,0.020388761599121084,9.066852422560963e-16,20
all_species_day_84,500,0.8508396087182982,0.02160111870417431,20
all_species_day_84,1000,0.9899000335947983,0.010958754104690764,20
all_species_day_84,2000,1.1250388174035746,0.006372499191264428,20
all_species_day_84,4000,1.2374532912728011,0.004237213700338922,20
all_species_day_84,6000,1.2989349788672802,0.003112729031898276,20
all_species_day_84,7874,1.3368645363120126,7.691850745534255e-16,20
FSH_day_84,500,0.175890181000864,0.03486018181652862,20
FSH_day_84,1000,0.18269672089720074,0.0196754117247065,20
FSH_day_84,2000,0.18606410639391643,0.01421626689580775,20
FSH_day_84,4000,0.1806080071525174,0.00929716152252631,20
FSH_day_84,6000,0.18465195708524257,0.007074235010585061,20
FSH_day_84,7874,0.18572966968027824,8.351955177742957e-16,20
PGF_day_84,500,0.20573607658852627,0.03781330786195461,20
PGF_day_84,1000,0.20632131711087193,0.030529286081670635,20
PGF_day_84,2000,0.2157980275438467,0.018073943077449375,20
PGF_day_84,4000,0.2214233464547731,0.009919148589994846,20
PGF_day_84,6000,0.22167213573093153,0.006377751678657487,20
PGF_day_84,7874,0.2219116488799016,6.508636539076828e-16,20
P4_day_84,500,0.21635047225333662,0.038804328381975714,20
P4_day_84,1000,0.22653961715240234,0.027261854213137007,20
P4_day_84,2000,0.21891392949206762,0.01881087530457283,20
P4_day_84,4000,0.227189475276234,0.010521484941258466,20
P4_day_84,6000,0.22721457609469056,0.005624922301242144,20
P4_day_84,7874,0.22671603372494936,6.508636539076828e-16,20
E2_day_84,500,0.037357169798101,0.022636254348427524,20
E2_day_84,1000,0.04414726357007481,0.017893548927918376,20
E2_day_84,2000,0.0448714710315052,0.015025950588866525,20
E2_day_84,4000,0.04608343324017792,0.007510526660564336,20
E2_day_84,6000,0.0439617056492132,0.004953600105386161,20
E2_day_84,7874,0.042510039270319044,7.8916723523882e-16,20
INH_day_84,500,0.16043572695006847,0.030942254740472616,20
INH_day_84,1000,0.16849486087975193,0.022870479004395313,20
INH_day_84,2000,0.16299378077902257,0.01892566104046343,20
INH_day_84,4000,0.15399123145164034,0.006196814223235667,20
INH_day_84,6000,0.15804760258133282,0.005190798692668575,20
INH_day_84,7874,0.15873332827169104,8.351955177742957e-16,20
IGF1_day_84,500,0.21507044962850527,0.030474713278731497,20
IGF1_day_84,1000,0.23861838721680534,0.028412150352491852,20
IGF1_day_84,2000,0.23125505239941574,0.014243325344210423,20
IGF1_day_84,4000,0.23220635341158563,0.009492894828007855,20
IGF1_day_84,6000,0.23182792646932554,0.007838706543117998,20
IGF1_day_84,7874,0.23379259934754693,0.0,20
Insulin_day_84,500,0.3922083699599545,0.030720212749670593,20
Insulin_day_84,1000,0.3944780433019814,0.02355757095620713,20
Insulin_day_84,2000,0.40373867035418953,0.012695246733098506,20
Insulin_day_84,4000,0.40593981110019667,0.01303986366716526,20
Insulin_day_84,6000,0.406094281430475,0.005818114228835565,20
Insulin_day_84,7874,0.40239601866540625,6.508636539076828e-16,20
Glucose_day_84,500,0.27231639066747193,0.023855521835307193,20
Glucose_day_84,1000,0.28098730498485464,0.014701092757548944,20
Glucose_day_84,2000,0.28979031364306057,0.01708924785661643,20
Glucose_day_84,4000,0.28797027699198036,0.009329188297960311,20
Glucose_day_84,6000,0.2867109350840278,0.0056591789894838655,20
Glucose_day_84,7874,0.28710024392135464,5.468697385512963e-16,20
Glucagon_day_84,500,0.025948319510153438,0.02290271524377625,20
Glucagon_day_84,1000,0.01830445221059307,0.013276002078124573,20
Glucagon_day_84,2000,0.015435386401799533,0.01422831472140363,20
Glucagon_day_84,4000,0.015951959835718822,0.009217887427163486,20
Glucagon_day_84,6000,0.022518752381299124,0.005110882361081862,20
Glucagon_day_84,7874,0.020388761599120554,8.692791358564726e-16,20
all_species_day_85,500,0.833991360802697,0.012342746899806021,20
all_species_day_85,1000,0.9647188766479585,0.009449088725714533,20
all_species_day_85,2000,1.0825045881662625,0.0073209503774900025,20
all_species_day_85,4000,1.194234048195892,0.004585573624014087,20
all_species_day_85,6000,1.2549120623061352,0.003705100051989391,20
all_species_day_85,7874,1.2932339317390633,7.957164532214922e-16,20
FSH_day_85,500,0.06523852877461755,0.02810198646669062,20
FSH_day_85,1000,0.07241420632789079,0.013078875377113122,20
FSH_day_85,2000,0.06780111899912322,0.012027011969577858,20
FSH_day_85,4000,0.06469023172892215,0.008393204901645848,20
FSH_day_85,6000,0.06507791412524488,0.004625624116573607,20
FSH_day_85,7874,0.06649956138488697,1.2360952443654647e-15,20
PGF_day_85,500,0.21298987627796154,0.04343859070859313,20
PGF_day_85,1000,0.20575388854134236,0.01913889256280757,20
PGF_day_85,2000,0.20637899790745884,0.014951159225818423,20
PGF_day_85,4000,0.21739098812611218,0.0080477971171494,20
PGF_day_85,6000,0.2195933309786337,0.0070141533379307845,20
PGF_day_85,7874,0.21885932953789675,9.067020116582793e-16,20
P4_day_85,500,0.21184646188074407,0.0335016798622743,20
P4_day_85,1000,0.2206273983156887,0.022826457633594695,20
P4_day_85,2000,0.2133806513890934,0.014577273139381536,20
P4_day_85,4000,0.21047924278037894,0.00754108948543282,20
P4_day_85,6000,0.21211324965231296,0.0039654946209634655,20
P4_day_85,7874,0.21004898582741421,8.693534701553318e-16,20
E2_day_85,500,0.19721810438460002,0.03206747867417439,20
E2_day_85,1000,0.190910299103213,0.024236778007074772,20
E2_day_85,2000,0.18337127773139522,0.013465458842330235,20
E2_day_85,4000,0.18641468656306817,0.010063277942615972,20
E2_day_85,6000,0.18504885759628528,0.005900395173777524,20
E2_day_85,7874,0.18635944815050065,9.77208721444677e-16,20
INH_day_85,500,0.18006828132601718,0.03712102796629331,20
INH_day_85,1000,0.18080542326332294,0.020635784759447346,20
INH_day_85,2000,0.18848379589039518,0.018422224379482526,20
INH_day_85,4000,0.19062490269942362,0.009654082731938135,20
INH_day_85,6000,0.18693785250232073,0.006541820402828239,20
INH_day_85,7874,0.18246461350773835,0.0,20
IGF1_day_85,500,0.25168554603359894,0.031127191628394252,20
IGF1_day_85,1000,0.24864089398110734,0.018737251641190757,20
IGF1_day_85,2000,0.24277284342715477,0.021596339703802984,20
IGF1_day_85,4000,0.23933061554876217,0.008774000951308675,20
IGF1_day_85,6000,0.24169649318778771,0.00753842499551584,20
IGF1_day_85,7874,0.24405197598037268,3.9724629357497496e-16,20
Insulin_day_85,500,0.39337019937764306,0.03323917762030761,20
Insulin_day_85,1000,0.40451406446466065,0.02119493498882378,20
Insulin_day_85,2000,0.39868112987043947,0.01618224625298035,20
Insulin_day_85,4000,0.4050314715096003,0.00964962397482021,20
Insulin_day_85,6000,0.40803547966621456,0.006431475289786802,20
Insulin_day_85,7874,0.4023960186654064,3.978582266107461e-16,20
Glucose_day_85,500,0.26961426443736547,0.03146239258816841,20
Glucose_day_85,1000,0.27581723076466913,0.018317516202993222,20
Glucose_day_85,2000,0.2848425870745836,0.013490176842230717,20
Glucose_day_85,4000,0.28655468320387695,0.009518681188236051,20
Glucose_day_85,6000,0.28717223556052174,0.005614190868857793,20
Glucose_day_85,7874,0.28710024392135436,7.8916723523882e-16,20
Glucagon_day_85,500,0.013377213887974592,0.012389966390792153,20
Glucagon_day_85,1000,0.023186213723758,0.017667401855727714,20
Glucagon_day_85,2000,0.017531965674711002,0.01357124189863273,20
Glucagon_day_85,4000,0.01776077593918197,0.008975868218807078,20
Glucagon_day_85,6000,0.022670029074735164,0.0037732324588847788,20
Glucagon_day_85,7874,0.02038876159912082,1.0147280934236309e-15,20
all_species_day_86,500,0.8195489717691746,0.015235714062966628,20
all_species_day_86,1000,0.9585826940434176,0.011996809333416873,20
all_species_day_86,2000,1.0634950563566261,0.008034617604570405,20
all_species_day_86,4000,1.1676648953033522,0.005720946237665543,20
all_species_day_86,6000,1.2243316792023637,0.0033478436898358235,20
all_species_day_86,7874,1.2587231640559597,1.0782077074134192e-15,20
FSH_day_86,500,0.1819109129937683,0.03922777643449121,20
FSH_day_86,1000,0.17647461747495435,0.026871772279926973,20
FSH_day_86,2000,0.18458052348318849,0.01795539839200031,20
FSH_day_86,4000,0.18514241394932568,0.01234115986456458,20
FSH_day_86,6000,0.18683817617146356,0.007538464238235786,20
FSH_day_86,7874,0.19003559932172073,7.290237121409324e-16,20
PGF_day_86,500,0.2251119353927967,0.028299916734227274,20
PGF_day_86,1000,0.21214761079223504,0.023538417400688207,20
PGF_day_86,2000,0.20611606564286059,0.016313191044459795,20
PGF_day_86,4000,0.21251147003498944,0.012907974660103114,20
PGF_day_86,6000,0.22010081059503267,0.007740930209238534,20
PGF_day_86,7874,0.21628117878060715,7.8916723523882e-16,20
P4_day_86,500,0.18839992796127952,0.028513664387908894,20
P4_day_86,1000,0.19103263004124918,0.020293219757860217,20
P4_day_86,2000,0.18199436479536465,0.012607115067512505,20
P4_day_86,4000,0.18867510289299744,0.012036723884687142,20
P4_day_86,6000,0.18219011134650795,0.007734654233801315,20
P4_day_86,7874,0.1805127563992138,3.9724629357497496e-16,20
E2_day_86,500,0.18845212619970178,0.03040470060529745,20
E2_day_86,1000,0.19491259231359245,0.023120895953845925,20
E2_day_86,2000,0.18339660231244617,0.018185547384275153,20
E2_day_86,4000,0.19453263040175975,0.007278365586703046,20
E2_day_86,6000,0.19281529718017482,0.006006085791409779,20
E2_day_86,7874,0.1937849507455116,0.0,20
INH_day_86,500,0.18200710255001282,0.030244244082153253,20
INH_day_86,1000,0.19364166781935008,0.02765152844677264,20
INH_day_86,2000,0.19473990069490393,0.016268951918344682,20
INH_day_86,4000,0.19476308783529364,0.009353975564781347,20
INH_day_86,6000,0.19668740805181112,0.004766076828387769,20
INH_day_86,7874,0.19065498100682082,5.468697385512963e-16,20
IGF1_day_86,500,0.22960477846668118,0.03786758571537696,20
IGF1_day_86,1000,0.22120490790000735,0.025413743629139323,20
IGF1_day_86,2000,0.22181407284995255,0.018623408659169925,20
IGF1_day_86,4000,0.21879093979483608,0.009725854182326599,20
IGF1_day_86,6000,0.21671564167558427,0.007293196214629925,20
IGF1_day_86,7874,0.21631318888639903,7.290237121409324e-16,20
Insulin_day_86,500,0.3924464166536566,0.03048944886189267,20
Insulin_day_86,1000,0.41688262299673673,0.023322167047052318,20
Insulin_day_86,2000,0.409275357894934,0.02200344779377245,20
Insulin_day_86,4000,0.4041914513100342,0.011138060842680228,20
Insulin_day_86,6000,0.4051700413038876,0.006563747014514022,20
Insulin_day_86,7874,0.40239601866540636,5.468697385512963e-16,20
Glucose_day_86,500,0.28323130296819066,0.037692724688603185,20
Glucose_day_86,1000,0.2766708872044149,0.01817005333037869,20
Glucose_day_86,2000,0.28910176141152766,0.020191157407749544,20
Glucose_day_86,4000,0.28759098631549007,0.00811113124879399,20
Glucose_day_86,6000,0.28795130185363566,0.006536402225190309,20
Glucose_day_86,7874,0.28710024392135425,8.354867465334602e-16,20
Glucagon_day_86,500,0.017098265675979052,0.016841107617166656,20
Glucagon_day_86,1000,0.014006993465113471,0.014275559366208694,20
Glucagon_day_86,2000,0.016586408009740518,0.01190052314623376,20
Glucagon_day_86,4000,0.02080914965130507,0.009190760589518164,20
Glucagon_day_86,6000,0.01996910917583561,0.005844994114412412,20
Glucagon_day_86,7874,0.02038876159912064,9.292992647885976e-16,20
all_species_day_87,500,0.7482207072566173,0.010675908927371728,20
all_species_day_87,1000,0.8805309527301748,0.011681253027765905,20
all_species_day_87,2000,0.9915370626619895,0.008461623109434048,20
all_species_day_87,4000,1.105678695668874,0.0053729752995577236,20
all_species_day_87,6000,1.1666357789408643,0.003666783970595631,20
all_species_day_87,7874,1.2040131554813212,8.213913007446715e-16,20
FSH_day_87,500,0.17797492537769077,0.03586940955706799,20
FSH_day_87,1000,0.18662039387038815,0.02332536603248209,20
FSH_day_87,2000,0.1884282315513235,0.018563712056882474,20
FSH_day_87,4000,0.19067163534862647,0.012139837828910961,20
FSH_day_87,6000,0.192806861949634,0.00760098299666125,20
FSH_day_87,7874,0.19147288662906092,0.0,20
PGF_day_87,500,0.20151332464758737,0.03910242316865866,20
PGF_day_87,1000,0.21214754817063533,0.03034881572505869,20
PGF_day_87,2000,0.21754811509437638,0.017708801449284977,20
PGF_day_87,4000,0.21633150957918748,0.010483496415886119,20
PGF_day_87,6000,0.21971541289619498,0.007377816953952905,20
PGF_day_87,7874,0.2184730814819031,6.508636539076828e-16,20
P4_day_87,500,0.2011098777948261,0.029704368078956305,20
P4_day_87,1000,0.19960313191418172,0.022716808900341254,20
P4_day_87,2000,0.20152315051333325,0.016852866682760606,20
P4_day_87,4000,0.19868966202592206,0.00958251896306225,20
P4_day_87,6000,0.20308815956561785,0.0053303250786244935,20
P4_day_87,7874,0.20014438744156848,0.0,20
E2_day_87,500,0.2221177709620228,0.03322282776821308,20
E2_day_87,1000,0.2097363487063471,0.026078445965078946,20
E2_day_87,2000,0.2099041478426699,0.014144708785777074,20
E2_day_87,4000,0.21154276078706644,0.011407983365341382,20
E2_day_87,6000,0.20833659073846916,0.007178199500345804,20
E2_day_87,7874,0.20267165391952907,8.693534701553318e-16,20
INH_day_87,500,0.06395659556855163,0.026654174949722935,20
INH_day_87,1000,0.06546236020836416,0.02521634633394577,20
INH_day_87,2000,0.06727354324972853,0.011238335604949846,20
INH_day_87,4000,0.0624903275347811,0.010874586988383885,20
INH_day_87,6000,0.06244699112915928,0.004208450758346168,20
INH_day_87,7874,0.06128905589594922,7.290028555798464e-16,20
IGF1_day_87,500,0.14601812681239884,0.024684586239045174,20
IGF1_day_87,1000,0.15677433998874335,0.02005640330698949,20
IGF1_day_87,2000,0.15726464336309426,0.015553058123334004,20
IGF1_day_87,4000,0.15419772637748794,0.006725576037088771,20
IGF1_day_87,6000,0.15846416894998522,0.005368038716867473,20
IGF1_day_87,7874,0.15834578703603164,0.0,20
Insulin_day_87,500,0.39921865903551695,0.03495656987855652,20
Insulin_day_87,1000,0.39823067581346555,0.02455824910445273,20
Insulin_day_87,2000,0.411383230244936,0.021919894021568104,20
Insulin_day_87,4000,0.4065900824384497,0.007611078238685758,20
Insulin_day_87,6000,0.40577668863495636,0.005519705478527837,20
Insulin_day_87,7874,0.4023960186654061,7.8916723523882e-16,20
Glucose_day_87,500,0.2807825420290838,0.03266957658166393,20
Glucose_day_87,1000,0.2672680136733002,0.02411505708530604,20
Glucose_day_87,2000,0.2860166234496854,0.01971350657873644,20
Glucose_day_87,4000,0.28617043726409336,0.008078013983528351,20
Glucose_day_87,6000,0.2861732740480612,0.005315364879115521,20
Glucose_day_87,7874,0.28710024392135447,7.293573360065267e-16,20
Glucagon_day_87,500,0.020522125146519476,0.019092227855754408,20
Glucagon_day_87,1000,0.014747297759584655,0.01472374608702667,20
Glucagon_day_87,2000,0.018941863533718274,0.009325765053656683,20
Glucagon_day_87,4000,0.019465137487767327,0.008254334599890875,20
Glucagon_day_87,6000,0.024062530700330063,0.005833445545538528,20
Glucagon_day_87,7874,0.020388761599121084,9.066852422560963e-16,20
all_species_day_88,500,0.9523554605304397,0.016705889726914093,20
all_species_day_88,1000,1.0944175851051183,0.010557313052632253,20
all_species_day_88,2000,1.2245786851671514,0.011048732955074216,20
all_species_day_88,4000,1.339571124697241,0.004936246225455246,20
all_species_day_88,6000,1.3993141916866925,0.002887669820336002,20
all_species_day_88,7874,1.4386920465782898,9.77208721444677e-16,20
FSH_day_88,500,0.1965407965969829,0.03715353237249305,20
FSH_day_88,1000,0.1962044855267906,0.019209265554801812,20
FSH_day_88,2000,0.19118942245610465,0.014302476094154526,20
FSH_day_88,4000,0.1917563985430979,0.0070217688187731745,20
FSH_day_88,6000,0.19120106123768227,0.006175898214615981,20
FSH_day_88,7874,0.19349552046396967,9.77208721444677e-16,20
PGF_day_88,500,0.20145193651881824,0.02904591013487229,20
PGF_day_88,1000,0.20836945554045122,0.020932008087701324,20
PGF_day_88,2000,0.20888580035695084,0.019876153971565582,20
PGF_day_88,4000,0.21144014337624623,0.007156640060809528,20
PGF_day_88,6000,0.21775257442424864,0.006466185356563637,20
PGF_day_88,7874,0.2165978487106024,5.763262618457167e-16,20
P4_day_88,500,0.2238224366964649,0.037693837580214884,20
P4_day_88,1000,0.22656328723825422,0.028697867318047642,20
P4_day_88,2000,0.23304230725875613,0.013745436474682605,20
P4_day_88,4000,0.2357658455720471,0.00639193759451156,20
P4_day_88,6000,0.2295901377924193,0.007706485343977453,20
P4_day_88,7874,0.2256500562880956,8.693534701553318e-16,20
E2_day_88,500,0.2203465761426385,0.03794601625606792,20
E2_day_88,1000,0.22152773684599686,0.02172771645216567,20
E2_day_88,2000,0.21520490099614759,0.01223084112680132,20
E2_day_88,4000,0.2226063067271511,0.00979191899702751,20
E2_day_88,6000,0.21909073592541367,0.007219754115012542,20
E2_day_88,7874,0.2152938943118336,8.929134622586613e-16,20
INH_day_88,500,0.22379062765053193,0.0367373332215967,20
INH_day_88,1000,0.2259894326954476,0.022807473058225374,20
INH_day_88,2000,0.21983597219757928,0.01712322812859406,20
INH_day_88,4000,0.21849282238992584,0.008687244011942636,20
INH_day_88,6000,0.21701248002949258,0.005510688756085142,20
INH_day_88,7874,0.21649857446116041,1.0147430773369835e-15,20
IGF1_day_88,500,0.20093241060528716,0.03669939326289748,20
IGF1_day_88,1000,0.2076047830193371,0.025151672307753017,20
IGF1_day_88,2000,0.2067003887009414,0.018010544610620377,20
IGF1_day_88,4000,0.20990153774211445,0.010266418202446571,20
IGF1_day_88,6000,0.2101414826403615,0.004973105533068471,20
IGF1_day_88,7874,0.21047316902377436,8.351955177742957e-16,20
Insulin_day_88,500,0.40379488942969993,0.03006623135361835,20
Insulin_day_88,1000,0.40840482428420444,0.02143802542530772,20
Insulin_day_88,2000,0.4002595477084913,0.015413656696036263,20
Insulin_day_88,4000,0.405709391756407,0.0072842597320660315,20
Insulin_day_88,6000,0.40571056881239365,0.005858737722884136,20
Insulin_day_88,7874,0.40239601866540636,5.468697385512963e-16,20
Glucose_day_88,500,0.27194020428178817,0.03352941292128133,20
Glucose_day_88,1000,0.2795364462733375,0.026386658024343455,20
Glucose_day_88,2000,0.28090312254926586,0.013917690960436973,20
Glucose_day_88,4000,0.29119118695513685,0.010397728261583243,20
Glucose_day_88,6000,0.28454847657291127,0.004210810721739345,20
Glucose_day_88,7874,0.28710024392135447,7.293573360065267e-16,20
Glucagon_day_88,500,0.015063090832921322,0.01459405499428035,20
Glucagon_day_88,1000,0.017350994007513786,0.013685084878867621,20
Glucagon_day_88,2000,0.02055076981418589,0.010072039707471682,20
Glucagon_day_88,4000,0.01716822424008546,0.009009286009746964,20
Glucagon_day_88,6000,0.020895215110934375,0.005951787231902023,20
Glucagon_day_88,7874,0.02038876159912073,7.8916723523882e-16,20
all_species_day_89,500,0.9402668317849343,0.015993186326285394,20
all_species_day_89,1000,1.0828759764112057,0.014268901037158159,20
all_species_day_89,2000,1.210214822540589,0.007826728506028233,20
all_species_day_89,4000,1.3209441781788764,0.006138975911550233,20
all_species_day_89,6000,1.3815324126343367,0.003262586307108298,20
all_species_day_89,7874,1.420091867819895,5.486462556459613e-16,20
FSH_day_89,500,0.19361872689806794,0.02575694827778878,20
FSH_day_89,1000,0.18136520524565986,0.027002880335173306,20
FSH_day_89,2000,0.19010334162546744,0.02193911973488881,20
FSH_day_89,4000,0.19308764100135747,0.011515814455447965,20
FSH_day_89,6000,0.1913099114488764,0.0046990968455197,20
FSH_day_89,7874,0.1930904811749981,5.468697385512963e-16,20
PGF_day_89,500,0.20176385806631125,0.0243751570823726,20
PGF_day_89,1000,0.20369927042712083,0.028012535193791464,20
PGF_day_89,2000,0.2051344655187859,0.013785258519574435,20
PGF_day_89,4000,0.21423210500535098,0.010080168208183325,20
PGF_day_89,6000,0.21551524009248144,0.007031676856461639,20
PGF_day_89,7874,0.21463576734730197,1.7856906937115976e-15,20
P4_day_89,500,0.25567191686813806,0.026410114983496463,20
P4_day_89,1000,0.267247658794608,0.01895321200050662,20
P4_day_89,2000,0.25877078650289215,0.01297887411627227,20
P4_day_89,4000,0.25924175371585134,0.010432515667970483,20
P4_day_89,6000,0.25639397194249514,0.006843742728982973,20
P4_day_89,7874,0.25117805968903034,1.0430375909640913e-15,20
E2_day_89,500,0.22881196824569958,0.033450781574401414,20
E2_day_89,1000,0.2245289307801502,0.02320507853974016,20
E2_day_89,2000,0.22535187513302252,0.020126080539819565,20
E2_day_89,4000,0.22405634192566898,0.009345551385308156,20
E2_day_89,6000,0.2196395276190028,0.006669319976221465,20
E2_day_89,7874,0.2160205509670857,3.9724629357497496e-16,20
INH_day_89,500,0.2174835809874133,0.02965558306716364,20
INH_day_89,1000,0.22594148327225866,0.025215989726468088,20
INH_day_89,2000,0.21800973405260918,0.015440874215513368,20
INH_day_89,4000,0.2189792291303271,0.007881845044073639,20
INH_day_89,6000,0.2182086118754567,0.005024815389970246,20
INH_day_89,7874,0.21601413834845715,1.093517029154032e-15,20
IGF1_day_89,500,0.22556266408986542,0.029136393702861085,20
IGF1_day_89,1000,0.23503784913892883,0.02002269313670665,20
IGF1_day_89,2000,0.22986233552634855,0.013661549105722561,20
IGF1_day_89,4000,0.23421042055770575,0.011038181920213587,20
IGF1_day_89,6000,0.22959242202275681,0.005868616550571454,20
IGF1_day_89,7874,0.22747850490219984,5.468697385512963e-16,20
Insulin_day_89,500,0.3925311086217308,0.038065285766931564,20
Insulin_day_89,1000,0.4021577622044375,0.025056150951973204,20
Insulin_day_89,2000,0.4036520648634186,0.013209447939396355,20
Insulin_day_89,4000,0.40675136734248785,0.011484782444060725,20
Insulin_day_89,6000,0.40542093961724834,0.007004174800039792,20
Insulin_day_89,7874,0.40239601866540653,0.0,20
Glucose_day_89,500,0.26861014357358665,0.03278908913348368,20
Glucose_day_89,1000,0.2740619846412128,0.01930895049707218,20
Glucose_day_89,2000,0.28386901777456613,0.017228598675573584,20
Glucose_day_89,4000,0.28943920396995065,0.008996668335524876,20
Glucose_day_89,6000,0.2869363679156858,0.005148209471121228,20
Glucose_day_89,7874,0.28710024392135436,7.8916723523882e-16,20
Glucagon_day_89,500,0.02032365184839695,0.02058492183307271,20
Glucagon_day_89,1000,0.018618937064043096,0.01650666789559682,20
Glucagon_day_89,2000,0.015464666114981008,0.01105487699637458,20
Glucagon_day_89,4000,0.02140499267568554,0.009580805934644034,20
Glucagon_day_89,6000,0.02151276205322139,0.004279122360716323,20
Glucagon_day_89,7874,0.02038876159912082,1.1669726062235627e-15,20
all_species_day_90,500,0.9383398454100831,0.019100905529490248,20
all_species_day_90,1000,1.072984339697532,0.01160862755173935,20
all_species_day_90,2000,1.1968055613595114,0.009332732653122188,20
all_species_day_90,4000,1.3089357615463417,0.005265066454904183,20
all_species_day_90,6000,1.3681346690400211,0.0033258248579355284,20
all_species_day_90,7874,1.4053515230677038,1.0587789501657413e-15,20
FSH_day_90,500,0.23404376758228973,0.03343877371789406,20
FSH_day_90,1000,0.2365781155299964,0.030264045341209765,20
FSH_day_90,2000,0.24050481626676518,0.013707617358417903,20
FSH_day_90,4000,0.24159112906689648,0.009578022266918625,20
FSH_day_90,6000,0.2384262231773855,0.005706885316426399,20
FSH_day_90,7874,0.2346952715453031,9.067020116582793e-16,20
PGF_day_90,500,0.19537805101502131,0.040596535405193875,20
PGF_day_90,1000,0.2063919731788416,0.02340284235895838,20
PGF_day_90,2000,0.20306693175133672,0.016833047842327416,20
PGF_day_90,4000,0.20714780114342757,0.0073516390318699235,20
PGF_day_90,6000,0.213754714061841,0.005519370505979958,20
PGF_day_90,7874,0.2124972826627456,0.0,20
P4_day_90,500,0.26496498573571636,0.036500169869415296,20
P4_day_90,1000,0.2603964941279028,0.020899910485947946,20
P4_day_90,2000,0.26233571684422347,0.014548156125511809,20
P4_day_90,4000,0.2668283391188887,0.009221437605848596,20
P4_day_90,6000,0.26465298539138915,0.0073664390777931485,20
P4_day_90,7874,0.2578990333171354,1.1344993809432415e-15,20
E2_day_90,500,0.2176474013115754,0.03212259227717203,20
E2_day_90,1000,0.2226960382502286,0.019145785373165126,20
E2_day_90,2000,0.22072333105432929,0.01687254676719115,20
E2_day_90,4000,0.22419861068904884,0.01555684750892472,20
E2_day_90,6000,0.2189932580940468,0.005682699938351903,20
E2_day_90,7874,0.21325732156038227,3.9724629357497496e-16,20
INH_day_90,500,0.21419934544775293,0.04441121657238286,20
INH_day_90,1000,0.20639411060668938,0.021683939827063445,20
INH_day_90,2000,0.20845496903707011,0.014649961796923417,20
INH_day_90,4000,0.22266271819924074,0.010229615288811162,20
INH_day_90,6000,0.2126963419879445,0.00633469876109129,20
INH_day_90,7874,0.2071238887026757,8.351955177742957e-16,20
IGF1_day_90,500,0.2445218759912,0.03483921953878284,20
IGF1_day_90,1000,0.24265320845477537,0.02163294016306064,20
IGF1_day_90,2000,0.2541539366111419,0.014116156335190118,20
IGF1_day_90,4000,0.24980378386693322,0.009988476190972866,20
IGF1_day_90,6000,0.2498157145762378,0.0035085890025734335,20
IGF1_day_90,7874,0.24732818007642088,5.763262618457167e-16,20
Insulin_day_90,500,0.3941060016604768,0.0375585988289782,20
Insulin_day_90,1000,0.3990591950655423,0.02051351640132031,20
Insulin_day_90,2000,0.4059168922818276,0.018762922914572214,20
Insulin_day_90,4000,0.403667824703206,0.009531952105126983,20
Insulin_day_90,6000,0.40673902796266176,0.005939200017598407,20
Insulin_day_90,7874,0.4023960186654064,3.978582266107461e-16,20
Glucose_day_90,500,0.2653476991773775,0.0285179059063882,20
Glucose_day_90,1000,0.27746983415080023,0.024688409424697348,20
Glucose_day_90,2000,0.2863511195041058,0.01865270643590866,20
Glucose_day_90,4000,0.2839899028565148,0.009625495149922624,20
Glucose_day_90,6000,0.2876621265111873,0.005667945248880765,20
Glucose_day_90,7874,0.28710024392135425,8.354867465334602e-16,20
Glucagon_day_90,500,0.022602988572464212,0.020555129886145884,20
Glucagon_day_90,1000,0.019125925774072794,0.01547356527815115,20
Glucagon_day_90,2000,0.015481500831852379,0.011454641955726265,20
Glucagon_day_90,4000,0.018298379626826834,0.009418495045963983,20
Glucagon_day_90,6000,0.021272926961111605,0.00487012908481871,20
Glucagon_day_90,7874,0.020388761599120907,1.1916166062209317e-15,20
