admissible,penalty,min_correlation,max_average_difference,max_norm_difference,worst_species
False,2.656143564319534,0.8506592208522593,0.46297679479973625,0.062440942090984414,PGF
True,0.0,0.98897568449386,0.15574256614309515,0.07356589406914554,FSH
True,0.0,0.9668314909057327,0.20528347562744598,0.024900389800722008,FSH
False,5.722743400887655,0.8170925649065676,0.5392225616635616,0.11230788158629512,PGF
True,0.0,0.9973640133096795,0.07729962860533313,0.04041447264964895,FSH
True,0.0,0.9860927525364641,0.15884778946372846,0.05150825447397951,FSH
True,0.0,0.9969833616053577,0.07250617119913345,0.010515017099400231,FSH
False,0.07818890262127558,0.9689032892909126,0.3279622786305543,0.1724587774081731,PGF
True,0.0,0.9794930732996812,0.16529892551272163,0.015283698159424352,FSH
False,5.015668770686998,0.8235226803929754,0.523956888054085,0.11255944833491678,PGF
True,0.0,0.9908576074644962,0.13400858581939534,0.05102436746646422,FSH
False,0.03111047423319974,0.9404093063752084,0.31763816153492186,0.03447419197536202,PGF
False,1.800746628354199,0.8643696098457704,0.4341919009610565,0.07171335631888315,PGF
True,0.0,0.978426351621423,0.17416200498328296,0.031310139226969354,FSH
True,0.0,0.9683655159857864,0.21237337988758617,0.024056118640706777,FSH
True,0.0,0.9855118965352542,0.1824048324721985,0.07413822173683812,FSH
True,0.0,0.9987062130675546,0.04076864772837845,0.017309817688965324,FSH
True,0.0,0.9513434289816618,0.24877998723566608,0.024933066914519363,FSH
True,0.0,0.9986909821233119,0.055639257812772014,0.025881435999372142,FSH
True,0.0,0.96410177304253,0.22249945690392064,0.01877021688947647,FSH
False,3.0165662685621335,0.893322189598913,0.429446970521791,0.04243253375958204,PGF
True,0.0,0.9716821617792956,0.28796484942074313,0.12259527405944098,FSH
False,0.9954303736556624,0.8829346651203526,0.39977125706613414,0.07193412536006821,PGF
False,0.015118933839498002,0.9683437854682497,0.31229590738396235,0.12880338544683975,PGF
False,1.0314535079557587,0.8850589744726426,0.4015604996027372,0.09908571994491211,PGF
True,0.0,0.9788868438195106,0.24960070539211232,0.12908774951186178,FSH
True,0.0,0.9791838726002388,0.2341113254247684,0.11898502354666435,FSH
False,3.097516201142864,0.8464529740168016,0.4759976193345485,0.0751402698533227,PGF
True,0.0,0.9917601420759512,0.1217962259621234,0.048604578530209414,FSH
True,0.0,0.9992776173589709,0.03610702700744957,0.02188466375317292,FSH
True,0.0,0.9812285467084488,0.20965239667635868,0.10614120782910932,FSH
True,0.0,0.9989450487239395,0.043264722203956225,0.004888543334924189,FSH
True,0.0,0.9765792405879499,0.2606064017332634,0.1521298523553049,FSH
True,0.0,0.9882475184103955,0.170424432104293,0.0887695963590132,FSH
True,0.0,0.9917741618545045,0.12491520684809158,0.04196340885575288,FSH
True,0.0,0.9725253277032376,0.19224860924887344,0.027832895982813705,FSH
False,1.8396895074511563,0.8643587237743618,0.4356351542724509,0.05527764217686973,PGF
True,0.0,0.9919907175791981,0.14177139104467085,0.07397599022486316,FSH
True,0.0,0.9845878900159745,0.14529597748735046,0.025726207585540024,FSH
False,0.03318583654197813,0.9698414305186035,0.3182169801399623,0.16058350690311424,PGF
True,0.0,0.9715171157475303,0.19695339554759617,0.022369178676969716,FSH
True,0.0,0.9984117150322259,0.04549250385990314,0.020708351085378777,FSH
True,0.0,0.9791204831222549,0.2490896048603195,0.1417926573789966,FSH
False,0.7860528390721787,0.8867945387834332,0.38865962097100226,0.06576724029824857,PGF
True,0.0,0.9936691633782393,0.0954012261766412,0.01798536961360184,FSH
True,0.0,0.9719041260173843,0.18452407940824556,0.0233858462110882,FSH
True,0.0,0.9792657800746881,0.24810788413652193,0.1429397938466322,FSH
True,0.0,0.9527363945350502,0.251399829124867,0.01737001600226275,FSH
True,0.0,0.9848311244014516,0.1638284595606576,0.05080070363370249,FSH
True,0.0,0.9768304994490608,0.18346922269435945,0.023326061691820554,FSH
False,0.4393536070944568,0.8935242980103238,0.3662837542007434,0.05945723934782268,PGF
False,0.19270527516712638,0.9476204969644795,0.3438982089802222,0.165198559214721,PGF
False,2.0054164275302373,0.8625736200326889,0.44161272638891735,0.09560328027615625,PGF
True,0.0,0.9997995842419676,0.0231878788532072,0.015004351296140474,FSH
True,0.0,0.97788536363933,0.24225930494956882,0.11838046871258179,FSH
True,0.0,0.9967158118315498,0.07651424222687479,0.02957669565855389,FSH
True,0.0,0.9823063217501592,0.21910983799449982,0.11052010983164325,FSH
True,0.0,0.9759657616175967,0.1760251666160393,0.0215791688852289,FSH
True,0.0,0.9834490325963164,0.24242319049517114,0.15023295037466738,FSH
True,0.0,0.9993696588965856,0.03396848670123489,0.0077678826573984675,FSH
True,0.0,0.9967840405056672,0.07168437437985574,0.01812183380795399,FSH
False,0.021942547398368633,0.9264772889648185,0.31481301704527764,0.015502878342083793,PGF
True,0.0,0.9771130328571347,0.2499549317363516,0.109659275748186,FSH
True,0.0,0.9873169121026425,0.13128457254129425,0.02029299548876711,FSH
True,0.0,0.9931824239153423,0.1171728895249799,0.05597704753049253,FSH
True,0.0,0.9978024801472279,0.05140956517429064,0.02274294935742959,FSH
True,0.0,0.9714863872487576,0.2943279236983985,0.1459099301703039,FSH
True,0.0,0.9764568040829998,0.17943882717698237,0.01988068674935217,FSH
True,0.0,0.9823432299929055,0.21416660060124892,0.11318985315420638,FSH
True,0.0,0.9986356770713537,0.05687402016581166,0.026743136532023783,FSH
True,0.0,0.9402867966159453,0.2746112444003846,0.02754358224853884,FSH
True,0.0,0.9815887440285896,0.23757091548942705,0.13494420389351205,FSH
True,0.0,0.9511068998185553,0.24874783287647917,0.021249002940474493,FSH
False,0.5808122837013144,0.8922330214609496,0.3762110414376627,0.07127157590080521,PGF
True,0.0,0.974671977910323,0.2738076471063804,0.1518768905884049,FSH
True,0.0,0.9987736944495154,0.04765307217607359,0.009729647126141532,FSH
True,0.0,0.9999324984767323,0.015153013813254602,0.012855198322750979,FSH
True,0.0,0.9995925804771736,0.029481984002457762,0.017715783526808925,FSH
True,0.0,0.9739002926408695,0.2793992534796584,0.14748603853538697,FSH
False,0.3262553278278014,0.8986766973380806,0.3571187646774509,0.04109601681463141,PGF
True,0.0,0.9797081530290839,0.1647457704091388,0.020175901761090183,FSH
False,0.25331840945955714,0.9609058749796545,0.35033074701010875,0.18891031323285035,PGF
False,2.0089873144777664,0.8628969426886527,0.441738749623304,0.09109044923631528,PGF
True,0.0,0.9726283931057725,0.19447985119575012,0.02985598586947436,FSH
False,2.584758908715062,0.8509813801005585,0.46077185415100064,0.07395882553029921,PGF
True,0.0,0.9515008039056283,0.24461630075221155,0.020407297585675065,FSH
True,0.0,0.9764483790456626,0.2597658703964527,0.15102547109748696,FSH
True,0.0,0.9982567091687057,0.048367010245619846,0.011037333546294504,FSH
True,0.0,0.997846462352027,0.0822185175364403,0.05176143379654521,FSH
True,0.0,0.9739149396860602,0.19083980410413692,0.03162316409935728,FSH
True,0.0,0.9984782398183153,0.06252922880096384,0.017723267135067142,FSH
False,0.07647406443857493,0.9681486164873762,0.32765394446341695,0.16207395082683343,PGF
True,0.0,0.9577652718578618,0.23061579097313598,0.02207816029093536,FSH
False,1.828765130964628,0.8644199110234024,0.43523184280947397,0.09133525113963825,PGF
True,0.0,0.9304884450640979,0.2897849012052613,0.029485283209869345,FSH
True,0.0,0.9872060885203574,0.19423372922194385,0.11280939499591841,FSH
False,0.05414323723875415,0.9678680354440112,0.3232686994133222,0.14508087993088714,PGF
True,0.0,0.9952971910159899,0.08180720009535655,0.01096561133561092,FSH
True,0.0,0.9716579738956935,0.19805950723754664,0.015594944625809173,FSH
True,0.0,0.9976166560757993,0.06250984473777416,0.020016165923119365,FSH
True,0.0,0.999881648833605,0.01395835854637742,0.008489532252523357,FSH
True,0.0,0.9973623795242454,0.06857949777429054,0.023069361950774987,FSH
True,0.0,0.9946035018323637,0.09449977079009339,0.014746515920378995,FSH
True,0.0,0.9868368880057213,0.1350026892299068,0.017579082140643677,FSH
True,0.0,0.9882027457754998,0.12336858205399738,0.014650419838721333,FSH
True,0.0,0.9999378191750202,0.013249454836762466,0.01363962191027137,FSH
False,9.13590168968997,0.7883620518150334,0.6016669256195523,0.11919453278761073,PGF
True,0.0,0.9990998839628275,0.048861691896345594,0.02549814888050264,FSH
True,0.0,0.9784189790133077,0.23268829848713332,0.1187358129990028,FSH
True,0.0,0.9674101118005436,0.19961619757866575,0.01874479273274715,FSH
True,0.0,0.9973364060929478,0.06433788671965421,0.012286284913786857,FSH
True,0.0,0.9885372542992812,0.14863833223918996,0.05739320799310423,FSH
True,0.0,0.9780287958225014,0.24115016342146048,0.12402979342415679,FSH
True,0.0,0.9891530161347692,0.12362030410620137,0.022305195765362985,FSH
True,0.0,0.9959957259065464,0.10847318387452363,0.059625917498666914,FSH
True,0.0,0.972463284403407,0.280068766344309,0.1179174630383996,FSH
True,0.0,0.9786432585974134,0.23496089888602978,0.12866543874373917,FSH
False,11.960068735541263,0.7707605610361016,0.6397699400637379,0.10263941681437641,PGF
False,0.9567214968657209,0.8830236500467628,0.39781214121292513,0.08232776313579067,PGF
True,0.0,0.9840321801653711,0.20413482565698396,0.09977464033965527,FSH
False,1.5978791500712586,0.868593489348092,0.426407244652799,0.0666540673427442,PGF
True,0.0,0.9891265414485905,0.17296779200332904,0.09566897977994346,FSH
True,0.0,0.9989636544244583,0.06213503450475436,0.0434180271609049,FSH
True,0.0,0.9941386050033016,0.10568292508188978,0.03579630249073698,FSH
True,0.0,0.9791489346825659,0.17628315635063066,0.0367768436872409,FSH
True,0.0,0.9940077280080996,0.08787388414762054,0.019372354301104778,FSH
True,0.0,0.99511018828373,0.10348592617002525,0.04738424269814349,FSH
True,0.0,0.9690061861595367,0.20028147042236424,0.02079943998327635,FSH
False,3.561825801761457,0.8411499963328175,0.4887280000890556,0.10764608387148521,PGF
True,0.0,0.9572980865658232,0.23751148628291827,0.021469641002443026,FSH
True,0.0,0.9975984397417067,0.06188674933747596,0.01144804489541333,FSH
False,3.1389684444229253,0.845960181086745,0.47717134205121675,0.11184970522839939,PGF
True,0.0,0.9944455146250292,0.09041232315168458,0.02391043552783334,FSH
False,0.09096815194442123,0.9694463908382752,0.33016092703224176,0.1836906755724963,PGF
True,0.0,0.9933758495865214,0.11491669565508189,0.046871322124878885,FSH
True,0.0,0.9816533119143871,0.2245431711021399,0.10551595190746783,FSH
False,0.16205659397954775,0.9087579116837013,0.34025625342472243,0.05656594539813297,PGF
True,0.0,0.990273938381288,0.14478447037572953,0.05002526583139497,FSH
False,0.05014681489601047,0.9692779160863866,0.3223934845202819,0.17225423061370088,PGF
False,0.0680067557932173,0.9710286591354094,0.326078104952856,0.2031812096643094,PGF
False,1.0564438519520682,0.8791654937296465,0.40278345450275876,0.05719118027272674,PGF
True,0.0,0.9717784402624055,0.2992428016731811,0.15940923628503711,FSH
True,0.0,0.9812075546232395,0.22313715776999346,0.09537831323778155,FSH
False,0.0024412637080073055,0.9701857602915236,0.3049409145995527,0.15619197919446198,PGF
False,0.10494625070073521,0.9150460860484494,0.33239540873345097,0.01878829191652212,PGF
True,0.0,0.9897894001302062,0.17097771014123747,0.09596597096215506,FSH
False,0.3188369456934752,0.9014923695876682,0.35646564846820367,0.09661043137708412,PGF
False,0.06792513020674767,0.9683682438559419,0.3260624500396159,0.14909900854184782,PGF
False,1.7891364555226594,0.8650954851334837,0.43375860553708906,0.058346269899029225,PGF
True,0.0,0.9997391942183109,0.021078539512622632,0.016540860970836364,FSH
True,0.0,0.9972068018663628,0.09471492152224285,0.05290682131488367,FSH
True,0.0,0.9837718854009609,0.19395230332816987,0.08815505324915872,FSH
False,9.612843977927274e-05,0.970809794383754,0.3009804511195326,0.14581486411590175,PGF
False,0.669693488836568,0.8863273616644557,0.38183480242760826,0.0598989555355534,PGF
True,0.0,0.9746318606024643,0.2759548712101764,0.1462506989840641,FSH
False,0.006801682400408649,0.9570833362068752,0.3082472312932333,0.06125975449010699,PGF
False,8.903502188351062,0.7892696673089714,0.598387368840423,0.13480543201738773,PGF
True,0.0,0.9710793395468443,0.19588847802254106,0.016628142372778917,FSH
True,0.0,0.9997094350793259,0.02614812730369726,0.013465782127320263,FSH
True,0.0,0.9767966945520145,0.26425322652156263,0.15375256494098669,FSH
False,0.05113271435307797,0.9396999257429282,0.322612543942042,0.03714518449960177,PGF
False,0.2773602023008548,0.9062482870399313,0.3526649980822989,0.07515982786445599,PGF
True,0.0,0.9968047243195834,0.07399282305604352,0.031857868428543434,FSH
False,4.034066587705051,0.8338935523732197,0.5008498590416496,0.08782808378647054,PGF
True,0.0,0.9952234003844589,0.1133724035164824,0.05965185366158046,FSH
False,0.05853694898431739,0.9112863262761034,0.3241944103016208,0.04398822223042319,PGF
True,0.0,0.9831819494158792,0.1435572629088428,0.019028251681629672,FSH
True,0.0,0.9957738765384163,0.0912009806928202,0.01977479406210736,FSH
False,0.8651471035843346,0.9119634796963227,0.3671408735042636,0.0553860061659857,E2
False,0.027022969344679487,0.9704053273059805,0.31643866458830505,0.17026318254702988,PGF
True,0.0,0.9878677948511786,0.12597166399840282,0.019611838073095963,FSH
False,0.6066275992499954,0.8898063600142136,0.3778863016999777,0.055611096642767005,PGF
True,0.0,0.9885454375075117,0.1547369146751377,0.07358717487668595,FSH
True,0.0,0.9799568833588965,0.16261805342058125,0.02171739358453806,FSH
True,0.0,0.9959767193972521,0.08470524072818464,0.03818590041534563,FSH
False,1.253810109803254,0.8721254675865757,0.4119736625195074,0.07422417100752357,PGF
True,0.0,0.9776476562160065,0.27985122336574275,0.17645484311005108,FSH
True,0.0,0.9725651796315347,0.27954198945663966,0.11410812720920448,FSH
False,5.486509497748106,0.8194445458072432,0.5342329929311433,0.12343742830817064,PGF
True,0.0,0.9696933847585891,0.19057807459265586,0.0299652069600112,FSH
True,0.0,0.983668064325839,0.2160012980937888,0.11591628260374166,FSH
True,0.0,0.998233022910493,0.057542351497421686,0.02234117952948219,FSH
True,0.0,0.9652221567611731,0.2062632027371431,0.0235170449194934,FSH
True,0.0,0.9748337508158437,0.18118668225637286,0.022504191030511714,FSH
True,0.0,0.98853100229794,0.1486130429534651,0.059375456847225054,FSH
True,0.0,0.9804588947150339,0.16951801995076282,0.02522857205970656,FSH
True,0.0,0.9770720743240251,0.2554992730347295,0.12160248946668621,FSH
True,0.0,0.966655438426612,0.20615960262363894,0.02282155372486977,FSH
False,0.004481201891299422,0.9266274100502506,0.30669417798635457,0.022864926378759056,PGF
True,0.0,0.9749087620375689,0.18069633735889654,0.015540627606350162,FSH
False,4.56181008726752,0.8306913679459889,0.5135839433868454,0.0804297453175668,PGF
True,0.0,0.9744050026406597,0.26857247014111857,0.13586233288420246,FSH
True,0.0,0.9940189877086965,0.10078109577579544,0.031065179730121614,FSH
True,0.0,0.9975281178956688,0.0729206661100179,0.030076861798535758,FSH
True,0.0,0.9999305058646385,0.011832646133721572,0.007830480070678825,FSH
True,0.0,0.994508149379187,0.10125714179771168,0.014646192181681977,FSH
False,1.0932973374369237,0.8801719378685705,0.4045608596673212,0.08276056180584593,PGF
True,0.0,0.9753608313214202,0.2615716905998742,0.11787873484593976,FSH
True,0.0,0.9971267162854385,0.0704434420133675,0.015476401382150805,FSH
True,0.0,0.9997128786663346,0.02319983066105405,0.019693441774884628,FSH
True,0.0,0.9986919053700661,0.04640006760951838,0.03342461374985586,FSH
True,0.0,0.9954037154010467,0.09337895535243451,0.03600998634355844,FSH
False,0.164782793324783,0.9103121468663561,0.34059344692493887,0.03948320492751522,PGF
True,0.0,0.975071152187334,0.28425176759139936,0.16057767402296938,FSH
True,0.0,0.9828548049109208,0.2166038593621422,0.12714734449018356,FSH
True,0.0,0.9296844952052155,0.28598701300958546,0.037149154979653584,FSH
False,6.333183943728766,0.8121832825037915,0.5512086414282326,0.07630121774901279,PGF
True,0.0,0.9985727041764205,0.04646200070072746,0.008241209634360844,FSH
True,0.0,0.9921154685397161,0.1275856679805199,0.05973261050565095,FSH
True,0.0,0.9606411822954439,0.22392829468162048,0.023300329482367137,FSH
False,0.000488809608833527,0.965378941314505,0.30221090390753086,0.05011067592175702,PGF
False,12.5429365474052,0.7658812506304707,0.6518021584468005,0.12772563449353663,PGF
True,0.0,0.999792623577018,0.017322688167912083,0.008742840145620129,FSH
True,0.0,0.9784975324273132,0.2438859835108684,0.13379503408743976,FSH
True,0.0,0.9961556880526421,0.08346650184855525,0.03160217800325097,FSH
True,0.0,0.9979424336610518,0.07630631991982445,0.03415174893915824,FSH
True,0.0,0.9981222444465813,0.07081743308398684,0.044537203223411266,FSH
True,0.0,0.9756790164923492,0.27208855519633857,0.1401538743550304,FSH
True,0.0,0.9902712286634748,0.1430715599231356,0.039437644012764256,FSH
True,0.0,0.9705886745786403,0.28174114140092527,0.07275590697347126,FSH
True,0.0,0.9951610621252764,0.11856911169158738,0.0640548469313953,FSH
False,0.009204522859784339,0.970250475196228,0.3095940204605704,0.15421685712907773,PGF
True,0.0,0.9940715496366592,0.08642638060275497,0.02027640831148825,FSH
True,0.0,0.9876941412983532,0.12489154517591013,0.022314256403831764,FSH
True,0.0,0.9915074004087898,0.13615747711478665,0.039334589863737675,FSH
True,0.0,0.9692419740433366,0.1954780124357431,0.01639052602012559,FSH
True,0.0,0.9854683956002022,0.1993882414614941,0.10944350630699845,FSH
False,0.7650780019702829,0.8867519103456198,0.387468737384867,0.061439256543666554,PGF
False,0.4462352549385916,0.8979850720470094,0.36680084243021127,0.07039240488749608,PGF
True,0.0,0.9723532066927846,0.28742715300140426,0.1328217345274862,FSH
True,0.0,0.9996071436712574,0.032222264400350815,0.027292744252388874,FSH
True,0.0,0.9984642269461402,0.0449427379355781,0.018712727588278504,FSH
True,0.0,0.9930910237828512,0.11269171623955655,0.0353783358272461,FSH
True,0.0,0.9943696033210615,0.09418522675651253,0.009623723742359126,FSH
True,0.0,0.9988049455912488,0.042162016764592,0.008203160752427021,FSH
True,0.0,0.9836570029112374,0.1989807186404772,0.07911049002499096,FSH
True,0.0,0.9805167481670548,0.22248968167822883,0.10261046105713136,FSH
False,3.0167545213177305,0.8475308334198274,0.4736880687127855,0.07032107166316594,PGF
True,0.0,0.9870040485452342,0.16341859309337695,0.06282789973555752,FSH
True,0.0,0.9993555832674546,0.03621022824010137,0.009273825324401104,FSH
True,0.0,0.9890531265475122,0.1424347155076325,0.037984637395720375,FSH
True,0.0,0.9871365864213474,0.1724444172422198,0.0774785341082598,FSH
True,0.0,0.9731066040081605,0.29912709748502114,0.17312387244138236,FSH
True,0.0,0.9831010821318058,0.20311317475318796,0.08835734319738879,FSH
True,0.0,0.9753585379395416,0.168271678036885,0.026364267903652705,FSH
True,0.0,0.9959465024850431,0.10872755835116599,0.05707761254085812,FSH
True,0.0,0.9607297798575849,0.2271299302053175,0.02984704249333083,FSH
True,0.0,0.9979672863193395,0.05548971192186659,0.018156612246309108,FSH
False,1.6504141734562514,0.8721052327380323,0.4284684464550051,0.061272809485142056,PGF
True,0.0,0.9966789290600814,0.07616488085052688,0.02341193761359863,FSH
True,0.0,0.9889628468472852,0.15870947442225777,0.07035466139608966,FSH
True,0.0,0.9898567773303956,0.1580429565289127,0.08530823978846747,FSH
True,0.0,0.9919819566620844,0.1332516838022438,0.04779093148834156,FSH
False,0.015645310537341438,0.956825005273836,0.31250812157653635,0.10548097635515793,PGF
True,0.0,0.988648191275952,0.16060459555467538,0.06168914652645794,FSH
True,0.0,0.9998208527253254,0.01903100135147165,0.007946056750194844,FSH
True,0.0,0.9985488237652258,0.05190402965323474,0.016561317499028914,FSH
True,0.0,0.9875203954367069,0.13640755684397846,0.02016159567476605,FSH
False,0.6167246950547454,0.8900704772342704,0.37853182126085866,0.047781381048327284,PGF
True,0.0,0.9997079690428553,0.02151299855052931,0.005936138159493211,FSH
False,0.040247060484402256,0.9681106266947084,0.32006167004125086,0.13191885077806711,PGF
True,0.0,0.9727067039042037,0.2850028648530683,0.13178150432643834,FSH
False,0.046180604912870335,0.9697438881462034,0.3214896730810104,0.1642094053469149,PGF
True,0.0,0.9983750497939656,0.05072806019223029,0.014321646873443597,FSH
True,0.0,0.9756337151756823,0.25554415180779777,0.1261855632518468,FSH
True,0.0,0.9907757411526578,0.11935005561410592,0.025315278206700535,FSH
True,0.0,0.9706750413891174,0.19055820434468437,0.025606235079976964,FSH
False,0.13799115006583845,0.9550867325733425,0.3371471600618188,0.16662185227150464,PGF
True,0.0,0.9786069502987645,0.17999981500379914,0.040754799838187965,FSH
True,0.0,0.9859109591758011,0.14782764338885804,0.019400635748979773,FSH
True,0.0,0.9619873962075802,0.22738671775366692,0.02341730250100597,FSH
True,0.0,0.9931921328842824,0.11827748428124851,0.05163924805989244,FSH
True,0.0,0.9435392357496769,0.28060096080383534,0.03844316436021861,FSH
True,0.0,0.9917227721460026,0.13213522495825808,0.03621817882295945,FSH
True,0.0,0.9997555459309997,0.021743637442889378,0.012739916936968326,FSH
False,0.08236827362546123,0.9694649766913835,0.3286998734536341,0.18484742721831138,PGF
False,0.9328960073521386,0.8829714449957193,0.39658654188613124,0.05626091270334055,PGF
False,0.0008897458505165834,0.9726208218640118,0.30298286079211983,0.1720644816399196,PGF
False,0.023152628506271762,0.969457997074182,0.3152159878109414,0.14322684854550255,PGF
True,0.0,0.9936160221872133,0.09151940100350352,0.01703689335430832,FSH
True,0.0,0.9835970380644213,0.2082779060462047,0.11730439265130846,FSH
True,0.0,0.9904056931785413,0.14998572387157744,0.07348189659494998,FSH
True,0.0,0.9775432903992398,0.23491309850564307,0.08869182650286758,FSH
False,0.17015648888900362,0.9679873695041088,0.3412500289562327,0.17526942606548757,PGF
True,0.0,0.9998505150042651,0.02737571353891773,0.022901505270825344,FSH
True,0.0,0.9888403849640388,0.16243563600624755,0.049572603054367954,FSH
False,0.07730996767365511,0.9162303410355637,0.32780467005264674,0.030071469424090554,PGF
True,0.0,0.9797969875992973,0.22776921265793604,0.09876770172863303,FSH
True,0.0,0.9760241017652457,0.24032207480048035,0.07484195701980727,FSH
True,0.0,0.9420633483818238,0.2686009190161909,0.027958735028937715,FSH
True,0.0,0.9776028903761491,0.2546923637872337,0.13619656249681758,FSH
True,0.0,0.9862535063753712,0.1812011204124653,0.08290935555180189,FSH
True,0.0,0.9723218709426714,0.28035888602478365,0.12719318626474554,FSH
False,0.39902410051684745,0.8956688802483056,0.3631683544598755,0.08072280908285481,PGF
True,0.0,0.9998537511313682,0.025208185068076937,0.019418773799588198,FSH
True,0.0,0.9842666228203257,0.21485878571956485,0.12480880431095774,FSH
False,0.379215234639329,0.9540457870088861,0.361580454256146,0.16894852496145685,PGF
True,0.0,0.9785227448699195,0.25016939936674365,0.13112164981220534,FSH
False,0.12180243205521397,0.9693474798579487,0.3349002051649004,0.2083467866212525,PGF
True,0.0,0.9874220412763238,0.1620775479550921,0.06882394791627418,FSH
True,0.0,0.9955352693563412,0.08811540051598536,0.03827938281616644,FSH
True,0.0,0.9820085941853511,0.21872309343958693,0.0993380976944218,FSH
False,0.09602413045399076,0.9113384767564575,0.3309877605602584,0.03729729020406247,PGF
True,0.0,0.9935388510612666,0.11202550359538277,0.0291841863934375,FSH
True,0.0,0.9680678171637072,0.2093833289098436,0.02705390046314716,FSH
True,0.0,0.9950069072187481,0.10352355494763822,0.04711846429726532,FSH
True,0.0,0.9787532464736398,0.24371026669094936,0.12644399669077822,FSH
True,0.0,0.9946763621545825,0.10143375777173254,0.03735765151988656,FSH
True,0.0,0.955457347644725,0.24356001470643338,0.013750702053322532,FSH
False,2.81597092864216,0.8487548988557032,0.4678085495033599,0.07258884867551464,PGF
False,0.9604474231238311,0.8792814469306494,0.39800241951726656,0.07501990315253385,PGF
True,0.0,0.9908949911397765,0.12799263527228322,0.032126311745619765,FSH
True,0.0,0.9865437336940426,0.18482389896243395,0.09179428457014356,FSH
False,0.0028187281622857937,0.969473212298374,0.30530916957940296,0.13680057613045887,PGF
True,0.0,0.9292833498806699,0.2977477174094134,0.033644132967610534,FSH
False,0.4256283576969271,0.8960969382831292,0.36524019908744354,0.054247971885520274,PGF
False,0.032188160488535796,0.9217353259916317,0.31794105919073223,0.027536186323320205,PGF
True,0.0,0.9949832624098752,0.09726853274976235,0.041429598438003715,FSH
True,0.0,0.9765313780668485,0.24515428972218398,0.11307135186828102,FSH
True,0.0,0.9904164753127366,0.10896771320191531,0.012204193913741125,FSH
True,0.0,0.993514545096569,0.10959567653570017,0.039554444809546,FSH
False,3.978572101565124,0.8355084367972193,0.4994635831816205,0.08313391739810316,PGF
True,0.0,0.9998219397480417,0.02168738507322467,0.016355406420215258,FSH
True,0.0,0.9945813048204918,0.10452187549625397,0.03844839062079453,FSH
True,0.0,0.9860952846795943,0.14201838485270524,0.009509633172902593,FSH
True,0.0,0.9778983207305918,0.1708336499555352,0.018275607834718616,FSH
True,0.0,0.9972985413814128,0.08119376401242714,0.031014399719343583,FSH
True,0.0,0.9865783702444185,0.18512316360794573,0.08307570170072878,FSH
True,0.0,0.9695075684467677,0.20845544620079787,0.02733782593674545,FSH
True,0.0,0.9979072668147124,0.05877952793978066,0.01902154500912775,FSH
True,0.0,0.9945241513459381,0.11949773977674698,0.06457624287517898,FSH
True,0.0,0.9998401324081404,0.02320732044277872,0.01703327525889198,FSH
True,0.0,0.9997695891127825,0.018441772253988135,0.01130237348355001,FSH
True,0.0,0.9329170489593013,0.2858962738639973,0.035800568480284164,FSH
True,0.0,0.9937016518648661,0.09861543201021031,0.020931627761121435,FSH
True,0.0,0.9709615172438629,0.19295399568799737,0.024023709480681284,FSH
True,0.0,0.997800672319626,0.05652307120228836,0.017223003319457614,FSH
False,3.718466271034392,0.839560061564318,0.4928332510495633,0.08847413427702157,PGF
True,0.0,0.9898797869843593,0.1561560068144693,0.07029358998967708,FSH
False,0.06268607280829952,0.968623320147034,0.3250371869043428,0.16315833797727372,PGF
True,0.0,0.9993603208166711,0.034298628199572606,0.02579537211462049,FSH
True,0.0,0.9998964863375837,0.01754762790264921,0.005733873728067574,FSH
True,0.0,0.977244966815405,0.25353979545596933,0.13733718754640473,FSH
False,0.14221717770585904,0.9632292010596772,0.3377116928426528,0.11670464403303639,PGF
True,0.0,0.9997346289618082,0.021205084867356543,0.01328143725205885,FSH
True,0.0,0.9999109855927147,0.014622840616128062,0.008377161549789324,FSH
True,0.0,0.9697202252713486,0.29579767584521205,0.11503705170548208,FSH
True,0.0,0.9646777449702874,0.20679304656409617,0.02239430589207585,FSH
False,7.330125060903499,0.802386109657872,0.5707420370186997,0.12329972787891429,PGF
True,0.0,0.9850332162250938,0.18940441302922656,0.0811866722525811,FSH
True,0.0,0.9809348122304329,0.21316719317215604,0.10941262690001002,FSH
True,0.0,0.9996307774961563,0.032168316772578656,0.01578658298833345,FSH
True,0.0,0.9908490405356309,0.12558141034993142,0.035749019813170406,FSH
True,0.0,0.9837116196995919,0.18913015117051965,0.09011244558819526,FSH
True,0.0,0.9941182686758971,0.11119268687475087,0.036344305008250546,FSH
True,0.0,0.9835739738125776,0.20603498561684,0.07091084510014518,FSH
True,0.0,0.9851679486946319,0.14006486826616887,0.02253329236542282,FSH
True,0.0,0.9291594234030999,0.2966157525167676,0.03043674701836165,FSH
True,0.0,0.9908677576023499,0.1397349245728096,0.028166518985771084,FSH
True,0.0,0.984911714678843,0.20380118991334709,0.11754473950255306,FSH
True,0.0,0.998969301329032,0.039162532480000505,0.010859108864433371,FSH
True,0.0,0.9948559260072652,0.07912200827660267,0.018512793109117822,FSH
True,0.0,0.9998964110847055,0.012536676355617664,0.003417236713162537,FSH
True,0.0,0.994957117129077,0.08274579956423761,0.009339347840902778,FSH
True,0.0,0.9882306636799795,0.17566110931329199,0.08991885887359663,FSH
True,0.0,0.994410416250832,0.09036504917967071,0.02531891886833614,FSH
True,0.0,0.984639789392192,0.13264823405511353,0.029896496958743034,FSH
True,0.0,0.9836132461504882,0.2207385582502637,0.1263360356155683,FSH
True,0.0,0.9912142325679976,0.14006117961355863,0.05537433243203757,FSH
True,0.0,0.9961461890665787,0.08915621097769955,0.02856460848544342,FSH
True,0.0,0.9859809167764764,0.18684205774451434,0.09429156883706705,FSH
False,0.22820032457631104,0.9069374046731106,0.34777031762258975,0.03371783532088491,PGF
True,0.0,0.9957722240496644,0.10237472462857028,0.05041146032737307,FSH
True,0.0,0.9999504692274291,0.01299164912024995,0.00943703646602947,FSH
True,0.0,0.983994857881469,0.15504776110661275,0.01984717598270061,FSH
False,1.9403424980214201,0.8631206601651309,0.43929617719167385,0.08135378614799837,PGF
True,0.0,0.9991994332394246,0.0398804982413599,0.019539851341897722,FSH
True,0.0,0.9555386572911092,0.23863930180743556,0.02644739382443349,FSH
True,0.0,0.9995381926857377,0.025891035943403577,0.010306619912983789,FSH
True,0.0,0.9999198088173215,0.016069430495968987,0.016070567166949063,FSH
True,0.0,0.97198468211708,0.2880326987286946,0.14167360491444286,FSH
True,0.0,0.9766162159517672,0.26392842506213166,0.13630026740640133,FSH
True,0.0,0.9837168045471733,0.19326426246988299,0.09414708899670489,FSH
True,0.0,0.9430379098361467,0.270635953527768,0.02813082129947216,FSH
True,0.0,0.9868380727781094,0.17787047505591405,0.05709968862265163,FSH
False,6.366664710293384e-05,0.9711955982123953,0.3007979138243127,0.15307995656128748,PGF
True,0.0,0.979117142809679,0.22826814801403536,0.12570163960062125,FSH
True,0.0,0.9998884192101082,0.0160075398450287,0.012403327223010616,FSH
True,0.0,0.9996817713562463,0.025540439911838384,0.009569732520061837,FSH
False,1.2207636984672148,0.8749448290055628,0.4104881757685959,0.058747927068340956,PGF
True,0.0,0.9764383210996131,0.17939531808567222,0.02789707239311265,FSH
True,0.0,0.9929522137802204,0.12407274471535462,0.030706203888888454,FSH
True,0.0,0.9935705463364067,0.11210150669533374,0.0317326503401127,FSH
True,0.0,0.9877937255326167,0.17741932099343005,0.10019392666756785,FSH
True,0.0,0.9909739068872381,0.15238147167905974,0.07327113774377703,FSH
True,0.0,0.9952346263166848,0.11163496739039916,0.05864966323876737,FSH
False,0.0006822439534884974,0.9327241718570104,0.3026119800027728,0.02062337703670019,PGF
True,0.0,0.9836899930784773,0.19931262115020953,0.06598606343790668,FSH
True,0.0,0.991819323327399,0.11846541308494449,0.03781870661164239,FSH
True,0.0,0.9718855786998304,0.29959126997264574,0.16875342465337703,FSH
True,0.0,0.9701701234263587,0.29710442829658523,0.1303346935393146,FSH
True,0.0,0.9655630936886913,0.2156071614667658,0.02334403131329612,FSH
True,0.0,0.9869744960223056,0.12553256970886745,0.02258178092279429,FSH
True,0.0,0.9998680299773596,0.014827043627623021,0.009147641680879818,FSH
True,0.0,0.99161326608861,0.13221618576152763,0.046058995239888864,FSH
True,0.0,0.999162107592134,0.06341416806693809,0.03881776651379161,FSH
True,0.0,0.991748248307385,0.12634049598351255,0.03374921169201417,FSH
True,0.0,0.9992190708579373,0.03371310274911868,0.006280364190140147,FSH
True,0.0,0.9575986926697991,0.22755010491026664,0.02456159784840193,FSH
True,0.0,0.9804511211029229,0.16590738615969813,0.025315924442594055,FSH
False,1.4169657859214768,0.8705836451813619,0.4190363720012281,0.0758485576861218,PGF
True,0.0,0.9990356127679402,0.05158275040624892,0.023869966644939785,FSH
False,1.281835155693284,0.8743266658621512,0.41321815913064847,0.05480328847983406,PGF
True,0.0,0.9979556042424187,0.067013033890674,0.026674049027692798,FSH
True,0.0,0.9938936622180312,0.12573103946732558,0.07116119279739914,FSH
True,0.0,0.9909994951706763,0.13432087176085136,0.049337670676828385,FSH
True,0.0,0.9969089654426766,0.0923461458642008,0.052730516934466495,FSH
True,0.0,0.9949646762046772,0.0810352600598672,0.019216892795638277,FSH
True,0.0,0.9914285975352871,0.12887928583651614,0.04298346506388245,FSH
True,0.0,0.9933564881479422,0.09342358402900452,0.019618053787427363,FSH
True,0.0,0.9522614240175886,0.24736586780854228,0.03804737641709464,FSH
False,11.061980265496443,0.7752589432868234,0.6325505497260161,0.14178664510970346,PGF
True,0.0,0.9935338580012746,0.1268209040563605,0.06475095327489046,FSH
False,1.397015017246536,0.8709682016444785,0.4181953898105394,0.06560589396584955,PGF
True,0.0,0.9999532906525525,0.008649415969998563,0.006298321151613434,FSH
True,0.0,0.9990689918404091,0.03426351086362055,0.008244667197618894,FSH
True,0.0,0.9901818761013538,0.15136118644969723,0.06875912648895836,FSH
True,0.0,0.9793831386017405,0.24344662139770767,0.1271543271848575,FSH
True,0.0,0.9911870183878515,0.11703910292447696,0.030659458659932505,FSH
True,0.0,0.9884385600285903,0.15756994393155274,0.07808223404212004,FSH
False,0.2689006254261323,0.9047230000282159,0.3518556289544474,0.053480262794436476,PGF
True,0.0,0.999194856535579,0.039135145892259686,0.007164928632743941,FSH
True,0.0,0.9997912622298768,0.02815083811801792,0.023854009010643197,FSH
True,0.0,0.990978287642211,0.12500656341308625,0.035992181152331625,FSH
True,0.0,0.9772131968389657,0.2601223697519795,0.1460196703394367,FSH
True,0.0,0.9873127851346292,0.16550771034738515,0.07172925716124957,FSH
True,0.0,0.9947144978075302,0.09173322897918634,0.007514609502053384,FSH
True,0.0,0.9983308756969285,0.07069719297749119,0.04068861066571008,FSH
True,0.0,0.9952414018468044,0.09206323219178005,0.03432429772029853,FSH
True,0.0,0.9973145039145497,0.0852610972237755,0.04399500422870609,FSH
True,0.0,0.9893253903563215,0.11788367134745358,0.016542328512591582,FSH
True,0.0,0.9998939007004811,0.014320254731683755,0.009651746102232182,FSH
True,0.0,0.980392129848337,0.2324242865169009,0.12093804991256984,FSH
True,0.0,0.9823959837558898,0.16998016330500182,0.04944270681675575,FSH
False,1.7023055954342337,0.8656249511108769,0.4304724336951769,0.0790301661158713,PGF
True,0.0,0.9887584115704139,0.17321512430632377,0.08480424472009106,FSH
True,0.0,0.9863166949983707,0.17556202364020185,0.08719452615995231,FSH
True,0.0,0.9710963437763926,0.2957969329778896,0.14173243292932897,FSH
True,0.0,0.9803484623224513,0.16086717038556703,0.016028445622612603,FSH
True,0.0,0.9994069648125203,0.036854730510141286,0.010198531074811877,FSH
True,0.0,0.9761081237647159,0.2504397506151982,0.12630443618771925,FSH
True,0.0,0.9930564290761983,0.12505045776835005,0.05266575427138281,FSH
True,0.0,0.9431980337344509,0.27214156571962256,0.02632007231963103,FSH
True,0.0,0.990164314794144,0.15168848305151858,0.04336301773024382,FSH
False,0.1734822407183005,0.9559483530359025,0.3416511993486743,0.15873043371846732,PGF
True,0.0,0.994834138943422,0.09055112979749111,0.008123263368542702,FSH
True,0.0,0.9827067974856893,0.15712227088807373,0.014461342844756985,FSH
True,0.0,0.9745664797929556,0.26101511572713787,0.09923578107800488,FSH
True,0.0,0.9995753651308029,0.03164004294462727,0.010580984492115676,FSH
False,1.4104022414394193,0.8719039698648109,0.4187603570826317,0.06615020089189223,PGF
True,0.0,0.9947714152892756,0.09677189338805865,0.01858661887684094,FSH
True,0.0,0.98177967678306,0.15953060365086974,0.012878758619596663,FSH
True,0.0,0.9851880753221761,0.14046907354670127,0.024371204376844258,FSH
True,0.0,0.9852901760832251,0.13317020752945483,0.028868371292374618,FSH
True,0.0,0.9987177325817094,0.05475626323641968,0.01932279309376601,FSH
False,0.19327979979491933,0.9079741059577704,0.34396359855550035,0.04731887430784237,PGF
True,0.0,0.9974922914325354,0.08033203018371397,0.04517310763719137,FSH
True,0.0,0.9857015497931704,0.13954636684200422,0.018354553999935293,FSH
True,0.0,0.9795806962609054,0.16451177608529227,0.009059391657183877,FSH
True,0.0,0.995089417962718,0.09321611603353853,0.036763775560157086,FSH
True,0.0,0.9568231230362955,0.23391243724576385,0.027489529510538124,FSH
True,0.0,0.9758880319358619,0.2678445114986675,0.15400388597277526,FSH
True,0.0,0.943661944001142,0.2634508135516637,0.02785792328335221,FSH
True,0.0,0.9966696238313716,0.0732549914749625,0.026254985803421307,FSH
True,0.0,0.9990243887898614,0.048952292388676134,0.020918811352805686,FSH
False,1.7562919500886613,0.86564109833637,0.43252516553804643,0.07295094778956784,PGF
False,0.2890878921872316,0.9568119659825056,0.35376689429260644,0.20570022530365542,PGF
True,0.0,0.9831544553160719,0.19050148921126572,0.06625971249547943,FSH
False,0.0635720173391046,0.9194941604829087,0.3252134918920614,0.02743661363742396,PGF
True,0.0,0.9993819115354325,0.03410728389997944,0.014850163376670437,FSH
True,0.0,0.9818158540342047,0.22993821701020742,0.132888203225966,FSH
True,0.0,0.9961292979087916,0.08016676784877542,0.014726938776354878,FSH
True,0.0,0.9986101757455355,0.05205495787094929,0.012879291797763455,FSH
True,0.0,0.988641334282924,0.16644819028114413,0.07416867256621903,FSH
True,0.0,0.9992359449564736,0.032691076465413464,0.007872483970098265,FSH
True,0.0,0.9930106497830821,0.13187727239895258,0.0625266983204051,FSH
True,0.0,0.9535818545526578,0.23935047385255193,0.01976373544750572,FSH
True,0.0,0.9789761279788209,0.22063454977557667,0.05121601311891451,FSH
False,0.004889987127242389,0.9712970569879125,0.30699284429058904,0.16121646478246573,PGF
False,0.2884646557553736,0.9391944708335264,0.35342069015460564,0.15331931342309704,PGF
True,0.0,0.9974347475351688,0.05826525500587185,0.008991112714750876,FSH
True,0.0,0.9931035362236679,0.12942739797607752,0.06738630401944584,FSH
True,0.0,0.9837628122259359,0.21611088501357972,0.12359282661761313,FSH
True,0.0,0.9815132467880989,0.1698677445093377,0.040094843135488695,FSH
True,0.0,0.9985499096091666,0.0672270585185903,0.03796933342792402,FSH
True,0.0,0.9801037688922829,0.23740947463307938,0.134219751142738,FSH
True,0.0,0.9931211917849796,0.13342065742670425,0.06069103716865132,FSH
True,0.0,0.9997202350628565,0.023852627824605677,0.01517767853514779,FSH
True,0.0,0.9485247914866356,0.2620768123321019,0.01901344388670031,FSH
True,0.0,0.9851806274953676,0.13236619394910365,0.02514020284401881,FSH
True,0.0,0.9885735370794306,0.14633144103581572,0.0519753930915624,FSH
True,0.0,0.9839433380823628,0.19866672122710893,0.08078201160356584,FSH
True,0.0,0.9743317900551632,0.27717825457915723,0.15055961183223499,FSH
False,0.049363576307635326,0.9678388974422883,0.3222179153629757,0.13821691478252862,PGF
True,0.0,0.9779416708217354,0.2535620320120642,0.13470000841608937,FSH
False,0.40477470873887716,0.8940932441153985,0.36362190729134714,0.06162840817129453,PGF
True,0.0,0.9972765791491749,0.07369831943329358,0.019401126617558922,FSH
True,0.0,0.9968459888068725,0.06715498054665343,0.02137407543862038,FSH
True,0.0,0.9969870723553415,0.07560345908732088,0.021930179003019683,FSH
True,0.0,0.998810584130583,0.04321154506417641,0.010050829683099992,FSH
False,3.7228027104736756,0.8406431050670855,0.4929456584241707,0.08835039723530905,PGF
True,0.0,0.999782831976745,0.02370535349947581,0.021433945001181686,FSH
True,0.0,0.9945732419393707,0.1075310128627407,0.04013370444758339,FSH
True,0.0,0.9877650649455241,0.1813599751942585,0.0996798560455343,FSH
False,0.5439911026760287,0.8931314004158404,0.3737557524994511,0.04702308040028046,PGF
True,0.0,0.9498543591335042,0.2569344764557534,0.01398110987895451,FSH
True,0.0,0.9774677039001854,0.2547447829130002,0.13655279758744565,FSH
True,0.0,0.9814689748128342,0.2063115890109513,0.08079464611784148,FSH
True,0.0,0.9998993214086404,0.01866963254401011,0.01526963939888594,FSH
True,0.0,0.9592465745938992,0.23344364551568025,0.02670393900319304,FSH
True,0.0,0.9364215192385655,0.2845487840427781,0.0385349874725323,FSH
True,0.0,0.9980672934148785,0.052650714998987505,0.012198626404772319,FSH
True,0.0,0.9851770921237313,0.18925193067931778,0.08425823195250061,FSH
True,0.0,0.9736855793451388,0.2718025024116154,0.1336162230990417,FSH
False,0.0024217586460194827,0.9262852516423995,0.30492113670407506,0.04351227471010697,PGF
True,0.0,0.9994550690796572,0.03322340355678904,0.012157050272298056,FSH
True,0.0,0.9886326581912166,0.1827846445541796,0.10474378296767654,FSH
True,0.0,0.9990565499625246,0.03504998725174416,0.008123442232233689,FSH
False,0.0025053255268992565,0.9278303363534706,0.3050053226937923,0.022112171241879277,PGF
True,0.0,0.9950350582861508,0.0962746442647883,0.010389697998586694,FSH
False,0.1109403970391137,0.9645617687348668,0.33330771637910855,0.15273030578039914,PGF
True,0.0,0.9999744380671476,0.01293708983224872,0.012956764928354299,FSH
False,0.11002193670735974,0.910566867468622,0.3331695548217578,0.04282161019836313,PGF
True,0.0,0.9998896514775539,0.01357396755487331,0.006243545560670858,FSH
True,0.0,0.9745368875411378,0.18248164689474408,0.021071584747113088,FSH
True,0.0,0.9898841023572239,0.1181955692061425,0.013800902524103875,FSH
True,0.0,0.9631006305042717,0.21670136161744016,0.01773452186782491,FSH
True,0.0,0.9979115726078085,0.06174832182314287,0.01111326223842642,FSH
True,0.0,0.9922455261043522,0.11151857043950884,0.03268305661846572,FSH
True,0.0,0.9991372666243691,0.03549108072831273,0.00800418240896319,FSH
True,0.0,0.973245428651912,0.2511741114315535,0.058676461447182596,FSH
True,0.0,0.9884178685771903,0.16765676460301862,0.08660870290974022,FSH
True,0.0,0.998846111680896,0.0383426325651415,0.012906391461536647,FSH
True,0.0,0.9797002390843369,0.22644214341511726,0.09606910661874361,FSH
True,0.0,0.9880033389097006,0.12475996687662384,0.01962524917608655,FSH
True,0.0,0.9982868848787178,0.05345012980914927,0.01744748819854664,FSH
True,0.0,0.9914859244884898,0.1329222687061711,0.05369515695739244,FSH
True,0.0,0.9941220359571962,0.1222472647648818,0.06508146106190404,FSH
True,0.0,0.9536225027455648,0.24800481574824626,0.020608365226265486,FSH
False,0.48601946484384323,0.8968983237753105,0.369715096273608,0.034455262688103984,PGF
True,0.0,0.9837258569465364,0.21254507436784628,0.11648728997412093,FSH
True,0.0,0.9881889604739377,0.16966559340262735,0.07151821807116583,FSH
True,0.0,0.9978817545764962,0.08590143559047123,0.05099378829665437,FSH
False,7.631647501441612,0.8017147101256332,0.5759785957240291,0.10643599284557066,PGF
True,0.0,0.9895137800795217,0.14520760869776395,0.04273220450721869,FSH
True,0.0,0.9997032170351015,0.025907551603669855,0.024138040614423033,FSH
True,0.0,0.9948405717395382,0.09755097741781071,0.03168688015074081,FSH
True,0.0,0.9800477573839882,0.22592151262050889,0.10717043926149235,FSH
True,0.0,0.9647371620059306,0.21714587990281378,0.02040115906951897,FSH
False,0.18430905379999638,0.9467993083243762,0.34293123033410483,0.10122842381976217,PGF
True,0.0,0.9956658026488601,0.09306624871869656,0.03259881484155676,FSH
True,0.0,0.9952745253377272,0.07428852092343126,0.018691452297089624,FSH
True,0.0,0.9927666219371153,0.1347709810307823,0.06441479351438498,FSH
True,0.0,0.9940131418421021,0.10170484896767483,0.03125950832778533,FSH
False,0.08553648916829394,0.9661106684753148,0.3292466218849791,0.1362525387283863,PGF
False,2.2661508725517607,0.8598759487309415,0.45053739975673024,0.05752154245418363,PGF
True,0.0,0.9734465670596735,0.2707624046923225,0.11602208278386879,FSH
True,0.0,0.9972667276283135,0.06749471575009461,0.013535271164878779,FSH
False,0.6287871087025638,0.92603310739185,0.3707129816404113,0.028650705256784332,PGF
True,0.0,0.9421079235438045,0.2600630111304225,0.03229596758023709,FSH
True,0.0,0.9805483466474233,0.16528118837636221,0.015496388350374332,FSH
True,0.0,0.9771952101775857,0.25709418749146734,0.13527695117269756,FSH
True,0.0,0.9992635465846319,0.04171618771308693,0.014759405430361588,FSH
False,1.2015993238629794,0.8769589934881656,0.40961748600761555,0.06346657985982243,PGF
True,0.0,0.9931453933392429,0.144075610622613,0.07932963339489002,FSH
True,0.0,0.9838431267166999,0.1487080312433188,0.01647810794630247,FSH
True,0.0,0.9755825443836431,0.27033062315951845,0.14546930365479094,FSH
False,0.0004840891342935527,0.9288204517414763,0.30220020256861396,0.030808902008399367,PGF
False,0.06304363515100732,0.9700571531981326,0.32510849162156247,0.18156649221526325,PGF
False,2.663180907204999,0.849418756439366,0.4631925521341277,0.09325425047229699,PGF
True,0.0,0.9952629085312431,0.07742376056088907,0.02038249942626964,FSH
False,2.727425118602321,0.849899748929982,0.46514917858113375,0.08083617093314081,PGF
True,0.0,0.9933353553044679,0.11309706824646447,0.043317526000597496,FSH
True,0.0,0.9779007996408081,0.1797137734988086,0.0324378415452005,FSH
True,0.0,0.9999437237714228,0.012558856831600533,0.008041961939645141,FSH
False,6.431569149110635,0.8138202004105195,0.5519049046039918,0.06437885042348099,PGF
True,0.0,0.9998681928298968,0.016800357479318274,0.009270613516209758,FSH
True,0.0,0.9996632763897367,0.023276757916597467,0.005608241587012566,FSH
True,0.0,0.9780583398452051,0.17539105052162496,0.02102019612990439,FSH
True,0.0,0.9889340172913879,0.16027608963270992,0.07722519165477168,FSH
True,0.0,0.9792259231899918,0.23219072759380804,0.10509840806176554,FSH
True,0.0,0.9838712953713329,0.2158270254095011,0.11989774322902105,FSH
True,0.0,0.9800631251516839,0.24072965882397968,0.13954453371253764,FSH
False,0.06755092032810542,0.9675696300343121,0.3259905598877949,0.127401314700135,PGF
False,3.596377871826801,0.8406898770119485,0.489641184130104,0.10292932049490004,PGF
True,0.0,0.9994503195226185,0.029086253763216392,0.008054127372982802,FSH
False,0.7815762707180993,0.8853040524835589,0.3884068023807048,0.05561086147481473,PGF
True,0.0,0.9776612295857199,0.24756525385728473,0.10753240599306395,FSH
True,0.0,0.9458630007129736,0.2707036831416594,0.03012535039547993,FSH
True,0.0,0.9959971047343253,0.08842258873640273,0.03627007519297925,FSH
True,0.0,0.9419285619640294,0.2651498462647134,0.029343172075681195,FSH
False,0.0476127584391794,0.9696398987819855,0.32182034794387554,0.17046863025933903,PGF
False,6.272010606035993,0.8113015484694185,0.5502596718180712,0.09190853209220327,PGF
True,0.0,0.9660106503286585,0.22293779104479022,0.037873221864613345,FSH
True,0.0,0.9360431094937189,0.28385926847283405,0.0423651728053656,FSH
True,0.0,0.9955629983440838,0.10632360063894016,0.055136322894164216,FSH
True,0.0,0.9949425998283158,0.07806306375566635,0.016176292450800742,FSH
False,7.254656966090778e-05,0.968324853543216,0.3008517427408608,0.08895166747746751,PGF
False,9.881215548084471,0.782067329302735,0.6131473946927471,0.12209908804874667,PGF
True,0.0,0.993292176217576,0.12090755119344584,0.028057582534878354,FSH
True,0.0,0.9955853621138706,0.09385302730594486,0.03386968278372233,FSH
True,0.0,0.9962408171437842,0.09048971657954469,0.0248417470808257,FSH
True,0.0,0.9950530591267414,0.09704716867874788,0.03890251484119845,FSH
True,0.0,0.9824571013823044,0.20156460728539244,0.0907506774650226,FSH
False,2.203828898286362,0.8990482346821739,0.4148028228889003,0.03372707466085481,PGF
True,0.0,0.9844620379636487,0.2067959395310027,0.11925738541839048,FSH
True,0.0,0.937039515108631,0.2853662291657341,0.04585377602746981,FSH
True,0.0,0.9623111259787117,0.22752296896138913,0.028467501514081044,FSH
True,0.0,0.9875642130914399,0.16189399345218558,0.06748114362241985,FSH
True,0.0,0.9971866548234577,0.08825772058282112,0.04407326884539306,FSH
True,0.0,0.972264832537637,0.27250639979674834,0.0930957555545522,FSH
True,0.0,0.9785425974228865,0.25299592377127617,0.13289739227448386,FSH
True,0.0,0.9899414569415509,0.12105621827050088,0.03384891192114948,FSH
True,0.0,0.9605762137977037,0.22180435461824055,0.031657322440733125,FSH
True,0.0,0.9994214788040681,0.036538907531305606,0.01895584709600883,FSH
False,8.841231775539407,0.7903563070273016,0.5969915423442774,0.11663579209160714,PGF
True,0.0,0.9802444643529973,0.1600424554623799,0.01387019795265925,FSH
True,0.0,0.9921195798837363,0.13522914200293107,0.0652490489948765,FSH
True,0.0,0.9977852561782808,0.054554848988991295,0.017570219676467144,FSH
True,0.0,0.9788564642146613,0.23054628023419071,0.10840434644408432,FSH
True,0.0,0.9995957416593548,0.030561190947474025,0.015842064537654205,FSH
False,0.036633772938566116,0.9703416230100413,0.31913995113331434,0.16911930313557016,PGF
True,0.0,0.9994634041687389,0.034111059334291184,0.020841050240689454,FSH
True,0.0,0.9882900860572668,0.14213443150690933,0.03227179790144737,FSH
True,0.0,0.9900598348209321,0.10671667029894047,0.02322520431278339,FSH
True,0.0,0.9989826342017561,0.05764736487981955,0.039677692414474205,FSH
True,0.0,0.9939989714018569,0.10964022575241886,0.02227498055693967,FSH
True,0.0,0.994164003667588,0.1122471378695492,0.05377824907196022,FSH
True,0.0,0.9997319027573985,0.025226360264685152,0.00994585712090672,FSH
True,0.0,0.9816363761286109,0.16271859118338367,0.03663062487738624,FSH
False,7.627190936063867,0.8016648664263735,0.5761736941865366,0.12372050155576103,PGF
True,0.0,0.9783317205802703,0.2489313165640874,0.13038230030489945,FSH
True,0.0,0.9773936933838602,0.2542128222899534,0.14563213669136818,FSH
False,0.5592530320961259,0.890735921958651,0.37478322218894594,0.04220894651151147,PGF
True,0.0,0.9891568001256624,0.15645235945413272,0.0703450766347519,FSH
True,0.0,0.9966667124790303,0.07205728114498984,0.011513766397637185,FSH
False,0.42517774994294605,0.8915646019439594,0.3652056554251965,0.06175391097674159,PGF
True,0.0,0.9906643971980553,0.12705019801914816,0.016166177259702465,FSH
False,0.0717962201721355,0.912032562352626,0.32679481669505045,0.06375794451462961,PGF
True,0.0,0.9999787303338762,0.007953394322074177,0.007014307664707395,FSH
True,0.0,0.9961003056869129,0.10463083503425193,0.053336585350969745,FSH
True,0.0,0.9997195718332368,0.027199899390226993,0.012605247497481528,FSH
True,0.0,0.9488102532674088,0.2546739741601252,0.025802271444779906,FSH
True,0.0,0.9703897502313149,0.2041346744353691,0.03027415228003555,FSH
True,0.0,0.9458177339058319,0.24770500600160325,0.0219187040188836,FSH
True,0.0,0.9874388216248567,0.13365009936247854,0.024238589424792116,FSH
True,0.0,0.9986677232088579,0.05088824119273269,0.019018951945559588,FSH
True,0.0,0.9806808846410896,0.2174179376628637,0.1172434630440231,FSH
True,0.0,0.9940286885629656,0.10588642638568238,0.035076311664146244,FSH
True,0.0,0.9985529685762484,0.07400595238667038,0.04472773232497608,FSH
True,0.0,0.994622923527502,0.09241510567785728,0.016259301088146733,FSH
True,0.0,0.9794833901777378,0.24192157545014473,0.1420429090472475,FSH
True,0.0,0.9852570146007443,0.197701571668935,0.10627805575165113,FSH
True,0.0,0.98704567723457,0.15873241423235707,0.05019313471168984,FSH
True,0.0,0.9881788756253904,0.16100532994499156,0.054731684236614606,FSH
True,0.0,0.999963978128392,0.010526228923520967,0.005829935010864413,FSH
True,0.0,0.9725202221953507,0.17962597552828347,0.026235403902057496,FSH
True,0.0,0.9980947368569231,0.06660126670182183,0.029860896567123433,FSH
True,0.0,0.9949954484651027,0.10304856340821755,0.05340900470562739,FSH
False,0.1799563554069851,0.9530162274099444,0.34242126299475123,0.1795873462069626,PGF
False,0.0035938704661767767,0.9721798442405091,0.30599488987903595,0.1739711932029417,PGF
True,0.0,0.9750631768738882,0.27623785966073744,0.1460124254880543,FSH
True,0.0,0.996668023322237,0.08864661596245624,0.0421496725663933,FSH
True,0.0,0.9995114254267445,0.037401463474190794,0.012356557369643315,FSH
True,0.0,0.9533214738711021,0.2383637126577446,0.030663115681208487,FSH
True,0.0,0.9986959119278187,0.05197520286900189,0.007770867967994033,FSH
True,0.0,0.9432376384905603,0.25776041988014947,0.031833439952000046,FSH
True,0.0,0.9916090150914578,0.10024462728788987,0.021473152520694958,FSH
False,0.11530080127068125,0.9688597358521996,0.33395597167961494,0.18458364871211436,PGF
False,0.019402448096131637,0.9687287874922762,0.3139292670647567,0.12202125276404469,PGF
True,0.0,0.9966150972501737,0.10458928633231754,0.060950939864739276,FSH
True,0.0,0.9888465861512153,0.1510395056711258,0.06037473193609495,FSH
True,0.0,0.998795426244759,0.06367695929433852,0.040114929284238474,FSH
False,0.46170432072707823,0.9546871908424072,0.36794882785796074,0.20291906000874235,PGF
True,0.0,0.9756270542078265,0.2648161320006576,0.142995581088496,FSH
True,0.0,0.9861063483628866,0.1512351862188191,0.04593902887356122,FSH
False,3.6553485758564355,0.8388582536873531,0.4911896591308336,0.0826296423421102,PGF
True,0.0,0.9789725779495048,0.23070006001192794,0.10213084684742622,FSH
True,0.0,0.9754215137162192,0.2736550052421432,0.15024512016168962,FSH
True,0.0,0.9973241615842771,0.07720525008249732,0.03694046394001388,FSH
False,3.212013693665885,0.850127277066625,0.4792209165713055,0.03543515094965695,PGF
True,0.0,0.9853201209066217,0.1968270095977413,0.11293636569230431,FSH
True,0.0,0.9966179420738787,0.0925091153636225,0.0423431122256689,FSH
False,0.2214776107620934,0.9054276221890637,0.3470614078372177,0.048141517277321355,PGF
True,0.0,0.9771773071831901,0.24620847373738258,0.11685022712319362,FSH
True,0.0,0.9819913202517203,0.20684924580799371,0.09402734453966945,FSH
True,0.0,0.9937312632759763,0.10594908704231398,0.03742705082696942,FSH
False,2.771094777420428,0.849240084635855,0.46646605592193346,0.09409783099981725,PGF
True,0.0,0.9976330094339342,0.06798056678061003,0.009467649675853309,FSH
True,0.0,0.9824660709671587,0.20834455167904978,0.07911673550189166,FSH
True,0.0,0.9959573309827082,0.0797250575259599,0.025375108865882637,FSH
True,0.0,0.9933232332139481,0.11041966873715647,0.03453931105154853,FSH
True,0.0,0.9886592662679901,0.19165394777870717,0.11210997452995455,FSH
True,0.0,0.9799468702414907,0.230092858658096,0.09385994602373884,FSH
True,0.0,0.9908858932900554,0.12503055089635084,0.03584181380818103,FSH
True,0.0,0.9937527565523631,0.12050674933340572,0.06329573703250505,FSH
True,0.0,0.9994783837319697,0.038907187398120054,0.02039870830871516,FSH
True,0.0,0.9991691258801377,0.0474543149692465,0.02382653150780627,FSH
True,0.0,0.9980664517295497,0.056978949681360476,0.008828374049183357,FSH
True,0.0,0.9996308207164583,0.026127851194652836,0.024316507277147594,FSH
True,0.0,0.9978194381526132,0.059365425433112205,0.017370817684709872,FSH
True,0.0,0.9970593511980613,0.0742216220769882,0.02051800455111423,FSH
True,0.0,0.9903927915982285,0.1342949629669797,0.028545680740100974,FSH
True,0.0,0.9942548716380822,0.09411967332532097,0.023541290453526653,FSH
True,0.0,0.9317537143344948,0.29199836755013847,0.04930891744847993,FSH
False,0.04920912429286161,0.9177716553439559,0.32218312969192164,0.03513052668098257,PGF
True,0.0,0.989157522020437,0.16702467519787478,0.09004493341385662,FSH
True,0.0,0.9861773247747605,0.17528169362564752,0.06070726729983671,FSH
True,0.0,0.971526431041571,0.19725722744048707,0.024675691155188383,FSH
False,0.06024857851466626,0.9679579892644157,0.3245455858586969,0.1612755823892121,PGF
True,0.0,0.9811798515102106,0.16270356036125402,0.020160029047978287,FSH
False,0.499205147970174,0.8935951561028266,0.37065445123770857,0.06530888759544569,PGF
True,0.0,0.9925608527181276,0.11339941464275118,0.034236322724575934,FSH
True,0.0,0.9938246638910121,0.12135632837445885,0.06448785249315671,FSH
True,0.0,0.9993978601960368,0.03304163899898658,0.015904881011684312,FSH
True,0.0,0.9310260195759907,0.29850996729664575,0.0429482076762817,FSH
True,0.0,0.9865963154109136,0.14341998773427928,0.03178135146008232,FSH
True,0.0,0.9906546831792498,0.11534802379896547,0.01137199970583321,FSH
True,0.0,0.9943583625541682,0.09713785495564993,0.027982820761761052,FSH
False,0.2198358971119451,0.9108235176333399,0.3468866609081885,0.0640021731512899,PGF
True,0.0,0.9903622537450922,0.13639930196176459,0.0592330205236531,FSH
False,0.7257327690360335,0.8891096070598964,0.385189950641847,0.07600969308923099,PGF
True,0.0,0.9997628726203436,0.02370803934480238,0.014336265859793224,FSH
False,0.039689423802380226,0.9708080769893658,0.31992220464767396,0.20008831439913097,PGF
True,0.0,0.9981036544005175,0.0528674692117458,0.008643414909555197,FSH
True,0.0,0.9603055428627261,0.2223904008181082,0.025669789025247726,FSH
True,0.0,0.9960205563660349,0.08284231317460287,0.03230815548084803,FSH
True,0.0,0.9840655725548919,0.1535224408282077,0.013418592033617909,FSH
True,0.0,0.9988603994722532,0.05129596662594095,0.027656484398368035,FSH
True,0.0,0.9370194430515307,0.2782814934723406,0.026832486948995284,FSH
True,0.0,0.9959245883032846,0.09794455589991298,0.048417300909022784,FSH
False,0.061688814172454476,0.9683317167211962,0.3248372329723853,0.15398886750227372,PGF
False,0.2193507666578456,0.9649213266268025,0.34683489795631517,0.16412772070316267,PGF
True,0.0,0.98662713380846,0.16037643372129254,0.04819657170708905,FSH
True,0.0,0.9858682689140893,0.1419619761700751,0.030314576277297434,FSH
True,0.0,0.9907715941883308,0.14036556993714003,0.05719774766585858,FSH
True,0.0,0.9991669664883229,0.04288120055397777,0.0211750285108448,FSH
True,0.0,0.9938811611669202,0.1298579046022849,0.06940777202746364,FSH
False,1.0785472313445166,0.8766085480693931,0.4038531285684026,0.06091725755334278,PGF
True,0.0,0.9829820116504958,0.21210935977459483,0.11194225643347512,FSH
True,0.0,0.9996583841931429,0.023809242184506522,0.015646907681342387,FSH
True,0.0,0.9896623634269278,0.12678666145541576,0.021860332208550364,FSH
True,0.0,0.9943472080676555,0.09072734081781246,0.007330150008744963,FSH
True,0.0,0.9944673539989629,0.10543724376971521,0.024851688352657643,FSH
True,0.0,0.9934971372123582,0.11270415828855636,0.04186325676975967,FSH
True,0.0,0.9766636186988772,0.24791520904994013,0.12326187957467757,FSH
True,0.0,0.9936479548898223,0.10479112010403957,0.03197018855303832,FSH
True,0.0,0.9996334988713085,0.031245163624890538,0.009618025940019965,FSH
True,0.0,0.9953636426302991,0.09360157035629119,0.034055573844080145,FSH
False,0.10039928468667811,0.9667928606267717,0.33168584615986735,0.12781824865112773,PGF
False,0.30484807503291433,0.9035156653643482,0.35521304873242504,0.06210761831038372,PGF
False,0.9355885417527693,0.8819329624009251,0.3967258260110902,0.05268556947312727,PGF
True,0.0,0.9749022422253012,0.2632521570277194,0.1193319510216122,FSH
True,0.0,0.9925823054692124,0.12250790800365319,0.024267851030920773,FSH
False,1.2809838722800009,0.8742653685319326,0.41318055806011916,0.09615772900487879,PGF
False,8.773266815613612,0.7905086700195965,0.5958427780730241,0.11838007499021493,PGF
True,0.0,0.9970015039152385,0.08480461678187484,0.02413161152160764,FSH
True,0.0,0.9994695803225008,0.033267499438123946,0.00893918487435797,FSH
True,0.0,0.9854591915651917,0.1949270265541171,0.10868157220040198,FSH
True,0.0,0.9873396482292283,0.13123499577663422,0.018105364939500164,FSH
True,0.0,0.9298103319603438,0.28966566534306826,0.043161077989391367,FSH
True,0.0,0.9994795768007447,0.03251445658863102,0.02783182811513283,FSH
True,0.0,0.9932267400303235,0.10398596221302134,0.030134369313301986,FSH
True,0.0,0.9899583411557012,0.15050235613380827,0.05329716000414356,FSH
True,0.0,0.9359409973314349,0.27870602817066853,0.034125556452326844,FSH
True,0.0,0.9763106788692387,0.2811097961833544,0.17324263205030868,FSH
True,0.0,0.9830079192064181,0.14930491375663282,0.02126285836198161,FSH
True,0.0,0.9849531172630067,0.18391369945779992,0.06611397164747086,FSH
True,0.0,0.9994338928951974,0.037500785284720915,0.02541494037845929,FSH
False,0.04043407703883924,0.9256555080358237,0.3201082264356753,0.02895694043071649,PGF
False,0.07561178952596236,0.9200061303088828,0.3274975979907268,0.02421058115461964,PGF
False,0.21237987474882317,0.9610803433283829,0.34608469103171063,0.17287449631077736,PGF
True,0.0,0.9491548859176154,0.25320065651679396,0.023348830174422637,FSH
True,0.0,0.9835484942914169,0.216896568987798,0.11911500977891673,FSH
True,0.0,0.9342950948967382,0.28317937213975103,0.037803608853653276,FSH
True,0.0,0.9814016627134178,0.22301706446350705,0.11625846257042742,FSH
True,0.0,0.9997755178203845,0.027558870656194615,0.020831395931348633,FSH
True,0.0,0.9706115804948009,0.2022633640490648,0.01125786457861667,FSH
False,5.9210419649188175,0.8152712353861775,0.5433319125170148,0.10105920745167887,PGF
False,1.6970417780965825,0.8651406041627069,0.4302705560783626,0.09831216500472675,PGF
True,0.0,0.9951857044838949,0.08145697155944427,0.02212798349556381,FSH
False,0.4109181224342402,0.8952914233733265,0.36410289560029563,0.04348388940154686,PGF
False,3.0484095377588525,0.8464093123185588,0.47459695122649914,0.10386125941976597,PGF
True,0.0,0.9990600965773571,0.04104003618243381,0.01756876601682824,FSH
False,7.194924487006774,0.8045562188248222,0.568233564025958,0.13971622023827285,PGF
True,0.0,0.9825535080775158,0.14059744003438587,0.027852882627618137,FSH
True,0.0,0.9975397059087823,0.07015577941464006,0.02609598549200755,FSH
True,0.0,0.9996196647265371,0.030100399344468638,0.027412410720975236,FSH
False,0.00269704070880146,0.9250934632458042,0.3051933040627345,0.034254610492200244,PGF
True,0.0,0.9779875064533866,0.25457888067227474,0.1529087819380802,FSH
False,1.2105910555510686,0.8732644915625195,0.41002686288134677,0.08165209298651938,PGF
False,0.16895764095824037,0.9571222016278959,0.3411044572958019,0.17906626598820932,PGF
True,0.0,0.9828264773998133,0.15505726080571994,0.023584777038185074,FSH
False,1.036994306015514,0.8766701932266271,0.40183291737034316,0.07513551870092565,PGF
True,0.0,0.9766130458317013,0.2548276294096941,0.11736915898451836,FSH
True,0.0,0.9997099838903659,0.03209044816003901,0.022987723456726068,FSH
True,0.0,0.9851392339107429,0.19325736162582532,0.10380454967925647,FSH
True,0.0,0.9829215021883281,0.20224758057492728,0.06995962787171066,FSH
True,0.0,0.9832194950869099,0.22009778914951583,0.12765389507753772,FSH
True,0.0,0.9996750459063977,0.025833192055525516,0.018003760458223165,FSH
True,0.0,0.9980595901028203,0.054171790616798866,0.012329961800188215,FSH
True,0.0,0.9911481242279807,0.13388869824112126,0.06043064667771683,FSH
True,0.0,0.9997875670171876,0.01938243602496328,0.014075494870872497,FSH
False,8.42584359268945,0.7921995249196767,0.5895500252512235,0.11412231757076492,PGF
False,7.098345678916809,0.8051843831822104,0.5664272072990446,0.1366218690218533,PGF
True,0.0,0.9996309350797733,0.02363878069089419,0.006693044754574622,FSH
True,0.0,0.9758212753023862,0.2626175716013201,0.12064465025836145,FSH
True,0.0,0.9981540075205906,0.06069287817527924,0.027475652834502474,FSH
True,0.0,0.9867980033956655,0.17214360835091816,0.0855195552542143,FSH
True,0.0,0.9510063496171369,0.2543651474252804,0.022039573064106033,FSH
False,0.8270286122396,0.8855178567388056,0.39094111348777294,0.08742338183276353,PGF
True,0.0,0.9995748818087622,0.03844142105523392,0.033411839988771445,FSH
True,0.0,0.9866950060811428,0.1948434185804038,0.11235112693978497,FSH
False,3.9183103031453883,0.8365950122872459,0.49794722284349907,0.08295020354939531,PGF
False,0.08011770159215735,0.918256726534961,0.3283050704984385,0.05724903095834627,PGF
False,0.00027934341751127277,0.9721844661064832,0.3016713569861381,0.158850860740588,PGF
False,1.189925779494295,0.8824576087392046,0.4090837192020099,0.03386647095846773,PGF
True,0.0,0.9808786564566879,0.2122685158406765,0.08304750102358369,FSH
True,0.0,0.9645777272005138,0.21230615692004498,0.025011996128883447,FSH
True,0.0,0.9905604534033746,0.1534637713569193,0.08455303055044236,FSH
True,0.0,0.9916084984369739,0.14276039998749604,0.07676053515115384,FSH
False,2.982871597600547,0.8482494242000616,0.4727099185802757,0.06464284702991084,PGF
True,0.0,0.9697394359783345,0.1923077816431473,0.01821065952429621,FSH
True,0.0,0.9809879038466933,0.23373895456578014,0.12902824068966284,FSH
True,0.0,0.9997414751631974,0.02252996465308374,0.01347247808514437,FSH
True,0.0,0.9753751795657235,0.17686670810301752,0.019758543170855142,FSH
True,0.0,0.9428304041295977,0.2672139894999773,0.029061754620290568,FSH
True,0.0,0.9372286039874487,0.2796633611681867,0.024093827497033628,FSH
True,0.0,0.9795353350791971,0.2350444098727638,0.12439973553505375,FSH
True,0.0,0.9521134781632175,0.24861473104781456,0.019790038368355353,FSH
True,0.0,0.9657296118656097,0.21322162256736357,0.018278591330677302,FSH
True,0.0,0.9760304813189182,0.18008162827743018,0.015731465187074637,FSH
True,0.0,0.979522199779289,0.22833613498643612,0.09636425779913232,FSH
True,0.0,0.9991901415908482,0.05937342752475582,0.035937970961418486,FSH
True,0.0,0.9832153663087456,0.20635140994620818,0.09228518051344607,FSH
True,0.0,0.9833622452981308,0.22075692379763484,0.12598611008447108,FSH
False,0.571185978774063,0.8931577925454655,0.3755768469026105,0.061606495842606745,PGF
True,0.0,0.9799912191419695,0.22904757966551173,0.10447589082613318,FSH
True,0.0,0.9546550839043073,0.2463610222663856,0.02497802796228073,FSH
True,0.0,0.9986242881684745,0.05754426495991814,0.025307502762219228,FSH
True,0.0,0.9984356796349918,0.04961221561032192,0.014709401771488186,FSH
True,0.0,0.9880696263753773,0.1290767176775501,0.01883730202570095,FSH
True,0.0,0.9847462193523064,0.1786130366582237,0.07075775238075137,FSH
True,0.0,0.9379423288291904,0.2884762658391443,0.025425662612285484,FSH
True,0.0,0.9992669197907603,0.039567499291413975,0.030564532399021925,FSH
True,0.0,0.9957132411266285,0.08725688765958041,0.026514176167645565,FSH
True,0.0,0.9998690583953148,0.014677455881783125,0.014349670222238745,FSH
True,0.0,0.9736884382929247,0.2808260052889878,0.13365942280827256,FSH
True,0.0,0.9893543758912812,0.14728985767858377,0.04007960583584197,FSH
True,0.0,0.975686189971157,0.1859571382817129,0.012820244507536684,FSH
True,0.0,0.9996325462501023,0.029383406407799673,0.018538104919108463,FSH
True,0.0,0.964826850295444,0.2131235700105739,0.02350398462763853,FSH
True,0.0,0.99514562285069,0.08801107677451558,0.0211077271688813,FSH
True,0.0,0.9970138187590858,0.068740841616657,0.014220621676476076,FSH
True,0.0,0.9756050494498814,0.18486670318284035,0.031355413456110696,FSH
True,0.0,0.99920621589012,0.039118123702679405,0.02268362333387784,FSH
True,0.0,0.9943216086858878,0.109546518301814,0.046709372402307596,FSH
True,0.0,0.9842090414068502,0.19919693033727143,0.10905566290734055,FSH
False,3.7634518509990467,0.8377740434679192,0.4939961816892035,0.09790536120594799,PGF
True,0.0,0.9737402576112124,0.19096714178490423,0.012760711568535053,FSH
False,4.281034363366864,0.8337685810552876,0.5069066060658012,0.1333965809658777,PGF
True,0.0,0.9936342455693606,0.10451780190361411,0.0392877247830218,FSH
True,0.0,0.9575765080354905,0.23075589148333892,0.02666465880677927,FSH
True,0.0,0.9978950308041082,0.05465605571296655,0.019604991887960485,FSH
True,0.0,0.9955237332066794,0.0778619627658677,0.00708952106125821,FSH
True,0.0,0.9510238305826683,0.25420735668820055,0.018884786941129682,FSH
False,0.10193766188013238,0.9151376837448253,0.3319276779425207,0.0418926620015003,PGF
False,0.13949446474479316,0.9322259675179964,0.3333795859905805,0.04087200674887653,PGF
True,0.0,0.9965426941760301,0.08100152439962104,0.034595348220051544,FSH
True,0.0,0.9719677530606935,0.28763170919434083,0.13600112590903923,FSH
True,0.0,0.9885575497365393,0.1617449399051513,0.07297429694444342,FSH
True,0.0,0.9504582688502689,0.25548218289426894,0.017438113992700628,FSH
True,0.0,0.9992452927734609,0.05835473530231084,0.03672600302324157,FSH
True,0.0,0.9867300404462105,0.1947670609180135,0.11128745232395258,FSH
False,0.15834014456690365,0.9082055390016002,0.33979197715204706,0.03971930521328719,PGF
True,0.0,0.9998679702486816,0.027110840722773165,0.020479318295356968,FSH
True,0.0,0.97910823848623,0.17780399137701888,0.034814348887595714,FSH
True,0.0,0.9863533202756622,0.17853754664253016,0.08922795984601484,FSH
True,0.0,0.9359252158666767,0.2830278311744537,0.03509630366301589,FSH
True,0.0,0.9995671367928566,0.04809683381123899,0.03505870539720999,FSH
True,0.0,0.9992388637514501,0.032721613996916386,0.010624336483625837,FSH
True,0.0,0.9909546784481619,0.14630726954100995,0.057382137383777176,FSH
True,0.0,0.9999218002845883,0.012774063585947213,0.006061321706998335,FSH
True,0.0,0.9915468054915456,0.14855208020606048,0.07065146443241478,FSH
True,0.0,0.9891792536307917,0.15534648088571415,0.05949268419634901,FSH
False,0.15830739146668943,0.9363985335054408,0.33827717867523344,0.03928281237310207,PGF
True,0.0,0.9410764096980163,0.2765460174136415,0.02121662843595363,FSH
False,0.8061166508188777,0.885462371258242,0.38978399917685097,0.06301460102259693,PGF
True,0.0,0.9643167070787574,0.2165012770458568,0.03339437330116309,FSH
True,0.0,0.9912299919619518,0.14498418921704181,0.07621938251414119,FSH
True,0.0,0.9905585272912893,0.15047932177389028,0.057559160330467256,FSH
False,0.014004472762495338,0.9696000618089174,0.3118340495023873,0.142752849707616,PGF
True,0.0,0.9657142320449726,0.2173659609822305,0.02356610783827456,FSH
True,0.0,0.9769563469139421,0.2658114983058126,0.15783329195701573,FSH
True,0.0,0.9915580263350061,0.13469640015685666,0.04938959584045337,FSH
False,0.029711788146494993,0.9219755441887608,0.3172371076885001,0.03482867350584121,PGF
True,0.0,0.9763656579759186,0.2629404121252444,0.133854462257989,FSH
True,0.0,0.9879719351742512,0.17750314955717406,0.09811553114719153,FSH
False,0.9150902348105721,0.8828290829134281,0.3956603488813715,0.0820868923596211,PGF
True,0.0,0.9798637278719927,0.16923862307788626,0.01727016101624407,FSH
True,0.0,0.9749715307157722,0.2724157719445648,0.15418265899809838,FSH
True,0.0,0.9749345556000111,0.2726773791671122,0.14348165517222367,FSH
True,0.0,0.9860724587739345,0.18133429044080623,0.06871305903753053,FSH
True,0.0,0.9961056765869754,0.09155704636359441,0.04255238704488382,FSH
True,0.0,0.9371883084139608,0.27684519797961127,0.03976887003851174,FSH
True,0.0,0.9991125811004511,0.04655722386840368,0.015169194945003819,FSH
True,0.0,0.9908486990828279,0.1371091397955227,0.06622829939327458,FSH
False,0.03066108774518172,0.9690456357594127,0.3175103077486324,0.15064384951355822,PGF
True,0.0,0.9982688088233356,0.05269277871148258,0.007028777554438954,FSH
True,0.0,0.9953160292548551,0.0913780976806294,0.03209723376159656,FSH
False,0.0021626246385782716,0.9235309634892327,0.3046504028197332,0.0516209486482073,PGF
True,0.0,0.96648836505337,0.19803381747698806,0.028593535143691107,FSH
True,0.0,0.9925149301329844,0.11705666486337005,0.04940416511212102,FSH
True,0.0,0.9834291676120275,0.14988285295378415,0.017469911576118016,FSH
False,0.0003206416456188333,0.9282260843371732,0.30179064693789376,0.020215904837718148,PGF
True,0.0,0.9944058962717505,0.13351240194069514,0.07619741616409662,FSH
False,0.021244553253666785,0.9680287077408994,0.3145755113988041,0.1207436677227529,PGF
True,0.0,0.9701230746620911,0.2914348507799769,0.10999588582765027,FSH
True,0.0,0.9997227937332596,0.02476749039660945,0.018060111617734083,FSH
True,0.0,0.9998067449018786,0.017278632337920315,0.009083454965949596,FSH
False,2.7558468675289607,0.8549102879509832,0.4660074356024139,0.04123589818271225,PGF
True,0.0,0.975153495451461,0.2571694132018299,0.10473805752105603,FSH
True,0.0,0.9413866438076104,0.28337561403267675,0.019112448739858907,FSH
True,0.0,0.9989691148811658,0.04282781822402926,0.00808489819123933,FSH
True,0.0,0.9753828818212557,0.2647261424046738,0.13292577569918881,FSH
True,0.0,0.9725082760620443,0.1849963623217804,0.018540991663650738,FSH
True,0.0,0.9845957813422764,0.15378219087869768,0.033284271112539905,FSH
False,0.07221617336071408,0.9528351845613277,0.3268730670673658,0.09389191546430972,PGF
True,0.0,0.9946859884271695,0.11167191682311862,0.041309441874509606,FSH
True,0.0,0.976360148836974,0.169055351872171,0.025926435271616033,FSH
True,0.0,0.9602412033475365,0.22623717472933078,0.00793384334817283,FSH
False,1.180477785986444,0.8751440949923222,0.4086497945689012,0.10498542268111388,PGF
True,0.0,0.9759668643334338,0.25970877565068407,0.11546010843437633,FSH
True,0.0,0.9978287970139891,0.06542680039498959,0.02190663885850122,FSH
False,0.15389221941401005,0.9067381600100676,0.33922909881886276,0.0447740081643951,PGF
True,0.0,0.9912504882241239,0.13003223946698303,0.05092926397815868,FSH
True,0.0,0.9984517648018011,0.048399575188702734,0.007635848268505504,FSH
True,0.0,0.9721481147887792,0.20373234331408493,0.039696136634700126,FSH
True,0.0,0.9838664388161699,0.156551390182181,0.03618484941393569,FSH
True,0.0,0.9817693851413661,0.21504843225914472,0.0986683853182986,FSH
True,0.0,0.9867980532219789,0.1352186701383071,0.011728445652368883,FSH
True,0.0,0.9785394394690041,0.23913059703641842,0.12673305971941431,FSH
False,0.023443552896227304,0.9701728441247276,0.3153112876324061,0.15929051992912202,PGF
True,0.0,0.9917930425708353,0.1399027700722656,0.053876500767050486,FSH
True,0.0,0.9667941831868261,0.2075166316735787,0.021570888832211494,FSH
True,0.0,0.9912631989087456,0.12925600707184945,0.04306250808882728,FSH
True,0.0,0.9997579838341594,0.03202755055450036,0.01803109167177072,FSH
True,0.0,0.9844902308236593,0.18480400327114893,0.06729676023280352,FSH
True,0.0,0.97520233723862,0.2649656041520207,0.13518076002362156,FSH
False,0.049221510159319866,0.9679869016413087,0.3221859212473406,0.13459858934724261,PGF
True,0.0,0.9987989463375442,0.04302216386417708,0.008877724864549377,FSH
True,0.0,0.9968979433168235,0.08038652126792628,0.04031844004647702,FSH
True,0.0,0.99493089398966,0.11795286013454608,0.06254775318926097,FSH
True,0.0,0.9839663551111615,0.197914663842947,0.09568549216854969,FSH
True,0.0,0.9885063238598394,0.1582680460834233,0.04724669110240582,FSH
True,0.0,0.9964321341152185,0.07825243591388563,0.01546816317472348,FSH
True,0.0,0.9893074292895707,0.1592835335905702,0.07323321304876763,FSH
True,0.0,0.998404735790596,0.05535544833987806,0.04613694667873341,FSH
True,0.0,0.9453817429383565,0.26796600686531435,0.027379971728083236,FSH
True,0.0,0.9820449261204062,0.14880481533962905,0.025244380985365505,FSH
True,0.0,0.9954302603198865,0.08884191131130385,0.03185810464537129,FSH
True,0.0,0.9974475786751051,0.06235865684056667,0.01731952579438564,FSH
True,0.0,0.9930751880126822,0.13431827423778847,0.06183291326660289,FSH
True,0.0,0.9998804165267706,0.015435742541823278,0.008524347720876459,FSH
True,0.0,0.9871011041557193,0.1749170406844552,0.09452224837335925,FSH
True,0.0,0.9991763336587266,0.038476721192707036,0.015147390137310094,FSH
True,0.0,0.9998380831153284,0.019176406953455523,0.012339469947539485,FSH
False,0.014297850256049169,0.9253331130649333,0.3119573618562161,0.02338259172383698,PGF
False,2.5269480606755805,0.8536292295745811,0.4589637713655404,0.09591015410836226,PGF
True,0.0,0.9869699250811246,0.17685383044074204,0.08753692626574038,FSH
True,0.0,0.9988444733022861,0.04349139956043533,0.015045833096819106,FSH
False,0.2551059086932046,0.9434348868747966,0.35050801012643484,0.1663062113178034,PGF
False,0.14010023351292208,0.9044727607845001,0.3374299657377511,0.06342028780659073,PGF
True,0.0,0.9955369186195774,0.08966368595717505,0.03943156084440493,FSH
True,0.0,0.9616993612882422,0.21801047906667947,0.021080475724597793,FSH
False,1.1605471968099366,0.8768803785785015,0.40772869612178253,0.0743529626645585,PGF
True,0.0,0.9778439603537178,0.2503437997909587,0.10728673496185205,FSH
False,0.6292275949193238,0.89281942705525,0.37932386746240526,0.08064289156075445,PGF
True,0.0,0.9970333457877057,0.06419984054743677,0.008470986166331608,FSH
True,0.0,0.9910226206365138,0.1301119135821619,0.05899723887982099,FSH
True,0.0,0.9806876637144346,0.16149101040439887,0.028166863559176525,FSH
True,0.0,0.9810438181307656,0.162818740819452,0.011151839855807661,FSH
True,0.0,0.9997896911890978,0.022547120097738352,0.013835317073773596,FSH
True,0.0,0.996692603738622,0.07280132518826427,0.02088813854480179,FSH
False,4.5324203584559335,0.8299804341475897,0.5128948181251938,0.07854813284381283,PGF
False,0.0064830996091501765,0.9735172385592078,0.30805176974903664,0.19338242360297386,PGF
False,0.027817394949614816,0.9144534395504705,0.3166785475835322,0.04132252405365395,PGF
True,0.0,0.9697792947694889,0.20425405337636146,0.021704896662137842,FSH
False,0.7273115472345362,0.8897471497105168,0.3852825625338812,0.07905200078097926,PGF
True,0.0,0.9822920055107801,0.21112260627031154,0.10943487174447866,FSH
True,0.0,0.9850774378426934,0.1792457800860406,0.06924440970004675,FSH
True,0.0,0.9802047018144083,0.24705329363833345,0.1382064293583304,FSH
True,0.0,0.9973618507360461,0.06497470951354778,0.0262531584781123,FSH
True,0.0,0.9979996522546964,0.06716720291594737,0.030195011922414465,FSH
True,0.0,0.9961591373703448,0.09051457706510294,0.04212969883317348,FSH
True,0.0,0.9829048523930639,0.1928800498505533,0.06266618281670769,FSH
True,0.0,0.9978282997095801,0.09493743568434874,0.061789762762118984,FSH
True,0.0,0.9980671719896876,0.0635883923423718,0.033616474786438096,FSH
True,0.0,0.9918568055137738,0.12282624087082673,0.01945608769099312,FSH
True,0.0,0.9872861221019448,0.16281015737532425,0.050929466565575086,FSH
True,0.0,0.9951765591702295,0.08800209915450655,0.032958586619265116,FSH
False,0.4246846927551477,0.9509030007512883,0.3651678366032775,0.17692673139637716,PGF
True,0.0,0.999652306663656,0.02694210429314525,0.017393199743339725,FSH
True,0.0,0.9999553368394155,0.012654744942369754,0.009428265424216998,FSH
False,9.693206908133545,0.7833488183207833,0.6094105504333714,0.10622561337847548,PGF
True,0.0,0.9975153959737678,0.06362751574062245,0.0236839425799839,FSH
False,5.068486354083398,0.8266870325574516,0.5250628497649996,0.06630038998790795,PGF
True,0.0,0.9995419151818169,0.02851610355791974,0.009183057594150315,FSH
False,2.447373990156656,0.8550688705666681,0.45644085112772353,0.07589023108505841,PGF
True,0.0,0.9935206606491317,0.11741357080404352,0.037886703530199475,FSH
True,0.0,0.9991086465995935,0.0513659808862586,0.030260113673792194,FSH
True,0.0,0.9942614159938461,0.0984119041246743,0.021759315517710112,FSH
True,0.0,0.9773829112255729,0.26246136854161217,0.146234923668054,FSH
True,0.0,0.9998647145723553,0.017567590108971222,0.012826987931107363,FSH
True,0.0,0.9824923073647425,0.15114694961109532,0.024420532913963067,FSH
True,0.0,0.9945755515747532,0.09011121833851937,0.02680536538841117,FSH
True,0.0,0.9533569977418636,0.2371040901905411,0.026423191354752153,FSH
True,0.0,0.998692513012364,0.06511637967216741,0.040731328100456196,FSH
True,0.0,0.9966341777426078,0.07805290231901219,0.03344015799463312,FSH
True,0.0,0.9758087768093798,0.25139247406204157,0.09928392352665827,FSH
True,0.0,0.99528701808969,0.09347127297751516,0.040841818121096614,FSH
True,0.0,0.9710007360022183,0.20094544484717805,0.023376622568621237,FSH
True,0.0,0.9958881729844467,0.07981403505530049,0.015751274199068594,FSH
False,0.014514853599062485,0.9220230453614304,0.3120477606214028,0.025633696207469255,PGF
True,0.0,0.9975311392349983,0.0655829796723465,0.029139436598291754,FSH
True,0.0,0.9986556260075733,0.05267410552548536,0.023721753933050455,FSH
True,0.0,0.9995884176096093,0.027851858131947214,0.022791345102625128,FSH
True,0.0,0.976722231842995,0.17218850491024434,0.0186087457322598,FSH
True,0.0,0.9905664677217186,0.11220993848347129,0.023864887411926633,FSH
True,0.0,0.981613658960213,0.14487710049921063,0.029998486407727624,FSH
True,0.0,0.9365658716928322,0.2917597037094387,0.023712892363230362,FSH
False,0.15748849886967864,0.9082565254399197,0.33968482063329486,0.05184501947545654,PGF
True,0.0,0.988916482676465,0.13360082506843632,0.015704098229129142,FSH
False,0.10916246033305711,0.9677885300218028,0.3330397427854784,0.16245826472192773,PGF
True,0.0,0.9998520860701368,0.018383396376656737,0.013693904657246351,FSH
True,0.0,0.9933757728654722,0.1164754115769111,0.03674739437450641,FSH
True,0.0,0.9993822974746692,0.04045272190251846,0.02819417598816507,FSH
True,0.0,0.9441451703745739,0.26333578189026347,0.03127228627443291,FSH
True,0.0,0.9663735773975052,0.20552138021498395,0.01963503099206958,FSH
False,8.722167904998395,0.7927497914559454,0.5953331661869082,0.1442986948200144,PGF
True,0.0,0.9754753276231635,0.17952702905468704,0.026344103485051257,FSH
True,0.0,0.95674636351337,0.23356496245926345,0.020272369691006164,FSH
True,0.0,0.9711189695191967,0.1948775837330986,0.027841879579197315,FSH
True,0.0,0.9994674268617028,0.042735914132841876,0.019171344837205864,FSH
False,0.025608762157320313,0.9221207086141173,0.31600273793990274,0.028147873077519026,PGF
True,0.0,0.9946889239091775,0.09076566426096247,0.027275720985487643,FSH
False,0.030556155456829992,0.9253322729662187,0.317480319063687,0.0662156050689371,PGF
True,0.0,0.9937814264969446,0.13000347125072242,0.06827868866937742,FSH
False,0.04289570033055966,0.9696227904383258,0.32071127720121567,0.16666750430924657,PGF
True,0.0,0.9985584646374486,0.04654312064781552,0.010428538295179854,FSH
True,0.0,0.999604538220343,0.027558665486226,0.006537502375573745,FSH
True,0.0,0.9725307090343762,0.21504897719402102,0.058603300014197696,FSH
True,0.0,0.9917463790463663,0.1272259074762967,0.03767006996040392,FSH
True,0.0,0.9975790080687529,0.0759764090988255,0.03653418753067467,FSH
True,0.0,0.9602430981193909,0.22856627428775045,0.027874933813656716,FSH
True,0.0,0.993344006137722,0.10322250306629148,0.021431296342360545,FSH
False,0.5768416607444692,0.8941354831452333,0.37595009287318015,0.0732320473277065,PGF
False,2.713616434118046,0.8510757072445307,0.46473058107461546,0.07019899728951098,PGF
True,0.0,0.9573730913804325,0.2335976053402292,0.021432782832219888,FSH
False,0.15957546702854974,0.9665125939546405,0.3399468981309625,0.15017111404423109,PGF
True,0.0,0.9883006352875263,0.11818563934155393,0.016482582045832493,FSH
True,0.0,0.99416219594327,0.08730168733898791,0.018689622864444876,FSH
True,0.0,0.9902135727007259,0.16122977297075622,0.0873743681392949,FSH
True,0.0,0.9992031611524805,0.03654585791043206,0.021614676386142125,FSH
True,0.0,0.9974883299839243,0.08058735342356105,0.04435823971864134,FSH
True,0.0,0.9964350281056498,0.08808514468569177,0.03749398868368521,FSH
True,0.0,0.9988129467852813,0.045329130302225414,0.01009586816157581,FSH
True,0.0,0.9998333031657587,0.01549700732042362,0.009317250061223678,FSH
False,0.147807076697908,0.9055796569766927,0.3384456859345633,0.040781652105778436,PGF
True,0.0,0.9811922628243402,0.22032918604356283,0.10509444593998539,FSH
False,0.13252925269771101,0.9575265998794398,0.3364045673917039,0.1390030330851803,PGF
True,0.0,0.9906406534502372,0.14033217233009987,0.03605744005935628,FSH
False,1.393324351070844,0.8724720203684542,0.41803916092004567,0.057891868524889506,PGF
True,0.0,0.980912901676102,0.24262050793700418,0.14382077846157187,FSH
False,0.18829347552056147,0.9638473053186322,0.34339279612108,0.16264762617638176,PGF
False,2.814754248599444,0.8481563096566652,0.46777229355884253,0.11712526505353872,PGF
True,0.0,0.995905742976631,0.11476327015159164,0.06284373118490998,FSH
True,0.0,0.9852128785382636,0.21958901566395075,0.127563156920507,FSH
False,2.4405733347283975,0.8554740518437918,0.4562233444376479,0.10700530316266652,PGF
True,0.0,0.9519231985633037,0.25226178306099456,0.020552708198559134,FSH
False,1.7758591678809226,0.8649985438742257,0.43326136603985876,0.0665711616343335,PGF
True,0.0,0.985743155441952,0.15254672282843995,0.04096594946138846,FSH
False,1.028488073884162,0.8796564268967871,0.4014144010426607,0.09256232759012094,PGF
False,2.6643584708971524,0.8520259900171299,0.46322862711231605,0.08208343756186806,PGF
True,0.0,0.9896868774896098,0.15413867027407757,0.07907038050338192,FSH
True,0.0,0.9958371303203172,0.07451977183995041,0.015624531978114352,FSH
False,0.001614823196995955,0.9710359418790334,0.30401848627843364,0.15404286684327234,PGF
True,0.0,0.980805902862046,0.21957245240668494,0.09257247547526908,FSH
False,0.06255806892093332,0.9184669334261842,0.32501161108783944,0.06454813110220126,PGF
True,0.0,0.96689553465069,0.19923440351040608,0.026327571610172545,FSH
True,0.0,0.9996099351483474,0.028918959686509052,0.02393842105435593,FSH
True,0.0,0.9960252060547223,0.09217397028817965,0.04354710993520482,FSH
False,0.0046732959584174965,0.9234804722436795,0.3068361509333963,0.026656748620701907,PGF
True,0.0,0.9608286031764282,0.21718059793488137,0.027960467853099684,FSH
True,0.0,0.9995474788723081,0.031325439351760916,0.014655572240040077,FSH
False,8.365993156972886,0.7926421430919899,0.5886869724761619,0.10655681492980917,PGF
True,0.0,0.9844757671424055,0.19399768609026447,0.08525559731172946,FSH
True,0.0,0.9974261399714415,0.086117673837343,0.046239719736343395,FSH
True,0.0,0.9964461602046442,0.07880177154394562,0.009640111043747398,FSH
True,0.0,0.9984290113077885,0.05150362163569869,0.0068753708252945415,FSH
True,0.0,0.9996617514329253,0.024725042564027945,0.01056838307807835,FSH
True,0.0,0.9995631762826669,0.03456259609920199,0.015862627898607373,FSH
False,0.1754161665919241,0.9080475999413695,0.3418827132110521,0.061402318231799244,PGF
True,0.0,0.954973674058139,0.235794259230184,0.02470392272425714,FSH
True,0.0,0.9952712234697482,0.09144393293063852,0.01125439182560741,FSH
True,0.0,0.9944521844809953,0.1074538907348586,0.04301446282124169,FSH
True,0.0,0.9742586171021131,0.2885797715102201,0.17617254977849048,FSH
True,0.0,0.999604832775823,0.03295871006161553,0.007398404126921002,FSH
False,0.15008250752326446,0.9101880727470935,0.33874048367318926,0.03285034551259454,PGF
True,0.0,0.9978982280021099,0.06371474081383713,0.013664820556797111,FSH
False,3.740712588982916,0.8391111134648588,0.49340921873020727,0.10404228058717234,PGF
True,0.0,0.9756034591437588,0.2737757938726,0.15489323342715608,FSH
True,0.0,0.9736259717309088,0.276416631985918,0.12544765945796735,FSH
True,0.0,0.9922164091819281,0.10022667054952916,0.016930158720397517,FSH
True,0.0,0.9820084445290836,0.15815909960194266,0.027057495886012983,FSH
True,0.0,0.9535616716763872,0.24697461047975985,0.024865233869293814,FSH
True,0.0,0.975300727372293,0.25847352493692544,0.11981875426346034,FSH
True,0.0,0.9939271656562688,0.11358750057817679,0.023323281048361698,FSH
True,0.0,0.9965857626663381,0.08031099037218815,0.03302166026155019,FSH
False,0.027669576029273897,0.96929872219284,0.31663417446982983,0.14947771886226588,PGF
True,0.0,0.9997551090475305,0.021557086766773276,0.010357090916969456,FSH
True,0.0,0.9626495067400858,0.23233875043853155,0.027183676019549352,FSH
True,0.0,0.9813814635455851,0.16104137803340662,0.019065527442622594,FSH
False,0.02319330727104861,0.9234770228083835,0.315229349057346,0.0268656832366464,PGF
True,0.0,0.97107479274281,0.182401449168927,0.03039610577384605,FSH
True,0.0,0.9987860843794045,0.04518622604921591,0.0186926549015463,FSH
False,0.09922363425034764,0.913756042419651,0.3314997832135949,0.03400740879124021,PGF
True,0.0,0.9997799232141744,0.02315782312972311,0.01534192436815873,FSH
True,0.0,0.999423133418371,0.04359342096525338,0.022096619584354854,FSH
True,0.0,0.9748618060356875,0.17102518860195015,0.025009075554885008,FSH
True,0.0,0.9721496121237242,0.19365081354812355,0.020710985327985737,FSH
True,0.0,0.9803488190663808,0.16114105041735205,0.019147836006585754,FSH
True,0.0,0.9780809154683064,0.2553308222878148,0.15455424763492592,FSH
False,1.6565333335192551,0.8660417896151533,0.42870638420526214,0.1090387344787535,PGF
False,0.07604244744893533,0.9627085804890626,0.32757579508353935,0.12285657124287745,PGF
True,0.0,0.9882218663323661,0.1814369949153409,0.10282022879181138,FSH
False,0.8583172189602171,0.8835259350248374,0.392645411055282,0.06836558867934014,PGF
True,0.0,0.9869124594967357,0.13867471505192006,0.028720833436802484,FSH
True,0.0,0.9860766792555956,0.16770206114113517,0.055208092297322924,FSH
True,0.0,0.9983676297382233,0.06727906260807172,0.042410585751596834,FSH
True,0.0,0.9631933380965121,0.216475723016891,0.030366047212143196,FSH
False,1.0026287640395029,0.8824918173687165,0.40013135193532057,0.08227847853718916,PGF
True,0.0,0.9907474395391107,0.1318566257231253,0.0249123391065733,FSH
True,0.0,0.999108097407323,0.04760405969942531,0.02334133622171117,FSH
True,0.0,0.9960700302985441,0.07757898391060933,0.015532332816708756,FSH
True,0.0,0.9747613306296586,0.2721490755867251,0.1177130357123134,FSH
True,0.0,0.9686626584525565,0.19183729896994403,0.03252752188231205,FSH
True,0.0,0.9677071662822765,0.19757760857269346,0.030039273152952118,FSH
True,0.0,0.9852292781442382,0.1558531877810823,0.036285210314516744,FSH
True,0.0,0.9971421970149873,0.07965352580656643,0.03221413305896954,FSH
False,4.191206322478286,0.8337732926794894,0.5047243591387768,0.10797546468768966,PGF
True,0.0,0.9992395278766217,0.04602584144800041,0.04532770916362541,FSH
True,0.0,0.9913254743941418,0.14107645231737875,0.06517490407754503,FSH
True,0.0,0.9285833738226776,0.2991411744685401,0.028726635685470757,FSH
True,0.0,0.9983087692185911,0.052763602498529814,0.009682859858394835,FSH
True,0.0,0.9899394092348478,0.15006119292307132,0.0806028180352477,FSH
True,0.0,0.991259855584786,0.10643899078016007,0.017115882651965578,FSH
True,0.0,0.9829025248507616,0.20421630652834033,0.09530412751656368,FSH
True,0.0,0.9952953548979491,0.07787912242010808,0.015135561377908075,FSH
True,0.0,0.9984944282968649,0.04152495809792867,0.013286728901031868,FSH
True,0.0,0.9986194001082671,0.05300158966613885,0.02272367827959758,FSH
True,0.0,0.9420769130029576,0.2669655008762456,0.021832453481624818,FSH
True,0.0,0.9943574695318298,0.1085090158694958,0.051399258702544984,FSH
True,0.0,0.9970000327003307,0.077361255802362,0.03716418552899736,FSH
True,0.0,0.9799986924050497,0.22564875066167092,0.10439403543623373,FSH
False,0.009926803113927745,0.9174909445959348,0.30996333433842693,0.0499736951761558,PGF
True,0.0,0.9882626500512145,0.16218592426169448,0.08480373075438516,FSH
True,0.0,0.9978876853484766,0.056401049071073045,0.012044935859469098,FSH
True,0.0,0.9820870663035123,0.22750720651666964,0.12186292419142526,FSH
False,9.908700242325368,0.783292604422512,0.6111949966578296,0.10184640773081634,PGF
True,0.0,0.9889329920697643,0.13067026507776744,0.027742459429020812,FSH
True,0.0,0.9876891565889985,0.15850590143495524,0.05120110929831241,FSH
False,0.2159806499473199,0.9046987402063046,0.34647371837364854,0.06191006557882014,PGF
True,0.0,0.9976721196880131,0.07134579688883848,0.032503358925121996,FSH
False,5.712162924587498,0.8180952404674641,0.539001316410339,0.10554060475758016,PGF
True,0.0,0.9917051147117981,0.13384150461559857,0.047515042262168065,FSH
False,0.2039114156013995,0.9077764164056212,0.34515655163997794,0.05917067672514376,PGF
False,0.7762059466528708,0.8902295836834322,0.3881025508514294,0.04089196526654475,PGF
True,0.0,0.9963207609938268,0.08816183363608415,0.03756531268300274,FSH
False,0.036449793054287236,0.971099015012074,0.3190918288946573,0.1866266564672274,PGF
True,0.0,0.9994985280124331,0.03816349270074511,0.023850057787053514,FSH
True,0.0,0.985241579864767,0.14579852777104643,0.030413542099818003,FSH
True,0.0,0.9982542492192837,0.05253064782905016,0.0121403767675474,FSH
False,0.00011629677479297685,0.9711190662785344,0.30107840982373574,0.147665285568661,PGF
True,0.0,0.9935765141685847,0.09375731653113673,0.015370796730086546,FSH
True,0.0,0.9796957202576073,0.2378851225355766,0.1267729727852384,FSH
True,0.0,0.9395660207571831,0.280069919261657,0.04613105468832131,FSH
True,0.0,0.9870558912759355,0.16854296316114636,0.07453516298552931,FSH
False,0.28452104381093435,0.9067322383174531,0.3533405140405428,0.02222753453255846,PGF
True,0.0,0.9614351906717824,0.23350609991699706,0.03836888748539521,FSH
True,0.0,0.9842582946587511,0.15398481225014243,0.03716774135806798,FSH
False,0.0016186107033240192,0.9697119307235218,0.3040231961216476,0.12012790792746114,PGF
True,0.0,0.980928716208004,0.22814860503523945,0.09926439700906446,FSH
True,0.0,0.9870524840308244,0.18036330977490783,0.09504488056104143,FSH
True,0.0,0.993735722345065,0.1239798021308486,0.056169187647308,FSH
True,0.0,0.9882875336618341,0.12903852211511802,0.02768583558731567,FSH
True,0.0,0.9748681632457644,0.1742426760759975,0.025383437162640778,FSH
True,0.0,0.9999336153223688,0.01777523026911378,0.013167847775128007,FSH
True,0.0,0.9949384559077207,0.09507522973420296,0.02007701604110386,FSH
True,0.0,0.9999035161402468,0.015965742802344675,0.01435695419046422,FSH
True,0.0,0.9990532245307578,0.0440208535539668,0.026618329045613155,FSH
True,0.0,0.9670101246123006,0.20942109004123222,0.01187800735743907,FSH
False,5.500694872727556,0.8187547489979522,0.5345356022596048,0.12837479472123936,PGF
True,0.0,0.9983783470389775,0.048040787648895335,0.0147277907034174,FSH
True,0.0,0.9983982982226465,0.06811129913682047,0.03446986543193853,FSH
False,0.013026899741306837,0.9650469037139133,0.3114135444719451,0.06658922140533911,PGF
True,0.0,0.997835150487298,0.07161425729703817,0.040296296332501966,FSH
True,0.0,0.9931245113734313,0.10967838470712929,0.038207991704872435,FSH
True,0.0,0.9972043628275602,0.06966600912188388,0.01771911674457494,FSH
True,0.0,0.9819977414738847,0.20645759513347678,0.07837588899008542,FSH
False,0.1786415843894429,0.9106024859095652,0.3422660128696146,0.032773179880209426,PGF
True,0.0,0.9981907339165602,0.05394552547550603,0.018162381884759677,FSH
True,0.0,0.9984896014054514,0.05873754466146107,0.02677628926350862,FSH
False,5.424379525005866,0.8196411424983759,0.5329029738969828,0.10369835659700725,PGF
False,0.04101508485143627,0.9175471420612911,0.3202521813273129,0.04050739842681964,PGF
False,0.31074491548912697,0.8985647259861664,0.3557444988755955,0.046233080367142125,PGF
True,0.0,0.9990930975726657,0.058552186342033054,0.033417832128305375,FSH
False,0.08178664296804694,0.9153128779580614,0.32859836410846727,0.027106298493920242,PGF
True,0.0,0.9959389880803795,0.09728563309124742,0.03841729894479431,FSH
True,0.0,0.9991874128943932,0.03510317305399625,0.010527301713113398,FSH
True,0.0,0.9964032849085472,0.0923284457458173,0.04818339397813263,FSH
True,0.0,0.9980319119284987,0.061419315708102495,0.021310518260337436,FSH
True,0.0,0.9982307998513308,0.07504071780895565,0.04636468700757941,FSH
True,0.0,0.9785248774668956,0.16177833578617537,0.02455122727128852,FSH
True,0.0,0.997867571303317,0.06241928058320609,0.018283049565072797,FSH
False,2.119236901158847,0.8592042727688206,0.44557599050526314,0.06340719970135432,PGF
True,0.0,0.9907452598770187,0.1543104934058727,0.06765057372707578,FSH
True,0.0,0.955738241719083,0.23641201860074276,0.0170707934847462,FSH
True,0.0,0.9905522786755904,0.11612324317221388,0.023090809567843172,FSH
False,8.524153214813097,0.7926972802270787,0.5917402720400015,0.11519957179521279,PGF
True,0.0,0.9932750955794627,0.12642471743766598,0.06373804437677612,FSH
True,0.0,0.9466001844417196,0.26675998570195464,0.02936012705574019,FSH
True,0.0,0.980636366820585,0.2313235065855874,0.13674835178473027,FSH
True,0.0,0.9918262810897692,0.1311198625690108,0.0356013300874636,FSH
True,0.0,0.9465671552155329,0.26623589235559514,0.02315511993356048,FSH
True,0.0,0.9987369341075109,0.05179236414543571,0.014991779646077114,FSH
False,2.6071259584722934,0.8537006565203927,0.4614659703613208,0.0613626647827631,PGF
True,0.0,0.9672741799859529,0.21276303016733003,0.015992563554520778,FSH
False,9.028170223110507,0.7898526610306635,0.6004652198792293,0.12917018585047488,PGF
False,0.01839389464746384,0.9226429036399544,0.3135624093167342,0.035888249252864754,PGF
True,0.0,0.9997992556252214,0.022283888485618054,0.016438645357110832,FSH
False,3.0112648863720404,0.8478859863940054,0.47352996531930847,0.10696048833141557,PGF
False,0.22968746805612683,0.9600408417750451,0.3479257204490581,0.18231994620874722,PGF
True,0.0,0.9929109241883198,0.11950474168103993,0.03204204808099219,FSH
False,0.0700566912805508,0.9674645846899743,0.32646822458733316,0.14966671872744464,PGF
True,0.0,0.9965689342541122,0.08019154204589336,0.03212030655740713,FSH
True,0.0,0.9962792157922254,0.0775552291894138,0.022012867629571525,FSH
True,0.0,0.9860771654670217,0.1770071532619795,0.0791632627271302,FSH
True,0.0,0.9791307809382997,0.2254681797440054,0.08480372021442159,FSH
True,0.0,0.9987854694792779,0.03889182185202471,0.016309340214643243,FSH
True,0.0,0.9784935292955279,0.2468799192838523,0.12523119626370688,FSH
True,0.0,0.9719141419412137,0.19982070645272973,0.035253250439792105,FSH
True,0.0,0.9681951043828667,0.2024697833797928,0.02250214517928559,FSH
True,0.0,0.9902422396186812,0.1478582876832405,0.07328154927150712,FSH
True,0.0,0.9970101926265059,0.077102384173692,0.03552375527315299,FSH
False,3.938198440180899,0.8359845137186704,0.49844894658780375,0.095969552451279,PGF
False,0.016145466262998086,0.9698615857642138,0.3127064811269675,0.1488598655865924,PGF
False,0.017274351932823364,0.9231166940303537,0.31314319288940984,0.04929943127462882,PGF
True,0.0,0.9684539319169554,0.19582099893723884,0.027905896441653397,FSH
True,0.0,0.9513377100882108,0.2624486046210868,0.03285174085740919,FSH
True,0.0,0.991405896902994,0.10351312732154094,0.01777321034991604,FSH
True,0.0,0.9994212810870888,0.031729781927775216,0.012340391771652,FSH
False,0.24763946444952586,0.902371335706702,0.34976338658587514,0.05246172826034387,PGF
True,0.0,0.9729386301635047,0.2867772079172213,0.16301016320373926,FSH
True,0.0,0.9982295828352787,0.05296860803493215,0.009169713745586467,FSH
False,0.07625085580123038,0.9514011795007951,0.32761355750373905,0.10646200602571285,PGF
True,0.0,0.9887213581073732,0.14505852960172608,0.050786288327874414,FSH
True,0.0,0.9883561659815351,0.13922919526554073,0.040003032778422355,FSH
True,0.0,0.9947540098092904,0.090783682762191,0.019961853375085954,FSH
True,0.0,0.9482219870341422,0.24489731750512286,0.031216576528532214,FSH
True,0.0,0.9614922058833393,0.22567288626976886,0.014857996697368765,FSH
True,0.0,0.9996681958781269,0.027686705178845247,0.014835195369269475,FSH
True,0.0,0.9968079155044249,0.06780320188568008,0.021960563967907507,FSH
True,0.0,0.994742368572189,0.10963388651062392,0.05509148257276412,FSH
True,0.0,0.9908746566321526,0.1419810554905168,0.052500921815187056,FSH
True,0.0,0.9808412936687483,0.17031585252255685,0.04137377315811694,FSH
True,0.0,0.999903326632754,0.019225912809248763,0.01470734024298787,FSH
True,0.0,0.9815308216678859,0.2197558073314968,0.0984723146912573,FSH
True,0.0,0.9868868718805867,0.17584707507219707,0.06031409168673775,FSH
False,6.01598359401928,0.8131777625372969,0.5452750210278103,0.12004476049189437,PGF
False,2.6546402989810036,0.8521062799834788,0.46293066927319126,0.072679616226966,PGF
False,0.12073736552586395,0.9588501895303566,0.3347472827032365,0.11856451267178335,PGF
False,0.2056188325635879,0.9440184725864786,0.3453452128193912,0.12429022163675021,PGF
False,0.018815602661974896,0.9697291592783721,0.31371699772616984,0.15380124691728575,PGF
True,0.0,0.9978104683821184,0.06737779196581517,0.050787296654298104,FSH
False,0.11355087293250529,0.9678556727010141,0.3336973104167833,0.1846453031747843,PGF
False,6.28382640735887,0.8113585797868587,0.5506756152352851,0.10540485003910696,PGF
False,0.0003059561311598514,0.9311002374578328,0.30174916017322556,0.026055672979770468,PGF
False,0.5415774793098046,0.8941392416200115,0.3735919478822109,0.03517081063592338,PGF
True,0.0,0.9917784439961329,0.1279878655990158,0.04594895541176777,FSH
True,0.0,0.9703491636701084,0.28997994855270454,0.10836824400669531,FSH
True,0.0,0.9949797125094697,0.0869532796457881,0.0137394431132453,FSH
True,0.0,0.980717251344098,0.22642230933542476,0.1172581106614995,FSH
True,0.0,0.9972619239770196,0.07540346917212092,0.035466327807236186,FSH
True,0.0,0.9913394180810021,0.12173091366049739,0.035904274365530925,FSH
True,0.0,0.9998532249075638,0.020382976843914883,0.011582088724084791,FSH
True,0.0,0.9989272342977404,0.04543125127319143,0.012538115947988277,FSH
True,0.0,0.9571013724289933,0.24048321180574722,0.017694976384575553,FSH
True,0.0,0.9763737790579208,0.2567548145841743,0.13760278489736086,FSH
True,0.0,0.9932952188992481,0.11945808486080255,0.03749100256435219,FSH
True,0.0,0.987051106101444,0.16639141229753143,0.07560266460483435,FSH
True,0.0,0.9938890988924292,0.09414747899836351,0.02714818912906482,FSH
True,0.0,0.997983700363903,0.05962920578454439,0.025209806805455672,FSH
True,0.0,0.9914241748208035,0.12670968506461103,0.03499435120251107,FSH
True,0.0,0.9976030535567852,0.06188435509978785,0.0230177360024939,FSH
True,0.0,0.9997660177156128,0.02730470315053387,0.019911457882823964,FSH
True,0.0,0.9833430797561418,0.15231094917180255,0.02919786505577751,FSH
True,0.0,0.9790029929199344,0.17502541380361672,0.009807462706776012,FSH
True,0.0,0.9975027506684305,0.06922642899483904,0.02660949364435528,FSH
True,0.0,0.9449467782835286,0.26577056440143837,0.020672718931567687,FSH
True,0.0,0.9995773548603896,0.023351768299929267,0.014853948204555815,FSH
True,0.0,0.9988518870712901,0.057133911579625205,0.03783601270834917,FSH
False,1.7011379164333336,0.8641563622882259,0.4304276779074646,0.08517943559977655,PGF
True,0.0,0.9999109915155568,0.01515252813156136,0.015152178276536239,FSH
True,0.0,0.9524815320269526,0.24598367837131854,0.03643744628742487,FSH
True,0.0,0.994388170235921,0.08750076747114316,0.01709289303439284,FSH
True,0.0,0.9835654321448845,0.14013011071386036,0.024337160155148235,FSH
True,0.0,0.985457463113286,0.18390352676748312,0.08663066076173573,FSH
False,1.8427946174522185,0.8638172807828812,0.43574957154452526,0.08796370364846577,PGF
True,0.0,0.9891218289940202,0.12774865002325023,0.028212835051043536,FSH
True,0.0,0.9833016542655435,0.2134855010526354,0.12065239716892341,FSH
True,0.0,0.9821283542065601,0.21706262707979507,0.10082064362445231,FSH
True,0.0,0.9994387828489842,0.03290248387784906,0.013931076264324329,FSH
True,0.0,0.9885815835535205,0.12758755399270497,0.03025082528750806,FSH
True,0.0,0.9943639705482438,0.08624267854325751,0.020399631593372828,FSH
True,0.0,0.9665966309177478,0.2027581600781293,0.022635763040969675,FSH
False,0.22131116698398448,0.9044714755151313,0.3470437208332828,0.0642511383940061,PGF
True,0.0,0.9971449525206576,0.06982256606822733,0.015553279352457728,FSH
False,0.038016949832915106,0.9700206378861058,0.3194979357453334,0.18160250878281864,PGF
False,2.6594695026068247,0.8541156353714638,0.46307880005098223,0.05243782734223301,PGF
True,0.0,0.9943135252887824,0.11016609977487243,0.04952905978249397,FSH
True,0.0,0.9526655070124471,0.2476064605632985,0.026747875855112267,FSH
True,0.0,0.9959613682226761,0.08857250614501025,0.03630221919451831,FSH
True,0.0,0.999319296269085,0.03449720182514778,0.007413302426623306,FSH
False,0.006782396715779069,0.9688867579807185,0.3082355307757175,0.15058156230027553,PGF
False,0.16430679381436508,0.9311339699702561,0.33713362852860274,0.04037294471605941,PGF
True,0.0,0.9986698598101728,0.06613076079261652,0.03550334691782573,FSH
True,0.0,0.9767968847883176,0.2517826011896255,0.13089094478330196,FSH
True,0.0,0.999796356230738,0.019675893227727267,0.011269274271067805,FSH
True,0.0,0.9849317388947793,0.1881527570929371,0.09686581379485097,FSH
True,0.0,0.9823960175776194,0.20449254001696057,0.09202009814041325,FSH
True,0.0,0.997322575199813,0.05865311031094384,0.010168387518207995,FSH
True,0.0,0.9332911869055259,0.2821818747758844,0.030573437912749007,FSH
True,0.0,0.99691562992769,0.0740860237295925,0.021879749626428194,FSH
True,0.0,0.9923949044453334,0.1313756582272989,0.05762879001904472,FSH
True,0.0,0.9790934672994938,0.23598059433964144,0.1347729762536381,FSH
True,0.0,0.9927786772488033,0.13496254891750287,0.07374983007801444,FSH
False,0.0685791806091325,0.9167613026630491,0.32618762696563636,0.029900227312925944,PGF
True,0.0,0.9973901792854987,0.06639894677742277,0.019724453595069247,FSH
True,0.0,0.9923676923463841,0.10259538801308533,0.01444553186826613,FSH
False,0.007193092564861726,0.9228142451543103,0.30848121015236724,0.0543833540812809,PGF
True,0.0,0.9998828423607271,0.020517735422817176,0.01973255506126662,FSH
True,0.0,0.9778686815736904,0.249342891743848,0.12505859491069948,FSH
True,0.0,0.9958467777147809,0.08431844004820428,0.014824456161708969,FSH
True,0.0,0.9915781187960375,0.1430800516357494,0.06401303470723717,FSH
True,0.0,0.9802837680441222,0.1665805664965992,0.020140120016213677,FSH
True,0.0,0.9942274595813888,0.10527614140647384,0.035663793396535165,FSH
True,0.0,0.9857748673966169,0.18677457619770865,0.09466308990180695,FSH
True,0.0,0.9773275713524284,0.26365728477758593,0.1448587186723668,FSH
True,0.0,0.9995591981529255,0.028042264218539687,0.019724280224995373,FSH
False,0.050495879805807636,0.9556615568938341,0.3224712883043691,0.09001942929264437,PGF
True,0.0,0.9484577242201713,0.25894918388716665,0.028099990386259672,FSH
True,0.0,0.9963355824296561,0.11155771945048458,0.06397964750173316,FSH
True,0.0,0.9666770871108084,0.20588089018315825,0.027856487387032475,FSH
True,0.0,0.9850614549460595,0.14992361153879097,0.018699157616225977,FSH
True,0.0,0.9981439588064455,0.06494676295279948,0.028676050066520666,FSH
True,0.0,0.9891829368055373,0.18123869065881684,0.10279831218157852,FSH
True,0.0,0.991888304669079,0.11786825936089473,0.023125715778345896,FSH
False,0.7930576804570608,0.8862338921961002,0.3890537860204192,0.05721015535383425,PGF
True,0.0,0.998764242673869,0.0581558542395528,0.02147365575817289,FSH
False,0.05721275062288998,0.9705371112173156,0.32391918698929584,0.19179554014349123,PGF
True,0.0,0.9817376930074018,0.20832290955349592,0.10037919756582066,FSH
False,0.00865729291514332,0.9711030766084118,0.309304457488292,0.1754605823513505,PGF
True,0.0,0.9960664709178153,0.09114396181320532,0.043139465371502955,FSH
True,0.0,0.9881233466482722,0.16805812898604253,0.09257674895349824,FSH
True,0.0,0.9675885254943379,0.19213584431955322,0.02866516000098906,FSH
False,6.39860639992464,0.8108482800497722,0.5529546678740015,0.1113219225621618,PGF
True,0.0,0.9945982427875875,0.08210657028936333,0.013193369703523507,FSH
True,0.0,0.9581329090072219,0.23003949130089815,0.027937344809716578,FSH
True,0.0,0.998560732498477,0.0500038982142864,0.020056803795623242,FSH
True,0.0,0.9999235768080621,0.015035434221501956,0.010716766269291217,FSH
True,0.0,0.9991904795057868,0.05096266432709767,0.02817349753082118,FSH
True,0.0,0.9959217545126805,0.08549079487200262,0.005616938797774588,FSH
True,0.0,0.9796501657450407,0.2317900946784428,0.11341704378343762,FSH
True,0.0,0.9894727964765657,0.1146513446234725,0.019086304559980678,FSH
True,0.0,0.9887103528967369,0.13046355018017342,0.009006200212151795,FSH
True,0.0,0.980334092662193,0.2503197732753771,0.15217482778471045,FSH
True,0.0,0.9888830346183598,0.16441321673242998,0.06975007199920595,FSH
True,0.0,0.9997956597856283,0.025103781273911486,0.02362164394207093,FSH
True,0.0,0.9706471827234834,0.2932458721057116,0.11909955682418215,FSH
True,0.0,0.9711066831715652,0.29221257469991524,0.14509943935783348,FSH
True,0.0,0.9689677269255341,0.19425924090159888,0.02238797586281996,FSH
True,0.0,0.9743476915313738,0.18316507150043418,0.01218683247914091,FSH
False,1.3887180127207208,0.8722241276050371,0.4178438803129259,0.08309231298063284,PGF
True,0.0,0.997141809402643,0.08373337210376469,0.043525350104788786,FSH
False,0.00019895333863409587,0.9309714672239467,0.30141050820144405,0.027622791049815104,PGF
False,0.04714308141214525,0.9645980643163137,0.3217124575790363,0.08746113792718234,PGF
True,0.0,0.9866541911426743,0.17599965123895242,0.043311401577971816,FSH
True,0.0,0.9860416101677193,0.1670553478389589,0.046332541541879435,FSH
True,0.0,0.9995205345603176,0.03530256840296758,0.026551823437203248,FSH
False,2.1222458973114864,0.8587345296986444,0.44567930180061566,0.11073992042173234,PGF
True,0.0,0.9359866449590065,0.2735100789916971,0.04356429817742266,FSH
True,0.0,0.9727438046275122,0.27333579988737083,0.10409745149207303,FSH
True,0.0,0.9852777528510741,0.17129099098263623,0.05909678664899792,FSH
True,0.0,0.9998349572544809,0.016719962781652047,0.007190061123796503,FSH
True,0.0,0.9981705741488881,0.058690940263816535,0.008371142848804537,FSH
True,0.0,0.9800015513493588,0.2374465598678539,0.13965124855005653,FSH
False,0.0820464547387802,0.9672843579917813,0.3286437523273017,0.1422696876281293,PGF
True,0.0,0.9764792386890854,0.25646336704617684,0.11060940907218207,FSH
True,0.0,0.9976313540977662,0.07462083303646765,0.03354732720899708,FSH
True,0.0,0.9998884346884994,0.016906105814950577,0.011221374869407273,FSH
False,0.0690845867475678,0.9697546973475704,0.3262839469539047,0.17410915181885492,PGF
False,0.11269913936292955,0.9547539097294171,0.333570692480634,0.11712663286969374,PGF
True,0.0,0.9959797404492342,0.08717520389175386,0.027101682896126123,FSH
False,5.880746996046109,0.8160816435481625,0.5425025153693485,0.11999529491271471,PGF
True,0.0,0.9989913613533394,0.04370924215609478,0.017444471556781232,FSH
True,0.0,0.9999078211913128,0.011208981515628623,0.00870401712248631,FSH
True,0.0,0.9980893549697287,0.05653269893116642,0.01969793083895397,FSH
False,0.14659282542868085,0.9683191763039294,0.3382874425143128,0.1910831138212509,PGF
True,0.0,0.9981681518551946,0.05797920430817049,0.010207227679456397,FSH
True,0.0,0.9874717313228107,0.1622659521087592,0.06914444674125281,FSH
False,8.649499000842955,0.7909387244498638,0.5941003060325329,0.13134711426973067,PGF
True,0.0,0.9958947639939079,0.07941723847085966,0.010608792119795207,FSH
True,0.0,0.9834907707106673,0.20796287845304637,0.09846925639922986,FSH
True,0.0,0.999413096341678,0.03718789508640965,0.018107846435683257,FSH
True,0.0,0.9414136806768745,0.26911041308263667,0.023078311017338576,FSH
True,0.0,0.9732633986164737,0.29093808042000524,0.15429320842049038,FSH
True,0.0,0.9696948165829238,0.19706534007018614,0.02746505547016004,FSH
True,0.0,0.9971789629052145,0.08290112635676852,0.029742926000315043,FSH
True,0.0,0.9904002803931082,0.11509127379879851,0.010762961645273881,FSH
True,0.0,0.9801344545383783,0.16763795503012657,0.03023179785371568,FSH
True,0.0,0.9871765489571814,0.17781286866868723,0.07048295017584906,FSH
True,0.0,0.9768068922105619,0.179595624438844,0.02637402877317736,FSH
True,0.0,0.995946319302621,0.09430185699597536,0.03799953407585098,FSH
True,0.0,0.9996694670542946,0.03900450925880642,0.02602861905006776,FSH
True,0.0,0.9939830123633185,0.1251220613007828,0.06819051840418015,FSH
True,0.0,0.9923616720457078,0.09308261516650092,0.02296197618189975,FSH
True,0.0,0.9859531466543401,0.18866158340891218,0.0897317582004356,FSH
False,1.0404412721581702,0.877960940645941,0.40200202312494443,0.05565204041651798,PGF
True,0.0,0.9589797293549953,0.2342114900277141,0.023974357185542593,FSH
True,0.0,0.9931100914536694,0.12832694650564666,0.05273418426556146,FSH
False,1.997023518219259,0.8613862676961044,0.4413160825320055,0.0874464895475177,PGF
False,0.23124570650420406,0.9612788729180761,0.34808801373567055,0.13359612505970248,PGF
True,0.0,0.9904442806749939,0.15418039808735315,0.07716186105484885,FSH
True,0.0,0.9995557167209389,0.025428129961730554,0.008608470160221895,FSH
True,0.0,0.977873113857844,0.2515210370702877,0.12047638972735368,FSH
True,0.0,0.934068948293075,0.2919639182708931,0.025186620951353305,FSH
True,0.0,0.9426702519768076,0.2720589068392664,0.03621144781050553,FSH
False,1.759833766451881,0.8664018721722522,0.43265872630369556,0.09415841181794676,PGF
True,0.0,0.9820592498030544,0.20995581687825807,0.10400537347878995,FSH
True,0.0,0.9680861771711665,0.20073409826099742,0.020016774567710983,FSH
True,0.0,0.9941614956702816,0.13432252331339356,0.07241221067794477,FSH
False,7.702041713777048,0.7997821277433848,0.577057901189926,0.10275062286840898,PGF
True,0.0,0.9805547996260328,0.21677942369808206,0.10419888987983308,FSH
True,0.0,0.9977611931990394,0.05890505859362936,0.015419797563690229,FSH
True,0.0,0.9837880372874619,0.18259159212042694,0.06797337223749605,FSH
True,0.0,0.9779296972198215,0.24784720930167906,0.11940603542091904,FSH
True,0.0,0.9860142755576757,0.13702435923960526,0.014125470087926797,FSH
True,0.0,0.9789320021798747,0.24540230457434975,0.12333449612728015,FSH
True,0.0,0.9877126391133181,0.13212979472392414,0.013404929977332343,FSH
False,0.06916643452722294,0.9572310656851318,0.3262995122630103,0.11180302677027776,PGF
False,0.31377569579751086,0.9579956732975522,0.35601568492819763,0.21575384861845562,PGF
False,0.10295830071687793,0.9706723104380599,0.33208711590605766,0.2056163829250082,PGF
True,0.0,0.9917268351274718,0.10293694149456989,0.021265988492723348,FSH
True,0.0,0.9797787941350622,0.21381674945782453,0.08382948929773675,FSH
True,0.0,0.9516649619126472,0.24169914093755565,0.036241535961192055,FSH
True,0.0,0.9861616278249354,0.18412876310537613,0.07893370713888548,FSH
True,0.0,0.9997677962027007,0.02790850180094996,0.013925060372418264,FSH
True,0.0,0.9923245716264872,0.10834065043964812,0.011394526858828365,FSH
True,0.0,0.9989334008594308,0.053687617168514376,0.031170526582423117,FSH
True,0.0,0.9884486737799235,0.15900615225710074,0.05477498023406831,FSH
True,0.0,0.9798871413260526,0.2306971553887163,0.11585028118107321,FSH
False,3.9325964171224035,0.8364164332771892,0.49830775116274206,0.07021251652698793,PGF
True,0.0,0.992230378124113,0.12789952616480546,0.05335975090341938,FSH
True,0.0,0.9607826961469194,0.21469975435792804,0.030058964322917315,FSH
True,0.0,0.9900749134470245,0.16647278642061195,0.09470493633172089,FSH
True,0.0,0.998131078276791,0.05606889631529309,0.01681015253277679,FSH
False,3.980878036423858,0.834568254675029,0.4995213782135603,0.10515713963834278,PGF
True,0.0,0.9899019582872302,0.11705081439647698,0.014064364594190835,FSH
True,0.0,0.9777544617558792,0.19710387535486307,0.06809113718933825,FSH
False,0.9404026005013999,0.9122954796768132,0.36864333829950935,0.05673539820690574,E2
True,0.0,0.9771472765001101,0.25849332262461167,0.13512048938740046,FSH
True,0.0,0.9871876563937826,0.1678142168969383,0.0583861778980917,FSH
True,0.0,0.9903496524953892,0.13875594453943074,0.05166787586522747,FSH
True,0.0,0.9728367988248943,0.18464546482287184,0.019437735491202746,FSH
True,0.0,0.9985055581304264,0.07742397948730749,0.04920385575339872,FSH
True,0.0,0.9976751093999208,0.08360519800361729,0.055425682571140104,FSH
True,0.0,0.9981005393908738,0.060611176718033045,0.026335931591357616,FSH
True,0.0,0.9960911098730936,0.0818128123775016,0.023957124931145803,FSH
False,0.46878165737307304,0.8934185472711482,0.36846763157675844,0.04466722121144166,PGF
True,0.0,0.9924367946993424,0.11542160583614675,0.04522567665069383,FSH
True,0.0,0.9884468130715117,0.18949836829191352,0.11174841021434255,FSH
True,0.0,0.9964211419829442,0.07849432805978399,0.029477648427037092,FSH
True,0.0,0.9802865638517634,0.22707776052517611,0.10947957442592372,FSH
True,0.0,0.9999350957957063,0.012049848770388304,0.01204282252622624,FSH
True,0.0,0.9710873365185749,0.1987370533802193,0.033119689267284744,FSH
True,0.0,0.9961860178451984,0.08599996802117552,0.04146303781235309,FSH
True,0.0,0.9795383861912722,0.16474953264018102,0.009096652350016181,FSH
True,0.0,0.9809604063022949,0.21761660214959483,0.10937168250044618,FSH
False,0.12775169035238543,0.9597278391167117,0.335742368465504,0.138548619734123,PGF
False,1.491464072661472,0.8702794574181357,0.4221255121856802,0.07291198616070292,PGF
True,0.0,0.9751205350942896,0.18309585099115902,0.02654136551034793,FSH
True,0.0,0.933617753396723,0.29643728864453284,0.029383001164040995,FSH
True,0.0,0.9964124311493707,0.09993254126768948,0.05127552893949168,FSH
True,0.0,0.9834120869378106,0.1987043640473702,0.07684362295910006,FSH
False,1.7392948498654126,0.8660487331515105,0.43188232822730316,0.08694733688969071,PGF
False,1.3745011205847693,0.8749122669751024,0.4172391197759847,0.08734489033244863,PGF
True,0.0,0.9815133639480366,0.1616243041012415,0.019583234530808562,FSH
False,0.46918175227366693,0.8956039055157983,0.36849684315891257,0.03933815734123316,PGF
True,0.0,0.9982459704526021,0.06125768593963675,0.020277599296323858,FSH
True,0.0,0.9714889321389208,0.18616957687117558,0.024106227137929644,FSH
False,0.916953332397327,0.8801798292600274,0.3957576802349204,0.07180101458895233,PGF
True,0.0,0.9788855244616218,0.24006060179131256,0.11137686219411672,FSH
True,0.0,0.9765520762818118,0.17180001904865455,0.023863357176872213,FSH
False,0.0033819993371606294,0.957630530270247,0.30581549596952884,0.09585258202653595,PGF
False,1.1014625714286017,0.8779566406389628,0.40495058701258424,0.08681217544761903,PGF
True,0.0,0.9770275007419733,0.25613160354455455,0.1331924275599642,FSH
True,0.0,0.9929227241614359,0.11245037428439542,0.04699648747921623,FSH
True,0.0,0.9983602563924824,0.06734913936157409,0.0357815582224488,FSH
True,0.0,0.9786218085483969,0.2430695892016247,0.12453714540068876,FSH
True,0.0,0.941559937562598,0.2648856800579762,0.030951076304745667,FSH
False,0.030457354424806137,0.924495420953934,0.317452035533085,0.020058203494519564,PGF
True,0.0,0.9936690448946562,0.10400910248492118,0.026773715002720955,FSH
True,0.0,0.9490062863522231,0.2541688797353287,0.02347115498982161,FSH
True,0.0,0.9985097567947917,0.05076216550832994,0.010213727659060031,FSH
True,0.0,0.9936467196159131,0.10410747618388803,0.014263992128207706,FSH
True,0.0,0.9973764988603288,0.07934879611889828,0.021373231336953288,FSH
True,0.0,0.9988084240801518,0.041495672838904055,0.014982409109536084,FSH
True,0.0,0.9969715540618578,0.06340200353632701,0.013521068149654319,FSH
True,0.0,0.9836281507460499,0.15232368940855276,0.009876348413849656,FSH
False,0.3697970532696237,0.8973886874481122,0.3608109408963242,0.07045071142254936,PGF
True,0.0,0.994872660633191,0.0893100778902899,0.013771103430400014,FSH
True,0.0,0.9854871940531119,0.18277204882206532,0.07404582475337887,FSH
False,0.06974108730330818,0.914265313976552,0.3264085378813951,0.05939727959047109,PGF
True,0.0,0.9790032469961926,0.23723432903448782,0.11411967111940968,FSH
True,0.0,0.9990880884734161,0.05102382978962579,0.02820397418620276,FSH
True,0.0,0.998883755223057,0.04062863509954835,0.0064183243775755025,FSH
True,0.0,0.942447004835943,0.273434475155631,0.024700665571676692,FSH
True,0.0,0.9972208086455404,0.06186355248570181,0.01600811100366486,FSH
True,0.0,0.9996795400654573,0.02254002488242485,0.012228154454737815,FSH
True,0.0,0.9814854058098578,0.1641099721413468,0.029736553631003023,FSH
True,0.0,0.9999332999618195,0.012224543508106433,0.011291658366047638,FSH
True,0.0,0.9821169759224497,0.23456903727679465,0.13894884344908343,FSH
True,0.0,0.9803709184394481,0.22913197955789338,0.12633515592004368,FSH
True,0.0,0.9912979934923931,0.10410824295904268,0.01889566449230222,FSH
True,0.0,0.9745876669546916,0.17091553057463968,0.034198677843715344,FSH
True,0.0,0.9880389544291728,0.17345123211768404,0.09157578681126702,FSH
True,0.0,0.9891107495416294,0.167413588715785,0.09092500268376864,FSH
True,0.0,0.943619417390363,0.2697669197896652,0.024243097226448806,FSH
True,0.0,0.9972565425831317,0.07191550051269278,0.017247033480880365,FSH
True,0.0,0.9968882498329399,0.06327157083407897,0.010765461575549166,FSH
True,0.0,0.9950920959641619,0.09612522685061237,0.025372379293050525,FSH
True,0.0,0.9953942866665367,0.09099838317692552,0.015059157565377058,FSH
False,0.8688309932710574,0.8839312979021452,0.39321110412773025,0.03630067160880247,PGF
True,0.0,0.9884851771164577,0.15182530519459533,0.05647462544889494,FSH
True,0.0,0.999327441685345,0.03390377112548825,0.008508467697765483,FSH
True,0.0,0.980898339144748,0.16471326052260543,0.029731352945876543,FSH
True,0.0,0.9810559060794719,0.2220788137839081,0.11499040892692128,FSH
False,0.24155875435012703,0.9053524832546815,0.3491486270764634,0.06520813823408059,PGF
False,0.03920330761308847,0.9685368429390486,0.3197998251540483,0.13910989966251677,PGF
True,0.0,0.9977874777776583,0.06100558586415408,0.01128305931173887,FSH
True,0.0,0.9622287671513866,0.21320196419636675,0.029384591302142403,FSH
True,0.0,0.9927650472765882,0.11853896718842272,0.045792996087334115,FSH
True,0.0,0.9428711360745224,0.2648907326393617,0.03222701368812679,FSH
True,0.0,0.9946064490943323,0.1036768696770862,0.02877479864491627,FSH
True,0.0,0.9941375489029624,0.084893008416708,0.017946646569352135,FSH
False,0.06064725084643332,0.9128353895458821,0.3246266625522894,0.04941911666073379,PGF
True,0.0,0.9452861375789847,0.25718631901001776,0.023654163722899156,FSH
True,0.0,0.9926444909097076,0.1204032163764951,0.040605879978227566,FSH
False,0.15522789776934834,0.9098158653823842,0.33939897178472406,0.045208704970227685,PGF
True,0.0,0.9850506574301136,0.15157280760357347,0.02957804833975537,FSH
True,0.0,0.9533897905986243,0.244060081354207,0.02544276891331436,FSH
True,0.0,0.9977992050674369,0.06280527242803893,0.02671373689680788,FSH
True,0.0,0.9986658793665005,0.04879093160964804,0.011515903538933218,FSH
False,2.076682435130289,0.8606667394887852,0.44410698925209313,0.09946405533435139,PGF
True,0.0,0.9947695582928887,0.09587943376261823,0.029911037908556332,FSH
False,0.004399552818073009,0.9687166721259481,0.3066329124960857,0.11812741147551738,PGF
True,0.0,0.9984311974911371,0.044511965696252924,0.008539017731230773,FSH
True,0.0,0.9786523780186797,0.17201732227422573,0.01391974006972737,FSH
True,0.0,0.9831587085382187,0.2166021966223709,0.11156315401215648,FSH
True,0.0,0.9973318412645069,0.08485450012264273,0.04520688559649476,FSH
True,0.0,0.9725197475462564,0.1913328703289882,0.018673930381442605,FSH
True,0.0,0.9681654005724505,0.2042206189272024,0.021216817933331487,FSH
True,0.0,0.9888394268355807,0.12659304541649427,0.01147932253412679,FSH
True,0.0,0.998815004014137,0.042130231317094494,0.01579714035002948,FSH
True,0.0,0.9988646642653071,0.041082986590231386,0.02373354968167322,FSH
True,0.0,0.9723724107189488,0.19934840550903904,0.022317698483118244,FSH
True,0.0,0.9946139481682071,0.10822072438637019,0.054811828313309885,FSH
True,0.0,0.9922803822702829,0.10374576849378024,0.015187073845554932,FSH
True,0.0,0.9800162712047322,0.2496934692981896,0.14853329951321426,FSH
True,0.0,0.997239436441986,0.06693865523533052,0.016032231739503584,FSH
True,0.0,0.9919674339016359,0.10238863735144134,0.01000460585238722,FSH
True,0.0,0.993408076500515,0.100321752845215,0.01231745002452929,FSH
True,0.0,0.9911864871573713,0.1325514330245997,0.05246953791033088,FSH
False,3.181235552495266,0.8450372320407246,0.47836018480858516,0.08558821276600924,PGF
True,0.0,0.9948423469153411,0.09134402686391926,0.025250982819533595,FSH
True,0.0,0.9978789450333483,0.07661870829416888,0.04118750574439994,FSH
True,0.0,0.9992577682390646,0.040728539050453386,0.010286819423113745,FSH
True,0.0,0.9627521266459393,0.230203655859026,0.023916059748001605,FSH
True,0.0,0.9996493027724793,0.024447878659670085,0.011291745915968831,FSH
True,0.0,0.9995501492616892,0.033208555462895646,0.01783849533172445,FSH
False,0.025123546216880798,0.9705420984411371,0.3158504088959499,0.16844985367404613,PGF
True,0.0,0.9979610045987318,0.0634092071677702,0.01291115747494654,FSH
True,0.0,0.9970760736030608,0.07037765701291664,0.019697673027843116,FSH
False,0.2062375780469606,0.9106183102643135,0.3454133876788509,0.027789513339373392,PGF
True,0.0,0.9729010376647577,0.28072546430538836,0.1493081935579028,FSH
True,0.0,0.9857476601383284,0.1830542207634592,0.08087369013410466,FSH
True,0.0,0.9952354446138882,0.10717572416073526,0.05234847780061919,FSH
True,0.0,0.999230512753705,0.03401966325915848,0.0060235226881679505,FSH
False,0.04092426413628501,0.9707361778275916,0.3202297464483085,0.17993441490428305,PGF
True,0.0,0.9867516454325741,0.16835839391414764,0.05823360510487031,FSH
True,0.0,0.9600156770921705,0.24060744738897102,0.01538273377550366,FSH
True,0.0,0.9998711859551869,0.01672360477466301,0.015814189721148845,FSH
True,0.0,0.9980830835327197,0.057350978755618565,0.012090827234210703,FSH
True,0.0,0.974505636195433,0.27760270052972597,0.1609069292129002,FSH
True,0.0,0.9954520733569098,0.08462383297911881,0.006686591674230812,FSH
True,0.0,0.9988695456931851,0.042241918285141025,0.012986075589827471,FSH
True,0.0,0.9927464771011834,0.11022431197744464,0.02270646057853413,FSH
True,0.0,0.9950783407895395,0.07904464233874565,0.01942229490624088,FSH
True,0.0,0.9721764170575908,0.29762489066059145,0.1552639432349614,FSH
True,0.0,0.9889034183785834,0.16133725393034065,0.054141967257535645,FSH
True,0.0,0.9966705900595307,0.07343952650460628,0.01547739374050835,FSH
True,0.0,0.9818587121093127,0.2152565019703621,0.10276171740714035,FSH
False,2.787109952056378,0.9023474653220914,0.44431549013036237,0.06781708580751089,PGF
True,0.0,0.9826582877462068,0.22461215372388524,0.1320699751622273,FSH
True,0.0,0.9991134687879312,0.04294457503984438,0.013005481090212496,FSH
True,0.0,0.9419864647863113,0.26232858931216696,0.037660834631069215,FSH
True,0.0,0.9787464350220645,0.23915845949936768,0.09773503402578433,FSH
True,0.0,0.9817334699842448,0.19931030178591783,0.06861925920018523,FSH
True,0.0,0.9696924832709417,0.20413928000619214,0.028911125428314036,FSH
True,0.0,0.9790676486650468,0.16296331553553692,0.028139304875580178,FSH
True,0.0,0.9995070547007907,0.027038352933198877,0.009281927000927009,FSH
False,0.20530692755734314,0.9060783844637782,0.3453108074919597,0.03209369030219363,PGF
False,0.012479799383149094,0.9207325024867453,0.31117130224420997,0.048502746046261334,PGF
True,0.0,0.9985802336552944,0.05472981091524128,0.025067917148493164,FSH
False,0.00048738040121515185,0.9710710091846809,0.3022076693620539,0.15452717857224618,PGF
True,0.0,0.9826700123653269,0.1527383875107187,0.02550040606313432,FSH
False,0.0059278773828208885,0.9695748515876301,0.30769927099329597,0.13354311486927653,PGF
True,0.0,0.975955785534653,0.26337733707413064,0.12723455251285978,FSH
True,0.0,0.9902919781027663,0.1389161118120614,0.0488643191435763,FSH
True,0.0,0.9990928506579183,0.03907506108728031,0.0179395228512796,FSH
True,0.0,0.9478356095871588,0.257764312597144,0.023307143091575628,FSH
False,0.5246943044838079,0.9242719654632167,0.3631829853082129,0.034000620109912456,PGF
True,0.0,0.9998857476177478,0.011873526734781073,0.0076025735125851545,FSH
True,0.0,0.9669281005597888,0.19611514726411056,0.029344531611128398,FSH
False,2.430332936991666,0.854333537539833,0.45589525127442676,0.10628895662360505,PGF
True,0.0,0.983341146055613,0.2009468159547992,0.11387233411074846,FSH
True,0.0,0.9921498384399737,0.12023007765238311,0.01168369706169602,FSH
True,0.0,0.9518378710331761,0.2373933675447316,0.03013999961031153,FSH
False,0.018323601573506394,0.9661446110500849,0.3135364698402155,0.08677784861853098,PGF
False,3.1253003216189117,0.845595714783277,0.4767851894706938,0.10087552381536913,PGF
True,0.0,0.995819703029851,0.09259229951192022,0.019226889332161108,FSH
True,0.0,0.9916973943550262,0.14619856199486825,0.07698645119465429,FSH
False,1.9668383312721958,0.8648664038342083,0.4402440134648248,0.11077124038314892,PGF
False,0.08863699405341488,0.9178408548148548,0.3297719656813948,0.05909162749408428,PGF
False,0.46275564564635596,0.897102264383969,0.3680261453888397,0.04169009143564977,PGF
True,0.0,0.9327937472546607,0.2929202741813429,0.02684548921896189,FSH
True,0.0,0.998763056749118,0.05117084238640465,0.021223911065924323,FSH
False,0.020250858972730962,0.9528893888076431,0.31423055127981026,0.0466178206203527,PGF
True,0.0,0.9760813038906091,0.26664347922716974,0.1482591098558805,FSH
True,0.0,0.999088511109234,0.03660223722039274,0.010921551960770971,FSH
False,0.014642135261098269,0.9304511542768662,0.31210046910706285,0.025483986668047683,PGF
True,0.0,0.9782894287945081,0.2423104671973014,0.10635905112669379,FSH
True,0.0,0.9994078798518544,0.03533835022971226,0.021261261693429113,FSH
True,0.0,0.9690108251115753,0.22151777008122783,0.05500448232631378,FSH
True,0.0,0.9900728817529114,0.16478345272840728,0.09580403592577799,FSH
False,0.37816840761957304,0.8967600454283078,0.3614953988213405,0.06347749148406384,PGF
True,0.0,0.9369421981257838,0.2920232211391668,0.025678287443424153,FSH
True,0.0,0.9982073043383083,0.051595971808565746,0.005370442695296221,FSH
True,0.0,0.9980393080774242,0.05593005705828326,0.020243969427490568,FSH
True,0.0,0.9731934453904477,0.2924062287505342,0.17085059148429968,FSH
False,0.3372810908690438,0.9423748196714188,0.3580759064388188,0.1512830512707212,PGF
True,0.0,0.9470638218082232,0.25638568472222467,0.027536021066209535,FSH
False,0.04404652174636283,0.9189095888741934,0.32098726321995386,0.027347017592284674,PGF
True,0.0,0.9281790037771719,0.294085666491153,0.04892652452738185,FSH
False,0.9844647214980503,0.9113391339847396,0.37642676744516423,0.03585825499386366,PGF
True,0.0,0.9959295332480675,0.0940769173121887,0.044634411367633166,FSH
True,0.0,0.9727182612542278,0.19728667508264047,0.029665454592467135,FSH
True,0.0,0.993869080347657,0.10572003062643269,0.01580788479173919,FSH
True,0.0,0.9991424889412001,0.037456439142368785,0.012705192603205705,FSH
False,0.01228321864331599,0.9251615472993379,0.31108296830425675,0.02123644646819403,PGF
True,0.0,0.9819082133017043,0.2042622949706733,0.10051339278792307,FSH
True,0.0,0.9881693792750275,0.16507296620636325,0.07455139306596228,FSH
True,0.0,0.987082374137323,0.1633339792722858,0.07674552670327611,FSH
True,0.0,0.9977532982692918,0.052700584742017345,0.012375140626034495,FSH
True,0.0,0.9874218046651891,0.15968258068760044,0.04289274965496458,FSH
True,0.0,0.9980458889209618,0.05649973904595182,0.009582500919000632,FSH
True,0.0,0.9370992554924102,0.28073684251982484,0.02406946472892599,FSH
True,0.0,0.9795356538017548,0.16306421807377744,0.02035942705473586,FSH
True,0.0,0.9916566558594996,0.1196322754928253,0.024710688995287267,FSH
True,0.0,0.9594153785005618,0.23058940230085134,0.022662749102789117,FSH
True,0.0,0.9997749193470622,0.01967753056779064,0.006524821287439329,FSH
True,0.0,0.9928505050300709,0.09554352274351455,0.01994481743492093,FSH
True,0.0,0.9977003221867303,0.07396684520728294,0.03538199599510306,FSH
True,0.0,0.9989702580704728,0.04534147966584586,0.008200532210947619,FSH
True,0.0,0.9896049458656344,0.1214383033956019,0.0207197434296554,FSH
True,0.0,0.9993345824184628,0.04194057963758467,0.01613009735058472,FSH
True,0.0,0.9813713193531085,0.21480807762412568,0.09018212808310486,FSH
True,0.0,0.9993772686053022,0.0440637720567762,0.02929269996795504,FSH
True,0.0,0.9766195892958244,0.25712553142720584,0.1329077504304819,FSH
True,0.0,0.9976076746106127,0.07789796714859794,0.042176440188195115,FSH
True,0.0,0.9839498929857404,0.20369047081972436,0.10926304706584923,FSH
False,2.0788350724671574,0.9081080202002455,0.424211136512545,0.03994141151529216,PGF
True,0.0,0.9998076203087982,0.01758246776124285,0.011136417156777401,FSH
True,0.0,0.9987006693947514,0.04890489618055217,0.02215270898851058,FSH
True,0.0,0.9503230411862393,0.2601204936313628,0.018667981948432884,FSH
True,0.0,0.9839617328450905,0.20767148173022212,0.10795575672049201,FSH
False,0.7915806117791682,0.8863178212889131,0.3889708161016391,0.07721520237587061,PGF
True,0.0,0.971573592248012,0.29974334568007227,0.15366165479327543,FSH
True,0.0,0.9774309298125707,0.25978938058355977,0.15031219014356825,FSH
True,0.0,0.9991262070941845,0.03687674563460679,0.012014627778211034,FSH
True,0.0,0.9290151567060392,0.2953050449931968,0.04204367908352803,FSH
False,0.3641271481749337,0.8999150527956626,0.3603429488983538,0.050868532282668105,PGF
True,0.0,0.9935331001190101,0.09485067439292412,0.0241423447596425,FSH
True,0.0,0.982959736445664,0.1493191322756956,0.021370417794834957,FSH
True,0.0,0.9935747340112346,0.13504071169503987,0.07854696151608022,FSH
False,0.060793832977870145,0.9701715282474791,0.32465640545129604,0.18413190782195443,PGF
True,0.0,0.9992372503771243,0.04385807133158481,0.009757444295471545,FSH
True,0.0,0.9282994021295586,0.29054484137299486,0.029445625660613484,FSH
False,0.15934103096029564,0.9576940401361368,0.3399175438823953,0.18996098925261576,PGF
True,0.0,0.9996749938430077,0.03247445331119785,0.02294867008577245,FSH
True,0.0,0.9994138340078128,0.042012605444032396,0.01619111724216684,FSH
True,0.0,0.9728388154088796,0.1997146145925348,0.034213988479754986,FSH
True,0.0,0.999538053955086,0.029891421778950728,0.02369055480209966,FSH
False,0.027604726544009348,0.919304091062189,0.3166146701875208,0.07474788015100114,PGF
True,0.0,0.9888600294510526,0.1574332356221278,0.0714835403582652,FSH
True,0.0,0.9716655125430566,0.2935232343559903,0.1333046535805486,FSH
False,0.002685167670342089,0.9308968448710921,0.3051818603515939,0.02817397271075725,PGF
False,3.776221099964468,0.8345846509171192,0.49432501382900934,0.09227181138802255,PGF
True,0.0,0.9992694867505268,0.03319531012560546,0.01003776825624365,FSH
True,0.0,0.962323811188819,0.2210953509472663,0.019416961421232577,FSH
True,0.0,0.9997890195394666,0.030320487372996693,0.021741981108240337,FSH
False,0.11947092030617486,0.9653193720752017,0.3345645657149305,0.15500501539459102,PGF
True,0.0,0.9930631357714472,0.10504715314564364,0.032613887488908394,FSH
True,0.0,0.9897804936970394,0.11495785118815534,0.01608568831786278,FSH
True,0.0,0.983931911467674,0.151751139258644,0.026538441369770883,FSH
True,0.0,0.9420359852734924,0.2684229450659213,0.027256563427205047,FSH
True,0.0,0.9903469477230978,0.11595546709367836,0.017567125988633775,FSH
True,0.0,0.9784473718748492,0.17079856627354273,0.03262051918814953,FSH
True,0.0,0.9399626389018548,0.27908861370637794,0.024466568744345035,FSH
False,1.3555180344566973,0.8740828820860268,0.4164267166270997,0.08106759104313899,PGF
False,0.4258135208648259,0.8977695982624121,0.36525438842444435,0.07595941756120496,PGF
True,0.0,0.955979058455775,0.24291247118792128,0.022193046455533414,FSH
False,0.03667749810156313,0.917869554016233,0.3191513702124843,0.030765285771365846,PGF
False,3.470250736275171,0.8953749760037469,0.44452677581059896,0.03755321131729824,PGF
True,0.0,0.9932283769854217,0.09716863351888237,0.01069228111300522,FSH
True,0.0,0.9715640539385807,0.18978862895370874,0.020541048137905298,FSH
False,0.11321768650760541,0.9124842332565406,0.3336478359642348,0.048542029055393884,PGF
True,0.0,0.9807480909989896,0.16040852035875372,0.01669173746451881,FSH
True,0.0,0.9860602079673446,0.1371600330085522,0.019046498966251272,FSH
True,0.0,0.9516310667569425,0.2518439282314384,0.014137938102431852,FSH
False,0.06480047241882232,0.9674197960364094,0.3254559369143668,0.1370542621525047,PGF
True,0.0,0.9853156134912793,0.14571607661477515,0.018929255284176463,FSH
True,0.0,0.9889832638203185,0.1180195461900659,0.017156337256643218,FSH
False,0.10874720604481002,0.9087909356727735,0.3329768412745687,0.062375860700136086,PGF
True,0.0,0.9967182193949214,0.0675173963701284,0.008201810847919933,FSH
False,3.6223721220425844,0.8406494072295828,0.4903253036787958,0.07580524273603757,PGF
False,0.10266271741055347,0.9627920762853106,0.3320410232999125,0.16304606356888984,PGF
True,0.0,0.9846672561102425,0.14838804682044632,0.021457276783633544,FSH
True,0.0,0.9781078926568151,0.267744088927874,0.15800913458272534,FSH
True,0.0,0.9985436290490535,0.049615984587555256,0.009220155200913424,FSH
True,0.0,0.9316138231228435,0.2950049191172588,0.026749975763360197,FSH
True,0.0,0.9828596315566418,0.1595700016420649,0.015105922775844749,FSH
True,0.0,0.9998200928745825,0.020591310172327824,0.007646416399713164,FSH
True,0.0,0.9887586938716257,0.16090242165635726,0.056617809112388236,FSH
True,0.0,0.9871902938604818,0.17851431183503763,0.0927116557512274,FSH
True,0.0,0.9987943528049258,0.054905286187808315,0.028467151223538663,FSH
True,0.0,0.9915497303552165,0.1467141370497951,0.06380017356032583,FSH
True,0.0,0.9902980001749824,0.13598870303993826,0.054557948608553314,FSH
True,0.0,0.9798141242769784,0.16227089611030307,0.023202248872037194,FSH
True,0.0,0.9840326483915591,0.20940480782235488,0.10483475151063203,FSH
False,3.1930713110389273,0.8445500549819271,0.47869167051205624,0.08785301162225721,PGF
True,0.0,0.9821752883744771,0.22200941482150927,0.11624853031172813,FSH
True,0.0,0.9987923190320116,0.046453069441897775,0.007036118269946435,FSH
True,0.0,0.9984739741077775,0.05088362179966041,0.005551852838041568,FSH
True,0.0,0.9789422116521573,0.17309990579009268,0.03076502234433692,FSH
False,0.030527741087798446,0.9705791959317062,0.31747218964177026,0.16838139634491306,PGF
False,0.30097825258025857,0.9537207158144744,0.354861484903369,0.15465847052114193,PGF
False,0.4549886361218197,0.8970966440370319,0.36745284546420703,0.0586784549365447,PGF
True,0.0,0.9948899541643503,0.11707113049637585,0.06365472136790715,FSH
True,0.0,0.9942477777096277,0.09860123796512396,0.022201863394453777,FSH
True,0.0,0.9996894870556966,0.026861447218131204,0.013986002841604844,FSH
False,0.19275210675303828,0.9083936805685804,0.34390354276741664,0.028177079453701154,PGF
True,0.0,0.9830722143161551,0.14078804718347845,0.027028261438272447,FSH
True,0.0,0.999193186269255,0.04026743571909965,0.011018770627183365,FSH
True,0.0,0.9971116150988177,0.06345053900820614,0.01650333894692503,FSH
True,0.0,0.983677801385703,0.20457061530851559,0.09328173073144574,FSH
True,0.0,0.9972941308422595,0.06098218819096231,0.013371224785893306,FSH
True,0.0,0.9817557386452643,0.21909524459262636,0.10516913860459012,FSH
True,0.0,0.9873180611244948,0.16392356323657042,0.052453404521150326,FSH
True,0.0,0.9864856679798811,0.13537431685541848,0.0180512738145159,FSH
True,0.0,0.9994064868079952,0.03515781377959998,0.00581109852638912,FSH
True,0.0,0.9982738848496104,0.05131566515458714,0.013414174761523763,FSH
False,2.0764163459368166,0.8610268428701384,0.44409775660768686,0.09960048691781594,PGF
True,0.0,0.9831407020741932,0.14776698749797165,0.025950475148450308,FSH
False,0.10824167291368937,0.9672587835930992,0.3329001022663592,0.171016243098225,PGF
True,0.0,0.9955469038985866,0.07060986048330138,0.01986731923372927,FSH
True,0.0,0.9994217056514292,0.027317154195791397,0.005666763433172616,FSH
True,0.0,0.9399420921218292,0.27681019950606384,0.021394865092862203,FSH
True,0.0,0.9557769229389439,0.2294865022054316,0.03064525051495817,FSH
True,0.0,0.996735052054185,0.07751123220966175,0.013842324837975196,FSH
True,0.0,0.9988277312882776,0.05275233984144528,0.027853984076065326,FSH
True,0.0,0.9881071392333391,0.1602158187303927,0.052404381572547044,FSH
True,0.0,0.9996886959832992,0.023700857679885175,0.008720966697735508,FSH
True,0.0,0.9955106830340369,0.0829088286832077,0.007022585893046629,FSH
True,0.0,0.999665820787561,0.023096386210423016,0.007000014936199364,FSH
False,0.08628192151340687,0.966675733173518,0.3293737844877719,0.1433328143371653,PGF
False,0.2648532602164721,0.954036038879634,0.3514638961036251,0.1799277536971767,PGF
True,0.0,0.9431195361661835,0.262287593878598,0.035854973536686804,FSH
True,0.0,0.9939968713503038,0.10182462914597197,0.02764787873134613,FSH
True,0.0,0.9924730107753417,0.1353989285056051,0.06176615234520928,FSH
False,3.0997421706952015,0.845285825931806,0.4760608466040988,0.11874102223534853,PGF
True,0.0,0.99347880561906,0.11266691343343586,0.050206809535866814,FSH
True,0.0,0.9877844812182892,0.1665161786681961,0.06362088052793086,FSH
True,0.0,0.9791504270253252,0.1647735759146473,0.012231059361478879,FSH
False,0.0014205104797623156,0.9705563217502887,0.30376896601173625,0.14960178966041815,PGF
True,0.0,0.9799745799071244,0.22645973239306,0.1264441078676391,FSH
True,0.0,0.999015386513849,0.040045798525882366,0.016042566981815144,FSH
True,0.0,0.9910177516786348,0.1347167446332056,0.05633174524089495,FSH
True,0.0,0.9998550966842624,0.013667457481108014,0.011992871462006744,FSH
True,0.0,0.9988457948630142,0.042729558827293054,0.014719078339528204,FSH
True,0.0,0.9698642338511712,0.2946314129233511,0.10542215466250877,FSH
True,0.0,0.9933923750875305,0.10816918551687603,0.023632560907158467,FSH
True,0.0,0.9718781690347604,0.29485439247497763,0.13414255108585557,FSH
True,0.0,0.9995656056080373,0.02807040409490373,0.011972150273797208,FSH
True,0.0,0.995358447141797,0.07567944498845566,0.021901155592993538,FSH
True,0.0,0.9970457178692214,0.07960967486689484,0.03975415367465318,FSH
True,0.0,0.9458420638232191,0.25424002965822057,0.02316180243900266,FSH
True,0.0,0.9730818249698725,0.29575700655490594,0.16314696342486662,FSH
True,0.0,0.9912768174469275,0.1310003116579043,0.037095391644895774,FSH
False,4.315547976273769,0.833688172227634,0.5077389702553127,0.07412776864746026,PGF
False,0.10847463579203906,0.9122553561045001,0.3329354878196815,0.07684403578494019,PGF
True,0.0,0.992104323244956,0.12350320461877813,0.046989273959340466,FSH
False,0.2640178750894336,0.9542201617407239,0.3513826697524986,0.15255575178129618,PGF
True,0.0,0.9989378068707572,0.054012058923232076,0.037627721414356885,FSH
True,0.0,0.9958880838814275,0.0833887802378678,0.029532034072652442,FSH
False,0.038610015115963514,0.9686778522041659,0.3196494313189882,0.1476668754401948,PGF
True,0.0,0.9991732164331254,0.0455485235161098,0.03088061412704702,FSH
True,0.0,0.9650202059026589,0.21216088153066245,0.026277614251878568,FSH
True,0.0,0.9975323290679476,0.06412435613447452,0.010811534504495396,FSH
True,0.0,0.9993952613335741,0.035343034265783106,0.009988861154575337,FSH
False,3.9215845429709093,0.8358053225358003,0.4980299104421074,0.11326769581621184,PGF
True,0.0,0.9738371873627155,0.28107803128088493,0.14479970413814675,FSH
True,0.0,0.9919873654974125,0.12972417113617252,0.028728506434345928,FSH
True,0.0,0.9438190596602196,0.26867172174574383,0.01309173569238115,FSH
True,0.0,0.9829020804755275,0.22620320329574176,0.13536266836944827,FSH
False,3.9763613412433356,0.8352822432705901,0.49940815783822223,0.10124462868322454,PGF
True,0.0,0.9908905588824998,0.14571454458805058,0.07717007399714611,FSH
True,0.0,0.9663764383308597,0.2070322627117542,0.01555785427031177,FSH
True,0.0,0.9823161096819091,0.14936849810388247,0.021467072853009913,FSH
True,0.0,0.9991854415519246,0.042069980124639125,0.021819545680704804,FSH
True,0.0,0.9986866760304148,0.05206451479396938,0.025371223220804442,FSH
False,0.005281740905230287,0.969541118168494,0.3072675586720922,0.1369775239877416,PGF
True,0.0,0.9731424605477518,0.1826233167644319,0.020672842707001943,FSH
True,0.0,0.9976651791135072,0.07055984270893438,0.016043002384651887,FSH
False,0.006908404396853288,0.9681527217245914,0.30831168117582314,0.09578441507778294,PGF
True,0.0,0.971664991803383,0.21216079353398914,0.04384472364494892,FSH
True,0.0,0.9882303226527784,0.15983304172853743,0.04176380216701023,FSH
False,1.5007798695816166,0.908888111018736,0.39626869226434974,0.030513276603848994,PGF
True,0.0,0.9998783618026916,0.019518021702111015,0.01249775117700832,FSH
True,0.0,0.9990711255222054,0.0475404306150664,0.023234111947059308,FSH
True,0.0,0.9889128315925708,0.17237604109401594,0.09269217036493806,FSH
False,5.828874495053605,0.8172194111045455,0.541430621401959,0.11939955679688068,PGF
True,0.0,0.9975852154652696,0.07615413866257742,0.012738938201818668,FSH
True,0.0,0.9876546366326389,0.13739128304937814,0.020683322613032407,FSH
False,0.006959977250814681,0.9719184319938486,0.30834264781158516,0.1680807937794483,PGF
True,0.0,0.9977805000128906,0.09079025085455761,0.05292433945326294,FSH
True,0.0,0.9897759789520884,0.15683955645650435,0.08269496720291059,FSH
True,0.0,0.9971412083215241,0.06355649977023103,0.024678315068047674,FSH
True,0.0,0.9998873955730369,0.012853927969923412,0.00948932118441946,FSH
True,0.0,0.999898669747397,0.017312424405394496,0.00985622466717398,FSH
True,0.0,0.9863801308994532,0.14676414475982252,0.03855759204919092,FSH
True,0.0,0.99869802723231,0.05028268693001321,0.003909512907938721,FSH
True,0.0,0.9848096630449532,0.19666437978521392,0.07425469456848709,FSH
True,0.0,0.999789110480093,0.02229501295862584,0.013001292717713784,FSH
True,0.0,0.9846321409600808,0.1478371299789817,0.02124071017980298,FSH
True,0.0,0.9783825086033089,0.2514788707645054,0.14326902496384977,FSH
False,1.0526972131301877,0.8796435236937655,0.4026010337730662,0.09484630441259984,PGF
True,0.0,0.9998283736101041,0.02553827948004728,0.013992182051424544,FSH
True,0.0,0.9822415274124003,0.21051251686341274,0.0942979325225091,FSH
False,0.21377513336621112,0.9067715183883899,0.34623582305596073,0.0448953752358137,PGF
True,0.0,0.9744425090045491,0.1908272804595829,0.0127777577523589,FSH
False,0.015356451344617005,0.9718360500395762,0.3123921149706646,0.1877011744795556,PGF
False,4.914245880673107,0.8241450186326763,0.5216809843146928,0.10627119660886802,PGF
True,0.0,0.9649325402003563,0.22930994151542455,0.04109449362526911,FSH
False,0.9377284209094868,0.8841604513384328,0.3968363785418211,0.07375031717823138,PGF
True,0.0,0.9916044112020016,0.15691908769080629,0.08811581481931068,FSH
False,1.262815154653732,0.8761882115748236,0.41237504859414886,0.05704517807589511,PGF
False,3.182664350499169,0.8957119753714832,0.4484248631177483,0.03546310308940441,PGF
True,0.0,0.999647087247732,0.026583887001846097,0.005200640958086381,FSH
True,0.0,0.9995331051648892,0.031083688634218495,0.017831076125071853,FSH
True,0.0,0.9792512025836319,0.1670365864561861,0.015227656685260165,FSH
False,1.4621455062375233,0.8736041212707326,0.4209192088229791,0.045648511868911903,PGF
True,0.0,0.9965227559597987,0.08284596493414237,0.036944367907523555,FSH
True,0.0,0.9961821110954638,0.08347445018060218,0.02723179176470483,FSH
True,0.0,0.9965487306646887,0.0944894034959693,0.04760696911536351,FSH
True,0.0,0.9961194056646029,0.06728159242009438,0.02347048348181821,FSH
False,1.0554831114885852,0.8810923284768166,0.4027367077284738,0.09003323717751287,PGF
True,0.0,0.9741411736986061,0.19103403415013984,0.01815147497423375,FSH
True,0.0,0.9959932471725489,0.07018578440498445,0.014010786972215281,FSH
True,0.0,0.9709596531171762,0.2963769761773675,0.1285680803633952,FSH
False,0.0005556549831878125,0.9713449803679194,0.30235723351237803,0.15110727440923405,PGF
True,0.0,0.9777311491645267,0.24382376934161476,0.09610736789007919,FSH
True,0.0,0.9955090241207045,0.09121335603933337,0.03040585287287631,FSH
True,0.0,0.9872425826933329,0.13901329870448006,0.02917027026138839,FSH
True,0.0,0.9686138977704722,0.200812620646992,0.019732515218959447,FSH
True,0.0,0.979165030810801,0.16295523150681596,0.025287932558627723,FSH
False,0.041247380297275156,0.9642495517027355,0.32030945107512143,0.09293282970364862,PGF
True,0.0,0.9999577336708716,0.00932116362269782,0.00882443515668229,FSH
True,0.0,0.9942260321865656,0.11837338618236269,0.05445179219303625,FSH
True,0.0,0.9338504444596857,0.2940378915702791,0.030949372624467793,FSH
True,0.0,0.9935955277555522,0.11876834853691058,0.039756877119540256,FSH
True,0.0,0.9997014654377498,0.024318566956639556,0.020627603852087596,FSH
True,0.0,0.9832040420165588,0.21361534941575858,0.12375833785349787,FSH
False,0.11082615470544249,0.912623932388103,0.3332905624322333,0.06054475519844419,PGF
True,0.0,0.9368951022423077,0.2871509370361652,0.024566335175018435,FSH
True,0.0,0.9821058938646516,0.22084167192588813,0.11782570315025236,FSH
True,0.0,0.9762920653078864,0.2684281527000585,0.14808496092302348,FSH
True,0.0,0.9258744179572947,0.2993576037113393,0.039082436065759035,FSH
True,0.0,0.9545570371011097,0.2527015412195054,0.019796254941265072,FSH
True,0.0,0.9978433003293311,0.05257437686867337,0.0070218250516088775,FSH
False,0.30863166903739886,0.9541042342059939,0.35555462798340015,0.18595913622055368,PGF
True,0.0,0.995412133907403,0.08287492344239235,0.012546507375221642,FSH
True,0.0,0.9538615212135984,0.24371526848385455,0.02067042772392006,FSH
True,0.0,0.9536245015339737,0.25144047447779416,0.01988048743878284,FSH
True,0.0,0.9843795816483433,0.13810650595286608,0.022869286151418044,FSH
True,0.0,0.9743503471174693,0.17533881397096981,0.02757746157123172,FSH
True,0.0,0.9886658350997384,0.12397409864075985,0.014939583674012243,FSH
True,0.0,0.9772218276170546,0.260511094389509,0.14897665138896715,FSH
True,0.0,0.9826802090138167,0.2170527762119713,0.10880260357518587,FSH
True,0.0,0.9995479906174978,0.028554662599310464,0.013352609299621862,FSH
True,0.0,0.9964210991930375,0.07708793776135908,0.015065956815948247,FSH
False,0.014762966607996563,0.9166674073260282,0.3121502948968313,0.05540898783019326,PGF
True,0.0,0.9789039108791667,0.24517696585110837,0.1370414896108671,FSH
True,0.0,0.9931925381509433,0.10074543479259526,0.00742868567594879,FSH
True,0.0,0.9999764491305421,0.00787986476739291,0.006968132731950944,FSH
True,0.0,0.9733685222158627,0.2926157269160266,0.17654261036302876,FSH
True,0.0,0.9938631618109849,0.10431256620152977,0.04168857548468204,FSH
False,0.2905993190984553,0.9032382260634374,0.35390726473291473,0.044334783183141394,PGF
True,0.0,0.9917194102763084,0.12982262164150313,0.05915952144740986,FSH
True,0.0,0.9963168596199791,0.09866004387154464,0.051739983965462845,FSH
True,0.0,0.9997459044391961,0.019276704640537053,0.007542529007814754,FSH
True,0.0,0.9822084268158154,0.145057432028575,0.024089792236710386,FSH
True,0.0,0.9719614616908354,0.1854525305623597,0.021055451166570514,FSH
True,0.0,0.9797885872005816,0.2691929826607684,0.1704742129780952,FSH
True,0.0,0.995397340415734,0.0927378084065602,0.041579619065887384,FSH
False,0.010331697172687239,0.9700750763795902,0.3101644956454746,0.153516681392617,PGF
True,0.0,0.9893313640716288,0.15130321780471953,0.05475934609106863,FSH
True,0.0,0.9735660811767449,0.2769378276608899,0.1426777468295862,FSH
True,0.0,0.9810443424219474,0.2166894823236871,0.09735447707795919,FSH
True,0.0,0.9918260935831769,0.13166933389589533,0.054341178766567716,FSH
True,0.0,0.9891211378446886,0.14911242902270228,0.061561732414621456,FSH
False,7.301881096596817,0.8028039465026816,0.5702199307341488,0.1366379159592168,PGF
False,0.09823737087433304,0.9104377115395819,0.331342841427403,0.07586153030798426,PGF
True,0.0,0.987732509530929,0.1878876474624433,0.10471711785821113,FSH
True,0.0,0.9996136906918567,0.022779989743113092,0.022782028214437623,FSH
True,0.0,0.9926627866441805,0.11562988713937736,0.026221464987635532,FSH
True,0.0,0.9990349625240134,0.042277592122039416,0.018054943734269836,FSH
True,0.0,0.9581174379742757,0.22615017053128644,0.0318074589714688,FSH
True,0.0,0.9848162043806565,0.20192707889300834,0.09516698576164774,FSH
True,0.0,0.9921440894197866,0.12452160212594444,0.038721255170984105,FSH
True,0.0,0.9829999156575658,0.15928552671014623,0.019124078771004933,FSH
True,0.0,0.9769925747275667,0.17351672946562222,0.016484045105905346,FSH
True,0.0,0.9858019031285888,0.1332410319962885,0.019894777559779045,FSH
True,0.0,0.9928873211581564,0.14445769731174155,0.07920471577426844,FSH
True,0.0,0.9660926338616501,0.21351204315121391,0.017321427834662187,FSH
True,0.0,0.9442451768221464,0.2641149830777894,0.02381683521709508,FSH
True,0.0,0.986193352978855,0.19098432563807763,0.09212917854323328,FSH
True,0.0,0.9698617009850158,0.29880687735989436,0.12741348538524674,FSH
True,0.0,0.9785351329672533,0.23770935088109915,0.10546128314048435,FSH
False,0.2782421823574787,0.9591708078225331,0.35274866655731485,0.18056536907267035,PGF
True,0.0,0.9934220295148911,0.1096628471851278,0.042245544703517296,FSH
True,0.0,0.9992736464556501,0.0497827222491519,0.02543376201108428,FSH
True,0.0,0.9447665227972523,0.26701135187473796,0.02725824776806361,FSH
True,0.0,0.9889117705011159,0.15167586837429262,0.05197309847480537,FSH
False,0.8688430421505202,0.8805294031390404,0.39321175044759754,0.06997561391910567,PGF
True,0.0,0.9844927602840358,0.1846644832720304,0.08819990550366952,FSH
True,0.0,0.9818004705187412,0.22504854904008512,0.13129089857150236,FSH
False,0.4918071277634539,0.8965356112736069,0.3701289617607058,0.033569788930687655,PGF
True,0.0,0.979171519278781,0.16351253903119695,0.02374437580815205,FSH
False,3.84339504025532e-05,0.9317494459749016,0.30061995121100415,0.033327937809324096,PGF
True,0.0,0.9968944063672472,0.09146214996871423,0.045464647590282445,FSH
True,0.0,0.9997890193172086,0.019973623982721667,0.008930109121932046,FSH
True,0.0,0.9931145083429122,0.11933876174678476,0.0319795768897905,FSH
True,0.0,0.9911625002349308,0.11433343232029183,0.02151681888508103,FSH
True,0.0,0.9904256245364711,0.1684639379069522,0.09580524416680762,FSH
False,0.030201684261338152,0.9693564084051414,0.3173786317819724,0.1516162313236619,PGF
True,0.0,0.9993818674743321,0.03579848696418478,0.007547067012904958,FSH
False,0.2573758475472252,0.953320297364894,0.3507322232459041,0.18961363657020014,PGF
True,0.0,0.9757876555392286,0.2628228592409372,0.1331504229558763,FSH
True,0.0,0.9749541844976897,0.1775697522213393,0.025390042719885632,FSH
True,0.0,0.9882312497720337,0.1639166299285205,0.06588632911346505,FSH
False,1.5886147039360143,0.8658616019627159,0.4260402595973213,0.07069261452866381,PGF
True,0.0,0.990549586418901,0.13847945189894298,0.058605270949876435,FSH
False,2.1154535617992676,0.8601409517879591,0.4454459886624333,0.09599820000671926,PGF
True,0.0,0.9967175545762005,0.08783452268264963,0.03834777181387812,FSH
True,0.0,0.9900323577490885,0.15231909900182794,0.07832034418361329,FSH
False,0.7082757618665066,0.884691619491888,0.3841591208287317,0.07045866213079535,PGF
True,0.0,0.9881490095692534,0.17382556211741435,0.09041844545033641,FSH
True,0.0,0.9977161714867181,0.07806810544142928,0.03918763829298098,FSH
False,2.2996549879189208,0.8571084265883919,0.4516461337429649,0.11530367712214117,PGF
True,0.0,0.9976423869831743,0.061375321073951015,0.013059085567870457,FSH
True,0.0,0.9936683880125319,0.11845731882455651,0.04601005737645981,FSH
True,0.0,0.9834620667146557,0.2141837939047496,0.10463089080196576,FSH
True,0.0,0.9981887075402884,0.04894783036810527,0.010744824577786421,FSH
True,0.0,0.9982568249187759,0.06016121737299949,0.02920938199507969,FSH
True,0.0,0.9842444479784049,0.1886620407804406,0.08204412216939835,FSH
True,0.0,0.9833271520123413,0.21617427850846113,0.12345692920018052,FSH
True,0.0,0.999889201784414,0.01588295995650957,0.009600076582101972,FSH
True,0.0,0.9987460128860824,0.04865000822761534,0.007485655053677806,FSH
True,0.0,0.9889843683216725,0.12127907344203395,0.014028043120372813,FSH
False,0.5084157600633058,0.8941081362297439,0.3713032790314236,0.04283334074647888,PGF
True,0.0,0.9742990264267273,0.18438874557488338,0.018612087443672022,FSH
True,0.0,0.9680854425087613,0.19786803441052642,0.0264750230984672,FSH
True,0.0,0.9799102600217934,0.22276075546875557,0.09256218830805367,FSH
True,0.0,0.9999496191182937,0.01267584900818217,0.008104263613518728,FSH
True,0.0,0.9999509747870722,0.008348301905984682,0.0062543738538910565,FSH
True,0.0,0.973270291569792,0.29273808144805635,0.16666196243451667,FSH
False,0.30990439150666343,0.8993286591956214,0.3556690570700334,0.0716190493023538,PGF
True,0.0,0.9980702961197372,0.061872032310080746,0.02032572128989541,FSH
True,0.0,0.9996879672043268,0.03161274484529722,0.02317835054383919,FSH
False,0.20851285234224606,0.9057094069159225,0.3456632075463656,0.039869831442988266,PGF
True,0.0,0.9838623982513811,0.1805522108632505,0.024871500013910537,FSH
True,0.0,0.9394261745335097,0.27017484910071243,0.030181930397682077,FSH
True,0.0,0.9561932598256637,0.2311771926789468,0.02621066729747911,FSH
False,1.4664943097570737,0.8672226313679003,0.4210988980031228,0.08230827442622603,PGF
True,0.0,0.9789826669490824,0.258432790697305,0.15889251671271518,FSH
True,0.0,0.9944134117155788,0.10928090479796522,0.03055132872341578,FSH
False,0.04700073142176872,0.9602191850221259,0.32167965207787447,0.11396938589263737,PGF
True,0.0,0.9998170474565855,0.01672231241223614,0.007389930458695975,FSH
True,0.0,0.9895597852458202,0.14466690500872187,0.056805681275912345,FSH
True,0.0,0.9950564806645213,0.09156601673744763,0.03421494012189323,FSH
True,0.0,0.995448732419356,0.1020828441703923,0.03317372686104183,FSH
True,0.0,0.9874997648112379,0.17049064696720112,0.08085693355965004,FSH
True,0.0,0.9578501740317854,0.23635750908483402,0.0220068446394591,FSH
True,0.0,0.9747377006933573,0.2567439917814732,0.10077747653784488,FSH
True,0.0,0.9981611633429812,0.0679157779289924,0.028084964129239495,FSH
True,0.0,0.951049503382576,0.24407350235381728,0.034723823436064206,FSH
True,0.0,0.9951743681077921,0.10487440546025652,0.04429715259666305,FSH
False,1.0909503230845552,0.8761764750125585,0.4044485673948932,0.0667022074891613,PGF
True,0.0,0.9560950374623333,0.24225568932973165,0.021487002009749193,FSH
True,0.0,0.9325071736407956,0.28911378930261283,0.025652934608085164,FSH
True,0.0,0.980856210917192,0.16705589158872355,0.009028336640487612,FSH
True,0.0,0.9815287074570197,0.23541169946421145,0.1384455482472182,FSH
True,0.0,0.9957170817048379,0.1086106567363052,0.05781508986226657,FSH
True,0.0,0.998714946580896,0.058276532132554966,0.022711829714055408,FSH
False,0.17174067981057417,0.9588347151358261,0.34144160708883936,0.14390082801041196,PGF
False,0.05639324973061988,0.9218944222782376,0.3237472629434678,0.035216313699838915,PGF
True,0.0,0.9958726229645748,0.06800637276711058,0.025355257547167203,FSH
True,0.0,0.9892841564203818,0.15914977567093383,0.06244625158418206,FSH
False,0.4396633202828294,0.8977214641818291,0.36630711276196765,0.035694717378012795,PGF
True,0.0,0.9819169823549468,0.14442078866614153,0.017935997765851076,FSH
True,0.0,0.9889850718057726,0.12797755537897842,0.028577292854790548,FSH
True,0.0,0.9904222790873182,0.1341810748353963,0.05221666615582901,FSH
True,0.0,0.9999072314745632,0.012672237943908222,0.010393240970513473,FSH
False,1.8864758935240786,0.8659941469672118,0.43734904053265455,0.05341286255892467,PGF
True,0.0,0.9996568085488201,0.028301641909281142,0.014197525809676129,FSH
True,0.0,0.9997632172249266,0.024408128350059358,0.015291527525887525,FSH
True,0.0,0.9722365894383888,0.18001162952840588,0.03249802522651369,FSH
True,0.0,0.9989249489780216,0.039150880267884734,0.003388013576618368,FSH
True,0.0,0.9978679398024787,0.06417973829169994,0.018610745905881465,FSH
True,0.0,0.9991777956753083,0.04505787826103474,0.02323420065413103,FSH
False,0.027415780519405224,0.9204741150929682,0.3165577113513327,0.06550116861538546,PGF
True,0.0,0.9996031131676664,0.032509305881763186,0.026869298726630065,FSH
True,0.0,0.9983658223757151,0.055336435619671796,0.009232610508536217,FSH
True,0.0,0.9845156514947886,0.19972236649721858,0.09812177805281078,FSH
False,0.005823242542634486,0.9698919107449133,0.30763101732577935,0.15122674981700543,PGF
True,0.0,0.9836493494061574,0.1924485174918719,0.09900230102241403,FSH
True,0.0,0.9980990602910627,0.07116133698341294,0.03828438005794782,FSH
True,0.0,0.9886095941112009,0.1663178948498118,0.0917363141571,FSH
True,0.0,0.9749078641829481,0.18883303549145938,0.017011209028088836,FSH
True,0.0,0.9698234414023555,0.19059843124188272,0.02992862869104972,FSH
True,0.0,0.9573752824342427,0.22839348254029532,0.033835194207186566,FSH
True,0.0,0.9497563659371091,0.2565800645824107,0.02309444760901822,FSH
True,0.0,0.9888022251043654,0.15112912049244567,0.049787431191794386,FSH
True,0.0,0.9979989774901722,0.07350644032920423,0.04160013975242984,FSH
False,5.857714670632537,0.8163162467006048,0.5420271610921497,0.12226517756279848,PGF
True,0.0,0.9903029016376996,0.12047353946685954,0.012125506109473716,FSH
True,0.0,0.9985111722503429,0.05857469565960897,0.024958307170942762,FSH
True,0.0,0.9874476463063843,0.13513855954877493,0.027432086932309942,FSH
False,0.5444947571456655,0.9222519361838393,0.3574135295740928,0.0763585905347025,PGF
False,0.0016605720579262262,0.9724835109208575,0.30407501172749996,0.1767613054450646,PGF
True,0.0,0.9963274060849309,0.08595304452125697,0.03291790229053033,FSH
False,0.031787957690073546,0.9683895968957907,0.31782917768436714,0.14187232319914497,PGF
True,0.0,0.9990374262224723,0.049694509292186925,0.04277650485684476,FSH
True,0.0,0.9885615579547135,0.15456178009397248,0.06047957152831511,FSH
True,0.0,0.9785888230352447,0.2705478091588494,0.1713009728176495,FSH
True,0.0,0.999215490785346,0.03887820082652666,0.022361077573094197,FSH
True,0.0,0.984708387787312,0.1518893782379721,0.03459587524272014,FSH
True,0.0,0.9846111446764716,0.1770668013568954,0.06692964817929149,FSH
True,0.0,0.9986459588769739,0.042689772155419796,0.0073873186287652885,FSH
True,0.0,0.9990156493242863,0.0410992045758091,0.006709556326468635,FSH
False,0.049686934803605025,0.966834731929958,0.32229056634623826,0.1133964732271002,PGF
False,0.7114610665417185,0.8898285204358592,0.3843481515234162,0.10146462956108275,PGF
True,0.0,0.9966829480147236,0.0784825643710706,0.010982124275018932,FSH
False,3.7108465610221826,0.8384491808770568,0.49263557721828494,0.0763124134458539,PGF
False,1.3853280404203017,0.8735765663755133,0.41769995923619946,0.07523691055680173,PGF
True,0.0,0.9996606985977045,0.025382266863296827,0.014722045648035373,FSH
True,0.0,0.9990945463050722,0.04703123944537415,0.022606120917554977,FSH
True,0.0,0.9933292467652569,0.11227194786807743,0.009968399443776053,FSH
True,0.0,0.9866868391800515,0.17834357846070867,0.07499157043109408,FSH
True,0.0,0.9861801393025703,0.13684720997726513,0.0159232653166377,FSH
True,0.0,0.9998339930039081,0.029062201422845338,0.023688948981534813,FSH
True,0.0,0.987175945045128,0.18917618457491756,0.11077587577529895,FSH
True,0.0,0.9999023155674304,0.017008585789569448,0.013117390004795,FSH
False,3.8150012739297487,0.8370991290598014,0.49532028245755094,0.093168989245712,PGF
False,0.004970107470820727,0.9704510159515305,0.307049898914751,0.14435003222794737,PGF
True,0.0,0.9997571432530702,0.02419264673340875,0.008115761933825412,FSH
True,0.0,0.9835183229126271,0.20563692862510335,0.08721353905375082,FSH
True,0.0,0.9965020895307034,0.08574671639399496,0.016593575095006433,FSH
True,0.0,0.9976244656911847,0.07679328410834599,0.043375301584062026,FSH
True,0.0,0.9763104267697659,0.25093548898963686,0.11817631705730598,FSH
True,0.0,0.9926424817495912,0.11678857133606628,0.034857178467359126,FSH
False,3.7953310215461937,0.8371080777607177,0.4948160933174206,0.09789102709081537,PGF
True,0.0,0.9924383183268883,0.12094690582721393,0.05578107552541426,FSH
False,0.2718903340805838,0.9027742149929373,0.35214310444158303,0.03474970104685758,PGF
True,0.0,0.9924147516894654,0.10451635200620708,0.022950636153195897,FSH
True,0.0,0.9750166851853881,0.17872107961646297,0.02359636845400639,FSH
True,0.0,0.9805665167950274,0.22602596289289925,0.10545779692463973,FSH
True,0.0,0.9982227572382885,0.04886608865866468,0.00932505808144193,FSH
True,0.0,0.978691785272706,0.16245146615711362,0.024826637951022093,FSH
True,0.0,0.9763095060729079,0.24682418515182686,0.1071012973131821,FSH
True,0.0,0.9760140058206537,0.26154944042117256,0.13716482663999388,FSH
False,0.3547475929919277,0.9018081324676984,0.35956069114709194,0.030596759672217803,PGF
False,3.995248337068235,0.8357816391219639,0.4998811731271416,0.11563074448328581,PGF
True,0.0,0.9938813120464094,0.10534677630506244,0.04798020122707946,FSH
True,0.0,0.9991148101244377,0.04051110813138896,0.017107901692007547,FSH
True,0.0,0.9738267788281618,0.2883924821926333,0.1652104777278868,FSH
True,0.0,0.9954424055083572,0.08495505865659621,0.02919396939280101,FSH
True,0.0,0.9976166661486906,0.06572584558951085,0.020582787463990906,FSH
True,0.0,0.9980963649574762,0.06296357121838432,0.01017584983431126,FSH
False,0.0540500472499585,0.9670707867675241,0.323248666036992,0.15853356134096044,PGF
False,0.0728591537267291,0.9673050114853512,0.326992434815468,0.141175967507655,PGF
True,0.0,0.977701665061247,0.2504704255990421,0.12149562939609353,FSH
True,0.0,0.9732924035210704,0.28616501220598467,0.15449391513166638,FSH
False,0.9976225123867573,0.8776963546703589,0.39988105487962955,0.06907375125084148,PGF
True,0.0,0.9996254805374047,0.026460935863726876,0.017193460394700398,FSH
False,0.4767914766822524,0.9244555026064621,0.35568861515730477,0.06345140621850706,PGF
True,0.0,0.9938100447395626,0.11691515809617443,0.049635096685671426,FSH
True,0.0,0.9888036132391393,0.16209868093827826,0.07046861964861707,FSH
False,0.8636146791259107,0.8861085867233819,0.3929308710346519,0.08049731825813432,PGF
False,0.8054120272197195,0.8833976342286425,0.38974475066652753,0.06480749429056329,PGF
True,0.0,0.9947970169353275,0.09998630861634289,0.026811675123005186,FSH
True,0.0,0.9671911383690412,0.21199527635798024,0.028063952616376623,FSH
True,0.0,0.9897033437718156,0.15046518714017218,0.07539783638462189,FSH
True,0.0,0.99927830543462,0.033163998021487215,0.0075649958876962,FSH
True,0.0,0.9632753607036798,0.23153063735413687,0.036512809114388756,FSH
False,0.2432495943583656,0.9031990921251211,0.3493203400594892,0.07139915995919392,PGF
False,0.04729824038912185,0.9682892071945478,0.3217481586321973,0.15593499216843812,PGF
False,0.05719971222048799,0.9425380288207994,0.3239164613227977,0.0963698213146822,PGF
True,0.0,0.9913514563266734,0.15629230334268518,0.08606962956076131,FSH
True,0.0,0.9999616795648159,0.013771863451145077,0.0071833618483415,FSH
False,0.007634563227486025,0.9722423019989853,0.3087375987705353,0.17543615032256085,PGF
True,0.0,0.9832266833206807,0.2023208659662848,0.09609293258894912,FSH
True,0.0,0.9998680241959385,0.015885089402598127,0.01452432678226504,FSH
True,0.0,0.997205217176383,0.07284458142689246,0.03434929393700325,FSH
True,0.0,0.9975649032848469,0.06909455498506255,0.009107787040511893,FSH
True,0.0,0.9926800383017249,0.1576257186927819,0.09329049436897466,FSH
True,0.0,0.9738970731734578,0.27347876966742035,0.14343490320623895,FSH
True,0.0,0.9957123029439922,0.09083579366494056,0.03200382071451191,FSH
True,0.0,0.979422636290996,0.1717867617580936,0.02330685363882742,FSH
True,0.0,0.9983773590704842,0.052574227238069225,0.010342946685861769,FSH
True,0.0,0.9999331929332222,0.014107209519486533,0.014108074639394709,FSH
True,0.0,0.9998584526587495,0.017581383855625278,0.014279638447574364,FSH
False,0.04036639964394411,0.9688926738795957,0.32009139110264495,0.15001308146345654,PGF
True,0.0,0.9711523280650103,0.28538397296154866,0.11101384439653615,FSH
True,0.0,0.9971161752800901,0.07613667193849248,0.03346929041016655,FSH
True,0.0,0.9947155506480478,0.10218009791668757,0.03793437987034335,FSH
True,0.0,0.98125468319865,0.22416876187056015,0.127492077818956,FSH
True,0.0,0.999879290638503,0.022773138298521643,0.01628134662162694,FSH
True,0.0,0.9822905101946299,0.16373696002699656,0.029856614533163513,FSH
True,0.0,0.9896572233494741,0.16334480312881644,0.08729419953477194,FSH
True,0.0,0.9964539984665794,0.07272346730853475,0.01689587779628525,FSH
True,0.0,0.999213024954286,0.034925606673795406,0.022834269190454594,FSH
True,0.0,0.9994006145772463,0.040040059379933456,0.02276372403015833,FSH
True,0.0,0.9999764001718113,0.008799310032800172,0.005160233198105453,FSH
True,0.0,0.9959540004068949,0.08207511286902698,0.018380311151047407,FSH
True,0.0,0.9862014685360126,0.1899187050048532,0.09647013236998278,FSH
True,0.0,0.9996287709232623,0.023339812878112976,0.01449431686053885,FSH
True,0.0,0.993158818572941,0.08970167041329048,0.026908594756051153,FSH
True,0.0,0.9858426791554418,0.1352391350788237,0.009868092023172759,FSH
True,0.0,0.9517200886637937,0.2522591238684057,0.02705922397947455,FSH
True,0.0,0.9772586028876248,0.23242295208014044,0.07811514125715972,FSH
True,0.0,0.9778031594080838,0.1750930996209449,0.015234471548806972,FSH
True,0.0,0.9916179537456291,0.1431498487674782,0.07048410182515587,FSH
True,0.0,0.9477521301259371,0.2561969347764624,0.031114227055101737,FSH
True,0.0,0.9481606651842354,0.25834009828918364,0.024346704999211623,FSH
True,0.0,0.9942570512679335,0.09922634571020153,0.03310680434412676,FSH
True,0.0,0.9904414958911119,0.11683068919754623,0.03008767704828774,FSH
True,0.0,0.9483671940441204,0.2518048426467146,0.029761785692559196,FSH
True,0.0,0.9973912706419955,0.08644407916893104,0.046135460363760476,FSH
True,0.0,0.9997817904228353,0.03327217726636103,0.024745217317563857,FSH
True,0.0,0.9995206959391846,0.03029597689072717,0.005638843876017412,FSH
True,0.0,0.9782345509494503,0.17856035401297818,0.039168807452081934,FSH
True,0.0,0.9995902742582196,0.033491761545997645,0.029420967170588404,FSH
False,0.0012010065795985867,0.9244966682705918,0.3034655541830977,0.04649726368957235,PGF
True,0.0,0.9987963054224529,0.05028260555101559,0.024974741521328756,FSH
True,0.0,0.9998922329597925,0.022980350184349553,0.01922529176101169,FSH
False,0.050960877553905555,0.9567023137028053,0.322574516064338,0.11011605000095162,PGF
False,0.16374638855646306,0.9635317523485328,0.34046558890668255,0.18583969134011563,PGF
True,0.0,0.9986701836575541,0.04899654593161582,0.021688594455918427,FSH
True,0.0,0.9706871906211689,0.2986320806555365,0.1279043744317184,FSH
False,0.09009648549166695,0.9682330350537098,0.3300160766076559,0.16895346997395735,PGF
True,0.0,0.9993348682985079,0.03844594404447555,0.01771498712396232,FSH
True,0.0,0.9818158588468754,0.1623349118184789,0.02167852214892522,FSH
False,0.17055142474854146,0.9627476619825425,0.3412978721907729,0.18648360594103883,PGF
True,0.0,0.9820475044808635,0.21569404293175232,0.10547161654809951,FSH
True,0.0,0.9761949907766604,0.28119371730297554,0.17219582089374622,FSH
False,2.31883792116695,0.8584571006490945,0.4522773102325803,0.11697611634052528,PGF
True,0.0,0.9879137761791794,0.14048259224128506,0.036282684825957506,FSH
True,0.0,0.9744117942761805,0.2767159737725328,0.12798756074751616,FSH
True,0.0,0.9844500291636594,0.19362865664239834,0.07862583923101704,FSH
True,0.0,0.9954332021342683,0.09739507080876512,0.04083648910436948,FSH
True,0.0,0.9966016702920472,0.08906087613938382,0.045388766880660465,FSH
True,0.0,0.9998720401786891,0.01584729756518125,0.008549412916685577,FSH
True,0.0,0.9911342952472616,0.14133492877971757,0.047455988907325296,FSH
True,0.0,0.9840919352097411,0.1443714630198643,0.025301411130827678,FSH
True,0.0,0.982487423759359,0.20982415814718197,0.08912654900825155,FSH
True,0.0,0.9974810941540604,0.06127330863315457,0.011647866726848973,FSH
True,0.0,0.990289699130624,0.11274559070591005,0.02109294906668855,FSH
True,0.0,0.9827600404080109,0.14759523201508562,0.02302861821651257,FSH
True,0.0,0.9474672603899419,0.26160884455687944,0.01622562590909291,FSH
True,0.0,0.9903670367082706,0.14395595164306058,0.048271644930497466,FSH
False,0.8787147290829918,0.9197126126603485,0.37874773268163825,0.03277085296780231,PGF
True,0.0,0.9999118891270776,0.017359407016074368,0.015555965907247102,FSH
True,0.0,0.9819838297055049,0.2193725774403829,0.12263753365831175,FSH
True,0.0,0.9954654022994364,0.09753261788289676,0.03402405186953803,FSH
False,0.9783549710258141,0.8820378883644987,0.3989118279593403,0.09704154600047409,PGF
True,0.0,0.952832489321095,0.23926527604728584,0.023738282332096797,FSH
True,0.0,0.9932626856617239,0.10719467316731902,0.014286789805837826,FSH
True,0.0,0.9827119716655808,0.1517312283239808,0.009996610259237738,FSH
True,0.0,0.993202669912624,0.11136259960793782,0.04085422155375901,FSH
True,0.0,0.9821153493112016,0.15113191110871851,0.02056546861126197,FSH
True,0.0,0.9891696360297286,0.14600418248380306,0.06235073154418486,FSH
True,0.0,0.9948751303626093,0.08460807474094445,0.01803784750201747,FSH
True,0.0,0.982164642181,0.22190083819573894,0.10789902637890574,FSH
False,6.060168125129802,0.8149355481444824,0.546174087286412,0.11826915525049066,PGF
True,0.0,0.9793575492738883,0.17206133594605777,0.012575165785375961,FSH
True,0.0,0.9879029522846484,0.11944736613095512,0.01642551228661679,FSH
True,0.0,0.989741426343903,0.14596232907406873,0.06256557247757726,FSH
True,0.0,0.980442365646929,0.24492421229179662,0.14608382151904337,FSH
False,0.1257654926196974,0.9137878523830258,0.3354634308294752,0.03886194606555466,PGF
False,0.021023935132431254,0.9210988993676563,0.3144996327996371,0.041261049169432136,PGF
True,0.0,0.9967826572031635,0.08280085791629417,0.017682534921529495,FSH
True,0.0,0.9996320697860536,0.03156382363290456,0.026938260321360128,FSH
False,1.3230001972565752,0.8740492604532295,0.4150217456508366,0.08739418603427679,PGF
True,0.0,0.9998076150085258,0.01767141304391055,0.00941979954131212,FSH
False,1.8347415857772047,0.8637495494897145,0.43545263326259864,0.0770692618717434,PGF
True,0.0,0.9998666287437564,0.017311889034612234,0.01096672106488334,FSH
True,0.0,0.9798129303967035,0.23302274033187031,0.13163416093786895,FSH
True,0.0,0.9980658458208189,0.058100652345606074,0.009782759579856179,FSH
False,2.837595220663448,0.8476899805983161,0.468451631653227,0.078800162444529,PGF
True,0.0,0.9864492871188513,0.14244961953609162,0.010234127480886722,FSH
True,0.0,0.9981318976927731,0.07653237265316604,0.04141133259335167,FSH
True,0.0,0.954904437421363,0.24166520298104321,0.02485194595981893,FSH
False,0.29628472856451504,0.941426143141354,0.35434074312070674,0.1685063034634352,PGF
False,0.1517118845225223,0.9083553559935099,0.33895020982260843,0.057868870042461336,PGF
True,0.0,0.994705933695132,0.10175804318129622,0.03891736963126396,FSH
False,2.2682042343198194,0.8584546065198657,0.4506055853652121,0.1080286871262942,PGF
True,0.0,0.9927709408290517,0.09906391675367231,0.01892584261721565,FSH
True,0.0,0.9928512737221038,0.12416041721898426,0.06154322599156797,FSH
True,0.0,0.9271328848172548,0.2984922968620866,0.040577900142249684,FSH
True,0.0,0.9985500243563228,0.04768040251927902,0.014680652325866277,FSH
True,0.0,0.9788880944109776,0.1738196439940857,0.012421699649514291,FSH
True,0.0,0.9932715749716171,0.11236814973393285,0.04511869636133771,FSH
True,0.0,0.9877698132161608,0.16719954158382502,0.07483805275731827,FSH
True,0.0,0.985875050040723,0.1938833975972768,0.10993483994393795,FSH
True,0.0,0.997427708364924,0.07407163002121256,0.025428284690167325,FSH
True,0.0,0.9998587982521843,0.018328310409094575,0.008853049843110571,FSH
True,0.0,0.9956528999404035,0.09422744427872391,0.026922793422000303,FSH
True,0.0,0.9590494266924299,0.2325757468748007,0.018309667861047183,FSH
True,0.0,0.9983780101754454,0.05880699597304706,0.018563999185441517,FSH
True,0.0,0.9998584484580917,0.015460597048378941,0.006557116597776997,FSH
True,0.0,0.9947356325544929,0.10572991034748629,0.010567090297800018,FSH
True,0.0,0.9908295223001249,0.11111668167566323,0.01136574076791616,FSH
True,0.0,0.9781657821385706,0.24240807979582493,0.09956638152206797,FSH
True,0.0,0.9769725151684233,0.2514125472760463,0.1278944129631179,FSH
True,0.0,0.9828945379930712,0.20404979534670384,0.08893122133801988,FSH
True,0.0,0.999636384327498,0.032994033467863663,0.029670112292555884,FSH
False,0.051900507571005075,0.9578782232322818,0.3227816828989882,0.11167398293503238,PGF
True,0.0,0.9974600603384844,0.06545481250632548,0.012041908065717411,FSH
False,0.1407135101369895,0.9090466147287469,0.3375117994952241,0.03802164741663015,PGF
False,3.1912531074845027,0.8457023967213526,0.4786407878253033,0.07621434803371302,PGF
False,0.1443374212554019,0.9639826518279249,0.33799176506236606,0.16077453166646427,PGF
True,0.0,0.9744512034216334,0.19224174491353158,0.03299951357438007,FSH
True,0.0,0.9945423972977289,0.12182679239816468,0.06348686374163057,FSH
True,0.0,0.9743652259555503,0.28432394806626565,0.1533115822956322,FSH
False,0.07183420903497215,0.9124500121201297,0.32680190460302627,0.0425533252648271,PGF
False,0.0078137162292855,0.9745140060283222,0.3088395227412375,0.19975526296463944,PGF
True,0.0,0.9653311935796789,0.21527583979582257,0.012942977508283353,FSH
True,0.0,0.9623620994246733,0.22288225755889796,0.020216023468485087,FSH
True,0.0,0.968808569947594,0.29348240440750006,0.09784777198119667,FSH
False,0.347388703580155,0.907011130890637,0.3589396898176564,0.022688893379194906,PGF
True,0.0,0.9973025006476969,0.094908775066924,0.05694024626718214,FSH
True,0.0,0.987411632438322,0.13849218832172183,0.008044498435302583,FSH
True,0.0,0.999950457302091,0.011320928736657262,0.009070156371284622,FSH
False,0.18638770926698028,0.9656449864060864,0.3431726428733498,0.18389426026814923,PGF
True,0.0,0.992342852078601,0.1061281693379186,0.014784016347405643,FSH
True,0.0,0.9964808426305675,0.07458814085048153,0.01648287195224955,FSH
True,0.0,0.986170264155148,0.19394046565449224,0.09433757672241572,FSH
True,0.0,0.9744463701419834,0.2647890167823215,0.1359421526436179,FSH
True,0.0,0.9834513877200702,0.213373793025591,0.12131676676731862,FSH
True,0.0,0.9991592618412096,0.0334345830747997,0.014739966696865232,FSH
True,0.0,0.9808896830841314,0.22583111948548312,0.10812225152711541,FSH
True,0.0,0.9955114569843418,0.07629640329930559,0.018511900640793756,FSH
True,0.0,0.9747691785369632,0.2666497443838389,0.1336804461694683,FSH
True,0.0,0.9952829929061072,0.09290352552545732,0.031748493295528826,FSH
True,0.0,0.9979118640912852,0.07196615289475361,0.025079478722043566,FSH
True,0.0,0.9878050378824471,0.12340891720454349,0.0190459463930831,FSH
True,0.0,0.9873944329728365,0.12618793195728667,0.02445591364785825,FSH
True,0.0,0.9924044911361906,0.1303266025478543,0.07027702311649821,FSH
True,0.0,0.9998559366857186,0.02165613606110205,0.013607523673176731,FSH
False,0.0008693507661186597,0.968154796943934,0.3029484754808522,0.09132756745868371,PGF
False,0.013631745538309913,0.9674943489921051,0.3116755066435294,0.11651929839268826,PGF
True,0.0,0.9507725565186965,0.2552087452085528,0.020241452404133803,FSH
True,0.0,0.9810012824248258,0.2127192365908595,0.10275416528462343,FSH
True,0.0,0.9855482715426757,0.17813380487258265,0.09326062543823038,FSH
True,0.0,0.9668626457112611,0.20309152969273672,0.02660137184439552,FSH
True,0.0,0.9916449737871873,0.13586812523592828,0.04305213853063706,FSH
True,0.0,0.9957987472948865,0.09169687240318965,0.030290070412108308,FSH
True,0.0,0.9927722562169093,0.10665975691485038,0.027773216125002134,FSH
True,0.0,0.9831714195520682,0.16106030220508516,0.028134956714143487,FSH
False,0.014287980153259206,0.969342998769396,0.31195323393616103,0.1367433217544777,PGF
True,0.0,0.9773825702411378,0.1867473285943306,0.03757171581917377,FSH
True,0.0,0.978001397992355,0.24576844462323705,0.1295940785222567,FSH
True,0.0,0.9945801806507556,0.09449471496845911,0.03796405693758394,FSH
True,0.0,0.9852342844877402,0.1842355312348473,0.06871665559081862,FSH
True,0.0,0.9971826630138853,0.07815924129594053,0.03336507094558031,FSH
True,0.0,0.9789087347738735,0.23506352914129908,0.10300394395919943,FSH
False,0.7014065147688786,0.8889280607667776,0.3837500158070957,0.04148657379500581,PGF
True,0.0,0.9758594374942311,0.28983249325281685,0.1828662396915409,FSH
True,0.0,0.9998743440411063,0.015209293767586273,0.009370478268324838,FSH
False,0.0084241605806849,0.9235099526123213,0.30917832260311484,0.0662154232072992,PGF
False,0.03318899464172804,0.9639347070286037,0.31821784692045907,0.13386434987211815,PGF
False,0.005544801030500022,0.9260244755785231,0.3074463420754757,0.03496706057512423,PGF
True,0.0,0.9751282019233001,0.27370825619781197,0.1414971449099219,FSH
True,0.0,0.9988842927087526,0.049222823945322985,0.04510881591479574,FSH
True,0.0,0.9775924295625886,0.17178481644880036,0.01837567539365556,FSH
True,0.0,0.9989755111225124,0.04399213193084231,0.019523525246023316,FSH
True,0.0,0.9833748638186461,0.20135809747450545,0.09426665351729242,FSH
False,0.003861572985472855,0.9255676084435656,0.3062141556027129,0.02377421147179987,PGF
False,0.03879683354324018,0.9177158761242137,0.3196969118247608,0.03463039105954855,PGF
False,0.10763148342815816,0.9650008154496217,0.3328072375289597,0.1470282500676541,PGF
False,1.2692931770277391,0.9112465842281867,0.3898207886265859,0.03570059330309148,PGF
True,0.0,0.9756308909125828,0.18286320275998008,0.02715842867275347,FSH
True,0.0,0.9999611170250474,0.012091954226157628,0.010607323972014141,FSH
False,0.20989986536908944,0.9662397459199243,0.3458148300628835,0.15917492601191494,PGF
True,0.0,0.9999624195560185,0.01365991281410868,0.01328700072627402,FSH
True,0.0,0.9629863966474602,0.291415856040365,0.03160265599446475,FSH
True,0.0,0.9591136512177665,0.21543559180010804,0.03581009373915282,FSH
True,0.0,0.9789195478411724,0.2585171266143864,0.1552579345604632,FSH
True,0.0,0.9755530621670928,0.2652375600457572,0.13015975958933784,FSH
True,0.0,0.9415263525444949,0.26486327816811583,0.02970695452352112,FSH
True,0.0,0.9978961767521174,0.0651773229908695,0.028632167172244895,FSH
True,0.0,0.9993964077812902,0.038621953240945577,0.021978258328229167,FSH
True,0.0,0.9825119662620568,0.19803498576744774,0.06686327184769172,FSH
True,0.0,0.9667514278030169,0.20530232937582965,0.026057335578679782,FSH
False,7.988795240425975,0.799369479069336,0.5826445690337243,0.14192954494392931,PGF
True,0.0,0.9990491507663988,0.04648371993122268,0.021372963638029728,FSH
True,0.0,0.9999581929735634,0.010092041408835115,0.00815789199096445,FSH
True,0.0,0.9848929834339358,0.18681167201921325,0.06816486992575882,FSH
True,0.0,0.990310213094335,0.12413114225018443,0.01756301540676831,FSH
True,0.0,0.9715100734578571,0.2983898506008837,0.14978872474594068,FSH
True,0.0,0.9826576221752668,0.2060997005752489,0.08804870720137262,FSH
True,0.0,0.9476998061424803,0.2554911455373413,0.03170750614800151,FSH
True,0.0,0.9741393075805134,0.2672165461502516,0.12214362431504439,FSH
True,0.0,0.95899636574617,0.22883316999658768,0.021165240475774824,FSH
True,0.0,0.9845093797111485,0.20662242540588394,0.11648346660099879,FSH
False,1.5744267456463394,0.8695070973465633,0.4254761629014188,0.04930410511040603,PGF
True,0.0,0.9855386220142511,0.15532658640971958,0.04440463304749777,FSH
True,0.0,0.9875309507480635,0.1713768402689538,0.07304052938135062,FSH
False,2.100281405924408,0.8613030438431811,0.444923476563475,0.04739350674696703,PGF
True,0.0,0.9734784254315363,0.29147203987974374,0.16317034441015785,FSH
False,0.37103018158382955,0.8980142133141537,0.3609122468460842,0.08283083803725422,PGF
False,0.01587459406265813,0.9485121639194574,0.31259944207600404,0.04966616754720449,PGF
True,0.0,0.9931921680731287,0.09438227874524088,0.013926276356234427,FSH
True,0.0,0.9969168612234625,0.0725183870255349,0.012658553709993305,FSH
True,0.0,0.9997748400978957,0.02177873202520067,0.013311770749164986,FSH
True,0.0,0.9939432658799907,0.10570211202262852,0.0391834605238949,FSH
True,0.0,0.9933875669354828,0.09665977901333898,0.01568196767626391,FSH
True,0.0,0.9937335725663398,0.10653207793397294,0.04196476324840234,FSH
True,0.0,0.9641000204147934,0.2216436517809622,0.026928225995301435,FSH
True,0.0,0.9961622915899616,0.0710222452095772,0.016799941975609432,FSH
True,0.0,0.961474017982274,0.24832979079936282,0.05139787460067657,FSH
True,0.0,0.9606433537378942,0.23358496847273874,0.020540154925845322,FSH
True,0.0,0.958596010321148,0.2297962755833926,0.027648890225490025,FSH
True,0.0,0.9865151489989236,0.1760653274632297,0.06271749081072767,FSH
True,0.0,0.9997038640361063,0.023650465568467456,0.008336988887236801,FSH
True,0.0,0.9903193574109617,0.14160655377357045,0.052433143155717725,FSH
True,0.0,0.9921054757218106,0.12232117585057663,0.03500417454542497,FSH
False,5.189368597050096,0.8216232301012328,0.5278018568196953,0.09811807941563601,PGF
True,0.0,0.9797831999591462,0.16495443639899873,0.01773990492278849,FSH
False,1.8925455979557186,0.8619131146700949,0.43756982219788315,0.09343957583387838,PGF
True,0.0,0.9837026261664285,0.19688697737286476,0.09386027963829019,FSH
True,0.0,0.9992912328477725,0.03497784969654852,0.010970910930755041,FSH
True,0.0,0.9724710845538856,0.2960340166163895,0.15362135997649942,FSH
True,0.0,0.9798361479089505,0.21784161848060413,0.09717655610467814,FSH
False,0.03789979210642459,0.923391037581244,0.3194678689399802,0.023687507774540047,PGF
True,0.0,0.9856216206655928,0.13914880092344006,0.00935355221059721,FSH
True,0.0,0.9994794985621734,0.029875386341572368,0.019421016604485544,FSH
False,5.016930181140701,0.8228089618829292,0.5239850481871658,0.10583218793659775,PGF
False,0.06785856872793165,0.9130360798855491,0.3260496772970284,0.05202666503188361,PGF
False,0.1909335743930569,0.9589906798322547,0.34369594653890184,0.162632274181553,PGF
True,0.0,0.9854293852171856,0.17729767758082754,0.05739140656277749,FSH
True,0.0,0.9926703170506206,0.12064307219659305,0.04357819393164051,FSH
True,0.0,0.9925202487991766,0.1053851799177422,0.016363051700014633,FSH
False,0.6874468742543985,0.8853080099986483,0.38291241609399634,0.06210453754275187,PGF
True,0.0,0.9715839481304964,0.2950404904236232,0.1402884221118925,FSH
True,0.0,0.9949283758170558,0.10423429454012559,0.04538067355939118,FSH
True,0.0,0.9999668969081073,0.00850459000466062,0.007792224992589068,FSH
True,0.0,0.97225896224389,0.28976816373390685,0.14613062280682693,FSH
True,0.0,0.9426695679102969,0.268123459786123,0.026303949544318788,FSH
True,0.0,0.9983264345211971,0.05281399186648737,0.0193037164996412,FSH
True,0.0,0.9933574024429402,0.11556230375795061,0.056883216134282204,FSH
True,0.0,0.9820982546951527,0.21549332581363254,0.10632456828550145,FSH
False,0.2472957788978294,0.9609243362752994,0.3497288426265713,0.2153161464173041,PGF
False,1.4848357910399936,0.874010067327372,0.4218538383080317,0.09271203424694002,PGF
True,0.0,0.9867832883147738,0.15243287055175705,0.04678922090025555,FSH
True,0.0,0.9392236887107693,0.28523460500584624,0.022587348848803555,FSH
False,0.2568173605246334,0.9037238768493484,0.3506771507214675,0.035775655041334065,PGF
True,0.0,0.9996998206029752,0.028029203725714946,0.02061963905101294,FSH
True,0.0,0.9717155942257382,0.19366486383234494,0.014292971069783882,FSH
True,0.0,0.9301341940823874,0.2883184817697255,0.03024733930019155,FSH
True,0.0,0.9886528236035704,0.15750227345534942,0.07848925203527747,FSH
True,0.0,0.9998439809722801,0.014645554355055717,0.008788358781215208,FSH
False,0.03251969405486812,0.9688819950172852,0.31803321769814474,0.1404747726186131,PGF
False,1.6575439285680573,0.8661167097202634,0.42874563792874915,0.07995288914994732,PGF
True,0.0,0.9738659376559637,0.28049642749545334,0.1386287747535498,FSH
True,0.0,0.9851472770461361,0.1979599150515339,0.11005695218930302,FSH
True,0.0,0.9328645795305732,0.28354350785964766,0.033301155392988495,FSH
True,0.0,0.9966749224250955,0.08346651713965092,0.025741714887557585,FSH
True,0.0,0.9977449307547606,0.05933045418845251,0.016374076942018596,FSH
False,1.772245483426535,0.8646738076220778,0.4331257106432313,0.08142733349517776,PGF
True,0.0,0.9808727676515803,0.16204660214741132,0.015112839500486407,FSH
True,0.0,0.9760551284475177,0.26725218543456325,0.13717591320451256,FSH
False,0.2158980395789472,0.9020088384708244,0.346464829664914,0.049390927785966564,PGF
True,0.0,0.9825255932673429,0.2141502669790174,0.09825117870794367,FSH
False,0.015807510656981175,0.9234616790843948,0.31257279231395363,0.026079829117070352,PGF
True,0.0,0.9850870091735204,0.18213533876845744,0.0853191651782849,FSH
True,0.0,0.9986046974544003,0.0470950121064331,0.01598425074351042,FSH
True,0.0,0.9337451733034092,0.28456608805181705,0.03212527530866306,FSH
True,0.0,0.9846195006349268,0.1831715397082204,0.053399093635643255,FSH
True,0.0,0.9866342455444573,0.13671976080810283,0.010713538772583776,FSH
False,0.00706692054611305,0.9688822092116013,0.30840649781187923,0.11190037066623737,PGF
True,0.0,0.9999027329276405,0.013750350269941904,0.010535125430392773,FSH
True,0.0,0.9994897783602851,0.03415509621799819,0.017430907156324036,FSH
False,0.09515169605128951,0.916815915669308,0.3308466685480441,0.022436239238080524,PGF
True,0.0,0.9817673404292832,0.1488807276621485,0.033323343709409925,FSH
True,0.0,0.9285679829533433,0.2893806568331637,0.06665227026450854,FSH
True,0.0,0.9988844556147208,0.05399200452699298,0.015690202041390502,FSH
False,0.1389567209048844,0.9157085157440489,0.33727689913403264,0.058403525596601974,PGF
True,0.0,0.9970310477096808,0.07300227039534678,0.03184171969275109,FSH
True,0.0,0.992517653251718,0.10294664468175088,0.011242983255464415,FSH
True,0.0,0.9870026787009757,0.1867846995089546,0.09887421619358562,FSH
True,0.0,0.9756610208805422,0.18205290573424687,0.011947061659711917,FSH
True,0.0,0.9974309984042905,0.06400272831991159,0.01103849665043077,FSH
True,0.0,0.9958009378264625,0.09171113596887458,0.012424718679508246,FSH
True,0.0,0.9717930438206092,0.2944441014199405,0.14666677561027666,FSH
True,0.0,0.9914732093053215,0.14140085073821665,0.06041308620016755,FSH
False,0.20052405443230795,0.961830857023163,0.34477991228579036,0.20058289515604205,PGF
False,0.8855630002388752,0.880812020582675,0.39410435697877516,0.08036019810964135,PGF
False,0.02213962343154632,0.9709714681386631,0.31487938958141304,0.1755748803171192,PGF
True,0.0,0.9974511499381286,0.06331937079872418,0.011130122010050016,FSH
True,0.0,0.9851745390676981,0.1909744397260826,0.08890052777578951,FSH
True,0.0,0.977415104151713,0.17182151475813506,0.017287617588462575,FSH
True,0.0,0.9934643544386004,0.12602103401498022,0.06579013253048033,FSH
True,0.0,0.9485685163083644,0.2641722635010457,0.024132034532461478,FSH
False,0.06641249032624315,0.9172804415606278,0.325770620932807,0.03048781408289754,PGF
True,0.0,0.9571746669607383,0.2460621640212013,0.03335492443008733,FSH
False,11.031427942573776,0.7769876124924636,0.6294350750414661,0.1197068582830667,PGF
True,0.0,0.9855948751216594,0.1321408021496731,0.017225985417246042,FSH
True,0.0,0.9972168863822911,0.05895060715694242,0.012858472689154927,FSH
True,0.0,0.993979218393615,0.0941670686470679,0.015551304478773722,FSH
True,0.0,0.9784844760933673,0.23336424902496908,0.11215947724800145,FSH
True,0.0,0.9731386911702034,0.2804775467086187,0.1377465925903783,FSH
True,0.0,0.9982119488728743,0.05677235717308309,0.02032415545502178,FSH
True,0.0,0.9971601402196577,0.07068734032179844,0.030777241404089887,FSH
True,0.0,0.9732596346521817,0.2986449137679281,0.17992274896971283,FSH
True,0.0,0.9880623977716442,0.16926557806447814,0.05790411051958319,FSH
True,0.0,0.9858203015236886,0.18321533189145311,0.09353791781918813,FSH
False,3.730469293834452e-05,0.9720247668402984,0.30061077567844785,0.159442920218122,PGF
True,0.0,0.9999240559547989,0.0145051327514987,0.013282404857461532,FSH
True,0.0,0.9834751177598025,0.16302616471888173,0.027659325136770982,FSH
True,0.0,0.9581091492715587,0.23651779508784002,0.023064592275968236,FSH
False,0.005292369819417584,0.9699955310960736,0.30727486757227757,0.1409518197654141,PGF
True,0.0,0.9760411073211797,0.25526096240572316,0.12116614661033154,FSH
True,0.0,0.9881645775004474,0.16279837201336034,0.06276337867281445,FSH
True,0.0,0.9789794037202636,0.1847453838941325,0.04714528886710556,FSH
False,0.015669006423775167,0.969972021968286,0.3125175901929146,0.14592098258671393,PGF
False,0.07539529634700044,0.9150217203095083,0.32745820393743924,0.028475238865799665,PGF
True,0.0,0.984901781758379,0.1845414837666999,0.06170904264028481,FSH
True,0.0,0.9937707219736892,0.09166052989314522,0.008985789056153402,FSH
True,0.0,0.9922431167155422,0.1109692568411657,0.029807234040984294,FSH
True,0.0,0.9399384880292214,0.28001268773241184,0.016812605496712166,FSH
True,0.0,0.9957784388711136,0.08358998532030339,0.030610967126012776,FSH
False,2.1849702584960142,0.8573127404423985,0.44781644896614226,0.07636338204402328,PGF
True,0.0,0.9879198441469669,0.16059487063635297,0.06000676863729753,FSH
True,0.0,0.9754103890748966,0.19309507767477327,0.038689014647556315,FSH
True,0.0,0.9964890620178654,0.09060371687691086,0.04390221645773124,FSH
True,0.0,0.9706194245795097,0.19517839944044024,0.02590298718716436,FSH
True,0.0,0.964911717903464,0.21367689658856442,0.018786514497530524,FSH
True,0.0,0.9999305143959902,0.01298027379880194,0.006991173196206357,FSH
True,0.0,0.9573341865960683,0.22240153514411917,0.028372975537162108,FSH
True,0.0,0.9875930744359779,0.16698775330764543,0.06081165555856527,FSH
True,0.0,0.9797996470611617,0.22505377843116184,0.10437410368663474,FSH
False,0.5498637783561465,0.8938467727853084,0.3741528002408639,0.052438106753555744,PGF
True,0.0,0.9999702976468438,0.00719425189174006,0.0049188499730011825,FSH
True,0.0,0.9915136383948694,0.1063587507660931,0.0236278791091735,FSH
True,0.0,0.9650844424806893,0.20819769061813292,0.02715406815885847,FSH
True,0.0,0.9640836665098533,0.2112162727022542,0.019690343079344842,FSH
True,0.0,0.9919161070864596,0.14076258451787974,0.06911677554739719,FSH
False,0.9157208539907258,0.882941993879553,0.395693304571988,0.10938839923450445,PGF
True,0.0,0.9928390068347737,0.12134573453663765,0.04782552641141655,FSH
True,0.0,0.9994937085871997,0.030236591946358724,0.013255222660185011,FSH
True,0.0,0.9999228184233896,0.013416767400667698,0.01169769358684106,FSH
False,0.0012378550536139583,0.9722956673838248,0.3035183164349074,0.18140266454193732,PGF
True,0.0,0.9984258022649225,0.04888408829281522,0.014286882744385679,FSH
True,0.0,0.988171154367098,0.18006199036839107,0.09926097739120548,FSH
True,0.0,0.9717580469319793,0.18581630658112372,0.023440767130759637,FSH
True,0.0,0.9810864508050428,0.22213116175682923,0.11958380417870418,FSH
True,0.0,0.9756926141079129,0.2687773770234398,0.14659565593777432,FSH
False,7.223390201648951,0.8059962986234471,0.5687636545675205,0.14389272786463275,PGF
True,0.0,0.9736725708878909,0.17902105453413739,0.034733682019846744,FSH
True,0.0,0.9967107725708525,0.07980278678091733,0.03599994282396231,FSH
True,0.0,0.975832347088243,0.2644607019372003,0.14274704591582582,FSH
True,0.0,0.9900327956390952,0.14420451336133963,0.038168182476723274,FSH
True,0.0,0.9859801529957212,0.1422347856797261,0.011901931772012292,FSH
False,0.5721786896045427,0.8945471976182027,0.3756424939835105,0.05514371428158374,PGF
True,0.0,0.9808447065653032,0.21274252751098582,0.11332859408445145,FSH
True,0.0,0.998193547047953,0.04769328803252668,0.013963108998531423,FSH
True,0.0,0.9800085854385421,0.16069668635833353,0.012816965191806211,FSH
True,0.0,0.9989732320632017,0.041471648464744305,0.018585142347136503,FSH
True,0.0,0.9711733677390072,0.29534859633242616,0.14392955616973097,FSH
True,0.0,0.9935824640660517,0.09162282652427979,0.018329812396863397,FSH
True,0.0,0.9700980217083444,0.29924579592497363,0.12696249668561643,FSH
True,0.0,0.9904589279445566,0.1097139019914905,0.019173605020932585,FSH
True,0.0,0.9917373081795394,0.12340259380120196,0.02142812987187541,FSH
True,0.0,0.9933937471528608,0.10284835349413936,0.0281736832389919,FSH
True,0.0,0.9888639129765026,0.13512094189500914,0.04051810342765963,FSH
True,0.0,0.9994690929334227,0.035443554555941205,0.009970070126922677,FSH
True,0.0,0.9990050038078979,0.05236717332650488,0.025689987194082643,FSH
False,0.0035147789731254345,0.9714630338087751,0.3059285571373863,0.16281228244118684,PGF
False,10.04654013557528,0.782327176587333,0.6141490427776141,0.10590184807393879,PGF
True,0.0,0.98080158001069,0.22706252167221877,0.09923729478240663,FSH
False,1.217437462620089,0.8750389801860975,0.41033754857799265,0.05715067002925498,PGF
True,0.0,0.9990557659234762,0.03799691834356501,0.009549592417720888,FSH
True,0.0,0.9736978055617816,0.28595702404296525,0.13945203245682833,FSH
False,0.029879485689174107,0.9216394439336009,0.31728568358184717,0.023950415667750486,PGF
False,0.00067268506845745,0.9705801552705,0.30259361729724615,0.14716763769167326,PGF
True,0.0,0.9926203367015188,0.11273157533699751,0.03334420607064298,FSH
True,0.0,0.9329796951905602,0.29757662136547336,0.026482934838405043,FSH
True,0.0,0.9977307109495566,0.06904595443370988,0.028009300924852987,FSH
False,1.6837042697545879,0.8656825165211485,0.4297576305946817,0.06639769086463443,PGF
True,0.0,0.9992462441944922,0.03991968792354582,0.013654431336737792,FSH
False,0.45138157037270144,0.8972352297027987,0.36718493658348583,0.07223715836139566,PGF
False,0.030144661365128292,0.9710752306560475,0.31736221799342706,0.18715395491310377,PGF
True,0.0,0.9997315890865441,0.0232686046501403,0.01318949732608204,FSH
False,0.19321194198215322,0.9067910290440824,0.34395588037818753,0.04000960703413123,PGF
True,0.0,0.9996369252735999,0.026883750367437165,0.008293271468046216,FSH
True,0.0,0.9992397207715559,0.03403308587372172,0.015369486289454457,FSH
True,0.0,0.9727746989691095,0.2884350561742104,0.1665375602791886,FSH
True,0.0,0.9812650866765562,0.15556242319004882,0.01632544720377296,FSH
True,0.0,0.9431406360837057,0.26076061429212877,0.024662641838789325,FSH
True,0.0,0.9872657198096554,0.16800019943715078,0.05986735608588383,FSH
True,0.0,0.9998139758719677,0.02048755547195748,0.01406320143797441,FSH
True,0.0,0.9761999224528364,0.1764448036187883,0.011632520041490442,FSH
False,0.146612126082797,0.9603762093118388,0.338289962925393,0.20963997566803716,PGF
True,0.0,0.9544229854137918,0.23365631548831878,0.02871110223873912,FSH
True,0.0,0.9856072377250449,0.19579703095203976,0.10538343548099036,FSH
True,0.0,0.9781982622059971,0.2551149955575352,0.1537937685460717,FSH
True,0.0,0.9992400850792031,0.03772228517038655,0.01480162752649728,FSH
False,5.96650427994641,0.8160918222308005,0.5442642888337632,0.09630089844072164,PGF
True,0.0,0.938014729290978,0.2830902693272748,0.02627223399794083,FSH
True,0.0,0.9873547688930547,0.164749801967245,0.0702440774796564,FSH
True,0.0,0.9931764491730337,0.11966934018246607,0.05779471587486744,FSH
True,0.0,0.997678582498437,0.0755169576890744,0.03821557178518246,FSH
True,0.0,0.9702374057354411,0.20564477192023847,0.037683363971041675,FSH
True,0.0,0.9911331661357412,0.14551106884190326,0.0744892133306572,FSH
True,0.0,0.9984917380902008,0.04652310410487947,0.009453114374334763,FSH
False,3.279527168541606,0.8459484192811901,0.48109464841738436,0.05920687637411819,PGF
True,0.0,0.9530138340294568,0.24422567125424177,0.02133244775773918,FSH
True,0.0,0.9974824355927708,0.0615117191894421,0.011966147275447866,FSH
False,0.778136873832958,0.8940255980274664,0.3882120668521579,0.03311477376146197,PGF
False,0.021536396552000348,0.9231579506089223,0.31467528417169505,0.026126284642994792,PGF
False,2.5186458315683216,0.8531316393563146,0.4587024206358656,0.08238078156154609,PGF
True,0.0,0.945992468345513,0.25848762169848527,0.029661439609569074,FSH
True,0.0,0.9935446244801419,0.1265861878260657,0.06466528416883058,FSH
False,6.962895174524593,0.8061587322203709,0.5638729841140353,0.13146121206029754,PGF
False,1.6721428148332704,0.86680970143452,0.4293113612500182,0.08862867992161602,PGF
False,0.026789753923735758,0.9702394323774381,0.3163675758509731,0.16226239681290236,PGF
True,0.0,0.9973980281199498,0.0627539260632443,0.019654479793612914,FSH
True,0.0,0.9995120403715232,0.035734046032292174,0.011413835922215173,FSH
True,0.0,0.9993944902307988,0.03439095623326781,0.015023772134120494,FSH
True,0.0,0.9408642669080021,0.2732386785509036,0.03386092135322841,FSH
True,0.0,0.965027527846852,0.21654967486668136,0.02108528832382862,FSH
True,0.0,0.9642194327741936,0.2260257920247212,0.02393515078163724,FSH
False,0.02738405275313288,0.9688045187281197,0.3165481276140634,0.1332130820014934,PGF
True,0.0,0.9772840239530327,0.27293725820837983,0.16559064679913096,FSH
True,0.0,0.9996843163688367,0.031687724205178416,0.015043648611501793,FSH
False,4.073769952607349,0.8356800482147015,0.5018358231981466,0.08142759977724395,PGF
True,0.0,0.9988395565477044,0.05609326816847839,0.024399994296513277,FSH
True,0.0,0.9937136426785743,0.09488174184525666,0.008860793103052404,FSH
True,0.0,0.9848681196007951,0.18580317211857164,0.09348805788163274,FSH
True,0.0,0.9317686029987926,0.28865174400407834,0.026316009603325134,FSH
False,0.7682101486638653,0.88770357967396,0.38764759829361356,0.07526948331537395,PGF
False,4.349978103711961,0.8307750023989114,0.5085660112221538,0.08783216158157633,PGF
True,0.0,0.995081892527289,0.09078584453364366,0.008876427196170633,FSH
True,0.0,0.9788944513703981,0.2395227199855049,0.10964909894900904,FSH
True,0.0,0.9858967998803772,0.13068948612784556,0.012652301510190905,FSH
True,0.0,0.9994892437619264,0.02860738024207319,0.011107242639010032,FSH
True,0.0,0.9743098589707261,0.26188186784021383,0.09989682060693438,FSH
True,0.0,0.9962845352300778,0.11177523102788803,0.06369159699528473,FSH
False,0.021311507266076907,0.9707501253946471,0.31459846131141117,0.18196235322975296,PGF
True,0.0,0.9880237970734109,0.17652291907945133,0.09457970055310048,FSH
False,0.01646064492281226,0.9709235131408974,0.31282990449021825,0.1758528309310562,PGF
False,0.10052256465870857,0.9148382347223655,0.33170529366820445,0.035501643463545646,PGF
True,0.0,0.9940257006320439,0.11978446589758338,0.06065022986215783,FSH
True,0.0,0.9746658636278113,0.282588711097421,0.15922851572043883,FSH
True,0.0,0.9990918432785925,0.04680268250416924,0.031843301405193605,FSH
True,0.0,0.9822169550230235,0.21725637304120238,0.11300069428272175,FSH
True,0.0,0.9868023034681411,0.16509645764294797,0.08108046508654367,FSH
True,0.0,0.9972628357631939,0.06620227024086325,0.015088204670141794,FSH
True,0.0,0.9737716465502104,0.1867821618224859,0.02816289104994993,FSH
True,0.0,0.9996239360715206,0.026650617322584242,0.013274477062911641,FSH
True,0.0,0.9543184350178155,0.2500134939310499,0.0237631625427653,FSH
True,0.0,0.9658111480431839,0.20567553771419528,0.031126293727916983,FSH
True,0.0,0.974572534651996,0.1775659811394483,0.026475446263635908,FSH
True,0.0,0.9883048188288543,0.11908354248472351,0.02303863415683612,FSH
False,6.571610806558435,0.8100834694763563,0.5563515322083805,0.12204842706619434,PGF
True,0.0,0.9888641719583439,0.15903780170966275,0.06012145109788907,FSH
False,10.345645317222427,0.7797164855744833,0.6207558147735487,0.12272577543858293,PGF
True,0.0,0.9949399876099287,0.1048359105560781,0.049775123651052945,FSH
False,3.5761723660124,0.8414429866292149,0.4891077038624392,0.07455039262433288,PGF
True,0.0,0.9851601734788415,0.17996975230946086,0.06742157048533812,FSH
True,0.0,0.9997283831736976,0.019786377748668513,0.010316081560976617,FSH
True,0.0,0.9792985546590102,0.23583087145532883,0.11807779344729993,FSH
True,0.0,0.9815481956675839,0.21088810504726407,0.08037857072406848,FSH
True,0.0,0.9433860816973907,0.25806394398746824,0.02527533070083398,FSH
True,0.0,0.9816876592042282,0.21346670007919277,0.08806435707350051,FSH
True,0.0,0.9913241714046914,0.1284244646150444,0.05587943566118032,FSH
False,1.042119457122882,0.8803554766555489,0.4020842523175285,0.08942127090382136,PGF
True,0.0,0.9844093422610879,0.19686649042539497,0.10787368416965278,FSH
True,0.0,0.9851834691749767,0.21566254686264116,0.1293624986560092,FSH
True,0.0,0.9936380807266851,0.11113968664432572,0.03460818571724351,FSH
True,0.0,0.9952998266208684,0.08467212080131267,0.021770802772582348,FSH
True,0.0,0.9977324982351659,0.06436739565198234,0.009835960025110908,FSH
True,0.0,0.9785146208649286,0.2561226410421542,0.15798825352176765,FSH
True,0.0,0.9998981086932496,0.016669173802067467,0.011639719811349702,FSH
False,0.7077541943118348,0.8901126721172319,0.3841281281327378,0.031123203190704128,PGF
True,0.0,0.9740520955935802,0.2735218051233649,0.14215318862751228,FSH
True,0.0,0.9408363971699745,0.26811489654623255,0.02979193021946544,FSH
True,0.0,0.965927304691515,0.20878468236114958,0.02001755416083573,FSH
True,0.0,0.9925961384900516,0.13997770753051997,0.07520069647163627,FSH
True,0.0,0.9862391312529897,0.1783743318009619,0.0757811804759284,FSH
False,4.192007106616235,0.8362055525190991,0.5047439158220882,0.13848540836242268,PGF
True,0.0,0.9869154706458902,0.17402096845751605,0.05784412487498002,FSH
True,0.0,0.9790823655362161,0.15678030020217545,0.02169493419059558,FSH
True,0.0,0.9996993731058523,0.02343032167899233,0.0097041746848491,FSH
True,0.0,0.9982412169609427,0.047914853122640745,0.026871031997037338,FSH
False,0.06847402438228992,0.9199376065443514,0.32616754179939145,0.03135509381975649,PGF
True,0.0,0.9672934400473613,0.20036141652212747,0.0250622951815668,FSH
True,0.0,0.9866763479325577,0.14290438782309256,0.006824713441989598,FSH
False,0.02374401665352208,0.9585621145740973,0.3154090936312043,0.09275109883124173,PGF
True,0.0,0.9996497434021764,0.03086478302148095,0.013040244484357982,FSH
True,0.0,0.9803228551249107,0.22026471691609772,0.11023469217376104,FSH
True,0.0,0.9830470316976802,0.19862091926961944,0.08052320122218405,FSH
True,0.0,0.9830494393022432,0.20199894400493423,0.10255749975863657,FSH
True,0.0,0.9955048085386883,0.08450121418465242,0.025397042282975124,FSH
False,0.006787636439167253,0.9266275714950517,0.3082387113307648,0.023712333285235115,PGF
True,0.0,0.999923645518808,0.014782302342306961,0.010110503280127825,FSH
True,0.0,0.985344651023399,0.1522571822515627,0.01765409804495019,FSH
True,0.0,0.981049489008029,0.21221961365642905,0.09434045088292332,FSH
True,0.0,0.99991940325533,0.023674568328717702,0.020438163845378512,FSH
True,0.0,0.9453476467238133,0.26277713099566175,0.021925356450876947,FSH
True,0.0,0.9815018060717579,0.21633032629042226,0.08506080770443711,FSH
True,0.0,0.9880781528798953,0.16427773353853112,0.08219276449566221,FSH
True,0.0,0.9712114905216684,0.2050558117775994,0.02999520613621383,FSH
True,0.0,0.9997329167431575,0.033973330825520905,0.028690518137071797,FSH
False,0.6468322576527643,0.8892263343130464,0.3804258825038783,0.059181121130672226,PGF
False,4.445381974150418,0.8319695251900306,0.510840744974742,0.12127398957560594,PGF
True,0.0,0.9824574974186157,0.22061162807018933,0.1278010067458021,FSH
True,0.0,0.9824535419649082,0.250099702440745,0.1548007369729845,FSH
True,0.0,0.991744085029247,0.14783751079011526,0.07671809676245396,FSH
True,0.0,0.9800328431638456,0.23096433953512616,0.11704812422182415,FSH
True,0.0,0.9652693435249119,0.21911398985805122,0.017333696735509975,FSH
True,0.0,0.9507035743485294,0.23949806637982082,0.032595598330799794,FSH
False,0.0010138811040050842,0.9683755522441321,0.3031841499713504,0.09649923898809173,PGF
True,0.0,0.9627097374157522,0.2160691758988385,0.01752760730987384,FSH
True,0.0,0.9995034610412191,0.03175778730416018,0.01613133733726175,FSH
True,0.0,0.987403442678328,0.19185973668911657,0.11141888995081636,FSH
False,1.6183270821604163,0.8678127858429442,0.427213485219155,0.06412702225828364,PGF
True,0.0,0.9959019524508763,0.09193641906489726,0.045649064830952484,FSH
True,0.0,0.9961898528821735,0.09208446105117651,0.03423105182452378,FSH
True,0.0,0.9989678130520854,0.047296531910438235,0.02510429501429603,FSH
True,0.0,0.9711751884900867,0.19065888763224104,0.019774697074065855,FSH
False,6.02886626752889,0.8140985993091868,0.5455374974933338,0.12013807709710725,PGF
True,0.0,0.9884444648655101,0.15050396629313673,0.061941984916242775,FSH
True,0.0,0.9809395147038018,0.2316537218403819,0.11606747134368738,FSH
True,0.0,0.9890488924496573,0.14919139821631558,0.07287894969111927,FSH
True,0.0,0.9857753844082537,0.17522554666975484,0.05334642304126011,FSH
True,0.0,0.9942617052061281,0.09092815403963549,0.023004042269276437,FSH
True,0.0,0.9947098452247461,0.09260995594238788,0.028060651822792375,FSH
True,0.0,0.997552074021645,0.06136230859205748,0.01872415782778814,FSH
False,0.0015383022921350313,0.9251508341909038,0.3039221196974787,0.03325614266796111,PGF
True,0.0,0.9814563254947043,0.2202597889648932,0.10453981663229475,FSH
True,0.0,0.9942410320204862,0.09621138380416795,0.02815580208797923,FSH
True,0.0,0.9787491938663969,0.17268282156016238,0.030181133556835986,FSH
True,0.0,0.9835326767613751,0.1432159509177544,0.01733313541749576,FSH
True,0.0,0.9995982733790628,0.032692868277317044,0.01352763725589205,FSH
True,0.0,0.9996481440982071,0.023271832046335504,0.007327366758601686,FSH
True,0.0,0.9991520803550413,0.041508073396707416,0.027993587416837207,FSH
True,0.0,0.9840553360800381,0.20643461726840928,0.10644166494186537,FSH
False,0.4151993139423717,0.8971905711909052,0.36443596153875346,0.06662449194468412,PGF
True,0.0,0.9902554701338593,0.14487044133500177,0.05864589168888631,FSH
True,0.0,0.9988369175843934,0.04442573608083182,0.012523319731325654,FSH
True,0.0,0.972986519298219,0.2973140873081091,0.16997599039681757,FSH
True,0.0,0.9993394587371007,0.034571288750787195,0.02406388229188961,FSH
True,0.0,0.9841610184848758,0.14696591918858257,0.01244083990083813,FSH
True,0.0,0.9967371586771002,0.07060628273379094,0.016280524371586863,FSH
True,0.0,0.9977725030427014,0.05403742321474289,0.01400660133009165,FSH
True,0.0,0.9994157431397248,0.036912331821075624,0.009687429424465705,FSH
True,0.0,0.9957010272960248,0.08355668425480635,0.008718794319446289,FSH
True,0.0,0.9976408252452734,0.0689379066243706,0.010138690063191118,FSH
True,0.0,0.9998080146675309,0.02199535834663539,0.013896971928009523,FSH
True,0.0,0.9839443974530905,0.19611528797477107,0.079840799333222,FSH
True,0.0,0.9998796745346684,0.014738090696122372,0.009871639686688529,FSH
True,0.0,0.9977631529602929,0.059749868523772655,0.019295788585360688,FSH
True,0.0,0.9965659872293747,0.08382525524952081,0.04233212595605642,FSH
True,0.0,0.9899847362562461,0.14592219518206453,0.064914985370741,FSH
True,0.0,0.9884712391492676,0.16874252001025972,0.07356318677536235,FSH
True,0.0,0.9989104667315567,0.04281595612406392,0.02355475804726353,FSH
True,0.0,0.9887921090663592,0.13607900508610352,0.03613257653244036,FSH
False,0.0002821042573226772,0.9700008861832398,0.3016795959553496,0.11602556724964896,PGF
True,0.0,0.9917981605046065,0.13203544766631023,0.05692037353356619,FSH
True,0.0,0.9819621855876808,0.15002259950063646,0.02062748399510279,FSH
True,0.0,0.9931960029583349,0.09882320867768866,0.019836388994223603,FSH
True,0.0,0.984401198584281,0.17903466056972803,0.04398523643682507,FSH
False,0.2940183258880869,0.9027338743424519,0.35422345672198396,0.03778202301743482,PGF
True,0.0,0.9785088750785637,0.23795423901733062,0.10359518459486715,FSH
False,0.033765470228377975,0.9645544699088053,0.3183753830513483,0.11956229430383142,PGF
True,0.0,0.9854532195067122,0.16832918591186727,0.04499819991285769,FSH
True,0.0,0.9505036160742586,0.24290259010959284,0.025496630262897182,FSH
True,0.0,0.9863362358878928,0.1832541548751514,0.10194770877324552,FSH
False,0.011375742107838226,0.9251190277662847,0.3106657124036973,0.016113353388808666,PGF
True,0.0,0.9979280135695228,0.054049051084594284,0.015420040534062238,FSH
True,0.0,0.9996507540350937,0.02750110042022941,0.020208912755819607,FSH
False,0.009160711525596726,0.969123755560672,0.3095711606013047,0.12506399902729748,PGF
True,0.0,0.9748538233314582,0.2677230731608252,0.15007133984925336,FSH
False,0.23916623811746973,0.9051691690360951,0.3489046253556317,0.07035015734575113,PGF
True,0.0,0.9955006908880409,0.10397471131423518,0.05544172958663109,FSH
False,0.06367192235171179,0.9679856230483848,0.3252332959305184,0.14892576297704851,PGF
True,0.0,0.9663589911437394,0.21471558640486302,0.019076587833211187,FSH
True,0.0,0.987048648254709,0.1757007025056614,0.0805771193919607,FSH
False,0.9856866754378539,0.8787800973454605,0.3992817543880976,0.07233855560285997,PGF
True,0.0,0.9946650613012133,0.1086628380475578,0.027184113413052127,FSH
False,0.594122419254071,0.8956396108109504,0.377079337001175,0.06361194588188272,PGF
True,0.0,0.9997276405639812,0.024685111805665107,0.013310452861619195,FSH
False,2.4159461686160553,0.8564181256865973,0.4554331421742498,0.06220006192561243,PGF
False,0.000561991639449056,0.924212399188229,0.30237063628473254,0.0322764561277898,PGF
True,0.0,0.92960746368131,0.2898891687296501,0.03732901503381397,FSH
True,0.0,0.9789246940127072,0.24546141418863007,0.13315307942994387,FSH
True,0.0,0.9727817979626019,0.26828203990264116,0.09757057232797076,FSH
True,0.0,0.9809803470493476,0.22833351119325834,0.12329678469952662,FSH
True,0.0,0.9766487063268928,0.25479497381450894,0.12711241903059667,FSH
False,0.08793665393130697,0.9686645262082416,0.32965411504855724,0.19039148788466115,PGF
True,0.0,0.9409111591210281,0.27176290028016775,0.022412576706742782,FSH
True,0.0,0.9797872217045961,0.22719499171486707,0.10187227845055896,FSH
True,0.0,0.9730127166847865,0.18700088674498175,0.02038540247427714,FSH
True,0.0,0.9969910338698276,0.07682157236157885,0.034118869340308125,FSH
True,0.0,0.9671287210738179,0.20691120687888367,0.02013904620532175,FSH
True,0.0,0.9994968935281092,0.03545555196021536,0.008239653618041408,FSH
True,0.0,0.9933975821901213,0.12191500560153075,0.03409038323330736,FSH
True,0.0,0.9774083480661729,0.25865019718152854,0.1492896724948288,FSH
True,0.0,0.9998497090850583,0.016916436294058187,0.01093615675060956,FSH
True,0.0,0.9856732639745607,0.14476202793455917,0.015789557515706064,FSH
True,0.0,0.989865594172892,0.17043620511663649,0.09469240597693084,FSH
True,0.0,0.9726338517370351,0.2030537911935445,0.04036791297677405,FSH
True,0.0,0.9763468574594264,0.2508762229613744,0.11258051785288399,FSH
False,0.27007649726057664,0.906786605744467,0.35196888465808907,0.037567500171297265,PGF
True,0.0,0.9931622864722487,0.11121523127365214,0.019413403774923333,FSH
True,0.0,0.9995996336204971,0.02782574345307956,0.02146566047681508,FSH
True,0.0,0.9983977965896159,0.05225363311026201,0.014355406459695404,FSH
True,0.0,0.9985249595431553,0.046251017622382935,0.015111153858930925,FSH
True,0.0,0.9979691520631325,0.06928138507346092,0.03399336000210332,FSH
True,0.0,0.9978398620305197,0.05754903608139145,0.007689741051401231,FSH
True,0.0,0.9916668248623353,0.11785660333992652,0.03408381733039137,FSH
False,0.02130967188001984,0.9213736170980881,0.3145978326747568,0.034076023504539685,PGF
True,0.0,0.9449791877693676,0.2637564522514895,0.022941871568443285,FSH
True,0.0,0.9925832061169221,0.11732962881007883,0.038530603689411046,FSH
False,0.010047031116378176,0.9707663015358696,0.3100234879739431,0.16646847338398116,PGF
True,0.0,0.9872983293313411,0.13674028884664868,0.010558193981912859,FSH
True,0.0,0.9814369343501935,0.15483704719740077,0.01576546937596971,FSH
True,0.0,0.9742109558310882,0.26145223146418367,0.11424842557759253,FSH
True,0.0,0.9838059145484751,0.1502345386517047,0.03388761130356064,FSH
True,0.0,0.9952602457298529,0.07759362404645677,0.02109502126636477,FSH
True,0.0,0.9992451964976946,0.038397440586425115,0.02704864943030164,FSH
True,0.0,0.999649377058954,0.022451394072926286,0.011956311819402711,FSH
True,0.0,0.9994175289339232,0.02524691958983498,0.011347362619777325,FSH
True,0.0,0.9919143754191223,0.1207318074433571,0.021375908110540864,FSH
True,0.0,0.9822011693589646,0.2042126555354913,0.08492591632790132,FSH
True,0.0,0.998160991315067,0.058563779514234485,0.014168814385936998,FSH
True,0.0,0.9956162536997095,0.0936714273134728,0.03554225452954474,FSH
True,0.0,0.9874463663816663,0.15333425342827545,0.03432525327522106,FSH
True,0.0,0.999786349375614,0.02588724152148805,0.017063966430106554,FSH
True,0.0,0.9992805492768725,0.04748331937271736,0.023820682508517918,FSH
True,0.0,0.9958289992474271,0.10397827791861343,0.05379071156319341,FSH
True,0.0,0.9971234488138007,0.08284584042305033,0.037891575476622544,FSH
True,0.0,0.9827627647164153,0.16133011321448423,0.018386453748145827,FSH
True,0.0,0.9988818751358663,0.04661083633729621,0.01805513471790277,FSH
True,0.0,0.9899440942382913,0.1642075011245003,0.08813915074874776,FSH
False,0.10377309356519382,0.9138983249327461,0.3322138314339033,0.03499246943434883,PGF
True,0.0,0.9531305418838134,0.2433207285824871,0.04476473278437948,FSH
True,0.0,0.9595399093261324,0.2187161695957243,0.03103782141612511,FSH
True,0.0,0.9990708840277078,0.03993360858951429,0.014022335946550887,FSH
False,2.1978947871513994,0.8597898231609362,0.4482529860458601,0.09564915753426746,PGF
True,0.0,0.9961973885644334,0.07714358286950244,0.01020580111607751,FSH
True,0.0,0.9989195684492278,0.046375711005076675,0.005462913241760258,FSH
True,0.0,0.9959481414873198,0.07223130061823063,0.009522198610607283,FSH
True,0.0,0.9560226060034958,0.23139868055433485,0.022607499286744315,FSH
True,0.0,0.9608350222622193,0.22562781704913798,0.021315006944105735,FSH
False,0.00017291930718155618,0.9725974720794661,0.30131498785994987,0.1704200174877827,PGF
True,0.0,0.9917439798954008,0.13322940564255767,0.05427001994355299,FSH
True,0.0,0.9999539003843638,0.0095575307048789,0.005291039742532353,FSH
True,0.0,0.9991885039694793,0.03447947023219711,0.004368156250966286,FSH
False,8.00033622252667,0.7964496287962525,0.5821686775926622,0.11431987522190651,PGF
False,0.04181101402338708,0.9654770112027058,0.3204477416903156,0.13293514320903665,PGF
True,0.0,0.9911486281725629,0.1398230381284398,0.06872642743439968,FSH
True,0.0,0.9836559024887026,0.19391421393614416,0.08028908958067411,FSH
False,0.11794517292299911,0.9117154278465196,0.33434314675783205,0.029328561121552604,PGF
True,0.0,0.9884942115519583,0.16370621236907867,0.0768122638515103,FSH
True,0.0,0.9977275539516922,0.06323193646076204,0.01807305311638752,FSH
True,0.0,0.9920420444672071,0.10361564033323618,0.009804086116272911,FSH
True,0.0,0.9901126699789471,0.1479570238439465,0.05980995516243363,FSH
False,9.791319286992158,0.7850867841506899,0.6086174168762657,0.08426331899032634,PGF
True,0.0,0.9996163232694008,0.025431301382802526,0.012058458399936385,FSH
True,0.0,0.9323336529750074,0.2899792562783403,0.03110593770797299,FSH
True,0.0,0.9756981387333439,0.25123289762999146,0.13288693684680175,FSH
True,0.0,0.9943358872400616,0.114393362321409,0.05067305114690787,FSH
True,0.0,0.9606062073686462,0.22753229502793818,0.020879877490192118,FSH
True,0.0,0.9990995075281361,0.038835169434246426,0.016831535424094254,FSH
True,0.0,0.9994252837583355,0.029423284618986297,0.012322359308134382,FSH
True,0.0,0.9877982223701596,0.1754195071731178,0.09028885315900145,FSH
True,0.0,0.9813425248325932,0.20998386478298875,0.08024691443693528,FSH
True,0.0,0.9664624529975488,0.21457021627168232,0.026167813700576782,FSH
False,5.6906934993133955,0.8213954244244505,0.5385517448964353,0.1380753370130246,PGF
True,0.0,0.9948812583809858,0.08894090258555896,0.01271567658125149,FSH
True,0.0,0.9856730791160353,0.17210419147682995,0.07507727591251866,FSH
True,0.0,0.9999038466552977,0.013013943135163882,0.009760966014257912,FSH
True,0.0,0.9431818810461097,0.26566599008548836,0.020149092643086158,FSH
True,0.0,0.9901276945556816,0.1128526070598512,0.020427785425736027,FSH
True,0.0,0.9991988249785929,0.0342377015976381,0.007935207160910855,FSH
True,0.0,0.9975678730175214,0.08937580334221348,0.05346230116399012,FSH
False,0.11312759182242761,0.9146418119208259,0.3336344454127651,0.05357775478020196,PGF
True,0.0,0.974868155883437,0.266328618841094,0.14577099962393167,FSH
True,0.0,0.9702416896934035,0.29170965963887924,0.1185045891404997,FSH
True,0.0,0.9980006891482368,0.06639327821417522,0.030118970369089244,FSH
False,4.136070067273112,0.8335863349319057,0.5033733037365797,0.10030265501697931,PGF
True,0.0,0.9510744304618168,0.2553519487432076,0.01808750164114093,FSH
True,0.0,0.9806155305127912,0.27000510108246933,0.1726315214106942,FSH
True,0.0,0.9821185675842815,0.16001011843825738,0.03402782647122573,FSH
True,0.0,0.9959699308302814,0.08522050336458031,0.015127110009530827,FSH
True,0.0,0.9940684614673712,0.13795216329747503,0.07969075163116805,FSH
True,0.0,0.9972309046326893,0.07919061856187629,0.03758669626323818,FSH
True,0.0,0.9988345404529992,0.03897578443157248,0.021319041930513268,FSH
False,0.13554853995002777,0.9689271961324484,0.33681691730034274,0.18117958247162785,PGF
True,0.0,0.9318830660575471,0.28630072101116283,0.025265940656554138,FSH
False,0.0636344076685075,0.9174838147671723,0.3252258612674587,0.06792229386108774,PGF
True,0.0,0.9898579919793775,0.14798826933070333,0.059507126744926066,FSH
True,0.0,0.9997810588850466,0.025856485703452378,0.025275243668568124,FSH
True,0.0,0.9740667609509281,0.18646037567853205,0.024805400414236504,FSH
False,0.16035135617511287,0.9323095033282441,0.3352643370636257,0.1293981360411014,PGF
True,0.0,0.997112721168581,0.07505347047838792,0.010000121118644291,FSH
True,0.0,0.9873837365288015,0.1378036514024816,0.009126676958032149,FSH
False,0.047219336040153735,0.9656843108204516,0.3217300105936821,0.1422943598336007,PGF
True,0.0,0.9805623838360848,0.22347536005949817,0.09036503070871385,FSH
True,0.0,0.9626254112029444,0.2203144767423512,0.024101986592245835,FSH
True,0.0,0.9996938251477562,0.02360322948836934,0.011165382857913396,FSH
True,0.0,0.9992351563282561,0.03952564836059426,0.028164547875195903,FSH
True,0.0,0.9911823181863548,0.11125176499182723,0.02545292250825733,FSH
True,0.0,0.9992317299011135,0.04081627058752729,0.005927519242144069,FSH
False,0.00020231714517920726,0.9706388487248786,0.30142238231562124,0.1505208249796622,PGF
True,0.0,0.9981405873072495,0.06432417268979483,0.032962502919356026,FSH
True,0.0,0.9730246100021339,0.2850844147757734,0.14346012872920014,FSH
True,0.0,0.9869943466157979,0.12497715063773625,0.014865570409283446,FSH
True,0.0,0.9934926360919151,0.11140750440885262,0.03986802811764169,FSH
True,0.0,0.9908719713586845,0.11068465440742856,0.018965383800775212,FSH
True,0.0,0.9945519124352717,0.12845986094112752,0.06852719804547064,FSH
True,0.0,0.9851166130366614,0.14928648389748508,0.028114146039679815,FSH
False,1.2440512642649666,0.8725972961040264,0.41153704605488556,0.08393053687153072,PGF
True,0.0,0.9989604892364063,0.03893641180375291,0.007070814666102234,FSH
False,3.693707861949841,0.8394841208570497,0.4921902146819614,0.06898441989242435,PGF
True,0.0,0.9842607748701926,0.19923189376347397,0.09473526625109384,FSH
True,0.0,0.981681014861443,0.21013642832190108,0.09132451422328826,FSH
True,0.0,0.9752638699569309,0.17009968655577887,0.028592000567041562,FSH
True,0.0,0.971993478497781,0.20427908295097927,0.04335646118885497,FSH
True,0.0,0.9873919235360541,0.14001451243155505,0.007909463411369534,FSH
True,0.0,0.9419356381467279,0.27821070014422716,0.03634735856441856,FSH
True,0.0,0.9988262536888088,0.04980778138767117,0.02324769901729087,FSH
True,0.0,0.9854770809013489,0.1932929687656357,0.08705438121048417,FSH
True,0.0,0.9989170616471913,0.04916054140457108,0.0470511129654017,FSH
True,0.0,0.9993280285214278,0.03642860688639517,0.022597353325001165,FSH
False,0.008483563029582848,0.9651818897571048,0.3092106259448437,0.09549740728427653,PGF
True,0.0,0.9924286355659743,0.09977029889554448,0.01617944237857124,FSH
True,0.0,0.9940413314535822,0.10420708796870248,0.024661206811086817,FSH
True,0.0,0.9998793467103546,0.02187616421170662,0.017905605783297727,FSH
True,0.0,0.9860511600689834,0.19482294089317123,0.10092876320187331,FSH
True,0.0,0.9752475132149494,0.277768480011686,0.1525229964619748,FSH
True,0.0,0.9998566639272805,0.01562500812904301,0.008353815230923347,FSH
True,0.0,0.9908057575976467,0.11037012691581136,0.017253941351232743,FSH
True,0.0,0.9974094992246431,0.05610343768992325,0.008463542550673844,FSH
True,0.0,0.9752699723204359,0.26389502173526297,0.14518516856369043,FSH
True,0.0,0.9973692764220766,0.07723940322692802,0.039243105090341256,FSH
False,0.9178310561164185,0.8821708858342441,0.3958034997333823,0.049217009961226965,PGF
True,0.0,0.9798149832312674,0.22753547952126016,0.09912818032177882,FSH
True,0.0,0.946287984611984,0.2601103664775514,0.026560044314632148,FSH
True,0.0,0.9764092989557661,0.2638202920020761,0.1473145156831795,FSH
False,0.029626487560641016,0.9689350714006735,0.3172123466037147,0.15658797709163644,PGF
True,0.0,0.9768268791057884,0.25411267078142097,0.11344539791158535,FSH
True,0.0,0.9868546233083137,0.15990366758181734,0.05619549747781548,FSH
True,0.0,0.9506659587350214,0.24791827103959813,0.029559254751169908,FSH
False,0.01345299297434592,0.9209624979095405,0.3115987037958325,0.07309882716109205,PGF
True,0.0,0.9768683547290389,0.16898566065441864,0.018706127390642237,FSH
True,0.0,0.9789793346188055,0.24767552234452989,0.13482713751516104,FSH
True,0.0,0.9998993611676715,0.015798927105914958,0.013707111745011593,FSH
True,0.0,0.9679351242464249,0.20782043006499276,0.021167645153458474,FSH
True,0.0,0.9825787074627182,0.15976082933675614,0.022544520317356043,FSH
False,0.33377730514513787,0.9012782254734275,0.3577734632115072,0.035372402038698916,PGF
False,0.6977641384547855,0.8855592002698809,0.38353227750126206,0.0870462467028916,PGF
True,0.0,0.9991518083401191,0.03428068996855777,0.011249748894678236,FSH
True,0.0,0.9823961282810301,0.20636579406876981,0.07736490176655846,FSH
False,9.023350081843017,0.8561385229126022,0.5676267172276267,0.11059907293315743,PGF
False,0.7149303963022671,0.8841644816802857,0.3845535567733414,0.08659283142387945,PGF
False,1.6725971538176676,0.865125580251856,0.42932892769282777,0.08407948216695862,PGF
False,1.0836402517272463,0.8769935993481706,0.40409804281192063,0.06200130367828012,PGF
True,0.0,0.9719240545257807,0.21029729181076923,0.049972285233065586,FSH
True,0.0,0.9996686465764987,0.029925054908790254,0.02320881858154619,FSH
True,0.0,0.9990069930003469,0.04637079416950163,0.008667017042410052,FSH
True,0.0,0.9967508311671164,0.06394667525846659,0.010490847934131077,FSH
True,0.0,0.9989454986226165,0.04743075559670707,0.02312830859314378,FSH
True,0.0,0.9893084453271876,0.13335796847028286,0.036936649273666945,FSH
True,0.0,0.9999305484769702,0.012140430151472889,0.011383236102817926,FSH
True,0.0,0.9938606528155682,0.12350966063154022,0.06256473282179224,FSH
True,0.0,0.9880825011765356,0.15361617417471238,0.0343362502992276,FSH
True,0.0,0.9943520554023871,0.11723867132478429,0.0597878856391256,FSH
True,0.0,0.9817198241145949,0.21630632562410376,0.10511597084299806,FSH
True,0.0,0.990917090462146,0.13841152521130326,0.06652206750953772,FSH
True,0.0,0.9927022666218085,0.13198328295899397,0.06578081701912945,FSH
True,0.0,0.9995065133935445,0.0289488510158633,0.01997594595813986,FSH
True,0.0,0.997856831493171,0.06308796456971164,0.026238676758779618,FSH
True,0.0,0.9892789964904141,0.1448311647328912,0.045402694013744034,FSH
True,0.0,0.9755294860936174,0.24970065510928888,0.0822690630114145,FSH
True,0.0,0.9999106297328406,0.013850155708673834,0.013482645949187544,FSH
False,0.6862860956369048,0.8870916334578351,0.38284238623053446,0.05957387233728767,PGF
True,0.0,0.9931209133294542,0.12386501338164166,0.0645215066180441,FSH
True,0.0,0.9471216938891093,0.2559480017416454,0.027718254231081728,FSH
False,0.6205299689519889,0.9264939870476746,0.3724421540003203,0.03196841879875369,PGF
True,0.0,0.9699520230714213,0.29513537655394206,0.12038765907167066,FSH
True,0.0,0.9939333338576192,0.10297374616954555,0.02637599879835111,FSH
True,0.0,0.9963544333950218,0.09226643943677078,0.039001851767931583,FSH
True,0.0,0.9687792546014066,0.19051020811855807,0.025154809545816715,FSH
False,0.5013269380737447,0.8968898583779522,0.3708044446397078,0.03084158213370087,PGF
False,11.579195309517159,0.7718061078092214,0.639519312078494,0.13433298510522348,PGF
True,0.0,0.9942613198994671,0.097525895750553,0.013427682278492031,FSH
True,0.0,0.9893874172851296,0.1513204155543982,0.047389721253620155,FSH
True,0.0,0.9996744502458009,0.022290633620052933,0.016903802317895195,FSH
True,0.0,0.9816846506785432,0.14508830187351138,0.030221160951507335,FSH
True,0.0,0.9998523716797628,0.016412099874346713,0.009456717598420799,FSH
True,0.0,0.9869255013811411,0.18077860674397495,0.08887776377646606,FSH
True,0.0,0.9986749921357522,0.046584334946348976,0.014243096078400711,FSH
True,0.0,0.979312493098096,0.2208151179573183,0.07883781563669935,FSH
True,0.0,0.9737189686627876,0.27716128124186257,0.14496188798170917,FSH
True,0.0,0.9998506009632087,0.02370170319703817,0.013042268003729469,FSH
True,0.0,0.96800324783713,0.2030631400283725,0.034789387965151186,FSH
True,0.0,0.9991928813270949,0.041420665209904305,0.009523207219516772,FSH
True,0.0,0.9998500698709456,0.01978129158054104,0.011806636802082085,FSH
True,0.0,0.9993230952946259,0.030988262356827872,0.006292251921839925,FSH
True,0.0,0.9808233073406333,0.2401327401263649,0.12971819891182312,FSH
True,0.0,0.9864502680173979,0.19156575552470756,0.0943660366073062,FSH
False,0.6553445936909591,0.8910692216355006,0.3809533565512239,0.06862230706135188,PGF
True,0.0,0.9807192820927803,0.17554079713558277,0.04886268037463169,FSH
True,0.0,0.9823823752007035,0.16079139848788174,0.034348966671812385,FSH
False,0.0020394002547443877,0.9227085149499729,0.30451597193829233,0.04162818411861235,PGF
True,0.0,0.9802364335070944,0.1711866817175946,0.034292964338792566,FSH
True,0.0,0.990259981313901,0.1111704391268672,0.022813305437306183,FSH
True,0.0,0.9807081972362576,0.22497402402318487,0.114774617520886,FSH
True,0.0,0.9974807262076154,0.06844412511534619,0.012461805398506436,FSH
False,1.7684688947799552,0.8674507604819477,0.4329837920492552,0.05497141927584094,PGF
True,0.0,0.997161899244604,0.07528997382085484,0.03077774575951523,FSH
True,0.0,0.9997233294224379,0.026967221908785578,0.018225095804116173,FSH
True,0.0,0.9760599948220681,0.25506790591948136,0.10254982459823207,FSH
True,0.0,0.999856654671484,0.02142375661766537,0.013186602623862538,FSH
True,0.0,0.9998618123547324,0.016536319481510835,0.007632440151215181,FSH
True,0.0,0.9728761999403318,0.27675841719189,0.11935352142999622,FSH
True,0.0,0.9807025899752119,0.2267570001860644,0.11727654446635025,FSH
True,0.0,0.9942677706941127,0.1005133908659474,0.02252159223545088,FSH
True,0.0,0.9751848920530712,0.27444285362690624,0.16200606737889597,FSH
True,0.0,0.9947481779360315,0.12716634735369772,0.07291139123192653,FSH
True,0.0,0.9984695828028353,0.044755685800030975,0.008801651512767867,FSH
True,0.0,0.9997568609911219,0.02312237438338944,0.007878485303848907,FSH
True,0.0,0.9782394527645837,0.23758854514306876,0.12685349141338798,FSH
True,0.0,0.9563935659024521,0.2329752582549318,0.03468690974108876,FSH
False,0.017427037336565435,0.9248820565173537,0.31320115045614033,0.063568909970742,PGF
True,0.0,0.9974166737525908,0.07486704319838375,0.030561738577703508,FSH
False,0.014664594639627883,0.9696064530764767,0.31210974592616536,0.15257346675119374,PGF
True,0.0,0.9887269185993434,0.15957659096761018,0.0833839302565988,FSH
True,0.0,0.9818536150438852,0.16148223297584144,0.03510266275786729,FSH
True,0.0,0.9422180075206178,0.26211035667681176,0.03202347122448059,FSH
True,0.0,0.9972753972315075,0.07363738510368123,0.01259951824734093,FSH
True,0.0,0.9875158274481983,0.16173121375086238,0.03477577471258752,FSH
True,0.0,0.9978722348950327,0.05545025844287541,0.015033250695024486,FSH
True,0.0,0.9991944462630639,0.04209979849287378,0.0321552509438333,FSH
True,0.0,0.9851882910464599,0.19267737928077533,0.10953539139546563,FSH
True,0.0,0.9882390496949249,0.13496956489502712,0.006268636293961073,FSH
True,0.0,0.999265994586683,0.03232500465899342,0.011804988922041772,FSH
True,0.0,0.95029160689831,0.2418505014416927,0.034375181380255436,FSH
True,0.0,0.9986364214115576,0.04481820143205439,0.009611281381617012,FSH
True,0.0,0.9780431943898916,0.2610150582868245,0.15551976162475395,FSH
True,0.0,0.9770029165099609,0.178801323307626,0.01802734610015674,FSH
True,0.0,0.9411983240169775,0.27649351675702794,0.02186128081607516,FSH
True,0.0,0.9822416449257851,0.229380669195193,0.1349406768865206,FSH
False,0.017726898711241695,0.9224948439326782,0.31331424001257363,0.052615513617613144,PGF
True,0.0,0.9982892043437426,0.05055304807163201,0.012964824748488729,FSH
True,0.0,0.9882502262680695,0.16784140550590154,0.055428645040218626,FSH
True,0.0,0.9992743259038718,0.035370674963045405,0.011218497650287955,FSH
True,0.0,0.9775840322264122,0.16470097005449771,0.027233943983166017,FSH
True,0.0,0.9994563747182942,0.03294284555448566,0.013828630513488014,FSH
True,0.0,0.9980908688441406,0.06084826645151117,0.015023611052076676,FSH
True,0.0,0.9994750425396837,0.0387208252154021,0.023428126112918172,FSH
True,0.0,0.9476444379608621,0.25392615070057967,0.024757321438577125,FSH
True,0.0,0.9494223820702865,0.24630544966155876,0.028858606111846364,FSH
True,0.0,0.986334603103426,0.1478256628248371,0.015124117190026067,FSH
True,0.0,0.9996472673168417,0.027088617875340067,0.012112596954396268,FSH
False,0.323697777314593,0.8947070456881978,0.35689444413249793,0.056625051570810034,PGF
True,0.0,0.9863980735670053,0.1261048334529938,0.01513016105802885,FSH
True,0.0,0.9993956204854118,0.049987899802201766,0.03812214392200371,FSH
True,0.0,0.9847758130696609,0.1922870569633998,0.10280546816569912,FSH
True,0.0,0.9826870275792685,0.1455006389325127,0.024367984269909167,FSH
True,0.0,0.9955966431296294,0.08087109776784858,0.009453764619866667,FSH
True,0.0,0.9957667433146847,0.07981960196320699,0.020509166752187825,FSH
True,0.0,0.9998495267196625,0.02342748842469669,0.014893409432608484,FSH
True,0.0,0.9817962313316259,0.21958497548451872,0.10790899924377921,FSH
False,4.5186197926780425,0.8288784990952193,0.5125704540306117,0.08694039087296801,PGF
False,1.0336658951109199,0.8821954985972001,0.40166936092603905,0.086064944330961,PGF
False,8.631257631094424,0.794454824315633,0.5937900207817554,0.15596223506046267,PGF
False,7.649620104761504,0.8017048386800101,0.5765794660628569,0.15289751022526768,PGF
True,0.0,0.9456034021890806,0.24918885057345871,0.038869597722541734,FSH
True,0.0,0.9543319105283624,0.24092072259766525,0.01671871503041039,FSH
True,0.0,0.9917984229712108,0.10036516369428422,0.02116873305510277,FSH
True,0.0,0.9802298498670082,0.21968608119622268,0.09193441627052923,FSH
False,0.019834683283363037,0.9226773886084155,0.3140835660552869,0.03153473667516648,PGF
True,0.0,0.9930625834149686,0.09131910766518392,0.015079264831730391,FSH
True,0.0,0.996935100670073,0.08080133410088623,0.03587785525213333,FSH
True,0.0,0.9990104527815127,0.041215118177666495,0.014612946015300981,FSH
False,0.004994791639260214,0.9687027829305748,0.3070673839850826,0.10142346157504625,PGF
True,0.0,0.9995225780331445,0.028850406753217248,0.01263129010074031,FSH
True,0.0,0.9816877317733657,0.21434283707196225,0.09665347959397075,FSH
True,0.0,0.9839662530095622,0.19892161686350204,0.0990254922411719,FSH
True,0.0,0.9849868066363998,0.14059859289663335,0.023734175154464406,FSH
True,0.0,0.975971708442737,0.2796140429628502,0.16849680246261606,FSH
True,0.0,0.9820564848252449,0.22281782338113107,0.10963872912009374,FSH
True,0.0,0.9760088075268636,0.1878734614225178,0.011168003301171696,FSH
True,0.0,0.9866041984138882,0.17647464107494662,0.06589551399779203,FSH
False,0.08229667557150636,0.9159459132509014,0.32868739715824813,0.03518232815090326,PGF
False,0.0004341531435607403,0.9693757855361013,0.30208363418948897,0.11772229968828338,PGF
True,0.0,0.9937671821255607,0.10289747468761792,0.03111844620897728,FSH
True,0.0,0.9818055331503316,0.20995747900212247,0.07898350701730217,FSH
True,0.0,0.9889377834833949,0.18645589396168957,0.10714747079447312,FSH
True,0.0,0.9790255319862327,0.2347763411157236,0.11238035985509776,FSH
True,0.0,0.9863632135852312,0.18568521584400377,0.07842137927444237,FSH
True,0.0,0.9825212178013234,0.1534669924320099,0.012306316254841332,FSH
False,1.3297816699218492,0.8754561197054759,0.4153161597488335,0.09716460240455367,PGF
True,0.0,0.9699353803877714,0.18274692775386514,0.03387768502424658,FSH
True,0.0,0.9989457434036595,0.057533211940369984,0.023011699400268093,FSH
False,1.8824356861550355,0.8627053246623511,0.4372018835933033,0.06385646822334215,PGF
True,0.0,0.9887244969924066,0.11910667617418695,0.018953875677486968,FSH
True,0.0,0.9998906773716915,0.015429060088062408,0.007179293419922739,FSH
True,0.0,0.9732637235446433,0.2922483557162712,0.17193645212664938,FSH
False,3.7117335815235415,0.8363332915698495,0.49265859912092014,0.1007369776933247,PGF
True,0.0,0.9947563798055115,0.08498640781558514,0.009665665467186653,FSH
False,0.9380425966781057,0.8803995347410416,0.39685259917411125,0.05226224874988364,PGF
True,0.0,0.9919675880742468,0.13911955542102084,0.07103933922905192,FSH
True,0.0,0.9898795754593667,0.11320487664174539,0.01129114000817769,FSH
False,0.23203958278882184,0.9080561876107736,0.34817048710453546,0.024083978446432404,PGF
True,0.0,0.9992185917842132,0.04215301348448088,0.04150528140816338,FSH
True,0.0,0.9827803051457429,0.2185008633097822,0.12495917228189292,FSH
False,7.398293247838822,0.8025275669505139,0.5719980376370172,0.1155719386861075,PGF
True,0.0,0.978722469846286,0.23981800820521915,0.12480423402136553,FSH
True,0.0,0.9529532004708225,0.29897467528004545,0.03476691233482744,FSH
True,0.0,0.9960181801566876,0.08796591032335235,0.023036799282865703,FSH
True,0.0,0.9913871892076185,0.1374671935766053,0.060050730833977654,FSH
True,0.0,0.9760177569359441,0.24406727366142722,0.09638709746377837,FSH
True,0.0,0.9981576974817631,0.069396183070898,0.028659639019244888,FSH
True,0.0,0.9658362401921718,0.21941653619509033,0.015374375752217987,FSH
True,0.0,0.9868003985545756,0.19037166022786678,0.0891948131787504,FSH
False,0.0038631742442510977,0.9702157680898434,0.30621544386528515,0.14948106833334826,PGF
True,0.0,0.9845353523040907,0.14110854820349503,0.025147645627026382,FSH
False,0.11792423458838404,0.9335853450283466,0.3318960488519871,0.042991878402506914,PGF
True,0.0,0.9993454816002304,0.035857809792355595,0.014822663949428728,FSH
True,0.0,0.9994504663599806,0.028570331886115435,0.017722309423825456,FSH
True,0.0,0.9985860861615151,0.06754399831353788,0.03542416566855691,FSH
True,0.0,0.9823135219034107,0.16618429707760884,0.03785765867519563,FSH
True,0.0,0.9487731439739344,0.25547469165113307,0.03421005782303462,FSH
True,0.0,0.9745134590828325,0.27978948667766884,0.15705893016237643,FSH
True,0.0,0.982265037482888,0.22794400206955368,0.12742441169640611,FSH
True,0.0,0.9436260893162598,0.261697322678157,0.033521471643196195,FSH
True,0.0,0.9835538610371731,0.20963394338140154,0.12179997016646364,FSH
True,0.0,0.9844576951686481,0.1364289482680946,0.017998221914615444,FSH
True,0.0,0.9558337433339225,0.24749717573747473,0.03527246025968201,FSH
True,0.0,0.9933985203363088,0.12940571347246202,0.06848265731110162,FSH
True,0.0,0.9998935463404998,0.014099164576603627,0.00793279415907581,FSH
False,0.3351330680224528,0.9003296228156557,0.35789067869894536,0.07809856336387927,PGF
True,0.0,0.9750856414684266,0.27640732622845293,0.15473059330833755,FSH
True,0.0,0.9998458177394544,0.025128280730692194,0.01701100635177736,FSH
True,0.0,0.9741417038865803,0.28045037158097247,0.15240355433661923,FSH
True,0.0,0.9885000528622673,0.13107306752037085,0.014799749395156634,FSH
True,0.0,0.9938089503385674,0.1104548779803118,0.04764173735056615,FSH
True,0.0,0.9984653861009801,0.058370141256310876,0.02137571119503259,FSH
True,0.0,0.9962319805663294,0.07085819576428107,0.018253671873453423,FSH
False,0.0035934031594308437,0.9716864175853644,0.3059945001121285,0.17491658564240095,PGF
True,0.0,0.9958126302800112,0.10754659527016557,0.05567210305556451,FSH
False,0.6421997884776784,0.8911426517478943,0.3801373688411142,0.04382262027042302,PGF
True,0.0,0.9997998613475301,0.019676430375717008,0.01431857416061613,FSH
True,0.0,0.9936343905673516,0.11286947427353726,0.033509546344986436,FSH
False,0.0006435974770113414,0.9731390105214109,0.3025369223027348,0.18756942066826116,PGF
True,0.0,0.999898380562799,0.015338537230545084,0.011764365128013222,FSH
False,0.23022733106327015,0.9619847758897055,0.34798201028127834,0.20667503578616686,PGF
True,0.0,0.9512313032443117,0.2598973395629697,0.022952186426699488,FSH
True,0.0,0.9947215181468247,0.07772157888465843,0.028403557710743144,FSH
True,0.0,0.9743451696419682,0.27236093278834267,0.14408146486246523,FSH
True,0.0,0.9984906538966829,0.055117831630235335,0.014668368554013298,FSH
True,0.0,0.9937176130040697,0.09917729777588383,0.010305935021676338,FSH
True,0.0,0.9825913081003101,0.21969404355001826,0.09942723428186519,FSH
True,0.0,0.9890561167293607,0.14233992715355354,0.04802608583357193,FSH
False,1.098793097917849,0.8787562058312623,0.4048233322270309,0.08841128127108837,PGF
True,0.0,0.9924458895602928,0.10757270636037543,0.027509089109835728,FSH
True,0.0,0.9744862628865701,0.1988806141866036,0.04085913978599851,FSH
True,0.0,0.9999471722817659,0.009647091315969409,0.004142495568631605,FSH
True,0.0,0.9996510692054341,0.02523693537893361,0.020153264639465263,FSH
True,0.0,0.9844845438938644,0.13998348734405505,0.019818525182931458,FSH
True,0.0,0.9878361604518121,0.13867664639369834,0.011959753116591226,FSH
True,0.0,0.984720158098154,0.1440290674580522,0.015271884091615957,FSH
True,0.0,0.9551992084439112,0.2474049306336129,0.011978595921149176,FSH
True,0.0,0.9998743917452765,0.015036622915865935,0.013241875391911627,FSH
True,0.0,0.9960616190960362,0.0906456919562576,0.03751349290464018,FSH
False,2.149663165047968,0.858277542046465,0.4466172965597159,0.08210936377926237,PGF
True,0.0,0.986070316344179,0.1786416196337561,0.07373335666491623,FSH
True,0.0,0.9906840511326891,0.14803392456505934,0.07959517392853584,FSH
True,0.0,0.9826590748650373,0.20815322863972494,0.08076817620636229,FSH
True,0.0,0.9974883138540241,0.0940285255823514,0.055106683734183905,FSH
True,0.0,0.9420362937427614,0.2690634492956031,0.04535458566340244,FSH
True,0.0,0.9955776439260715,0.07457008905526678,0.017220423341292666,FSH
True,0.0,0.9443712150753748,0.28219372733716297,0.02475507247780544,FSH
True,0.0,0.9731104732920205,0.29786292886093835,0.1604081489912197,FSH
False,0.04383373644048513,0.9501317065331163,0.3209365079324335,0.07816718263373641,PGF
True,0.0,0.9807522287183446,0.16381741927961402,0.02678365733196299,FSH
True,0.0,0.9968004899542569,0.08434823131175181,0.032182587803455044,FSH
True,0.0,0.9665187594184942,0.2180087186420913,0.014156685608314536,FSH
True,0.0,0.998695418640905,0.048923472851686356,0.018105618552821556,FSH
False,5.338647833530393,0.8211123888143197,0.5310551413306008,0.12334595384321745,PGF
True,0.0,0.9856710373957551,0.17996444465481867,0.048611750709042605,FSH
True,0.0,0.9972978671274205,0.07557944538969032,0.03450995375738453,FSH
True,0.0,0.996242367749185,0.0927785456619193,0.02515227749613515,FSH
True,0.0,0.9875395633048012,0.16526116592761625,0.05890546723227122,FSH
False,0.002311045719746153,0.9735864437466735,0.304807333689007,0.18642192744303787,PGF
True,0.0,0.9798877191058422,0.1615615000422472,0.02155653193454866,FSH
True,0.0,0.9908424206835528,0.1608577717578687,0.08949330083906873,FSH
True,0.0,0.9996747427478706,0.027929190419466503,0.015474079570367087,FSH
True,0.0,0.9885177709988043,0.13488984542228719,0.03003859303469919,FSH
True,0.0,0.9960156047585126,0.08074583038414543,0.026613416646113105,FSH
False,5.812163671867862,0.8183156961250618,0.5410842938033886,0.14659720185790992,PGF
True,0.0,0.9824610877758668,0.20931133733812962,0.11254867020730518,FSH
False,0.026715818165205556,0.966708169151971,0.3163449742016332,0.11103119219352066,PGF
True,0.0,0.9813988372592494,0.1607390183373263,0.012202443451642519,FSH
True,0.0,0.9988704750923691,0.041305146297337565,0.013142947096980011,FSH
True,0.0,0.9988855717541424,0.03985924349364703,0.013796857123844286,FSH
True,0.0,0.981398649573679,0.16745278274569317,0.03327348467388597,FSH
False,0.01666516847526656,0.9685032443271683,0.31290936422728344,0.13172882067804717,PGF
True,0.0,0.9907445038881519,0.15486132407387582,0.08438564255486704,FSH
True,0.0,0.9335635139842532,0.28396369427699275,0.043668713532298876,FSH
True,0.0,0.9925353370534555,0.12408985913158349,0.05053785129259795,FSH
True,0.0,0.9938353854308523,0.09155161898107904,0.02693952032801375,FSH
True,0.0,0.9784215814398419,0.24209072511633237,0.11353085426040845,FSH
True,0.0,0.9993374853155848,0.039938675981354976,0.014006710950717665,FSH
True,0.0,0.9994805123382158,0.04296499496244117,0.026194285864582237,FSH
True,0.0,0.992523718639611,0.11923518537046437,0.03596258174343847,FSH
False,4.633305118432415,0.8289476071530845,0.5152511351522313,0.08970024700171562,PGF
True,0.0,0.9782241440343453,0.2441580622014347,0.1375543250338219,FSH
True,0.0,0.9975737040446101,0.06678020192783787,0.006299532108540211,FSH
True,0.0,0.9339614058907632,0.2938140899717932,0.026714650569582995,FSH
False,0.6724870740660871,0.8845018252433647,0.3820053092223965,0.07991329599898386,PGF
True,0.0,0.9419425357242259,0.27559193068172927,0.04261425425909109,FSH
False,0.048855687588987444,0.9166641639491754,0.3221033227341473,0.050837219275284444,PGF
False,0.015096610058176004,0.9211879388523666,0.31228682630225396,0.048034897594428985,PGF
True,0.0,0.9908854477717293,0.1453586058667539,0.05412007466358965,FSH
False,6.600027367641943,0.8092235073073033,0.5569051842147593,0.09226764220228843,PGF
True,0.0,0.9751813917552574,0.17940657517387215,0.016805221863534996,FSH
True,0.0,0.9712693419346198,0.2943779547506565,0.1382128097173703,FSH
True,0.0,0.9758057910078983,0.1869326839696978,0.026907906596198575,FSH
True,0.0,0.999836463459286,0.020071508094752,0.012224784772837177,FSH
True,0.0,0.993923943401749,0.11514255760865051,0.04213420164812962,FSH
True,0.0,0.9571866178286457,0.23339555601518783,0.012557037899117577,FSH
False,1.5723674412664115,0.8696716470849638,0.42539407646561345,0.1159521984708256,PGF
True,0.0,0.9964777818018639,0.08756291316525984,0.039984317904799754,FSH
True,0.0,0.9447268934238205,0.27944827199989086,0.02467443392607733,FSH
True,0.0,0.9763695458763956,0.17667698154650505,0.012573773527457987,FSH
True,0.0,0.9855844932172839,0.20202770343633714,0.11592944502801097,FSH
True,0.0,0.9480074555281526,0.25341531506784737,0.028920598581426593,FSH
True,0.0,0.9874642295821617,0.16462677708280166,0.07069271285951634,FSH
True,0.0,0.9757501951718149,0.27364526530544514,0.15380374739403704,FSH
False,5.380106656532883,0.8203328220296117,0.5319505692282923,0.1226335876160471,PGF
False,0.5028156821090438,0.8960555442807787,0.37090949739696677,0.0714263658147236,PGF
True,0.0,0.9986774048396981,0.05282691938887777,0.01041651974333698,FSH
True,0.0,0.9982158760057255,0.05308447148331577,0.013858384601838424,FSH
True,0.0,0.9730157349621793,0.2910319480182621,0.15652275129890064,FSH
True,0.0,0.993079024194449,0.11691930899049997,0.0408217750566372,FSH
True,0.0,0.9911723902514255,0.1386736978971418,0.04663103130633089,FSH
True,0.0,0.9950775005668715,0.09412927900009767,0.011021521596675974,FSH
True,0.0,0.9709848379128285,0.2973840419910845,0.139934138471963,FSH
True,0.0,0.9340335867595595,0.2853635554486367,0.0362216205078699,FSH
False,1.3335013180567257,0.8755383545473499,0.4154773275607262,0.036590900562065265,PGF
True,0.0,0.9954497671219363,0.09868229538593067,0.026751367839165863,FSH
True,0.0,0.9947469762354395,0.10864609258489923,0.05324309482354066,FSH
True,0.0,0.9989889533111715,0.0561398541485309,0.022954178056217987,FSH
True,0.0,0.9989164553776247,0.04870821957692193,0.02418194442795658,FSH
True,0.0,0.9871390764403821,0.17350497261868,0.07397767449364737,FSH
True,0.0,0.9687964176228855,0.20493185154330337,0.022399123671646447,FSH
False,0.9402844711246536,0.8831640940158835,0.3969682665166627,0.0747353292233438,PGF
True,0.0,0.9769912693584084,0.24352704809993062,0.10299247061251694,FSH
True,0.0,0.9486146970248527,0.26108314520486187,0.016012749459260074,FSH
True,0.0,0.9972496497776845,0.09198945739582222,0.050461648773273665,FSH
True,0.0,0.9961297504058455,0.1134545609199138,0.0656256685817697,FSH
True,0.0,0.9843210884931833,0.20204338127101096,0.11422847596554563,FSH
True,0.0,0.9953443743822459,0.07902961722625644,0.012010022276656485,FSH
True,0.0,0.9818496064474828,0.16136154405228034,0.028829911767913722,FSH
True,0.0,0.9922111642810598,0.1428371937106237,0.07338165546429096,FSH
False,4.288176543762088,0.8317321438452954,0.5070791284451933,0.11626721134470343,PGF
False,0.5851552329620328,0.8880403026163416,0.3764954399269677,0.06119768519868854,PGF
False,0.02863054771243973,0.9686028047580969,0.3169205637354196,0.14165469418902613,PGF
False,1.4772853159862869,0.8700299525867181,0.4215436265703096,0.06750854104933061,PGF
False,0.6746184640749047,0.8903339210034774,0.38213516080674004,0.07398482490888911,PGF
True,0.0,0.9775036875996846,0.2559104661697435,0.12132425589953268,FSH
True,0.0,0.9940715420385763,0.09840970451641784,0.011636830403082542,FSH
True,0.0,0.9706678928559593,0.1991946949386875,0.022068546022948127,FSH
True,0.0,0.9774338248664224,0.2429065808110062,0.11813652680006162,FSH
True,0.0,0.989699010106703,0.11404029722835206,0.02050414006123008,FSH
True,0.0,0.979211949960455,0.2347837514469405,0.10790771725114509,FSH
True,0.0,0.9752199976362302,0.25837088779814665,0.1180009848398122,FSH
False,2.468041415009592,0.8540711321457548,0.4571000132084524,0.06451551457209133,PGF
True,0.0,0.9950160151121873,0.09987472273862953,0.025047209902028193,FSH
True,0.0,0.9970410881689145,0.08869852218355129,0.046707000313328084,FSH
True,0.0,0.9995077295435089,0.027824624344404053,0.010773203238197094,FSH
False,0.29873440256842204,0.8996743126623802,0.354656600934235,0.06722032325612495,PGF
False,0.04576167653450767,0.9692072221546351,0.3213919789955272,0.14492390809516115,PGF
True,0.0,0.9895023803090928,0.1647924148402599,0.08076009450084744,FSH
False,0.004855446341106667,0.9706724936338726,0.30696810328648094,0.15096815471602013,PGF
False,0.0010500312591856997,0.9284808895233819,0.30324041858281564,0.021544963790287443,PGF
True,0.0,0.9901140429466422,0.13713828891642874,0.02756083137432549,FSH
True,0.0,0.9973895825614516,0.06768854959122918,0.026538151241798896,FSH
True,0.0,0.9833774227134995,0.1395248035049288,0.02748065883302243,FSH
False,0.1273081985700311,0.9420809942398742,0.3356802744622335,0.03678239471005551,PGF
True,0.0,0.9722148243888291,0.26563934554255986,0.08140445302822216,FSH
True,0.0,0.9953254848187698,0.09005505190162771,0.02736557132903561,FSH
True,0.0,0.9999641370495851,0.009594629416159538,0.007089758063040501,FSH
True,0.0,0.9838337620581343,0.20483538250405672,0.10198347991180506,FSH
True,0.0,0.9754422512456866,0.18179704217898265,0.016506856714307596,FSH
True,0.0,0.9992505808525808,0.03861823074254941,0.007394141899342544,FSH
False,1.6692194776113007,0.8680322380298591,0.4291982769858523,0.09610496763197236,PGF
False,1.5281807665131901,0.8690760896625821,0.4236196087404094,0.10364866624354063,PGF
True,0.0,0.999938013850236,0.014317847722474178,0.009744730795591329,FSH
True,0.0,0.9991285912818264,0.052698568162192774,0.03777445922004784,FSH
True,0.0,0.9867396009223436,0.18581884493954903,0.10415061376061972,FSH
True,0.0,0.9985824521362453,0.05023432914660402,0.019604504061877276,FSH
True,0.0,0.9819461528485733,0.15181490185591728,0.009838989082520311,FSH
False,0.6033841072947774,0.8909643680635929,0.3776778029616426,0.06004127471149219,PGF
True,0.0,0.9896382858404769,0.14566180890967356,0.04221934409791017,FSH
True,0.0,0.9832715649535148,0.15430757452178376,0.014317276575443051,FSH
True,0.0,0.9978150984527195,0.06280897314325348,0.02392827896562995,FSH
True,0.0,0.9991572263508339,0.03569771153059802,0.008991917220283112,FSH
False,0.09230093446679029,0.9677931910295403,0.33038106885328267,0.16706318412900703,PGF
False,0.797793047954108,0.887128235625811,0.38931926152595014,0.03634228505317836,PGF
False,0.006338025582672056,0.922978979220967,0.3079611717621667,0.043219998799142546,PGF
True,0.0,0.9636166750790817,0.21138831835872227,0.019530919984550945,FSH
True,0.0,0.9747205039387088,0.1777624259913591,0.028237450378958084,FSH
True,0.0,0.9918015458029874,0.1306657432117217,0.035128948254411006,FSH
True,0.0,0.9905019301792801,0.15510461755116764,0.08231293054153137,FSH
True,0.0,0.9725999812235987,0.1995272507107404,0.013521616301572965,FSH
True,0.0,0.97972598789362,0.21634264235799608,0.08886839904305666,FSH
True,0.0,0.9871228495811283,0.12795998750042697,0.02002128979596206,FSH
False,0.0006166211238180822,0.9289320960763541,0.30248318570352295,0.022308388961948283,PGF
True,0.0,0.9870625827629363,0.1643635074711374,0.05023281843578666,FSH
True,0.0,0.9993784531833758,0.033148047475681036,0.02681505440343651,FSH
False,2.866544041564105,0.8467519415974084,0.4693087133482534,0.09178693205880496,PGF
True,0.0,0.9624463328633843,0.2201048485127709,0.024435972896094747,FSH
True,0.0,0.9951994913142045,0.10074002626965704,0.030702748562448635,FSH
True,0.0,0.9778327516891863,0.25464155707036445,0.12676551687488113,FSH
True,0.0,0.9396223384089467,0.28191670875735825,0.019079251190455702,FSH
False,0.2507831125573662,0.9552690319974129,0.35007825002507237,0.17145823067514365,PGF
True,0.0,0.9528458340503473,0.24579324254488533,0.02363567897156496,FSH
True,0.0,0.9828792276435155,0.1966870729760483,0.06888185460185077,FSH
True,0.0,0.9807845747833671,0.182492720229895,0.05525286539921476,FSH
False,2.8009020862611766,0.8511767832695136,0.4673589581188045,0.11321695359953475,PGF
False,4.559697318181532,0.8303175475418443,0.5135344777355997,0.07736903322857604,PGF
True,0.0,0.9865181414946129,0.14116305904070495,0.0319492332613678,FSH
True,0.0,0.9602938173997204,0.21836351124559536,0.02749544046166228,FSH
True,0.0,0.9614180614601318,0.22532864791700008,0.01786949341771158,FSH
True,0.0,0.9933449076304667,0.11672651711553253,0.052794072527484665,FSH
True,0.0,0.9938944128589262,0.0972920221279442,0.013720832101190537,FSH
True,0.0,0.9944995570224786,0.11895100405027483,0.04944918227882963,FSH
True,0.0,0.9738618398734215,0.29081938416177194,0.1536421152444491,FSH
True,0.0,0.9932979353361657,0.10313904369931823,0.015853699564169762,FSH
True,0.0,0.9941542915883504,0.09016881818802538,0.01858232648814064,FSH
True,0.0,0.9497552068628179,0.26300455940396933,0.021416132721860312,FSH
True,0.0,0.9791817317105638,0.2301907095733298,0.11228005497914259,FSH
True,0.0,0.98251539027644,0.21371467359836294,0.1183996327643305,FSH
True,0.0,0.9984990928862425,0.0642070163064153,0.04615518715392588,FSH
True,0.0,0.9998102210001878,0.0188640821271634,0.010151937697739186,FSH
True,0.0,0.9534021730518335,0.24130696685613853,0.01956088454669703,FSH
True,0.0,0.9720447846322604,0.2880694696304755,0.12436289049849529,FSH
False,6.224870216220055,0.8133123202450302,0.5494968981013603,0.09886323322738977,PGF
True,0.0,0.9967428471959213,0.07368581564965387,0.019493409253951106,FSH
True,0.0,0.9371999604651496,0.27911306667570784,0.03944758695022709,FSH
True,0.0,0.9845243472291532,0.1975661929380071,0.09883890679988669,FSH
True,0.0,0.9687321759616976,0.21783462249324734,0.036810391562474606,FSH
True,0.0,0.9993508139080248,0.04531446640851531,0.03163206596080306,FSH
True,0.0,0.939566156038118,0.2680774057943203,0.033030745325077854,FSH
True,0.0,0.9996494562128078,0.03021331897904801,0.02236406343444624,FSH
True,0.0,0.9953327049390069,0.08817671242535677,0.019650218316303914,FSH
True,0.0,0.9993898035410267,0.04315304380618217,0.025698961484178624,FSH
True,0.0,0.9898443933002496,0.15662939109174695,0.07131083136000667,FSH
True,0.0,0.9779719538312446,0.17136853950926934,0.02263579786982927,FSH
False,1.05035437280066,0.8771516818159725,0.4024867978229713,0.0802516161756765,PGF
True,0.0,0.9987931107771982,0.04627441506951969,0.009646382666453086,FSH
True,0.0,0.9934850643136993,0.09301245196509556,0.021043066780444104,FSH
False,4.525100344972151,0.8299379883722817,0.5127228324598032,0.08563129381713917,PGF
True,0.0,0.9909557182778702,0.10729712961735488,0.023117576655291225,FSH
True,0.0,0.9883967743326009,0.13599906261248182,0.026900003909774452,FSH
True,0.0,0.9972230218964826,0.06765707025749763,0.011342088153380427,FSH
True,0.0,0.983865420928382,0.16903409143044246,0.05267914675128122,FSH
False,0.03728411431310327,0.9713003712653546,0.319309094829407,0.1899293716663259,PGF
True,0.0,0.9776663656226809,0.1675412374260362,0.027480852190367656,FSH
False,0.24282283114234526,0.9018603241833411,0.34927705664326403,0.04970215092845326,PGF
True,0.0,0.9346515060817059,0.28566028317308556,0.02751346035170273,FSH
True,0.0,0.9956825391230043,0.1057229430791071,0.058094779921530275,FSH
True,0.0,0.9836807551154548,0.20341794045445538,0.09611307803093198,FSH
False,1.9701276603688054,0.8614525108999935,0.4403612361148478,0.09193905105676159,PGF
True,0.0,0.9838707512013436,0.20140271141588084,0.10850314566087293,FSH
True,0.0,0.9903903728649892,0.1389196967659112,0.05718210479721272,FSH
True,0.0,0.9835805069796584,0.15278064958247758,0.029922119973754647,FSH
False,4.312897990263351,0.8318678125633764,0.5076751788313507,0.07817036810335436,PGF
True,0.0,0.9743399536953674,0.2789070114434829,0.15041396965723022,FSH
False,0.9951171669333967,0.8789420696898894,0.3997555595911023,0.06921840643409922,PGF
True,0.0,0.9821819665195497,0.17386530348332888,0.04910299179847061,FSH
True,0.0,0.9787352696286905,0.2427555687196045,0.11020870164052836,FSH
False,0.18177445008253387,0.9478307244008478,0.3426350149621803,0.11867674348901787,PGF
True,0.0,0.9613975047732002,0.213675789576269,0.026618949564743408,FSH
True,0.0,0.9721618022714774,0.1890170278815656,0.016078811678192067,FSH
True,0.0,0.9366545119400087,0.28573498790413054,0.020649973844410145,FSH
True,0.0,0.9876199476665922,0.17433178000809255,0.09716183170031231,FSH
True,0.0,0.9946583598590675,0.10215241957072498,0.04678065522476823,FSH
True,0.0,0.978506834917124,0.24152417220143096,0.09721979059314871,FSH
False,3.7550807442167065,0.8369713748946815,0.49378030715778903,0.08919331485226932,PGF
True,0.0,0.9719936817904926,0.192654398537376,0.01884665903261165,FSH
True,0.0,0.9997250724628761,0.02409999011520413,0.0190659687951055,FSH
True,0.0,0.9317308214500707,0.28123282927460497,0.03442349699075947,FSH
True,0.0,0.9271047662160246,0.29302803365804236,0.04585390203436342,FSH
True,0.0,0.9925702090242551,0.12316309445560633,0.03912128466786101,FSH
True,0.0,0.9909668474361502,0.14471547136083585,0.0712033480429855,FSH
True,0.0,0.9940228015212338,0.10013423426400195,0.022084397207788,FSH
True,0.0,0.9968850327230107,0.07249983762568707,0.010686237008463538,FSH
True,0.0,0.9869865521770895,0.16433499643059832,0.05874693066016487,FSH
True,0.0,0.9996163775028485,0.02349944149372933,0.00889961209298558,FSH
True,0.0,0.9608138008964494,0.22756097809587683,0.020729130453655133,FSH
False,0.9899999443277754,0.8801053038777367,0.3994987409130274,0.07596070814195506,PGF
True,0.0,0.9912064987810253,0.12169442362625618,0.011556214178056332,FSH
True,0.0,0.9969070877404457,0.07030218689912686,0.007762286879843968,FSH
True,0.0,0.990225149103342,0.13367436426080168,0.04499967550023764,FSH
True,0.0,0.9846403731855082,0.19552003415615496,0.09952432682277712,FSH
False,3.606325208247463,0.8405413098441582,0.48990327033117315,0.11082691975319958,PGF
True,0.0,0.9525850334344045,0.2426493521783661,0.0565983393652931,FSH
True,0.0,0.9910072147240069,0.13523240683500426,0.04533295178123304,FSH
False,6.695090892508613,0.808328655619669,0.5587487370502243,0.1001824670283139,PGF
True,0.0,0.9981305171451358,0.07035917051284314,0.04020493684574391,FSH
False,0.09980960160851082,0.9680039741389203,0.33159265762934653,0.14486753847468556,PGF
True,0.0,0.9899367349967757,0.14094023280933132,0.05644990490513174,FSH
True,0.0,0.9976280732825856,0.06311701902071165,0.022333287573948736,FSH
False,5.929605852741788,0.8150395924130718,0.5435078202592637,0.09363900286398934,PGF
True,0.0,0.9984756478964565,0.05903441285633364,0.020650526348722668,FSH
True,0.0,0.997902342541463,0.07000641179834911,0.036104264735496126,FSH
False,3.145989788084343,0.8452204099451391,0.47736938259136896,0.06458922601080448,PGF
True,0.0,0.9965729073784824,0.06727237373335457,0.016786550282143733,FSH
True,0.0,0.9531755429048901,0.23876316165957265,0.024410711135657744,FSH
False,0.3461181398928052,0.9005204936066833,0.3588318060145025,0.055868989939172886,PGF
False,0.7309536412496,0.8881154430808476,0.3854958268718187,0.08027359227141868,PGF
True,0.0,0.998989766094326,0.03941116404646265,0.010998634435725256,FSH
True,0.0,0.9983960017756943,0.048213416683011434,0.01351163259462046,FSH
True,0.0,0.973344981235823,0.28801765795138995,0.15028351485914954,FSH
True,0.0,0.9981194683389745,0.06846192418501139,0.034624875575404855,FSH
False,0.030812763569543135,0.9234328431478006,0.317553564757491,0.022192735106037084,PGF
True,0.0,0.9964203780363,0.07460588215151623,0.027237367881092416,FSH
True,0.0,0.9434932275976952,0.2716965594368743,0.023546942338303446,FSH
True,0.0,0.9856333466807826,0.17489332059914492,0.0876446482910675,FSH
True,0.0,0.9936851960283428,0.11241982160134961,0.030232868048791172,FSH
False,0.30148970918269263,0.9564786199047337,0.35490807856615386,0.19457095616736386,PGF
False,2.058202928417485,0.8626325147657492,0.44346438332971305,0.1175539438274793,PGF
True,0.0,0.9999365193451726,0.010858701214960617,0.008995676390275284,FSH
True,0.0,0.981713150064725,0.22366084286869198,0.12321199257237418,FSH
True,0.0,0.9925361455007092,0.1268375507857692,0.04830436329099251,FSH
False,1.7635110885507617,0.867878668164927,0.4327972548116399,0.061128080055946506,PGF
True,0.0,0.9997764009855419,0.02856779241710605,0.015628540020596757,FSH
True,0.0,0.9834358230564314,0.2112570659376572,0.11218008282387626,FSH
True,0.0,0.989351574390883,0.12099625620281598,0.017156748701185946,FSH
True,0.0,0.9899687204079939,0.15113199812778486,0.0637439134056944,FSH
True,0.0,0.9893130120106404,0.1540877888904121,0.07804276089174646,FSH
True,0.0,0.9278769312081262,0.2959879241201317,0.03287535372520401,FSH
True,0.0,0.956164472245581,0.23391589667324283,0.017869844205659645,FSH
True,0.0,0.9589360944144937,0.2308833893983396,0.016671942131477883,FSH
True,0.0,0.9766557706289506,0.2559237524004326,0.14382582756572582,FSH
True,0.0,0.9912565481028104,0.12849223900293366,0.04957497372745467,FSH
True,0.0,0.999840779175789,0.024244599536653363,0.016565269427934237,FSH
True,0.0,0.9753033706216111,0.27077708627366365,0.1524854758744875,FSH
True,0.0,0.9682486118103516,0.21418712209805899,0.029349617660343018,FSH
True,0.0,0.9877704082375202,0.13865137549198758,0.005254091653905994,FSH
True,0.0,0.9825364696491937,0.21105941959160673,0.08865388009263908,FSH
False,0.30171027538553735,0.9028315382893932,0.35492815993509497,0.06871392895165937,PGF
True,0.0,0.990771285043521,0.13106551331806923,0.04758211807144684,FSH
True,0.0,0.999553766925946,0.03349059012099792,0.032257989835298616,FSH
True,0.0,0.9767623094390481,0.2626868310411441,0.15107764406911361,FSH
False,0.05140726383002952,0.9690918693054378,0.3226731700099544,0.16276019579828044,PGF
True,0.0,0.9930430595430533,0.11618423923383103,0.04958850488375394,FSH
True,0.0,0.9932804651475424,0.12159019287987143,0.03651038997230152,FSH
False,6.9776244430002015,0.8061695452328939,0.5635383232171873,0.08527859467421346,PGF
True,0.0,0.9418359377550816,0.26778644662650697,0.03970945484840436,FSH
False,8.319790781670807,0.794977781683299,0.5884398123749034,0.11958522731074726,PGF
False,0.04311638140242451,0.912156133177462,0.32076448443916306,0.05167925244421434,PGF
False,0.0342759314493057,0.9157549361203065,0.3185137601392331,0.03836793798114129,PGF
True,0.0,0.9999532554197477,0.010966585632577072,0.010335623302791664,FSH
True,0.0,0.9911846198244317,0.13375359292515887,0.0660076349734905,FSH
True,0.0,0.9999460335433978,0.014199336581224228,0.011747136656281095,FSH
True,0.0,0.9995268926138192,0.029515056475941003,0.010137487255755454,FSH
True,0.0,0.9790309439960445,0.23175601362088263,0.0970476313989372,FSH
True,0.0,0.9998660816832352,0.01794127302618474,0.014230500046329139,FSH
True,0.0,0.9995019823072145,0.03835960261751255,0.03368624452923394,FSH
True,0.0,0.9869856003964957,0.17461128619806762,0.08775124263743796,FSH
True,0.0,0.9932167919515669,0.12237967061761312,0.05166658699628864,FSH
False,3.3131028299430634,0.8427741426107302,0.48201930749080063,0.06707458250835546,PGF
False,0.0015408259071660432,0.9725075281370736,0.303925335536188,0.17439738293063425,PGF
True,0.0,0.9999445256281616,0.010557743755304435,0.00857834712688099,FSH
True,0.0,0.9969242034033524,0.08343384396159294,0.03682324331071291,FSH
True,0.0,0.992505861015994,0.11724521007971214,0.04332622095716607,FSH
True,0.0,0.9857463581208392,0.17841875950862057,0.0869642550815581,FSH
True,0.0,0.9891890729656986,0.15021400564526957,0.06330448564909125,FSH
True,0.0,0.9983967662865061,0.06041791454151953,0.02619347184112784,FSH
True,0.0,0.9285350885990766,0.2925841213790197,0.028991549207295738,FSH
False,0.3382669824523978,0.9021949060308091,0.3581607240715242,0.028304070309445675,PGF
True,0.0,0.9839362388694279,0.21521381961809785,0.12653929154487223,FSH
False,0.7511452577500093,0.887368550776235,0.38666863664267537,0.05438788346800958,PGF
True,0.0,0.9999543120556642,0.013967362828748019,0.013968199076681212,FSH
True,0.0,0.9709387567695901,0.18775933093866834,0.017557630643877598,FSH
True,0.0,0.9859101280288295,0.1815578629037299,0.07093002336515106,FSH
True,0.0,0.9996586522725401,0.03297644286920222,0.029208958555751768,FSH
False,0.3098864283334193,0.9051975062208382,0.3556674436572598,0.08756125956218291,PGF
True,0.0,0.9620660120548756,0.217074000188815,0.02049175081326153,FSH
True,0.0,0.9812763500975747,0.21125056697389188,0.10979686825820015,FSH
True,0.0,0.9754517850849909,0.2567089014138232,0.1090003479638554,FSH
True,0.0,0.9382963357922287,0.275189386386699,0.030462392150896914,FSH
False,0.02498014670921954,0.9197768328949775,0.3158051088921334,0.03298740720664167,PGF
False,0.24976301851479116,0.9045224284016289,0.3499762962327933,0.07939360883939374,PGF
True,0.0,0.9751030183649416,0.26604711126054814,0.1266176594719583,FSH
True,0.0,0.938314139663334,0.28054644121946276,0.030596601763805076,FSH
True,0.0,0.9949410690786397,0.08904654489395872,0.012793584083141053,FSH
False,1.9505035433867612,0.863833225545574,0.4396604290193454,0.08524604261277231,PGF
True,0.0,0.9715739015761895,0.2798246462738845,0.09999907926570169,FSH
True,0.0,0.9826982346237447,0.21893642058947044,0.12566531089978378,FSH
True,0.0,0.9421154971351933,0.2707618713125316,0.02408602264917705,FSH
False,0.12701164964815284,0.9069117942807243,0.3356386938099803,0.0726599772524847,PGF
True,0.0,0.9797220001800324,0.2544718127903102,0.15103467498404116,FSH
False,2.9795448274137017,0.8469005845178189,0.472613580792871,0.10388647674943646,PGF
True,0.0,0.9995538392108552,0.03413989073774274,0.012175040628936928,FSH
False,1.7971199969838643,0.8639481320793688,0.43405670430768706,0.08361245624649212,PGF
True,0.0,0.9995911175851372,0.025796409171666097,0.015865937596884018,FSH
True,0.0,0.9902542332565754,0.14374955746790608,0.0721427804994881,FSH
True,0.0,0.9815926524760563,0.21304201375740697,0.10393410689672468,FSH
False,0.03436959936654508,0.9177924061191568,0.31853903971799646,0.030572340716356696,PGF
False,0.2626396567305586,0.9657050381014054,0.3512483811188762,0.18088418847616022,PGF
True,0.0,0.9995957006442899,0.03184591313727322,0.02708063583358345,FSH
True,0.0,0.9960294084918527,0.09133764223251409,0.029197717119378623,FSH
True,0.0,0.9392705064248904,0.27765814401786415,0.027296883308705083,FSH
True,0.0,0.9976763871978358,0.06542288343494831,0.02900337966381758,FSH
True,0.0,0.9694521622793655,0.20567918800412574,0.012586710904499263,FSH
True,0.0,0.9953123359339068,0.07426737253423295,0.01849935943637944,FSH
False,0.0008751139200177796,0.9717451775793059,0.3029582324452581,0.15697414081749309,PGF
True,0.0,0.9967692855316262,0.07438806377906367,0.012316755006139685,FSH
True,0.0,0.9955704047463655,0.07939876672962774,0.012531436826686821,FSH
True,0.0,0.9718243746345218,0.29913200035177834,0.15566974283171164,FSH
True,0.0,0.9998983528778133,0.014992058268894768,0.01327156944410311,FSH
True,0.0,0.978604674600783,0.2461740471904322,0.11918446615560666,FSH
False,2.4840787704295995,0.8552051198476794,0.4576096053681247,0.08422683191498384,PGF
True,0.0,0.9293270601749472,0.2897856803304342,0.04065415793048992,FSH
True,0.0,0.992419106791448,0.1040700570446279,0.009670524544293688,FSH
True,0.0,0.983928357193782,0.2044367917806899,0.10724354126396746,FSH
True,0.0,0.9799084919810876,0.22498335327613528,0.09421055049496183,FSH
True,0.0,0.9997117096468133,0.026566975585870303,0.026490440736939572,FSH
True,0.0,0.9975869458752834,0.074545998083635,0.022816940867384884,FSH
True,0.0,0.9992835429860037,0.052602505971080175,0.03390491612835662,FSH
False,1.5565762634360092,0.8728291716735442,0.42476282553052447,0.035469220329280224,PGF
False,0.07295932988968952,0.913265514361255,0.32701098478206403,0.040693548848904255,PGF
False,1.5484345212513582,0.869641678677233,0.4244361089576236,0.09558618682763217,PGF
False,0.02628836582642165,0.9189185215614831,0.3162136873740743,0.03185162875154887,PGF
True,0.0,0.9792702994811325,0.22954801188019341,0.08476038372941468,FSH
True,0.0,0.9994659415878995,0.0392265954836347,0.018301166718415172,FSH
True,0.0,0.9946296401473981,0.1069478328212318,0.04642834969951306,FSH
True,0.0,0.9791290003569955,0.1623421934462754,0.012169131260845775,FSH
True,0.0,0.9646756118975324,0.22749865461291052,0.033219979109102016,FSH
True,0.0,0.9787338633723206,0.22620874208969713,0.0804538265263306,FSH
True,0.0,0.9913258019897903,0.11380897105327029,0.015908582861205823,FSH
True,0.0,0.9970628361412811,0.06969126012306512,0.013049124620826328,FSH
True,0.0,0.9887523785338012,0.1618169742851569,0.06528409736282455,FSH
True,0.0,0.940302434348558,0.26888782561745195,0.028967699933042285,FSH
False,0.007089607987959347,0.9264297758500624,0.3084199809904532,0.020409628770679845,PGF
True,0.0,0.9984976339179689,0.05400060568109973,0.00575283538081616,FSH
True,0.0,0.9595033896366615,0.2128133083537266,0.038162244595955554,FSH
True,0.0,0.9638477653075518,0.2214312804680604,0.01792822192717182,FSH
False,7.081702018913615,0.805508399671411,0.5661146748849754,0.1172487293809563,PGF
True,0.0,0.9947780243535487,0.0849728944362549,0.022439511349605826,FSH
True,0.0,0.9962535595984116,0.08209880905073129,0.03355243461516926,FSH
False,0.39009360111461344,0.9002728970233008,0.36245747362122593,0.05100913767873577,PGF
True,0.0,0.9930813095810367,0.1158072711009955,0.03995005386167658,FSH
True,0.0,0.9500107682325977,0.26191842947822114,0.015190176450354625,FSH
False,0.3195738081864046,0.902554020990034,0.3565308595535575,0.07396130694684862,PGF
True,0.0,0.9720206016084375,0.2897943272800394,0.14489165109780042,FSH
True,0.0,0.9945662120461665,0.1018698811751228,0.024296462971791458,FSH
True,0.0,0.987160569524283,0.16820193345791498,0.0710618379713028,FSH
True,0.0,0.9955505888459336,0.0771069246062006,0.006904494541635193,FSH
True,0.0,0.9886788702241452,0.16041893107388364,0.07363296566822822,FSH
False,0.023850645685076225,0.970003181299391,0.31544365425832765,0.16625640815213763,PGF
False,0.732001586540555,0.8878299039682924,0.38555709126311827,0.06056141441821976,PGF
True,0.0,0.999595448353108,0.027183219389348347,0.012616141135508137,FSH
True,0.0,0.9843356288621722,0.21475665857959034,0.12364643171789055,FSH
True,0.0,0.9511099064529446,0.24425312269627084,0.02945934165702176,FSH
True,0.0,0.9899505764297191,0.1536990474133298,0.08240422161583752,FSH
True,0.0,0.9983009446877098,0.058035246417766785,0.018532654821593584,FSH
True,0.0,0.9959881959014912,0.08297171000251319,0.025935765586287223,FSH
True,0.0,0.9997829871257069,0.019629531776663104,0.01548375016018662,FSH
False,0.16390832201251238,0.9205228734663652,0.3404855927476074,0.024200923782483747,PGF
True,0.0,0.9993640466300369,0.04906353690810781,0.028384905910462922,FSH
False,0.23387749826534096,0.9483381337723409,0.3483608827737192,0.1351846067716096,PGF
True,0.0,0.9872154450453502,0.17281423931034823,0.07714204563930344,FSH
True,0.0,0.979455129324355,0.23689855226648043,0.10820568196009088,FSH
True,0.0,0.999795212938446,0.020195225343732158,0.020029850813582994,FSH
False,1.2673776793847547,0.8752740488540942,0.412577869911664,0.04670615731049016,PGF
True,0.0,0.9866830094773996,0.16847349725196964,0.06899035055003347,FSH
True,0.0,0.9801476308514707,0.22905804828536916,0.11881126850939645,FSH
False,0.24343265861737604,0.9505962400185025,0.3493388952670584,0.1635009689158146,PGF
True,0.0,0.991262842132636,0.1286584571523484,0.05907233543916894,FSH
True,0.0,0.9787185644515735,0.23320775633935265,0.09993374424974902,FSH
True,0.0,0.9720811797709814,0.18814049806812175,0.024927216472783526,FSH
True,0.0,0.983089589094359,0.20131250409603002,0.10166365722357318,FSH
False,1.3611879206714108,0.8737315548293139,0.41666995845852567,0.07897114786703609,PGF
True,0.0,0.9291644020405011,0.29262089676618885,0.06703717303870274,FSH
True,0.0,0.9996739973404299,0.02819164086266603,0.003352364323694075,FSH
True,0.0,0.9978992325443836,0.06628534968271164,0.032300224017733296,FSH
True,0.0,0.9728622463906832,0.2943791132960508,0.16405665537147382,FSH
True,0.0,0.9978855431785212,0.07328691205591353,0.04488132069451334,FSH
True,0.0,0.9422753087695224,0.26358036529565015,0.028605789674917496,FSH
False,0.020682345285948367,0.9702263838088141,0.3143813578239151,0.16056313873424155,PGF
True,0.0,0.9788290089309424,0.22934592490191633,0.11965287197664415,FSH
True,0.0,0.988671771568884,0.14785377248119289,0.04626065460844867,FSH
False,0.0356050453584514,0.9670856726490938,0.31886929923406043,0.10303118054566153,PGF
True,0.0,0.9950242962022124,0.1060903902164222,0.028077992909030573,FSH
False,0.07420735186812434,0.9618939018560934,0.3272410263881749,0.14646452795980394,PGF
True,0.0,0.9981771811009261,0.06460132442814676,0.0314296001665018,FSH
True,0.0,0.999759061584989,0.030420281887129363,0.02210911543117886,FSH
True,0.0,0.9787966022420744,0.16768568987746454,0.022579807484655223,FSH
False,0.002138559588893908,0.9241977421824891,0.3046244562803576,0.06618096434410363,PGF
False,6.470210765431922,0.8122900628043858,0.5543660898278684,0.13537895515123016,PGF
True,0.0,0.9945203555917959,0.11933663982663635,0.05865458482733817,FSH
True,0.0,0.9996478158498295,0.03290302387423524,0.031249289798133947,FSH
True,0.0,0.9958731820025789,0.0845447193603129,0.025046568141139387,FSH
True,0.0,0.9999027399120984,0.0163028843290626,0.015209646746110965,FSH
False,0.005810484137361565,0.9716044990491974,0.30762265317154175,0.17144462799842888,PGF
True,0.0,0.9991570801267746,0.03895869515148279,0.014352211094121797,FSH
False,5.82928584449494,0.8161157416603436,0.541439140250601,0.09450619056847849,PGF
True,0.0,0.9990822991004661,0.03608286176546165,0.011773236988534242,FSH
True,0.0,0.9686014218072532,0.2036882749930035,0.017244069861767193,FSH
False,2.317064418722501,0.8574615712047201,0.45221906643789733,0.057540134099413096,PGF
False,0.01656050426680859,0.963301202458905,0.3128687622819013,0.10932564631505592,PGF
True,0.0,0.9905351336426492,0.1498925175648866,0.06412927945023938,FSH
False,1.1347392293922989,0.8774100864573772,0.40652413948923966,0.07711192648987103,PGF
True,0.0,0.9989943337763659,0.06314841311391448,0.03889593284318767,FSH
True,0.0,0.9988285512307169,0.04864602025116834,0.011531409979128352,FSH
True,0.0,0.9997393440443236,0.026193368822252972,0.02121308285064312,FSH
True,0.0,0.9972555699794552,0.07821937126149858,0.03508526393187425,FSH
True,0.0,0.9995580914852027,0.030092713458659052,0.02091525355423758,FSH
True,0.0,0.9929665435628554,0.12540707642574503,0.043248595095492996,FSH
True,0.0,0.9891697514953125,0.16655470464056038,0.0863373147114194,FSH
True,0.0,0.9844620570085947,0.19234423438288664,0.07833739633087722,FSH
True,0.0,0.9879707651931088,0.1326901876940353,0.017119689346068223,FSH
True,0.0,0.9713291290639349,0.1978356518275703,0.023553231894747707,FSH
True,0.0,0.9769222222487927,0.166170548656628,0.0201836619161807,FSH
True,0.0,0.9738077349348354,0.29061776718777893,0.16522258461668374,FSH
True,0.0,0.9793112439132058,0.23708578097906374,0.10845442410704913,FSH
True,0.0,0.999888848451308,0.015593517687161489,0.00664168722823164,FSH
True,0.0,0.9983117140881796,0.05795571217848876,0.02559919285661855,FSH
True,0.0,0.9994266294626971,0.043704556325246814,0.024831455269201483,FSH
False,0.1861133200052201,0.9052077072984785,0.34314085302879627,0.0533512243867123,PGF
True,0.0,0.982887268490031,0.15148594464068457,0.009089718001339899,FSH
True,0.0,0.9804343666687451,0.23232359882076276,0.1366379958809327,FSH
True,0.0,0.994704358513866,0.09327954132802437,0.027972502408898606,FSH
False,2.677813579213751,0.8536112111590027,0.46364026335880026,0.07582162410948382,PGF
True,0.0,0.9996366651570907,0.03861529205471853,0.03793894882655416,FSH
True,0.0,0.9943004897682206,0.12170059881813698,0.06475007737759299,FSH
True,0.0,0.9900471150859609,0.131440438551627,0.031664546572229356,FSH
True,0.0,0.9775239616202102,0.2424844674879524,0.08979128431005083,FSH
True,0.0,0.9950388013104075,0.08721501394125636,0.013358804695647054,FSH
False,0.003950952144533754,0.9747954884519802,0.30628565998486534,0.19754910980899823,PGF
False,0.0011272778118496007,0.9674572261808083,0.3033574958106446,0.08546547286598535,PGF
False,4.183420518525113,0.8332743118970141,0.5045341174113774,0.07760899248013858,PGF
True,0.0,0.9669140514558124,0.1965863496512305,0.021652668766393515,FSH
True,0.0,0.9940476110253531,0.10701308465982723,0.047910070307785955,FSH
False,0.015833805934927215,0.9697980615944121,0.3125832451835475,0.1490670522317914,PGF
True,0.0,0.9822629562143048,0.2148863461957957,0.10319023964188284,FSH
True,0.0,0.9932121002520631,0.12276182754961883,0.05062720792056434,FSH
True,0.0,0.9987821467157085,0.05084501938657754,0.010686829115946365,FSH
True,0.0,0.9923957790367197,0.13328023042250528,0.07198242739420888,FSH
True,0.0,0.9485459525066243,0.2557048634128079,0.022536340047582634,FSH
True,0.0,0.9999676602696653,0.012087738180570889,0.006620284646872855,FSH
False,0.9443825813854577,0.8792754730822538,0.3971793487005062,0.06910653903531791,PGF
True,0.0,0.9853640688415752,0.14539597132348883,0.029403555036048936,FSH
True,0.0,0.9931332886697327,0.12053073240355404,0.05273745494207817,FSH
False,0.31930887739267694,0.9006689008969501,0.35650742229058735,0.07162927829598295,PGF
True,0.0,0.9888734962652048,0.1201481850820747,0.023672080223915485,FSH
True,0.0,0.9976120382676841,0.057324924603307785,0.0077680620522203765,FSH
True,0.0,0.9806072673668517,0.23390734307737251,0.1358820523599314,FSH
True,0.0,0.9975921093041387,0.06278441700075235,0.018372531948393608,FSH
False,0.8824986094800898,0.8842278985574652,0.39394139713034343,0.06681542099166472,PGF
False,2.002813774238408,0.8611996327537004,0.44152080321417086,0.11033142781220555,PGF
True,0.0,0.9998012437447671,0.017687594343217677,0.008340790574231675,FSH
True,0.0,0.9932790273168098,0.10196731078426165,0.015584921434861697,FSH
True,0.0,0.9788192318663986,0.2445654484814029,0.1304774850167943,FSH
False,0.24347510922420387,0.9398831892665366,0.34912387197168354,0.14248705434250444,PGF
True,0.0,0.999702990995815,0.023291610052913674,0.012784913489674596,FSH
True,0.0,0.9839777362381745,0.1963537895641608,0.09932627021551792,FSH
True,0.0,0.9861217895840242,0.137370852322715,0.01914817016377191,FSH
True,0.0,0.9808414468658468,0.21603333564807448,0.0825548592428556,FSH
True,0.0,0.9631525110593004,0.2898195298041319,0.05332792499589414,FSH
True,0.0,0.9977060934331002,0.062311947735973795,0.023594067085082118,FSH
False,9.873023391469715,0.7835783249961458,0.6131072599222039,0.11441029535246208,PGF
True,0.0,0.9761838699901823,0.18449747500115543,0.02778503333433846,FSH
False,1.3074719211468786,0.9185017701784959,0.4023986053512434,0.04342299946208599,PGF
False,2.0227046912963074,0.858580247042655,0.44222182291393636,0.07082765719737949,PGF
True,0.0,0.9856911491318062,0.14220540584537622,0.016676283759867738,FSH
True,0.0,0.9998450827831906,0.023150736181180243,0.018928067581800427,FSH
True,0.0,0.9355902217068389,0.2935102330488299,0.013876411605661948,FSH
False,2.758172058335568e-06,0.933244066554013,0.30016607745356716,0.021192564652712746,PGF
True,0.0,0.9787606672902343,0.23490015410386728,0.10432546542804352,FSH
False,0.07289178376426497,0.9635875653466702,0.32699847843199037,0.10169006982627264,PGF
True,0.0,0.9912035096077957,0.15215301902439404,0.08087668488945776,FSH
True,0.0,0.9920913642147922,0.14960853995823983,0.08368535261688932,FSH
False,0.022448544589219504,0.9214447696520343,0.314982838379032,0.02334611880579939,PGF
True,0.0,0.9982733433298011,0.05060064821242185,0.011705384535873395,FSH
False,3.785832230031347,0.8372084022265769,0.49457215191366277,0.09503294698114412,PGF
True,0.0,0.9997397811681272,0.026177566914649935,0.005485821486325304,FSH
False,9.662706086091374,0.7836144961970378,0.6094473274032276,0.11624656022836663,PGF
False,0.2538173494188447,0.9559095003641375,0.35038028874657673,0.14189212947132923,PGF
True,0.0,0.949049171910282,0.2462767428634729,0.032259907364358645,FSH
False,8.228766196541212,0.7950734396311484,0.5862292470001574,0.1173596420786018,PGF
True,0.0,0.9752683946520312,0.27954608575738943,0.16652626692691808,FSH
True,0.0,0.9883905558421942,0.1694813290785022,0.08135176558551306,FSH
True,0.0,0.9899983960461919,0.1492386950982007,0.07841582065735049,FSH
False,0.6387402926476115,0.8919253876640001,0.37992122951053814,0.10661193158175435,PGF
True,0.0,0.9997415043986765,0.020872166844387575,0.013533162695942477,FSH
True,0.0,0.9849393604759262,0.19541938689600097,0.09513195717194273,FSH
True,0.0,0.997295494790736,0.07611857027433758,0.032415743215395296,FSH
True,0.0,0.9766912201440858,0.2660305854873275,0.14250503621935132,FSH
True,0.0,0.9961310881924478,0.10107889295143817,0.043962066676540006,FSH
True,0.0,0.9994177796944168,0.026713788019596604,0.004245332018074671,FSH
False,0.4326558932115061,0.898478167544074,0.3657765834633805,0.029708693037306205,PGF
True,0.0,0.9997565007195441,0.023842675343692263,0.02208925403021175,FSH
True,0.0,0.9969877638868522,0.10188600853848165,0.05994772284317477,FSH
True,0.0,0.97872858901898,0.2425549123425373,0.12786990146202246,FSH
True,0.0,0.9443982610971496,0.25185688725161126,0.02873628619861694,FSH
True,0.0,0.9953110499102429,0.08350310172343167,0.006546082883684864,FSH
True,0.0,0.9921246430054308,0.1357171886673662,0.06797370254348246,FSH
True,0.0,0.972317527185506,0.190348920160987,0.01848821246940916,FSH
True,0.0,0.9959541205443648,0.07710575714725887,0.016866385797129308,FSH
True,0.0,0.9978100568808007,0.0655213141603336,0.022658809150651625,FSH
False,0.0497422897746423,0.9186032020572541,0.32230297957104437,0.06147909011993667,PGF
True,0.0,0.9995901706021284,0.023045194462643834,0.010822763533979719,FSH
True,0.0,0.9804985073005329,0.16551111169262864,0.02766515990849239,FSH
True,0.0,0.9797639893502882,0.24866286483316735,0.1491694461542152,FSH
True,0.0,0.987822574790943,0.16907384285530824,0.050344788357893216,FSH
True,0.0,0.9963674788801743,0.0867404888696651,0.028748389912585347,FSH
True,0.0,0.9784194915483598,0.17601977521486095,0.013718709653774952,FSH
False,0.09978831111915047,0.9093104404494257,0.3315892879183989,0.03860327221874205,PGF
True,0.0,0.9875755438543127,0.16964181452277685,0.08381944425844354,FSH
False,0.08319442597666193,0.9143356291444665,0.3288434439650784,0.04224808050920186,PGF
True,0.0,0.9982928202378201,0.06525039347298286,0.03309104973622131,FSH
True,0.0,0.9573633066726136,0.2342043125944983,0.026125982380248006,FSH
True,0.0,0.9805839162730736,0.17067147579134997,0.021731953407620075,FSH
True,0.0,0.998555507155011,0.054285832834906865,0.016048453894689924,FSH
True,0.0,0.9922604105434372,0.09867891149015413,0.019312015294649366,FSH
True,0.0,0.99236163077998,0.12430428610361599,0.050636277009278426,FSH
False,0.08207444122876455,0.9099696661982867,0.32864863718028564,0.04289059995849956,PGF
False,1.7334412302169953,0.8653309665380753,0.431660215335423,0.06427027887291666,PGF
True,0.0,0.9830670718922807,0.2009101368420044,0.0835014319634838,FSH
False,1.763278343234613,0.8629437341172036,0.43278849133997316,0.0729149643490881,PGF
True,0.0,0.9861370883148481,0.17602601402740492,0.07904437854942854,FSH
True,0.0,0.9560397084179949,0.24501200875061765,0.02141498292075903,FSH
True,0.0,0.9758355633164633,0.2724288879945523,0.1558551897465128,FSH
True,0.0,0.9791222127924089,0.17010820101210053,0.01530862175725955,FSH
True,0.0,0.9991908664894594,0.04217485464742194,0.00910585363455365,FSH
True,0.0,0.9844228498370964,0.15289217261900379,0.015566065883352544,FSH
True,0.0,0.9891388847862707,0.14107446242889649,0.0596609709648833,FSH
False,0.06369784252729345,0.9674029848380805,0.32523843151372395,0.12913221998336005,PGF
True,0.0,0.9992313106717403,0.037415543328198596,0.00610967551525269,FSH
True,0.0,0.9993755702950405,0.028035174663315805,0.01573686397205087,FSH
False,0.18560100917927147,0.9098009991014888,0.3430814355818456,0.04974814833545627,PGF
True,0.0,0.9986450180685743,0.0654979636273533,0.03767661283803292,FSH
True,0.0,0.9361944574442269,0.2852701413849961,0.03407757847989852,FSH
True,0.0,0.9920842096233017,0.12939481255401,0.03701691781468191,FSH
True,0.0,0.9993579875283404,0.035875790780591464,0.012715669710628845,FSH
False,1.665340693708882,0.8709785254435328,0.4290480799434413,0.1336328539054803,PGF
True,0.0,0.9997491768563326,0.02310227254399094,0.013018768017556045,FSH
True,0.0,0.9743487569644581,0.28373371557028226,0.15521984473506786,FSH
True,0.0,0.9735123930187044,0.18534862063197066,0.018567098363715496,FSH
True,0.0,0.977039440485392,0.25054091272865886,0.1270971018986417,FSH
True,0.0,0.9871231367151545,0.1900066415435684,0.10598177150637636,FSH
True,0.0,0.9768385864199157,0.26343615756902405,0.14781551034971277,FSH
False,1.6413263136304,0.8669486568097683,0.4281142581304048,0.06512966880692206,PGF
True,0.0,0.9847521281936733,0.2224030462866564,0.13049797611723515,FSH
True,0.0,0.9997139123235124,0.025877560013387004,0.013526231550072534,FSH
True,0.0,0.9810678493387887,0.21702306533943347,0.08749039825843838,FSH
False,0.030641774926756418,0.9381642525817447,0.31703353842234044,0.07827379756657306,PGF
True,0.0,0.9435246794039079,0.2751362267366624,0.024651278956464198,FSH
True,0.0,0.9941556118281707,0.11981208120126702,0.0666889897275113,FSH
True,0.0,0.9951830563618098,0.08666348349000028,0.0284527614125631,FSH
True,0.0,0.9913777544629591,0.11347732401662554,0.026743543200508018,FSH
True,0.0,0.9936316712062908,0.10969783875202581,0.021413096330017218,FSH
True,0.0,0.9866530196851186,0.17321849579895354,0.07161433750430363,FSH
True,0.0,0.9787180509416554,0.24632600475682348,0.12484829777247858,FSH
False,9.989134149147398,0.7839870682552328,0.6087779278278999,0.08962175572857659,PGF
True,0.0,0.9989029969817184,0.04676522319986794,0.03234373490613294,FSH
True,0.0,0.9919512687988455,0.1263854065736339,0.03622987602122983,FSH
True,0.0,0.9854222858726692,0.19012523147630156,0.08595204242394619,FSH
True,0.0,0.9836726292380826,0.20834918913435174,0.10053228063386616,FSH
True,0.0,0.9479872259151823,0.2534505699521899,0.02361186857538631,FSH
True,0.0,0.9392262809177317,0.2750399234843974,0.03186129058671083,FSH
True,0.0,0.995409132785664,0.0765671915278647,0.013513583531070449,FSH
True,0.0,0.9909795373347494,0.130489253949843,0.028204839557464317,FSH
True,0.0,0.9949329836950819,0.11775040992187281,0.05899204747587837,FSH
True,0.0,0.9993257504767974,0.043979909306675335,0.01635066435160751,FSH
True,0.0,0.9983874059574697,0.05819286957621032,0.026189207035723413,FSH
True,0.0,0.9674313410283252,0.2139716975938915,0.019743638571446967,FSH
True,0.0,0.9532884723466207,0.24690458226476283,0.014003173681720743,FSH
True,0.0,0.9528815080026437,0.24664535065861384,0.022862346495744243,FSH
False,6.789869788702558,0.8067915308258867,0.5605732939326177,0.11093124385431816,PGF
False,5.884795984279715,0.8156922609192211,0.5425859844319064,0.11989252414438967,PGF
True,0.0,0.9855060405089882,0.1954551244826786,0.10247497499428894,FSH
True,0.0,0.9708659840898491,0.2994909829400346,0.149582713688385,FSH
False,0.0036648729952365477,0.9287868509946429,0.30605381945158305,0.026088007231785528,PGF
True,0.0,0.990781725812534,0.11811387589135094,0.02982425143667067,FSH
True,0.0,0.9771224138333248,0.16679506019594553,0.027924242850711566,FSH
True,0.0,0.9748646863224747,0.17370162396966538,0.02411681976104021,FSH
True,0.0,0.9923231326543843,0.13425757495935814,0.05148070425146897,FSH
True,0.0,0.992337270617103,0.12671162624341767,0.04047989279491719,FSH
False,3.3472111999604723,0.8422271427658796,0.48295385210376063,0.12117323559022129,PGF
True,0.0,0.9767636648662225,0.24500999602089202,0.10536443034813191,FSH
True,0.0,0.9974019417509443,0.0723835318823426,0.031518236618343076,FSH
True,0.0,0.9940714679570695,0.10212336833171155,0.04078566903303573,FSH
False,0.002744677780107248,0.9696998157615931,0.3052389672456575,0.11997279467878579,PGF
True,0.0,0.9931719770858051,0.13233356234992363,0.06070854477997171,FSH
False,5.469559620938455,0.8195333047905211,0.5338708964565376,0.10540529379077795,PGF
True,0.0,0.98919583900241,0.1685455073050857,0.07906149747191067,FSH
True,0.0,0.9934860982651587,0.11539912561616392,0.05435417912654655,FSH
True,0.0,0.9999637594279459,0.010876084320981071,0.005541239480101053,FSH
True,0.0,0.9982279434323081,0.04734119328233533,0.00921128230066008,FSH
True,0.0,0.9747706184795862,0.18604469972492133,0.03231368004145189,FSH
True,0.0,0.9929341501688896,0.09918349449455473,0.009245252216961371,FSH
True,0.0,0.9920952283879769,0.12543344355817906,0.041128389742262655,FSH
True,0.0,0.9887286409644466,0.15230978129727,0.05879733430287378,FSH
True,0.0,0.9873986983866685,0.17111216147077887,0.0892534769958587,FSH
True,0.0,0.9776886745918195,0.24875764711509454,0.14242589321251967,FSH
True,0.0,0.9971041090968505,0.07766887631595935,0.030973650344214527,FSH
True,0.0,0.9755299177868337,0.25137286827942906,0.09993377891740267,FSH
True,0.0,0.9832600423670966,0.21617917821276647,0.11732214757418695,FSH
True,0.0,0.9417042481276492,0.2747859755687566,0.04149777286878463,FSH
False,0.3155805267738146,0.9000597364093949,0.35617655443099144,0.0679139837239035,PGF
False,0.26636890424600945,0.9569927194592248,0.35161093917436587,0.19641220704085036,PGF
True,0.0,0.9978157575070986,0.06901477230195487,0.02841504510060785,FSH
False,0.1372015754542258,0.9621015474172413,0.33704073102062454,0.15137976231771932,PGF
True,0.0,0.9882143418611552,0.138783678953199,0.02424590502997353,FSH
True,0.0,0.9998059789316808,0.018219110396356437,0.010006007470528122,FSH
True,0.0,0.9992305538007524,0.038496413722087765,0.018544120093354096,FSH
True,0.0,0.9793172586610808,0.22913435246771666,0.09881722381293774,FSH
True,0.0,0.9929829854202623,0.14876859743264284,0.0876921107130911,FSH
True,0.0,0.9562234083874649,0.24496188673840563,0.008869712630348829,FSH
True,0.0,0.951902378498823,0.2391008644221202,0.033972654440811434,FSH
True,0.0,0.9823407224539564,0.1984975004622892,0.05603608947627267,FSH
True,0.0,0.9854599464444704,0.18667493194160004,0.0848351699480711,FSH
False,0.045349887472305214,0.9696462536927085,0.32129551301854575,0.1720374443128183,PGF
True,0.0,0.9991228959639408,0.03827358064993756,0.007266959060022235,FSH
True,0.0,0.9838901398642322,0.20210015828403902,0.09774117882890915,FSH
False,8.027407734905714e-05,0.930460273909472,0.3008959580199376,0.02971296852060953,PGF
True,0.0,0.9996866395327376,0.022062281498167666,0.00761584167891733,FSH
True,0.0,0.9604455671518393,0.23103706925433218,0.014724568618260403,FSH
True,0.0,0.9998647637592634,0.020213722805825896,0.011419871800418386,FSH
True,0.0,0.9983010918903913,0.043973192687352565,0.016564018134970375,FSH
True,0.0,0.9770933696022064,0.17226436768809536,0.02029240460773088,FSH
False,0.05400954726484479,0.9697874071647079,0.3232399542307735,0.16787892735042206,PGF
True,0.0,0.9982809654123649,0.04943177287187355,0.016621733395163877,FSH
True,0.0,0.9803367838145992,0.1657709774810692,0.033613700727340906,FSH
True,0.0,0.9740163519013816,0.1887922637563371,0.02377978396301297,FSH
False,0.011931884514885997,0.9707629460821615,0.3109233165819205,0.169484565420009,PGF
True,0.0,0.9775236005756637,0.23730745059696534,0.09149506380311564,FSH
False,0.03452300744167897,0.9699827604849064,0.31858036798389067,0.19462065530053524,PGF
True,0.0,0.966216612503716,0.20508829092299982,0.020470604701999146,FSH
True,0.0,0.9872861619818792,0.13419186607223937,0.016330864323562778,FSH
True,0.0,0.9989995047215955,0.03952330185388213,0.010364598665863752,FSH
True,0.0,0.9737387010114568,0.2822879895759407,0.14751677654586137,FSH
False,0.15137740127240462,0.9114566394726503,0.33890724884547924,0.04700930446679317,PGF
True,0.0,0.9669752439162426,0.20270595431745572,0.019942373812538192,FSH
True,0.0,0.9958318242733495,0.07609717707788206,0.00960747967544693,FSH
True,0.0,0.9945904302304376,0.08511132808730935,0.014898186243375936,FSH
True,0.0,0.9967576529228777,0.0828884854425478,0.021544320750260627,FSH
True,0.0,0.9722580315116469,0.28106741722816747,0.11730585682653394,FSH
False,3.1990984954149293,0.8453966252058561,0.4788602386058715,0.12156598819106693,PGF
True,0.0,0.9830054824182575,0.20581017943936422,0.10047611816277292,FSH
True,0.0,0.9977797098907062,0.06136754304856856,0.026223740125811235,FSH
False,0.20305598490944413,0.9584020054360642,0.3450617337559757,0.17799237189029601,PGF
True,0.0,0.9993302457291577,0.03569021387249543,0.00500405980832102,FSH
False,8.607920887809053,0.7930833328089462,0.589983784869448,0.09406764940313837,PGF
True,0.0,0.99858948153879,0.042900041100420776,0.015932052575707723,FSH
False,0.21408066336474404,0.9073318433965486,0.3462688516568916,0.04159222226286656,PGF
True,0.0,0.999441942963729,0.027834369514226454,0.00696505522386283,FSH
False,0.010322413084470874,0.9249024451196048,0.31015992769879336,0.026725142357713713,PGF
True,0.0,0.9719184406477435,0.19568363659550775,0.024291343543811347,FSH
True,0.0,0.9827605601396932,0.19384898111159837,0.08419301390591759,FSH
True,0.0,0.9971138375787665,0.07602901684614762,0.030945957713772985,FSH
False,0.9987007192584244,0.920355167037504,0.38851650636366997,0.03223926173290091,PGF
False,0.014308651200915172,0.9695755355811496,0.311961877444998,0.15622515865468398,PGF
False,1.2502281012441734,0.8772050953716264,0.41181359940741435,0.09997266620110967,PGF
True,0.0,0.9953546074809073,0.09113615739185617,0.031118962937795664,FSH
True,0.0,0.9325962747977168,0.2880578495497238,0.033311412559553076,FSH
True,0.0,0.9441541642817358,0.26256629411349436,0.028852878504336047,FSH
True,0.0,0.9518880429859069,0.24619042781126368,0.020563185297089198,FSH
False,0.010533186116442885,0.9219873124787041,0.3102631311579083,0.03023825159899918,PGF
True,0.0,0.9616921912145383,0.22481755098857337,0.019788493228600885,FSH
True,0.0,0.9881118720409869,0.16189776705081352,0.07134605922284337,FSH
True,0.0,0.9890683387024201,0.15277217771673554,0.07619386961701426,FSH
True,0.0,0.9988981255261699,0.042763587459618974,0.016731331151295457,FSH
True,0.0,0.9974168221192948,0.074852726605056,0.03624407739910238,FSH
True,0.0,0.975440519677388,0.26877259144140836,0.13626756814714763,FSH
False,0.00809505925370408,0.9724838330733958,0.3089972547222495,0.18560999033269082,PGF
True,0.0,0.9980668048887408,0.05515989368711171,0.020217357534122328,FSH
True,0.0,0.9996132457475682,0.031135404408551736,0.027436303903992567,FSH
True,0.0,0.9989812371090837,0.06504107357020932,0.03859549293779287,FSH
True,0.0,0.9367615486389437,0.2871483794482442,0.0297455776085395,FSH
False,0.04388905460453149,0.9702949460809064,0.3209497147008095,0.17274781858074073,PGF
True,0.0,0.9957854960798904,0.08819232972360885,0.012498377842803247,FSH
False,0.6387618863473155,0.8911879285846946,0.3799225804355262,0.09415524409096879,PGF
True,0.0,0.9734360891537598,0.26132812619483753,0.09851681955282797,FSH
True,0.0,0.9844726319501891,0.18563581077416386,0.06693415338730674,FSH
True,0.0,0.9977018262510849,0.05702093504609909,0.012202512012825037,FSH
True,0.0,0.9868936060643875,0.1895462808956928,0.11056610295343491,FSH
True,0.0,0.9878619795831662,0.16799128296829857,0.06595354582608295,FSH
True,0.0,0.9919551520810522,0.142440632471315,0.0623766867744234,FSH
False,0.5819023080416252,0.8904079885858428,0.3762825214607924,0.07119667225842069,PGF
True,0.0,0.9976250341011886,0.0738352112288049,0.03396707965492239,FSH
True,0.0,0.9980041328957481,0.07182206102408335,0.038726739368574764,FSH
True,0.0,0.9947168593116434,0.09259306630046472,0.01750768317525243,FSH
True,0.0,0.9961406406026487,0.08266611481625996,0.02977764424372454,FSH
True,0.0,0.9922282605323022,0.10603773790838927,0.023020212759970408,FSH
True,0.0,0.991146536995816,0.10296907591212696,0.02378406452708038,FSH
False,0.08466473150605647,0.9133187365624886,0.3290972045918601,0.03547148872615561,PGF
True,0.0,0.9788418692378583,0.2359124587775184,0.1115903593207271,FSH
True,0.0,0.978383899247079,0.23728499512003562,0.12922766745884573,FSH
True,0.0,0.9936293314243132,0.11024705940012479,0.03107190338905974,FSH
True,0.0,0.9849768594411181,0.1793143162976404,0.08681213988078783,FSH
False,6.386393647630882,0.8088967191292983,0.552656936743837,0.09678830300899605,PGF
True,0.0,0.9975381596522497,0.0688619136609469,0.029180349238341938,FSH
True,0.0,0.9877508032540205,0.13190823968062826,0.024342956920669435,FSH
True,0.0,0.9366997069200731,0.277838760564266,0.0322054440994257,FSH
True,0.0,0.9984844605858426,0.04645071526955469,0.007685872220669448,FSH
False,5.346412055280799,0.8194474091190382,0.5312230969276382,0.11784226481351173,PGF
False,0.4942141922618536,0.8935145361965815,0.37030036929219173,0.03741179037139765,PGF
True,0.0,0.9909694111457747,0.14600478743431194,0.06563570441938309,FSH
True,0.0,0.98939715544066,0.11375822874964346,0.021351024140902536,FSH
False,2.0429362350670983,0.8595839402108684,0.44293132039784344,0.08473465999353162,PGF
True,0.0,0.9902874853374924,0.13137082841554193,0.05309946583115391,FSH
True,0.0,0.9828912890032521,0.20425598686898752,0.10812362069124257,FSH
True,0.0,0.962313591104497,0.22449755263846993,0.025920751527578546,FSH
False,0.10889945104981334,0.965531488930252,0.33299991682562446,0.1806627028654729,PGF
True,0.0,0.9890910974230318,0.1566707187549778,0.0653053093732518,FSH
True,0.0,0.9912980569059945,0.1406932266948089,0.053384891928503285,FSH
True,0.0,0.9903958278462548,0.14879444141545844,0.06558905205859289,FSH
True,0.0,0.9879661779235132,0.1757321980779361,0.09869859183592468,FSH
True,0.0,0.9999132031360807,0.0143073596236644,0.009329624684935934,FSH
True,0.0,0.9935309645990646,0.09786196114828717,0.024302199870889624,FSH
True,0.0,0.9997308425710995,0.03083706115790897,0.022266288668478622,FSH
True,0.0,0.9732796481671826,0.25912646552641605,0.09544677685485792,FSH
True,0.0,0.9945900125787543,0.10680539571158941,0.03193916027680534,FSH
False,0.022841372314213907,0.9698790118991257,0.3151133624035864,0.1556688013883056,PGF
True,0.0,0.9991739795548719,0.0329580723939795,0.00895680533347145,FSH
False,1.4404123355554228,0.8723069195817706,0.4200171794184242,0.08530966037204953,PGF
False,9.024634084157597,0.7881790621293457,0.5999470499532068,0.1253082940804226,PGF
True,0.0,0.9861462437528382,0.14384347045617007,0.02765597216832099,FSH
False,0.4617829431382313,0.8954312628831603,0.3679546130250354,0.03481534978280701,PGF
False,0.08941650037315076,0.9138446971381378,0.3299025919233017,0.04038583135522269,PGF
True,0.0,0.9879729980428821,0.12424288893638881,0.01720831788467598,FSH
True,0.0,0.9856571271851468,0.14243628547726864,0.01879066737062682,FSH
True,0.0,0.9853419749595126,0.19383476776100544,0.10623368169881801,FSH
True,0.0,0.9871646092631703,0.1610827637866228,0.07850616171237951,FSH
True,0.0,0.9993222054617907,0.052882445140405285,0.0379500760947704,FSH
True,0.0,0.999669748802663,0.036562114587390705,0.021131824841927774,FSH
True,0.0,0.9967307130532271,0.08124675436303734,0.029209103598047667,FSH
False,10.354578719625936,0.7840580847164724,0.6121193747999073,0.07954004503279859,PGF
True,0.0,0.988708913780558,0.1566077921849716,0.07020195876253581,FSH
False,0.00122537546730986,0.9244020433082808,0.3035005363407767,0.03255023465378251,PGF
True,0.0,0.9640556583496173,0.2158187230723886,0.021819845883358564,FSH
False,4.3953669480105795,0.8311051837552612,0.5096513045037063,0.12047122130009147,PGF
True,0.0,0.9730710380376492,0.27735609573057163,0.12700096974559785,FSH
True,0.0,0.993259060040273,0.10169646883015696,0.02630494351450103,FSH
False,0.00025587023376967766,0.926928313233658,0.3015995944291278,0.04424275730831284,PGF
True,0.0,0.9999237351599135,0.01397547312465336,0.013312820815732183,FSH
False,0.06005240821262965,0.9117986776295967,0.3245055928744092,0.047738263155337815,PGF
True,0.0,0.9994213405856335,0.029293754481106996,0.012500273949333372,FSH
False,0.15805272427461017,0.9672063113895933,0.339755845390912,0.15993658092939295,PGF
True,0.0,0.9805343800339165,0.16982595690064722,0.04155646056673775,FSH
False,0.6728691716327984,0.8872325515208171,0.3820286030377696,0.07036972548451359,PGF
False,0.1481150455665533,0.965543509650922,0.33848571755425033,0.18151956462939778,PGF
False,1.9415464255381727,0.8615560979447859,0.43933938515502974,0.10188717046349012,PGF
True,0.0,0.9928050272340886,0.09981008028416638,0.019585436790451778,FSH
True,0.0,0.9916113931275113,0.12982664533109925,0.06002931405047605,FSH
True,0.0,0.9851835565043398,0.14555629630149977,0.029954504945156633,FSH
True,0.0,0.9712409474751167,0.29824944076992427,0.13622131859756742,FSH
True,0.0,0.9818112997661872,0.1591050915610314,0.014511479253594042,FSH
True,0.0,0.9678648467493237,0.19927911469058326,0.023077640683299712,FSH
False,0.108490580235327,0.9694695202713203,0.33293790828746217,0.1913550551423858,PGF
False,0.0003198700610752797,0.9704337480594127,0.3017884911547874,0.14039433735916193,PGF
True,0.0,0.9999227917216135,0.0125355901474277,0.007045585017146887,FSH
True,0.0,0.9709702660853838,0.29668971020667934,0.14151640841412524,FSH
True,0.0,0.976028070709533,0.2638143826591299,0.1483703507501159,FSH
False,0.1591846983208698,0.9622163277116849,0.3398979571307692,0.11369764737397332,PGF
True,0.0,0.9764529224160369,0.17370778096855466,0.020151441546736634,FSH
True,0.0,0.9963165550897415,0.09158946094931213,0.04773216545648469,FSH
True,0.0,0.9899631429825722,0.13377234018466694,0.02904704021188888,FSH
True,0.0,0.9970472422246011,0.07888115958825387,0.05675144225728795,FSH
False,1.5312550833628595,0.8709322996177159,0.42374389210635244,0.07919702228435373,PGF
True,0.0,0.976201731376454,0.24991801107646083,0.09127393269382715,FSH
True,0.0,0.9994477616004308,0.037646179912179036,0.01896045911968707,FSH
True,0.0,0.9926387607896214,0.1057385580417461,0.032803914665651454,FSH
True,0.0,0.9952092809674109,0.09538655952056982,0.03712882745490274,FSH
False,0.0424269748216776,0.915397616030839,0.3205978093062533,0.04848950704026797,PGF
False,0.3816566067602823,0.9551576575682644,0.36177836245485,0.19603901584461086,PGF
True,0.0,0.9996541007923213,0.020918231794140513,0.011735732810835564,FSH
True,0.0,0.9893836828468233,0.15470683572642008,0.07742612582557992,FSH
True,0.0,0.9838753032786658,0.20865126194972033,0.11715025915197054,FSH
True,0.0,0.972624241044865,0.291690286681619,0.15490408743384024,FSH
True,0.0,0.9837835302519307,0.15186763991556373,0.036519974494953825,FSH
True,0.0,0.9908918019414135,0.12206845075571915,0.008362047005350693,FSH
True,0.0,0.9864782315878411,0.12896445252555874,0.0193242971104062,FSH
True,0.0,0.9930337536810362,0.12991829166559507,0.07016546023351543,FSH
True,0.0,0.9626414904068975,0.22377144216840322,0.031079718666569157,FSH
False,0.04503713748618941,0.9658746707967685,0.32122195501978773,0.16183488411567284,PGF
False,0.0073899737332863025,0.970520652058499,0.308596495642578,0.160913901143488,PGF
False,1.7304073661361126,0.8652902521788446,0.43154494920505737,0.09368462433575868,PGF
True,0.0,0.990838869049127,0.11535766005483344,0.007573579932177475,FSH
True,0.0,0.9485430356328336,0.2525074275258176,0.0234979893140537,FSH
True,0.0,0.9843085093325084,0.1915013683745177,0.06815034922920125,FSH
True,0.0,0.9797715549872472,0.22868593227637224,0.1113762670875763,FSH
True,0.0,0.9948572540058501,0.09818444048169506,0.03429347833622316,FSH
True,0.0,0.9783467230909321,0.17419931422852053,0.011252218850090461,FSH
False,9.223714288609441,0.7880441707535625,0.6021949882581266,0.11127971745511402,PGF
True,0.0,0.9790000655959302,0.2674629942892974,0.1658938590661563,FSH
True,0.0,0.9426442797025014,0.27870199993356404,0.02385266314903444,FSH
True,0.0,0.9933011297202572,0.12820533532697648,0.06664564949411006,FSH
True,0.0,0.99236968519102,0.13723727482576814,0.0725920881064246,FSH
False,5.682844705936005,0.8185926648672688,0.5383871788904765,0.12397320866355677,PGF
True,0.0,0.9979322742700488,0.05432104519071568,0.019833752117496408,FSH
True,0.0,0.9984135193663686,0.051902485303795584,0.014518681215778022,FSH
True,0.0,0.9946672516062598,0.11104086181136161,0.047232987163200846,FSH
True,0.0,0.9765281348845898,0.2779047917062187,0.17073428193245993,FSH
True,0.0,0.9709247373667201,0.29568829026826166,0.12861936499735485,FSH
True,0.0,0.9989051050336621,0.04120840022261285,0.016402611217748587,FSH
False,0.7934836788064806,0.8828447312035078,0.3890777008463106,0.06637238217252421,PGF
True,0.0,0.9987223871044044,0.058894575849558754,0.03461608603562108,FSH
True,0.0,0.9948303847503185,0.08300461167229366,0.017836630767989362,FSH
True,0.0,0.9955573294997911,0.08961968030931587,0.036316899302626555,FSH
False,2.0289290204151453,0.8618232234598266,0.4424404795139059,0.051076170392033875,PGF
True,0.0,0.9737419237509674,0.2866435818682635,0.15994404887734498,FSH
True,0.0,0.9773584700932793,0.17429460942708558,0.01850979368198718,FSH
True,0.0,0.9999021728201873,0.013596325272006889,0.009736389114021731,FSH
False,0.14451794008513702,0.9111064806172527,0.33801551526484114,0.07210435016056815,PGF
True,0.0,0.9944867441354287,0.10502468045275462,0.03241414295953212,FSH
True,0.0,0.9450658662380539,0.2711297667839805,0.02324720074187317,FSH
True,0.0,0.9949917963890211,0.08663109292493743,0.014028962387134762,FSH
False,0.41609931846648535,0.8991076898587241,0.3645057608641651,0.028789767386901973,PGF
True,0.0,0.9566650406579301,0.2367110175877507,0.018469582077393295,FSH
True,0.0,0.9785347469558072,0.24679867459105928,0.14056861270976906,FSH
True,0.0,0.9952727770017671,0.08888508775183543,0.01752150882905223,FSH
False,0.00023148312935482508,0.9713191621799614,0.3015214569640802,0.1502989223002311,PGF
False,0.2911564592058092,0.9032660888016409,0.3539589157791193,0.031230281018289653,PGF
True,0.0,0.9889287980122107,0.1531127942973905,0.06407698781210658,FSH
True,0.0,0.9975414099526595,0.0773870137744437,0.03725796503943584,FSH
True,0.0,0.9851986946384624,0.18931598459673596,0.0770542159825471,FSH
True,0.0,0.9481039745102467,0.26577447906744867,0.01411157707517439,FSH
False,0.27864987296647864,0.9489303636122097,0.3527872970482936,0.15041134409741813,PGF
True,0.0,0.9948657354986024,0.10390187272286237,0.04711831466849741,FSH
True,0.0,0.9956711933665814,0.09252078297517911,0.025353107797716358,FSH
True,0.0,0.9986553407264971,0.051636701586392386,0.018360448231803314,FSH
True,0.0,0.9846903618749067,0.1476659723167415,0.014483869180090488,FSH
True,0.0,0.9987539391223078,0.04284214169795624,0.013229556047737312,FSH
True,0.0,0.9321488705625742,0.28804762583437915,0.030316359844617627,FSH
True,0.0,0.9995539155457085,0.030501298706490248,0.012344075666973143,FSH
True,0.0,0.9970108086778735,0.08380883678499154,0.04465910222305133,FSH
True,0.0,0.9811697692748343,0.21465613727881144,0.09530316662632514,FSH
True,0.0,0.9895948894517094,0.15517853349304708,0.06603730072186785,FSH
True,0.0,0.9900975378107179,0.14157841467342389,0.05949655838782882,FSH
True,0.0,0.9686290409046634,0.20841195371538782,0.012246814121226843,FSH
True,0.0,0.9732600529350006,0.2874960124355944,0.13202765706269878,FSH
True,0.0,0.945217204404277,0.2766285749416927,0.024066523871816774,FSH
True,0.0,0.9938950489025354,0.09831744044011335,0.02718778242051529,FSH
True,0.0,0.9969384684096478,0.07881876611741258,0.030572255347916428,FSH
True,0.0,0.9945983611268507,0.09926820704191128,0.014682435447388268,FSH
True,0.0,0.999611565336635,0.03351279040777695,0.014931578764052662,FSH
True,0.0,0.9896076771670669,0.11215802075835679,0.01928448948132254,FSH
False,4.274904327369101,0.8314535826568976,0.5067584176610254,0.08655844488346391,PGF
True,0.0,0.9807974205409111,0.22518207604822527,0.12221986311235089,FSH
True,0.0,0.9792091558490703,0.24000534932248085,0.14303643549055767,FSH
True,0.0,0.9774199586323482,0.2538893651350711,0.1415181797003254,FSH
True,0.0,0.9949657054160784,0.0851379184431947,0.0067370500699153344,FSH
True,0.0,0.9912666761464229,0.11113655957098739,0.01546853302432338,FSH
True,0.0,0.9851613379197954,0.17588533219687333,0.033890551584702534,FSH
True,0.0,0.9886881340062056,0.17348844665723856,0.0839694875188013,FSH
True,0.0,0.979333632525618,0.1682597043798474,0.01822132723176638,FSH
False,0.028731279829421988,0.9718884245533796,0.31695030378176803,0.19217234825749943,PGF
True,0.0,0.9842224570778482,0.19142382416217085,0.077846053576319,FSH
True,0.0,0.9985887301714416,0.06261572671621608,0.03351424419669393,FSH
True,0.0,0.975343822913968,0.2783968521977729,0.13927025852895036,FSH
True,0.0,0.9994519523230245,0.03039143943082816,0.01720160688684086,FSH
False,0.09235124050678056,0.9173540135348706,0.3303893469009751,0.016324061792547327,PGF
True,0.0,0.9523729273984166,0.25714219403748034,0.023717305497849412,FSH
True,0.0,0.9984454998972317,0.06328985491908196,0.03355809463951818,FSH
True,0.0,0.9988472441357049,0.04879842674032817,0.010655435624858326,FSH
True,0.0,0.9911173789761664,0.11083488040575956,0.025336281104479757,FSH
False,0.47200061124004755,0.8948014242244315,0.3687023006339706,0.049762568717505215,PGF
False,0.05437522259923762,0.9569082697746137,0.32331849536295976,0.0971823070488416,PGF
True,0.0,0.9994554697689655,0.03244580938328281,0.027425814180526,FSH
True,0.0,0.9955461665968607,0.08736078203377365,0.01659289155440555,FSH
False,0.08770023638418109,0.9654547227045029,0.32961422570052795,0.13841260089849827,PGF
True,0.0,0.9977140018548191,0.07086224673272334,0.011245816043449465,FSH
False,0.0741352112789428,0.9671916058786949,0.32722778200275277,0.14904341061372278,PGF
True,0.0,0.9907821463507199,0.12097670710990378,0.011257102419111204,FSH
True,0.0,0.9959135176041916,0.0746682019320676,0.021344610529550324,FSH
True,0.0,0.9776151574427961,0.16682501067850972,0.018995857496855114,FSH
True,0.0,0.993311443942538,0.1305551027756682,0.06912249232727803,FSH
True,0.0,0.9997570790498481,0.017340042237384702,0.011411363837008427,FSH
True,0.0,0.9990646584387478,0.035582053862185596,0.009499232967331791,FSH
True,0.0,0.9425957126000469,0.280469117284775,0.015080154149854065,FSH
True,0.0,0.996977220743274,0.08051057347844248,0.038850697523815494,FSH
True,0.0,0.9957304199789313,0.07834927737015705,0.010014087530926134,FSH
True,0.0,0.9902340655427202,0.11361250527016199,0.02219318715211906,FSH
True,0.0,0.9993352296084232,0.04054957534787398,0.033284848211598335,FSH
True,0.0,0.9951333728534207,0.09181805641047348,0.007129414964155799,FSH
True,0.0,0.9970876755873609,0.08692344406887872,0.04222863497596019,FSH
True,0.0,0.9986517636357608,0.04524101328724508,0.008962415243638814,FSH
True,0.0,0.998082712608464,0.07551829423932441,0.04411263354495452,FSH
True,0.0,0.9870067802762023,0.17649240752386947,0.09649278906125935,FSH
True,0.0,0.9998191495793418,0.02185391674758001,0.005791801671654205,FSH
True,0.0,0.9806411782497375,0.22194355350226516,0.10148454170348584,FSH
True,0.0,0.9992843148075703,0.05039103575331077,0.03901653454012878,FSH
True,0.0,0.9856633944717544,0.19200055089965729,0.10023589593890696,FSH
True,0.0,0.9919259300111519,0.13412210730018118,0.06689065072600554,FSH
True,0.0,0.9506504009582329,0.2487594539768238,0.03272166813639303,FSH
True,0.0,0.9982981386609598,0.05982003736366352,0.00833608697319527,FSH
False,0.1621262452233305,0.9095699403939351,0.3402649034797465,0.05451705421405018,PGF
True,0.0,0.9847010846943095,0.19033259888271162,0.09130051157863911,FSH
False,0.010118370564085748,0.9669210435209871,0.3100590111661563,0.09102288662459795,PGF
True,0.0,0.9990990535277459,0.03650802347924638,0.012385518976722732,FSH
False,1.3129263694045046,0.8764816092728137,0.414582999149285,0.09938775791213977,PGF
True,0.0,0.9992910415251852,0.04156741345461685,0.018730816432097407,FSH
True,0.0,0.9973487720819786,0.07382065749825367,0.01667017608186251,FSH
True,0.0,0.9725598357590859,0.28826103388205515,0.1445141399719578,FSH
True,0.0,0.9316977087897417,0.28980499829904915,0.027849044797675714,FSH
True,0.0,0.9991104389843308,0.04339955127519529,0.01946434995267515,FSH
False,0.21543503047247178,0.9667543186119791,0.34641497931406107,0.16906142264014976,PGF
True,0.0,0.9781288967495138,0.2466997082247735,0.1206867173881686,FSH
True,0.0,0.999720320344596,0.022018026668099072,0.01442355462373003,FSH
False,0.791956618564438,0.8891767471556712,0.3889919444986139,0.03850630387971528,PGF
True,0.0,0.9779389975256909,0.2669660039374953,0.16254351912233647,FSH
True,0.0,0.9987091547833471,0.05138707405194366,0.015829015653491017,FSH
True,0.0,0.9783021555603159,0.2327397539188664,0.0984011915351721,FSH
True,0.0,0.9877857609018257,0.1508529709217294,0.05152993674439473,FSH
True,0.0,0.986704914488276,0.12597619806987284,0.01717660686349663,FSH
True,0.0,0.9806578284836195,0.2191418135352339,0.09875085711918388,FSH
True,0.0,0.9796393656382512,0.16105721773733184,0.024157019803655158,FSH
True,0.0,0.9969503116689029,0.09552503100899178,0.051384574802517034,FSH
True,0.0,0.9936715360054869,0.11597459459080846,0.04522553564469899,FSH
True,0.0,0.9991639223263358,0.03793521002941975,0.006877692067414529,FSH
True,0.0,0.9782892234711228,0.24742234646928762,0.14747690105700761,FSH
True,0.0,0.9999603096743274,0.013085816654687709,0.011407783232605256,FSH
True,0.0,0.9949753069492873,0.07814029396231094,0.014685809799067091,FSH
False,3.8902420470746666,0.8367349776449059,0.4972369652746327,0.11127192860393423,PGF
True,0.0,0.9890497345409472,0.16987592601379928,0.09285851155713941,FSH
True,0.0,0.9897206830532149,0.14676742737849452,0.053119519352649816,FSH
True,0.0,0.9984987338147774,0.05684254649905487,0.02032083506087872,FSH
True,0.0,0.9905528025422866,0.11579230205758037,0.019748687505264664,FSH
True,0.0,0.9991213335775432,0.052539824234154826,0.035146951358780036,FSH
False,0.10250578213399188,0.9665369396923656,0.3320165241920468,0.13127186995638912,PGF
True,0.0,0.995053381055291,0.08663994490567735,0.023092490612272563,FSH
False,2.142941725112299,0.8611746087638189,0.44638789994778594,0.09129919671478487,PGF
True,0.0,0.9826234153360973,0.20086876053155894,0.06288469631671981,FSH
True,0.0,0.9925534739033278,0.10011073741032928,0.017094716613296753,FSH
True,0.0,0.9770306085464532,0.2583158547362936,0.14187079214968945,FSH
True,0.0,0.9737370355772363,0.268581299373421,0.1037568752882252,FSH
True,0.0,0.9555900973081088,0.2346203010198731,0.0252727749856368,FSH
True,0.0,0.9799293233687717,0.2274695909503902,0.11672112909955246,FSH
True,0.0,0.9986100657478694,0.04537154298348283,0.006763966992492669,FSH
True,0.0,0.9704736644295174,0.2925642458619932,0.11323073368434647,FSH
True,0.0,0.9747748796100271,0.266968840135605,0.11464306833729368,FSH
True,0.0,0.999103969661779,0.04844385337762791,0.024390150787821377,FSH
False,7.135777378266545e-05,0.9727834606157455,0.3008447353063692,0.1776750201584061,PGF
True,0.0,0.989509937192536,0.14734488782376465,0.06679312862562256,FSH
True,0.0,0.9857770135012363,0.18163336904522126,0.09450355434234389,FSH
True,0.0,0.9875456482980993,0.13926696353331938,0.03250998517118903,FSH
True,0.0,0.9894495583774707,0.12216646999451525,0.017004085687056195,FSH
True,0.0,0.9986863198663052,0.05233266686967753,0.01595157448669285,FSH
False,0.17930749383427097,0.9553311495398855,0.34234471558934726,0.13188088079523583,PGF
False,2.843521366717292,0.852073848663448,0.4686274404335573,0.04702315757308248,PGF
True,0.0,0.9958463152146645,0.07762777712470284,0.015450940759452098,FSH
True,0.0,0.9708774663857251,0.18773878093158047,0.02892752747837461,FSH
False,0.1989901917167502,0.9286358695689871,0.33157220263318443,0.10538729292050375,E2
True,0.0,0.9732143701239238,0.29656057290499477,0.16158756702782728,FSH
True,0.0,0.9943624697229247,0.11605256276896671,0.04582237369168778,FSH
True,0.0,0.9814156013815919,0.2096765788186088,0.08912544305203741,FSH
True,0.0,0.9851837264550624,0.1989246164373641,0.1071225634284912,FSH
True,0.0,0.980066615856236,0.23001104665924718,0.1172899054304236,FSH
True,0.0,0.9827465975938349,0.21211097983407934,0.11869832896680915,FSH
True,0.0,0.9810316354762665,0.1701439821483892,0.03759168415201936,FSH
True,0.0,0.9869572490344924,0.17866002493093905,0.09442081074810232,FSH
True,0.0,0.9824402871261136,0.2152054462112991,0.11307612324102681,FSH
True,0.0,0.9985418324910276,0.05575607139953945,0.011985847595670117,FSH
True,0.0,0.9977686456025278,0.05726009438035695,0.0206627645639238,FSH
True,0.0,0.9994631489811655,0.03549337397634622,0.019212153470566026,FSH
True,0.0,0.9988993814732803,0.052739809306479035,0.014120269355599896,FSH
True,0.0,0.9732666795745512,0.2008908651159807,0.0374654761501464,FSH
False,0.028495468712609898,0.9695673394689589,0.31688060091128567,0.16036382391594312,PGF
True,0.0,0.9735256704237021,0.2905559051761415,0.15053433230997645,FSH
True,0.0,0.9424330177007044,0.2694046928756005,0.03193399899614035,FSH
False,8.398061439469998,0.7941944728687467,0.5897940896476324,0.13281791596780065,PGF
True,0.0,0.9896323530273488,0.18323818496436212,0.10837332506749084,FSH
True,0.0,0.9891096818936317,0.17095900846790715,0.09179302131978843,FSH
False,0.23094498184801837,0.9455815421220977,0.34805673541222065,0.13894903008533738,PGF
True,0.0,0.999871480012,0.02324106956669298,0.01611135269927535,FSH
False,0.28158453570342873,0.9015619895696657,0.35306453954416533,0.056979418641879956,PGF
True,0.0,0.9921879903837761,0.12836714293311813,0.06491585864141183,FSH
True,0.0,0.9889267252886765,0.11693176465906412,0.022658791867003376,FSH
True,0.0,0.9997357746906811,0.022252783493604156,0.008157257929322752,FSH
True,0.0,0.9666676139546083,0.20716210958048697,0.019342754358879687,FSH
True,0.0,0.9741901643066937,0.26197610490429635,0.09994001055651615,FSH
True,0.0,0.9755536433260633,0.26935550449798307,0.14865958109875382,FSH
True,0.0,0.9997220097532366,0.02154712641645846,0.017818346593912366,FSH
True,0.0,0.9931516304770409,0.12820149046136484,0.06866764821657599,FSH
True,0.0,0.9748300402354613,0.2806928982834001,0.15894790601469946,FSH
True,0.0,0.9994142269706977,0.03874247982680758,0.01256468377535134,FSH
True,0.0,0.9801576978488024,0.23859984003381784,0.13226493724660165,FSH
True,0.0,0.9991794759422246,0.03729805535205148,0.011167385234584536,FSH
True,0.0,0.9504772644194898,0.24531015435925563,0.02826161614124498,FSH
False,0.23110122245379194,0.909257506146738,0.3480729885126556,0.032458725773022466,PGF
True,0.0,0.9964629743260695,0.07483537538465565,0.01745785772615779,FSH
True,0.0,0.9891321198022434,0.14739307955455394,0.037201203506521896,FSH
False,0.0021004159415372098,0.969756841102708,0.3045830295019094,0.13174045106219898,PGF
False,0.2979511550245777,0.9562178659240963,0.35458490221888994,0.2025239045507893,PGF
False,0.5919351029901101,0.9224732596970427,0.3621929316079934,0.046867644737294586,PGF
True,0.0,0.9925255767091776,0.10677907187887754,0.027634108789118466,FSH
True,0.0,0.9796802921216632,0.2276415420236222,0.09927901492797972,FSH
False,1.068074335358259,0.8801184819825192,0.4033476818974794,0.08679646057109582,PGF
True,0.0,0.9841529838735084,0.19503293942059935,0.07190152555085152,FSH
True,0.0,0.9857131070920312,0.193435305167404,0.10912711062357455,FSH
False,1.9080912593672186,0.8630940086449919,0.43813367653715796,0.0737760225728745,PGF
True,0.0,0.9989080068312548,0.05528765799372916,0.02858992592658616,FSH
True,0.0,0.999966499474697,0.011416096534633659,0.008982137273841576,FSH
True,0.0,0.9773415606897227,0.2632265866427036,0.15803052579829974,FSH
True,0.0,0.9991654728597127,0.038415018057647465,0.00947247952376933,FSH
False,0.00659379269007942,0.9510715425608597,0.3081202171707901,0.03291952606641861,PGF
True,0.0,0.9923318784684105,0.13947688673040062,0.07402803608003647,FSH
True,0.0,0.9965165221712093,0.07497234409645531,0.011871212949655936,FSH
True,0.0,0.9803580053471146,0.2352567851831028,0.1268702353150264,FSH
True,0.0,0.999407893987116,0.03318938801606697,0.008971796833881723,FSH
False,2.973920909842667,0.8460405474590975,0.472450599008605,0.09167580842344575,PGF
True,0.0,0.9734314751058076,0.19432037929226526,0.018956366399666778,FSH
False,4.483315193713086,0.8322053034479945,0.5117384044927392,0.11748562475862777,PGF
False,0.3258362598740231,0.965169962543851,0.3570820689773963,0.17733816912800499,PGF
True,0.0,0.9827079901255242,0.22954972260282722,0.12811742549081173,FSH
True,0.0,0.9913350690872409,0.10739537482325348,0.025342458134010933,FSH
True,0.0,0.9933050480016635,0.12211655582901833,0.05004375858500355,FSH
False,0.0033295289636411287,0.9274186824926499,0.3057702070704968,0.03710128639035907,PGF
True,0.0,0.9838209004004956,0.15517806889646218,0.031706844967021905,FSH
True,0.0,0.9987729543203558,0.0408954732945711,0.01155704878370881,FSH
True,0.0,0.99143407078459,0.12705085518342862,0.04070885766680582,FSH
False,0.04882847868798952,0.9193574427824216,0.32209716694239093,0.028648417919037182,PGF
False,0.035649833995838945,0.9689135160038377,0.3188811636282934,0.14973096956566057,PGF
False,0.09882316967354285,0.954814963416332,0.3314361527025084,0.13572035471655128,PGF
True,0.0,0.9788525895759784,0.17201533016849246,0.024646847602716775,FSH
False,1.0402236762197847,0.881429565059214,0.4019913563111985,0.061439305580035526,PGF
True,0.0,0.9402378913905893,0.26232387323985096,0.03665027498337898,FSH
True,0.0,0.9827909294303747,0.17067764513704084,0.04760199172433655,FSH
True,0.0,0.9883542076546802,0.17605727259166845,0.08652625685228911,FSH
True,0.0,0.9898881980995576,0.1519825722199874,0.07431156673934645,FSH
True,0.0,0.9352881287971906,0.29030572240394525,0.016853515264358535,FSH
True,0.0,0.9821099908112215,0.21613793015417124,0.1102538326641956,FSH
True,0.0,0.9897334600158927,0.15418052337246343,0.07211344318461313,FSH
True,0.0,0.9765236270030032,0.16859696528281282,0.018285944058276063,FSH
True,0.0,0.9812619409676208,0.2193050550189919,0.09703673811680351,FSH
True,0.0,0.9930424498192058,0.12045063236541939,0.059506335009659794,FSH
True,0.0,0.9936694484543498,0.0892440940769061,0.02421396460722607,FSH
True,0.0,0.9927977446177343,0.09355264239575216,0.014487201996342399,FSH
True,0.0,0.9824977764993094,0.21092393033990808,0.10798450376563806,FSH
True,0.0,0.9997502973286839,0.024436770474326453,0.01872089935678124,FSH
True,0.0,0.9989639491398198,0.0543801294326202,0.03565790166697233,FSH
True,0.0,0.9972964308065787,0.06589995254393849,0.020361138294975364,FSH
True,0.0,0.9958043657265258,0.07667476108849423,0.012023500377841634,FSH
True,0.0,0.9670412209979355,0.2076926014978784,0.017882904087322838,FSH
True,0.0,0.9872361762781974,0.1260064922902203,0.015989785286473844,FSH
True,0.0,0.9785411738945481,0.25459769099667046,0.15357360649805987,FSH
True,0.0,0.9997157495500724,0.024339790741021047,0.02122747553431972,FSH
True,0.0,0.9575112263235134,0.2964044902446735,0.050788725415128376,FSH
True,0.0,0.9841339567109006,0.21372882556706785,0.12181904776152207,FSH
True,0.0,0.9434266707467159,0.25502639935794336,0.03564252789422336,FSH
False,0.7441975780000403,0.8868586570971707,0.38626688692656297,0.09155951974203214,PGF
False,0.2181463062257608,0.9636511099987408,0.3467061351672091,0.18689027843677017,PGF
True,0.0,0.995973863347525,0.0817992452571545,0.028936828817503396,FSH
True,0.0,0.9795437659263525,0.23362515107614254,0.1162854213974559,FSH
True,0.0,0.9804547358733984,0.15832824605502302,0.02110704137593341,FSH
True,0.0,0.9996211037426895,0.02523351248141587,0.01855314838768159,FSH
True,0.0,0.9995412117579311,0.02965650314315487,0.023446600995913894,FSH
True,0.0,0.9965920912824395,0.06430438250341329,0.01582132110807615,FSH
True,0.0,0.9486351254366225,0.2650639727954276,0.025425191253019213,FSH
False,5.162445838238343,0.8229009496468874,0.5272101634663015,0.13037310884945308,PGF
True,0.0,0.9742432034537278,0.2815863911418762,0.1467067069954431,FSH
True,0.0,0.9793687006848393,0.23854393635364876,0.11273361358093607,FSH
True,0.0,0.9610757602001619,0.22147710071974583,0.03216081257956522,FSH
True,0.0,0.9861344193239284,0.18811657035965088,0.07096705067031521,FSH
True,0.0,0.9891639031135223,0.132810033623873,0.01799878486452551,FSH
True,0.0,0.9995012039370905,0.02725451799486592,0.01945470066024371,FSH
True,0.0,0.9996430602406641,0.027563371440571617,0.016633939771460285,FSH
False,0.22878083211278735,0.9577831982246962,0.34783103930637377,0.16973005148584408,PGF
True,0.0,0.9985227236752888,0.04948820095830283,0.013781231683312885,FSH
True,0.0,0.972856873032565,0.28620151026299334,0.13722303226959276,FSH
True,0.0,0.9979160390302708,0.06213229638367366,0.00759413119343954,FSH
False,0.36027996315607225,0.9615626587941188,0.36002332572892576,0.21254977577894782,PGF
True,0.0,0.9927497399908035,0.10392059532047976,0.01908691948729581,FSH
True,0.0,0.9951683789114413,0.10086614538118444,0.038591102123733,FSH
True,0.0,0.9921314934023721,0.12146864456274063,0.021022098179418906,FSH
True,0.0,0.9975050922031662,0.06954681843114692,0.023940916967653797,FSH
True,0.0,0.9879262209222387,0.16170819026764457,0.08272639515734483,FSH
True,0.0,0.9794431185001348,0.2240983838746918,0.10484710282325935,FSH
True,0.0,0.9785509268395096,0.22941839362593697,0.07911853429347633,FSH
False,0.09705237779970224,0.9680921805498176,0.3311532306189426,0.15030990089429105,PGF
True,0.0,0.9997390371858458,0.027124789769120028,0.013073290951234828,FSH
True,0.0,0.9983807545709942,0.0798659395933945,0.048243209211645266,FSH
True,0.0,0.9358703287897305,0.27989678419576436,0.029744295251643335,FSH
True,0.0,0.9976188254098561,0.060557603318647006,0.019903287255499846,FSH
True,0.0,0.9710620431823052,0.28912963782349704,0.12658780524637386,FSH
True,0.0,0.9935169272714088,0.11247528672040599,0.048956718365660866,FSH
True,0.0,0.9729972552525462,0.2698184628086744,0.10992209698835682,FSH
True,0.0,0.9992497086944895,0.03411058233463031,0.008688235146838969,FSH
True,0.0,0.9975914617150325,0.07341288101212937,0.03780766691183832,FSH
True,0.0,0.9928936666640018,0.12228659141275218,0.047689018730154145,FSH
True,0.0,0.9811322997866514,0.22136101619437265,0.09232492357816463,FSH
True,0.0,0.9449557741344349,0.26819033693598116,0.02776908364785888,FSH
True,0.0,0.9750253246327978,0.18399178626553803,0.016963937324646412,FSH
True,0.0,0.9947097952026587,0.09837042654517834,0.03334567110815443,FSH
False,0.23699598733180785,0.9016053254901493,0.3486822336516935,0.0841612981191513,PGF
True,0.0,0.9925018105108137,0.1346030615847047,0.07176509746324057,FSH
True,0.0,0.9790305754514927,0.2544254363882353,0.146968630080535,FSH
False,7.327806505380858,0.802494589738759,0.5705164488272056,0.10484692489828999,PGF
True,0.0,0.9269220411908846,0.29962034747838423,0.03163245361852758,FSH
True,0.0,0.9896020891422469,0.1614645937410295,0.08740227196108379,FSH
False,0.3994707973001833,0.9265375875928746,0.3532878846246139,0.04684222706452619,PGF
True,0.0,0.9984193300485015,0.05495758986367046,0.021739502032776793,FSH
True,0.0,0.9976622432973927,0.06294318545094392,0.021196662875290036,FSH
True,0.0,0.9997297800898842,0.023079467098996016,0.013406052448414169,FSH
True,0.0,0.9932260419316387,0.09500511029624613,0.009871448312115677,FSH
True,0.0,0.9454144781911887,0.27755978957518873,0.017872208385725286,FSH
False,0.00501746125732903,0.9689371315675145,0.3070834040244285,0.1249350125702154,PGF
True,0.0,0.9995841114954259,0.03514977614777176,0.013068534902801982,FSH
True,0.0,0.9798380249983019,0.17163909228071925,0.03342087580856629,FSH
True,0.0,0.9452340952611086,0.2541574345238192,0.04787203912769258,FSH
False,2.6154858082866275,0.8502738926361654,0.4617246365983435,0.07910313748396457,PGF
True,0.0,0.9952479477327931,0.0908959178186222,0.0411454681948226,FSH
True,0.0,0.9708777316317222,0.19141750041582414,0.017931625927697117,FSH
True,0.0,0.9900004108652654,0.14915138599980562,0.04229835670134131,FSH
True,0.0,0.9686815740401886,0.20199516272772794,0.026632410133843834,FSH
True,0.0,0.9941978733162605,0.08387909575134453,0.019185964661107214,FSH
True,0.0,0.9847161935653028,0.1900318516411242,0.10181866672402656,FSH
True,0.0,0.9476644093925606,0.2528578962229017,0.02940322555718311,FSH
True,0.0,0.9994361261134065,0.033452402551146634,0.011111824562197562,FSH
True,0.0,0.9991547274206395,0.039271635621961315,0.01315455189830046,FSH
True,0.0,0.9947501447827973,0.09313305552364862,0.018990604678809756,FSH
True,0.0,0.9940678723384254,0.08911321769202842,0.024067093057799728,FSH
True,0.0,0.965422855731619,0.1944145635994462,0.03562662588532291,FSH
False,4.638318591371593,0.8287518145687031,0.5153675600310221,0.10193857060861265,PGF
True,0.0,0.9651249801293921,0.2190013395015197,0.020439970377273985,FSH
True,0.0,0.9698373893193719,0.1922580217375682,0.029208968238686385,FSH
True,0.0,0.9973870103531779,0.0886110436674206,0.050405099161373604,FSH
True,0.0,0.9945283231890303,0.10962144364139946,0.04752038932247722,FSH
True,0.0,0.9719466204275751,0.27584075517185486,0.10212887906239251,FSH
True,0.0,0.9650425970610229,0.20218550336887303,0.029670106395811587,FSH
True,0.0,0.9970603712517087,0.07908194632922397,0.025601408555496863,FSH
False,1.05628333754392,0.8763004706550406,0.40277564582837316,0.06941641058830286,PGF
True,0.0,0.9641034417826486,0.22219793034335178,0.02448295030699956,FSH
False,0.04741884635680779,0.9191831336611029,0.321775868836124,0.04791697285848274,PGF
True,0.0,0.9701528118475903,0.29438236007055263,0.12996359763220608,FSH
False,4.635563917626235,0.8281855884278396,0.5153035976853669,0.12261882669496078,PGF
True,0.0,0.990685030606272,0.13725179071196136,0.058701859967032755,FSH
True,0.0,0.9979762373452191,0.0560267035473147,0.009488135932749253,FSH
True,0.0,0.9862465718835359,0.13500919565817648,0.032578567085726394,FSH
True,0.0,0.9830442395806073,0.2016420650737365,0.07950286214990501,FSH
True,0.0,0.9985707289908833,0.05888557819635492,0.030847157839453798,FSH
True,0.0,0.9822710029306331,0.21909031605801635,0.09807684252076367,FSH
True,0.0,0.9794127719182459,0.22041820768198114,0.07109225598805205,FSH
True,0.0,0.9913348295100455,0.10433829262465312,0.015010861562830748,FSH
True,0.0,0.9838935035287474,0.19719598655658507,0.08641746655441689,FSH
True,0.0,0.9962213352611892,0.09865912096846488,0.05212997029498268,FSH
True,0.0,0.9876863639936686,0.178483727828783,0.07898517421693284,FSH
False,0.016319779437277915,0.9688595485497054,0.31277488921176144,0.1528332372206718,PGF
True,0.0,0.9924111196441094,0.11150556417810888,0.027815569328295577,FSH
True,0.0,0.9992121754895081,0.034642949515725836,0.011387423964681974,FSH
True,0.0,0.9822218774962604,0.21565522490723177,0.11411012110634579,FSH
True,0.0,0.9802080462485705,0.24114331831112168,0.13971133895320834,FSH
True,0.0,0.9863835336474017,0.19213775296924313,0.11023207477918225,FSH
False,0.0003542840645801617,0.9301703207075079,0.3018822435139486,0.022001826696362862,PGF
False,0.08208307967382461,0.9399583485411002,0.3285852824505014,0.02436058904637862,PGF
True,0.0,0.9864903543774137,0.1381734380767703,0.029215406243157865,FSH
True,0.0,0.9948016394926223,0.08270670597512758,0.015957572488270167,FSH
True,0.0,0.9852523738366594,0.2042328119687102,0.11532635664637396,FSH
True,0.0,0.9745427810644064,0.2646913711382643,0.1082445545290526,FSH
True,0.0,0.9760437835854628,0.2665996814253134,0.1616548031105417,FSH
True,0.0,0.9925370454763581,0.09490605512766814,0.016325388395118306,FSH
False,0.10628885951425979,0.9448866284401153,0.33260197225847843,0.07574852598745703,PGF
True,0.0,0.9931275671451056,0.11153209061755949,0.022222256933303222,FSH
True,0.0,0.9998429454935296,0.019086662990821138,0.013422534014797179,FSH
True,0.0,0.9960303760300082,0.08588401141354007,0.03619431288520068,FSH
False,0.5585333490690338,0.8924967175646125,0.3747350887514716,0.04000056405424547,PGF
True,0.0,0.9898760606025042,0.14826940121041388,0.0747516944571171,FSH
False,1.0985148509200198,0.8778410276605302,0.40481005919853397,0.07668584255047446,PGF
True,0.0,0.9886717300643217,0.16580972978370692,0.07223408321812486,FSH
True,0.0,0.9741682941044716,0.18996013669536574,0.030022351279709914,FSH
True,0.0,0.9708812987997237,0.20107304307129067,0.020202268602639274,FSH
True,0.0,0.9508700447775008,0.2456022312223458,0.03121167666154932,FSH
True,0.0,0.9704306587886079,0.19783707121403424,0.02460328210594228,FSH
True,0.0,0.9977368668231208,0.07737059413279285,0.035122235191956015,FSH
True,0.0,0.9988992333642828,0.03717966368796334,0.009408774976778627,FSH
True,0.0,0.999626495771769,0.037258471839174336,0.023294762758257533,FSH
True,0.0,0.9902303359295338,0.16829023463107076,0.09546745718595373,FSH
False,2.9579120133517454,0.8495829911298508,0.4719858137565929,0.09286156568920785,PGF
False,8.579415751116649,0.7911309020315992,0.592906397183753,0.12601054766351585,PGF
True,0.0,0.9522760540066006,0.2463816937913114,0.022698393223714985,FSH
False,8.660450975658454,0.7925269673610735,0.594269706598845,0.1260085381853107,PGF
False,0.1170341297464766,0.9462305229990234,0.3342102513505055,0.08331742646892466,PGF
True,0.0,0.989159395462976,0.15419013419370017,0.062425143212753546,FSH
False,14.347784419196197,0.7600386295889217,0.6684085759814234,0.09249865148418895,PGF
True,0.0,0.9827339005755211,0.14861177989837568,0.02316416671490938,FSH
True,0.0,0.9988268885948371,0.04070086709875875,0.01117091792146106,FSH
False,0.1864956130654067,0.9642712396381301,0.34318513784456484,0.13353374317064565,PGF
False,3.3106639952444397,0.8417203815772933,0.48195230131120737,0.09271116618930894,PGF
True,0.0,0.9265326849979152,0.29755334880319523,0.0371022499298003,FSH
True,0.0,0.9999359076829031,0.010007004267434321,0.006229673583195899,FSH
True,0.0,0.9961599065479283,0.07774798106914144,0.0160993015298553,FSH
False,1.5931000327569282,0.8671516864280354,0.42621806656564376,0.05862219650048095,PGF
True,0.0,0.9773534440888026,0.25450522440552276,0.12862536463633106,FSH
True,0.0,0.9991963323374282,0.03817390906956791,0.01637232927980115,FSH
True,0.0,0.9993721024423723,0.02984489004623419,0.00686704620477543,FSH
True,0.0,0.9997577167443833,0.021740567329969714,0.012031536648099764,FSH
True,0.0,0.9987529600428258,0.04781014061543792,0.008285746539720683,FSH
True,0.0,0.9940161807785982,0.12621127476106903,0.06784452943376479,FSH
True,0.0,0.9767643771678581,0.25069551034712484,0.09780833660848368,FSH
False,0.05600988643600442,0.9534164397789477,0.3236664079310749,0.09929204038084326,PGF
True,0.0,0.9898620679699552,0.1520795563591412,0.07085896954507803,FSH
True,0.0,0.9783645701353021,0.16672457082881398,0.020659345723321405,FSH
True,0.0,0.9884009808030451,0.1624985542946899,0.07179731771470015,FSH
True,0.0,0.9938171425583759,0.11638995236719483,0.052794263172137965,FSH
True,0.0,0.9941028566442486,0.09414347342016473,0.025802889221597465,FSH
True,0.0,0.9998824229269184,0.015563924325593226,0.01142542798971401,FSH
True,0.0,0.9970717447336108,0.07347999396906334,0.02600421795618322,FSH
True,0.0,0.9961805032805182,0.07845173485158295,0.018224078870358016,FSH
True,0.0,0.9962758539113744,0.0882136770554553,0.012701330350095255,FSH
True,0.0,0.9641416313734396,0.22006258910662735,0.02379208669310416,FSH
True,0.0,0.9973500757572106,0.09244208855101059,0.05235670042621588,FSH
True,0.0,0.9951655618571833,0.11406984653405951,0.058618145116491965,FSH
True,0.0,0.9995465489151496,0.025137240605009867,0.009020601954274546,FSH
True,0.0,0.9885407647969099,0.11732285925717752,0.014968048120829905,FSH
True,0.0,0.944469953805247,0.277636722382077,0.02353623368933605,FSH
False,0.023728257923734068,0.9265131045150343,0.3154039793312423,0.016635540463741286,PGF
True,0.0,0.9880284824435924,0.13639208770229733,0.0399228227377141,FSH
True,0.0,0.9922599057464794,0.10138688135845425,0.009325962043636097,FSH
True,0.0,0.9994683746357478,0.035474196430352,0.02320613497249314,FSH
False,3.4259400114643186,0.8427380295022329,0.4850929499323061,0.07689140052649546,PGF
True,0.0,0.9643492605376854,0.20861408673181905,0.02687550365886469,FSH
True,0.0,0.9824024408481868,0.20190645219168227,0.07083093036691074,FSH
True,0.0,0.9930176131789726,0.12952164849992368,0.058609830964191215,FSH
True,0.0,0.9862629210878551,0.17728671094870435,0.07816351807458709,FSH
True,0.0,0.9866241488654498,0.1297195726481557,0.018659114586674578,FSH
True,0.0,0.9889426957378183,0.1573170553184988,0.07132771717977154,FSH
True,0.0,0.9941584215178059,0.08888941351638979,0.013598090448050198,FSH
True,0.0,0.9857078728294244,0.13437383368717912,0.020685334400711346,FSH
True,0.0,0.9913474081285304,0.12528587139403868,0.040642847197201695,FSH
True,0.0,0.9850254920285257,0.1952007605512317,0.10765078632356924,FSH
True,0.0,0.9873556229777154,0.1734943937210794,0.09482890829382726,FSH
True,0.0,0.9718388713059226,0.21034895848426363,0.04378911726335225,FSH
False,1.2605760500773704,0.8732940790246113,0.4122753779809879,0.08061132591866248,PGF
True,0.0,0.9901366177737477,0.1454581258314319,0.0659813160375347,FSH
True,0.0,0.9966502418300457,0.09869519694633418,0.057962906083257285,FSH
False,0.12608694902157838,0.9608167256321772,0.3355087241423257,0.11184551942340264,PGF
True,0.0,0.9999433553808321,0.010112746845136465,0.009830337579894531,FSH
True,0.0,0.9751368769391263,0.18625508520636314,0.028911234451747418,FSH
True,0.0,0.9879239672616588,0.16417355219111524,0.07976755157034528,FSH
True,0.0,0.9952311839863055,0.09751137966255115,0.039787346706319636,FSH
True,0.0,0.9746560474312056,0.2545258237439693,0.09808033155328709,FSH
True,0.0,0.9933797853097105,0.11893993642644145,0.044257953111750174,FSH
True,0.0,0.9991335483930519,0.043091867663482226,0.010318424510430036,FSH
True,0.0,0.9427945342457656,0.2694177783662892,0.015480287247763694,FSH
True,0.0,0.9815815172770666,0.21926990115184847,0.10112474203532333,FSH
True,0.0,0.9729619216554631,0.27776735867507124,0.12472510258742829,FSH
False,0.00491724880041495,0.9713676844824578,0.3070123097481607,0.1644073971134404,PGF
True,0.0,0.9952761430906765,0.09054943807165622,0.007994333307019886,FSH
True,0.0,0.986040136505108,0.13683859631145864,0.008844045497538696,FSH
True,0.0,0.9866022232364589,0.2053300795517678,0.12108586524455744,FSH
True,0.0,0.9870206600018515,0.17398173686318,0.08284442550948586,FSH
True,0.0,0.9931350342266472,0.14184339506362167,0.07647831782733676,FSH
False,3.63255032816293,0.8388769125099346,0.4905925058380557,0.10127507608564278,PGF
False,1.9444991113108299,0.9073276507686912,0.41674661717317707,0.035745336939415215,PGF
True,0.0,0.9997512958599667,0.02604369185567756,0.020460175126065874,FSH
True,0.0,0.9878136581994869,0.18017641233264825,0.07791211573481392,FSH
True,0.0,0.9883256963498669,0.13020745094373917,0.022581824718848814,FSH
True,0.0,0.9844763334638538,0.19584366000351636,0.09522922054263074,FSH
False,0.7532618972269985,0.9136251359203824,0.36565525150644124,0.08091484366492284,E2
True,0.0,0.9823169792204225,0.21502720959090843,0.09510579211165394,FSH
False,0.21245454824072454,0.9356497738983192,0.34377072784099294,0.026305847890567547,PGF
True,0.0,0.9932429485935155,0.12061842261593639,0.025085890188851226,FSH
True,0.0,0.9805930124342042,0.21414263914105638,0.06413959024139028,FSH
False,0.17557871047799142,0.9079037101577587,0.3419021133688972,0.06565282178262054,PGF
False,2.807470691429888,0.8493044931548821,0.46755508620838365,0.10665002729225077,PGF
True,0.0,0.9998484907574604,0.016414578740520408,0.008448552972572373,FSH
True,0.0,0.9822193879987943,0.2127068613051395,0.10910425983186829,FSH
True,0.0,0.9933553715226634,0.0926602010741809,0.016234516955029914,FSH
True,0.0,0.975919973341062,0.270051472095332,0.1339740583197169,FSH
True,0.0,0.9735312291353989,0.18422026737153355,0.021654170387812536,FSH
True,0.0,0.985142001172144,0.1812763931064241,0.09545397847619158,FSH
True,0.0,0.9974807295849584,0.06882908121109832,0.026720970547303928,FSH
True,0.0,0.9788537306918857,0.23746514353016412,0.12192656677900997,FSH
False,3.984106402865415,0.8349337416211937,0.49960226458799045,0.10900143194466666,PGF
True,0.0,0.9984421079077015,0.047470759514114766,0.012426259957438058,FSH
False,0.09388298348606765,0.969879655800856,0.33064033020156075,0.19024304373874548,PGF
False,0.022072710079956898,0.967924463261491,0.314856887318667,0.12830876573960664,PGF
True,0.0,0.9983249958306485,0.04679319095479444,0.016244439584671404,FSH
True,0.0,0.9937098500166,0.11332697446179028,0.04734461088771226,FSH
True,0.0,0.9942875307555651,0.10562020272961228,0.041790792091986356,FSH
False,1.4045356396765485e-05,0.9698821152943421,0.3003747713489151,0.12371461903025567,PGF
True,0.0,0.9910193159253322,0.14561284849838652,0.06710462086441521,FSH
True,0.0,0.9648552529783408,0.2914724125142948,0.0850933309351892,FSH
True,0.0,0.9731442559385638,0.27496912242529953,0.12323132705223408,FSH
True,0.0,0.9883556888926412,0.12772820300411206,0.027549499476444445,FSH
False,0.11747240751187966,0.964796846586468,0.33427424798764804,0.15242519247174924,PGF
True,0.0,0.9919684741119195,0.10111184066823466,0.01904950875512516,FSH
True,0.0,0.9743128832644757,0.2821184155744777,0.15259269183413696,FSH
True,0.0,0.9732202949791613,0.19371270343951516,0.025513610655514222,FSH
True,0.0,0.9943159806104772,0.10042170982426264,0.03408519226865596,FSH
True,0.0,0.9845920589529298,0.18339623109406877,0.05703880721354606,FSH
True,0.0,0.9920717204956316,0.11452520487529856,0.03417257295790221,FSH
False,1.0614242766636706,0.8799094480568947,0.403025447179989,0.0577267204382051,PGF
False,1.9645899517567091,0.8621142005444173,0.4401638309891931,0.06170247721082992,PGF
False,8.29242290632337,0.7954236347713463,0.5859174534461105,0.09638749668664819,PGF
True,0.0,0.9925224997808854,0.1287354750492901,0.0583046563666713,FSH
True,0.0,0.9820627512143129,0.20613547235984306,0.09150498762252862,FSH
True,0.0,0.9834191517009906,0.218385015780916,0.12737334094786618,FSH
True,0.0,0.9995609124229021,0.024912740227878198,0.02017259355107102,FSH
True,0.0,0.9777820710078703,0.24943045554931093,0.13560715025249725,FSH
False,0.0033757728745943192,0.9696944440257973,0.30581014016577424,0.132441732583005,PGF
True,0.0,0.9810141875516204,0.2283991162009661,0.12312389852667419,FSH
True,0.0,0.9901596088627925,0.11234462856860225,0.015871360458648787,FSH
False,5.624635013092671,0.8159178218735436,0.5371631297881834,0.11081981960752496,PGF
False,0.2142795466107988,0.9043331135928068,0.3462903387988032,0.05435408433010354,PGF
True,0.0,0.9481497099004587,0.2565342775768258,0.02316660012258985,FSH
True,0.0,0.9993082757449177,0.035895153651977596,0.01676071539027202,FSH
True,0.0,0.997600465237033,0.07659480791574827,0.03795363874891636,FSH
False,0.3690514130803362,0.9010930238211099,0.36074960189831173,0.06061408830585366,PGF
False,2.288629761830048,0.8589326815074049,0.4512821787862023,0.10500641048696202,PGF
True,0.0,0.9708312485643369,0.2935931142301693,0.11600938074656089,FSH
True,0.0,0.9782199184163369,0.24821140322948876,0.12888668196901812,FSH
False,0.029386513418876957,0.9213354428557398,0.31714249498144215,0.05565712286322145,PGF
False,1.1560373555017749,0.9139467004619187,0.38752091490692897,0.030241708234758552,PGF
False,0.24093330901343926,0.9033918746596467,0.34908495788054006,0.057397823113915274,PGF
True,0.0,0.9895966511389536,0.12117666705486423,0.014228993626978563,FSH
True,0.0,0.997596547968109,0.07277524683006088,0.029075383513504614,FSH
False,0.9101083945678154,0.8784855853779785,0.3953996013916104,0.0702948509667458,PGF
True,0.0,0.9971589020425785,0.07494792072035916,0.03057983088209788,FSH
True,0.0,0.9966956094203789,0.07022704779455158,0.02139960572232293,FSH
True,0.0,0.9860251533429968,0.18270974618719776,0.06696083126156116,FSH
True,0.0,0.9993142410555234,0.041501427487948266,0.012808083275480166,FSH
False,0.010555660085463521,0.9308524859506828,0.31027407420912634,0.034632261686876116,PGF
True,0.0,0.9718315946500927,0.19583936838691626,0.01596747469694138,FSH
True,0.0,0.9997103772853673,0.02833922683659469,0.02185092983976491,FSH
True,0.0,0.9867981898338385,0.16712119810619042,0.05737546741440201,FSH
False,0.06306609470991302,0.9524407722544,0.32511296372591514,0.11915076823968163,PGF
False,0.05433655904531444,0.9637744332286122,0.3233102035695346,0.08845894622957111,PGF
False,1.8408573093291791,0.8618349548668481,0.4356781968235567,0.09040070181443713,PGF
True,0.0,0.9993417705908432,0.036076629095667834,0.01212814724698313,FSH
False,2.844248095381431,0.8500767567846004,0.4686489874082092,0.05920370278505586,PGF
True,0.0,0.9871960016679346,0.17883384499812435,0.0936224827952707,FSH
True,0.0,0.977266950401574,0.26214540573620176,0.15344713358639095,FSH
True,0.0,0.9933324331709614,0.106931627001174,0.04082634590202147,FSH
True,0.0,0.9632485133423524,0.22564118413942677,0.03221039520640018,FSH
True,0.0,0.9964335238218102,0.08240241671320114,0.03044621073688344,FSH
False,4.786590681951916,0.8270733275266738,0.5187827845592956,0.11640825631498165,PGF
True,0.0,0.9998726051659838,0.016727141304413634,0.009073264854080096,FSH
True,0.0,0.9995538367057878,0.023450196061646604,0.010521752614656144,FSH
True,0.0,0.990632534663109,0.11141685092427188,0.014041668680116595,FSH
True,0.0,0.9997538850707767,0.021182718963990623,0.010598871158496824,FSH
True,0.0,0.9936894233539165,0.12489985517140724,0.062057170194427205,FSH
False,0.00845332223612319,0.9448299817812363,0.3091941950360666,0.07291335123608757,PGF
True,0.0,0.999931175537885,0.01595995476426673,0.016466454395953532,FSH
True,0.0,0.9995259423990349,0.02666279517890515,0.01837084261213436,FSH
True,0.0,0.9741712643936388,0.28727842339250276,0.15991022694846552,FSH
False,0.3207224069050594,0.9416494428638028,0.3566323588511956,0.17390600405412884,PGF
True,0.0,0.9956107021848474,0.08572266882732521,0.017161598013371183,FSH
True,0.0,0.9985431910424032,0.04641436491604702,0.012329856514473533,FSH
True,0.0,0.9969200811099846,0.07949192861354981,0.03106892442540649,FSH
True,0.0,0.976967382320312,0.27247745999022954,0.16693931355358982,FSH
True,0.0,0.9934812353287821,0.11484127374501259,0.042862633513948645,FSH
True,0.0,0.9949079901455037,0.08106123873222912,0.01797541837239869,FSH
False,0.010032526869001869,0.9269843048227623,0.31001625023100055,0.02627861673696592,PGF
True,0.0,0.9939012608293328,0.10628284924305724,0.02647506114772972,FSH
True,0.0,0.9773354907094997,0.16649573159849562,0.01717955622137678,FSH
True,0.0,0.9972785353068593,0.06397653517371812,0.007337591142026164,FSH
False,0.5567739779629057,0.8932764052821741,0.37461728874482814,0.06476606925940448,PGF
True,0.0,0.9978651349967147,0.06149308230059052,0.014861642306658623,FSH
True,0.0,0.9994782523742279,0.04437086151668525,0.03506561112955305,FSH
True,0.0,0.9997748030670194,0.02617682082436802,0.022481005696189417,FSH
False,1.2241320656258816,0.876841068506944,0.4106405018800024,0.104670521542943,PGF
True,0.0,0.9998458736665446,0.020073229614284475,0.015782447550305563,FSH
False,1.5845806409966294,0.8673852962817744,0.4258801271447018,0.06752441524468529,PGF
False,0.18797661113095998,0.9602985439776591,0.3433562695732647,0.15133806550099074,PGF
True,0.0,0.9712207249356211,0.2913879179152305,0.12010475217521119,FSH
True,0.0,0.9735589791100706,0.28397236086232464,0.14063221733255996,FSH
True,0.0,0.9876668949391938,0.18228519557069608,0.10264838979497752,FSH
True,0.0,0.9998768848105891,0.026534358636957054,0.025589292531056025,FSH
True,0.0,0.9778358601526973,0.24189721846820372,0.10933926175220694,FSH
True,0.0,0.9996042544004817,0.023983304585829812,0.008988340119738402,FSH
True,0.0,0.9884945403025466,0.1273499078698234,0.012308398859314333,FSH
False,0.15506183877685267,0.9676588820925262,0.33937789211941805,0.18854550558713756,PGF
False,4.241663078744357,0.8317617953170047,0.5059529819824019,0.10651591487155714,PGF
True,0.0,0.9998953245469766,0.02174011371407695,0.01692361192452031,FSH
False,0.010687585412423962,0.9713200116970372,0.31033807787377515,0.16394570382932636,PGF
True,0.0,0.9347970366187677,0.2827073541214032,0.027061498327669988,FSH
True,0.0,0.9924581310153318,0.1516804171864917,0.08659005276163709,FSH
False,3.2006395561780026,0.8458767925824626,0.47890331344550335,0.11893242476152034,PGF
True,0.0,0.9976072077372662,0.06502617267879209,0.027058424214504977,FSH
True,0.0,0.9923700892228061,0.1255099955420152,0.057079278353016294,FSH
True,0.0,0.9999247321874468,0.011167796441860965,0.006271356115135183,FSH
True,0.0,0.9959951187881377,0.08624443520760391,0.0393975520840619,FSH
False,0.0011826838940162952,0.9706821077035492,0.3034390171474075,0.14657500425268438,PGF
True,0.0,0.9919667698549464,0.12928129404404684,0.0642621012023582,FSH
True,0.0,0.9779507315816802,0.24888847227140226,0.11410831843198466,FSH
True,0.0,0.9708347364027121,0.19206073468748402,0.014732125873370036,FSH
True,0.0,0.939804280549909,0.2829385021596033,0.0308640055946496,FSH
True,0.0,0.9843062979470512,0.1853836612159157,0.08303647303271164,FSH
True,0.0,0.9539736283662326,0.2322684937223496,0.036950710717573915,FSH
False,0.08792504828036163,0.9702425882705514,0.3296521581474876,0.20467803554256817,PGF
True,0.0,0.9775996252126932,0.24904303923614088,0.11394718531526585,FSH
True,0.0,0.9982149446425641,0.05376758481949582,0.01686754737752934,FSH
True,0.0,0.989761512072097,0.14413869862724646,0.058194887485402205,FSH
True,0.0,0.9951610641430423,0.08874683900419966,0.023618103847162154,FSH
True,0.0,0.9785142819275,0.16572683596280843,0.02429466515996045,FSH
True,0.0,0.991140525042765,0.10817134427290484,0.011845866487102917,FSH
True,0.0,0.9797121361579296,0.22945275974943882,0.11065232884218971,FSH
True,0.0,0.97734841736814,0.1721649753408696,0.023038965462161335,FSH
True,0.0,0.9471079059951749,0.25459897416159427,0.0222672290083299,FSH
True,0.0,0.9810777652345025,0.16054680241732727,0.013692611217045358,FSH
True,0.0,0.9821225682825638,0.20966677190567526,0.07730615967797172,FSH
True,0.0,0.9992864076272642,0.04229199546785902,0.03048835132882352,FSH
True,0.0,0.986922397900843,0.13154430452712418,0.01881214704048511,FSH
False,0.0063448579495039075,0.971024517936452,0.30796546166239214,0.16426470997441958,PGF
False,0.1322781701808804,0.9092099326166109,0.3363700660132588,0.03771882294314813,PGF
True,0.0,0.9629985252764556,0.21736650737984287,0.023073964699368302,FSH
True,0.0,0.982256501539412,0.15971520746658652,0.027513327298732727,FSH
False,0.09666508319187182,0.917185166593778,0.33109100885977677,0.030193414176478667,PGF
True,0.0,0.9788007881559803,0.16188166684656247,0.021672428820955374,FSH
True,0.0,0.9962434767798117,0.06770705276858939,0.013155477280526085,FSH
False,6.977590092745949,0.8068935039576706,0.5618343272360835,0.08084338898524934,PGF
True,0.0,0.9932398619133619,0.11141000852190296,0.04941960962937696,FSH
True,0.0,0.9947278565100742,0.10580584952135258,0.048778050396876195,FSH
True,0.0,0.9995133695536912,0.03137107649761185,0.00738480539393244,FSH
True,0.0,0.987208723797663,0.1707001654027777,0.07759381747547293,FSH
False,0.005812518039905454,0.9209099056183003,0.30762398717201533,0.04928575413106413,PGF
True,0.0,0.9843929555221994,0.14831716103847525,0.027725926397384006,FSH
True,0.0,0.99826337726623,0.06269935271437346,0.028287405522136832,FSH
True,0.0,0.9905759428096084,0.14153293299806913,0.05367776308787169,FSH
True,0.0,0.9962214295305108,0.06604026327422138,0.02079200561773926,FSH
True,0.0,0.9765277759289047,0.2707229414280331,0.16504717122748253,FSH
False,0.05882907789096569,0.965255192596236,0.3242547063249518,0.09659052299509414,PGF
True,0.0,0.9969705826988201,0.08019356523406435,0.04209294848178816,FSH
False,0.007490552886791319,0.963603687089843,0.3086547980258301,0.082116369973785,PGF
True,0.0,0.9973414181259619,0.06723452376746154,0.01807413490712067,FSH
True,0.0,0.9936253729412612,0.111544777675983,0.04928278010145627,FSH
False,0.9826928729059325,0.9153749839981834,0.3791243051182381,0.039455925196894344,PGF
True,0.0,0.9807554765664158,0.23485592661176574,0.13353666855994017,FSH
False,0.02205819236296371,0.9694949390969915,0.3148520006608415,0.1467465902977977,PGF
True,0.0,0.9803402409982857,0.23401235376484913,0.12598456026298066,FSH
False,0.03657346200057661,0.9629033594759874,0.31912418939473686,0.08763199162859553,PGF
False,0.014834170122180105,0.920528156489526,0.312179560797574,0.04930780269631115,PGF
True,0.0,0.996312317409332,0.07375508603810293,0.014089550636830712,FSH
True,0.0,0.9978383673798144,0.053957879118938304,0.012502742398098,FSH
True,0.0,0.9799758154420184,0.21759833803504125,0.08481819021966636,FSH
True,0.0,0.949918226433955,0.2553762509424696,0.02772348840957213,FSH
True,0.0,0.9947806541016153,0.11570031441846705,0.06093654661337717,FSH
True,0.0,0.980557794835422,0.16493181921114838,0.03240547649744391,FSH
True,0.0,0.9834288125014927,0.1986620703596803,0.08216201634120136,FSH
True,0.0,0.9999620932201633,0.011233726643443421,0.01040928596258669,FSH
True,0.0,0.9995394203040217,0.024750380551432055,0.0119361408530052,FSH
True,0.0,0.9996664615007191,0.020578515576681715,0.009330239086327448,FSH
True,0.0,0.999895730483157,0.018254328614971685,0.013818377848609602,FSH
True,0.0,0.9964671734441573,0.0762805245266166,0.014587807930898741,FSH
True,0.0,0.9451766327250548,0.2674485844961552,0.02714643588288843,FSH
True,0.0,0.9881458337860273,0.12039571741570833,0.015752685737585814,FSH
True,0.0,0.9899465262846061,0.15199809310469906,0.05540720152320755,FSH
True,0.0,0.997424065597606,0.08399794776317723,0.04555484242731239,FSH
False,0.14984268714614488,0.9639760760941605,0.3387095191323975,0.11250210306900514,PGF
True,0.0,0.9995867717489989,0.03128151180908169,0.01967282353852587,FSH
True,0.0,0.9895959531984426,0.1366757702799524,0.03403490836656257,FSH
True,0.0,0.9598095700994278,0.22548942783883574,0.022851942576014795,FSH
True,0.0,0.999101998281846,0.04842280423242419,0.0179844647684434,FSH
True,0.0,0.9861204156878652,0.1486815175567257,0.025481792599339977,FSH
True,0.0,0.9991966126525836,0.03904787913417985,0.010710643725264,FSH
True,0.0,0.9992162157768657,0.04394897237451725,0.013140777276507781,FSH
True,0.0,0.9975448912887863,0.07041551666897183,0.023762498840558446,FSH
True,0.0,0.999032594293419,0.0493680260211975,0.02484404872012659,FSH
True,0.0,0.9952699201132257,0.0856891650318709,0.02579345424030975,FSH
True,0.0,0.9866346595813966,0.13451300030616406,0.013771645222670811,FSH
False,0.0009264518179072874,0.9210521196301588,0.3030437671032904,0.04402510037008426,PGF
True,0.0,0.9920149328071791,0.11888585741954015,0.039579637789732273,FSH
True,0.0,0.9959279742990154,0.08406830289961753,0.006664717587885963,FSH
True,0.0,0.989053493215212,0.17725416114156556,0.10067282406451224,FSH
True,0.0,0.9759058961214533,0.2796975597584973,0.17142228573252222,FSH
True,0.0,0.9901215676609758,0.13214919552998278,0.034083252062530815,FSH
True,0.0,0.9925784968509909,0.11167775527669399,0.027943913396719016,FSH
False,0.1306958053953845,0.9154243227994835,0.33615187483317904,0.024849780658813627,PGF
True,0.0,0.9783251284243253,0.16425556889581877,0.0197672929565381,FSH
False,8.499765405453616,0.7930666475521575,0.5915302047165295,0.12502389476550954,PGF
True,0.0,0.9766925569466027,0.18695278157767775,0.03295674952438381,FSH
True,0.0,0.9899150889309803,0.11157704037101875,0.017610965343995984,FSH
False,0.0298495321756543,0.9691603324802595,0.31727701715449,0.1516379708779925,PGF
True,0.0,0.9918087743726212,0.09985138999671839,0.025943216800132184,FSH
True,0.0,0.9993604478931207,0.03465215967634516,0.014934468025184621,FSH
True,0.0,0.9994647948535046,0.03586455964536459,0.0102118997286807,FSH
False,6.088523716592948,0.8133840712925711,0.5467493407608812,0.10358814476586083,PGF
False,0.0667772973600098,0.9610743886370973,0.3258413036358481,0.11755774957744282,PGF
True,0.0,0.9839726679683579,0.20986682590463973,0.11876008126132952,FSH
True,0.0,0.9730624048665595,0.28060849319914377,0.12620830397339977,FSH
True,0.0,0.9991489473706243,0.03597585686090192,0.01003874815222533,FSH
False,0.18807010464197885,0.9675327929286374,0.3433670502388598,0.19687342658297682,PGF
True,0.0,0.9999042419131848,0.012659214779754088,0.0072402137747935675,FSH
True,0.0,0.9993811058392849,0.03727255991930346,0.010897539256016029,FSH
True,0.0,0.9992867092607374,0.03487366195413019,0.013577803200045388,FSH
True,0.0,0.9406061419347238,0.2718091091688855,0.03068198385135376,FSH
True,0.0,0.9999271991164805,0.01226798369376991,0.0052593122678279616,FSH
False,0.0016913775881357387,0.9705802036467613,0.30411263612314016,0.14299053236120995,PGF
True,0.0,0.9886486841004025,0.15979370335304582,0.0465835631879526,FSH
True,0.0,0.9839106304115961,0.1434251776027961,0.026116268968608632,FSH
True,0.0,0.9927290348121168,0.14390820496756065,0.0788549554007846,FSH
True,0.0,0.9982657561522872,0.05260892585153345,0.01658000740906828,FSH
True,0.0,0.9986427744962932,0.0553534648281936,0.02926490212189857,FSH
True,0.0,0.9900446675330534,0.1610181810942663,0.08533558623487579,FSH
True,0.0,0.9909868464585945,0.14156397508886054,0.07025908113883514,FSH
True,0.0,0.9913703756881532,0.14202308313786136,0.05049774261022672,FSH
False,0.17505242397656354,0.9621282424012193,0.34183926672117515,0.15207259669603254,PGF
True,0.0,0.9983024484109413,0.05198538079380692,0.011556072567077308,FSH
True,0.0,0.9572569417067398,0.2324442519008232,0.02111655885023088,FSH
True,0.0,0.9737863438324235,0.2766848322568761,0.142319451108522,FSH
True,0.0,0.9988859910310209,0.039463037203772866,0.010197732512700619,FSH
True,0.0,0.955516051285215,0.23122683182292814,0.02730106958326042,FSH
True,0.0,0.9838540362762076,0.20093576697457702,0.09722381826065943,FSH
True,0.0,0.9985234943017322,0.04464953752685503,0.011105071794760628,FSH
False,1.4532672661887558,0.8712341698246182,0.4205515352946098,0.06364976943889468,PGF
True,0.0,0.9846842503503164,0.19177586258957838,0.09618113496153077,FSH
True,0.0,0.9983205964017271,0.05854291251017735,0.01884329486490979,FSH
False,0.09915916278610795,0.9619632083316341,0.3314895479145236,0.1496933001256267,PGF
True,0.0,0.97506389538741,0.17152916390613349,0.028511070693254467,FSH
True,0.0,0.9952475472464194,0.0807287415824633,0.014379855711658085,FSH
True,0.0,0.9739953697566827,0.284050469955282,0.13532319181062855,FSH
True,0.0,0.9993300630424201,0.03129113681715491,0.011690495524469529,FSH
False,1.8293027230434102,0.8655627581462827,0.4352517180313585,0.07023640782610642,PGF
True,0.0,0.9352928001846013,0.28303725829619625,0.024445777804714665,FSH
True,0.0,0.9855828363503029,0.17252647673778054,0.060587374245725995,FSH
True,0.0,0.9866516025532054,0.1839619380040391,0.09296658250103218,FSH
True,0.0,0.9993000640548282,0.033979931376286895,0.004904202886701483,FSH
True,0.0,0.9754581099537679,0.2625019626712612,0.1229895057046215,FSH
True,0.0,0.9637557622912276,0.2189984055818018,0.021014184919852682,FSH
True,0.0,0.997950304417132,0.06352066919607213,0.007059274164963565,FSH
True,0.0,0.9478842717725715,0.2622739713508242,0.019350191631031907,FSH
False,0.11056106140361216,0.9686893461022003,0.33325072351146845,0.1669704341730136,PGF
False,0.003899465042341755,0.9690552449192276,0.30624456967479885,0.11600802240744973,PGF
True,0.0,0.9997622783575748,0.020748099909727057,0.01053477673535739,FSH
True,0.0,0.9846224175046624,0.20525327544921787,0.11554833153153368,FSH
True,0.0,0.9994699710013075,0.043655248867847114,0.027940996839449304,FSH
False,0.132720004872621,0.947659374327565,0.3364307569057549,0.16208451217231098,PGF
True,0.0,0.9914062153226576,0.14909979513994606,0.06994858824229813,FSH
False,0.004768595804876786,0.9710604966660584,0.30690550201279876,0.15603803046928283,PGF
True,0.0,0.9897556811005455,0.16788431789438682,0.09150037275160314,FSH
False,2.2795291924800787,0.8591757571048075,0.4509810979056676,0.05365335815859591,PGF
True,0.0,0.9876829015546095,0.17665282261636717,0.07309220355438462,FSH
True,0.0,0.9898513863206705,0.11741644821017401,0.02121302716283704,FSH
True,0.0,0.9983277824754953,0.06550735515738372,0.04999132122782541,FSH
True,0.0,0.9998496871030673,0.01621372421500075,0.014659762699902275,FSH
True,0.0,0.9598609614860171,0.23023107971177684,0.02274507983183588,FSH
False,0.05508541780780365,0.9400097279861636,0.323470282871709,0.02627692812016374,PGF
True,0.0,0.9957894017138222,0.07614190695295853,0.019734608225996233,FSH
True,0.0,0.9777746762766316,0.16342646254991683,0.02468980242127233,FSH
True,0.0,0.9612324473601176,0.218743570493888,0.0326936891136626,FSH
True,0.0,0.998416154399725,0.06027173057306528,0.028021716789861744,FSH
True,0.0,0.9893375706867034,0.15678262707039434,0.05026814145537245,FSH
True,0.0,0.976493394373619,0.26019939516206,0.14251508603137425,FSH
True,0.0,0.9677373416792399,0.20856528637045074,0.01585387899645415,FSH
True,0.0,0.999917339691362,0.018430941518075096,0.013000967318416969,FSH
False,0.07786149143983623,0.9153874358593088,0.3279036720593968,0.028847374351172263,PGF
False,0.06815780727406914,0.9665713451702845,0.3261070502497063,0.11546844667092772,PGF
True,0.0,0.9645766049632631,0.21539098016420352,0.02329541821436374,FSH
True,0.0,0.9836572351827274,0.20005116625366787,0.062307705762692386,FSH
False,0.06838570667206474,0.965883387008806,0.32615066092320893,0.11180896581068131,PGF
False,1.8792560375438365,0.8626638793718449,0.4370859598041986,0.06698706721546019,PGF
False,6.826214741944317,0.8068068594970076,0.5611476806050246,0.10137798324882255,PGF
False,0.18613277795883174,0.9601450459785315,0.3431431081354637,0.16120402555304503,PGF
True,0.0,0.9947387190902528,0.09024017896903182,0.02673733962107177,FSH
True,0.0,0.9958962714308357,0.09564327656041215,0.047225218679234925,FSH
True,0.0,0.9991764498725075,0.03778197554838998,0.03316509343387906,FSH
True,0.0,0.9440949731140914,0.2574201556851109,0.03022021218614617,FSH
True,0.0,0.9874179320720943,0.1746536253288884,0.0873623982061022,FSH
False,10.596251710366795,0.7779397361986492,0.6236821382437014,0.11791767292196707,PGF
True,0.0,0.9934160287277165,0.1254348625453595,0.06077698525062726,FSH
True,0.0,0.9658370935457438,0.2158117402061234,0.02219846211244688,FSH
True,0.0,0.998572014522919,0.043908517499435,0.018277807094463996,FSH
True,0.0,0.9998560916756157,0.0179363781505147,0.013123216131341155,FSH
True,0.0,0.9856272329694862,0.20083497621651086,0.11349582229918757,FSH
True,0.0,0.9591753347790274,0.2274902952918388,0.011221170207440737,FSH
False,0.7776637678289819,0.8868720073240913,0.388185246375399,0.06459509995852974,PGF
False,0.2136891141947845,0.9590703037439835,0.34622651989873177,0.18345334502729663,PGF
True,0.0,0.9854302065134205,0.19231716023594628,0.10820736890201972,FSH
True,0.0,0.9984981815145343,0.05227372916936166,0.01753643361889617,FSH
True,0.0,0.9968159675682419,0.07279648464028564,0.021737775155924365,FSH
True,0.0,0.9752995899418899,0.26501684986973106,0.13646044436368804,FSH
True,0.0,0.9955702406187436,0.10496680429181504,0.04621207696396254,FSH
True,0.0,0.9719035319198331,0.18476008887896297,0.02543332210843449,FSH
True,0.0,0.9980607828311302,0.05639052337752795,0.01385686778915369,FSH
False,8.248530226742208,0.7946521924660591,0.5871467533497331,0.1148616882452828,PGF
False,0.1477760259691498,0.9666373302279457,0.33844164746328514,0.15338159775347243,PGF
True,0.0,0.9458815144149192,0.2985443920282403,0.07105337988554616,FSH
False,2.6348417180959927,0.8929318725242392,0.42349708117206397,0.0347473194205644,PGF
True,0.0,0.9923108655117344,0.15387529811896586,0.0896568330347222,FSH
True,0.0,0.9921413416132464,0.09601752743159796,0.017516062404566598,FSH
True,0.0,0.9721161091512546,0.19206331786505604,0.021728048591723108,FSH
True,0.0,0.9966225995531304,0.07586499234287507,0.018951923140419363,FSH
True,0.0,0.9966525738287927,0.09594943174617868,0.04631104006871706,FSH
True,0.0,0.9647062488176185,0.21634664200898798,0.01628613182128529,FSH
False,0.5597585382494576,0.8917089530187466,0.3748170126541723,0.0399780464595753,PGF
False,0.017474023500400126,0.9715315184021215,0.3132189347151728,0.1801787250791998,PGF
True,0.0,0.9935606642474862,0.10469119070294432,0.038206041672011616,FSH
True,0.0,0.9984611889337032,0.04724162685892504,0.008394013798545168,FSH
False,0.014283434518215694,0.9685245179541865,0.3119513323601244,0.1080161786620204,PGF
False,1.6422634381681498,0.8638994996923126,0.4281508266913698,0.09063863285828432,PGF
True,0.0,0.9646853424715803,0.21511181195332746,0.020336104266712667,FSH
False,0.03509004008668571,0.9512404999954102,0.31873233570238524,0.11544779491408941,PGF
True,0.0,0.9921818007286599,0.11531238603240435,0.022477450409173233,FSH
True,0.0,0.994830298854837,0.10805201664221975,0.04660621580311912,FSH
True,0.0,0.9901825661010764,0.1541090375045706,0.07458775065008158,FSH
True,0.0,0.9942834311262498,0.11475111871597234,0.05852525242313338,FSH
True,0.0,0.9697856549223882,0.19442735014190612,0.02472885626470265,FSH
True,0.0,0.9505923183974043,0.2500071844714086,0.023268824203068163,FSH
False,0.03188597901520133,0.9696962198884186,0.31785664554590287,0.1664575599301106,PGF
True,0.0,0.9977632729928635,0.06305870180372843,0.022615337662394545,FSH
True,0.0,0.9991256836192192,0.040864453373541686,0.018598724414948344,FSH
True,0.0,0.969476309357296,0.29459605297821617,0.10362596931965394,FSH
True,0.0,0.9971909489214177,0.06262797772058647,0.010754215591324836,FSH
True,0.0,0.9961967796750014,0.08026137675037083,0.021642823561850582,FSH
True,0.0,0.9923924223960467,0.1003974325984872,0.020956196033930067,FSH
True,0.0,0.9740095519660654,0.27550118135354873,0.13867949938316784,FSH
False,0.11509287473812381,0.9683376175551708,0.33392534078504205,0.18881158926199018,PGF
True,0.0,0.9941269016128925,0.10181548933570382,0.03650465765124249,FSH
True,0.0,0.9780272745085272,0.24283620512667814,0.12449101672578661,FSH
True,0.0,0.9888371215612911,0.1668021158897503,0.08732467176317697,FSH
True,0.0,0.981833105415076,0.22013914908502463,0.11183764919667491,FSH
True,0.0,0.9860117047036078,0.2051300358268649,0.11898128489277156,FSH
True,0.0,0.9970748866702089,0.08546975830879769,0.04414691500049183,FSH
True,0.0,0.9991842640996991,0.05285771339264984,0.02707399873174856,FSH
True,0.0,0.9959447518186791,0.08181418903066213,0.007031579016152202,FSH
False,12.26604698395346,0.7693269284387837,0.6455210313933163,0.10841707107408674,PGF
True,0.0,0.9404668606722865,0.27215702189001245,0.03258686676800968,FSH
True,0.0,0.999743256162949,0.020126562725306524,0.015201508711864768,FSH
True,0.0,0.9984002379064576,0.04554991822284748,0.0153431834308887,FSH
True,0.0,0.9447017706301073,0.26143981291936086,0.028982214907903314,FSH
True,0.0,0.9553586942201242,0.24159861225525853,0.03090556858888094,FSH
True,0.0,0.9803024210251794,0.1652451047491267,0.011037502112490272,FSH
True,0.0,0.9423485415403958,0.2709298832027227,0.01888203900361551,FSH
True,0.0,0.999957233817816,0.013961994553898122,0.009744880632333133,FSH
True,0.0,0.9958617943105059,0.07145814455421129,0.016742826816381194,FSH
True,0.0,0.9809608289862785,0.23488886106926204,0.1388591749781425,FSH
True,0.0,0.9960482095365287,0.07401659901659832,0.01880477949681557,FSH
False,0.009514714525379456,0.9685377109228397,0.3097543398163994,0.12492145555567742,PGF
True,0.0,0.9973364380687382,0.07471241669432198,0.03620842669555155,FSH
True,0.0,0.9934256902829285,0.13142781267793233,0.06995323825311983,FSH
True,0.0,0.9604955268426487,0.22333647165841003,0.02472262605215123,FSH
False,0.07610956155709124,0.9154973506742413,0.3275879614247032,0.03131508946643955,PGF
True,0.0,0.9863678191515663,0.14009388808754,0.026867407509232867,FSH
True,0.0,0.9996218040266162,0.025746114059492786,0.023140685802730616,FSH
False,0.19505518567886654,0.9061063285476421,0.344165052437291,0.06482587728172962,PGF
True,0.0,0.9759653869703268,0.26544156613042114,0.15859752306230232,FSH
True,0.0,0.9989572126729149,0.058407484175712475,0.03214745658263192,FSH
True,0.0,0.9861420144396056,0.14052172347798134,0.027107051285740223,FSH
True,0.0,0.9953805828332827,0.09135548102669427,0.02847199332427236,FSH
True,0.0,0.9779101827572618,0.16072997647312537,0.028068971187114225,FSH
False,0.39096321854842614,0.8935578711095462,0.3625270516295488,0.05603997676188042,PGF
False,1.979352644820564,0.8585636290840787,0.4406894681495585,0.09671472064128143,PGF
True,0.0,0.949186750906291,0.26231625737920244,0.02288249884426149,FSH
True,0.0,0.999813352564665,0.030514727248057014,0.02517011171799369,FSH
True,0.0,0.9876781329326537,0.17018170884594,0.06529889588967294,FSH
True,0.0,0.9968598949095293,0.078938826488631,0.012566369714272484,FSH
True,0.0,0.9993812728361113,0.030800909321733867,0.01804923689214683,FSH
True,0.0,0.993867817220384,0.09599879477153528,0.023787235858799594,FSH
True,0.0,0.9788224770316553,0.2432661365370182,0.12504384857404702,FSH
True,0.0,0.9848118111079827,0.20071311480235113,0.11703021207875412,FSH
True,0.0,0.9761902687440159,0.16780247686376973,0.029787262252547804,FSH
True,0.0,0.9999055661216067,0.014495719585713296,0.005511569947058594,FSH
True,0.0,0.9918860886962004,0.11262651435072625,0.019629820031580363,FSH
True,0.0,0.9795016329978214,0.2381785061898899,0.13671577326670242,FSH
True,0.0,0.9721513429242047,0.2913859869904145,0.15044116168935942,FSH
False,1.67220735828595,0.8681132299515242,0.42931385688648954,0.0896229108941748,PGF
True,0.0,0.9989429124477939,0.04690035226430281,0.021341092023754386,FSH
True,0.0,0.9996057930466643,0.02531470602384707,0.011678128011620237,FSH
True,0.0,0.9832141893471537,0.19317906561795387,0.06561816381143751,FSH
True,0.0,0.9521198966127382,0.2464936788204672,0.02185503748408255,FSH
True,0.0,0.9910620011426137,0.13006168980157315,0.04481747399709761,FSH
True,0.0,0.9998161136201373,0.02095246283180412,0.017619706432557135,FSH
True,0.0,0.9830432480377916,0.19379909645010876,0.06662784042879676,FSH
False,2.7152809522798105,0.8959407682519045,0.4200119867680635,0.029863936616299682,PGF
True,0.0,0.9819210283522262,0.1560219173565215,0.018698484431491743,FSH
True,0.0,0.9839668651592895,0.2054537577502005,0.11128422604177726,FSH
False,5.928070823991892,0.8164865574429878,0.543476299133856,0.13444443697855699,PGF
True,0.0,0.9954277059472351,0.10224860736487598,0.05301449241827581,FSH
True,0.0,0.9935432512546791,0.095488790657441,0.01507495942424503,FSH
False,2.672379112468909,0.8494028260975244,0.46347412983309955,0.08408298167250423,PGF
True,0.0,0.9628837594837009,0.2091546871090108,0.03210445554851805,FSH
True,0.0,0.992596752610944,0.13270393656068688,0.07014840242038287,FSH
False,0.06339294175544272,0.9139083213942988,0.3251779549915085,0.0332896842494976,PGF
True,0.0,0.9995135795477582,0.03361084888027475,0.020292568051397408,FSH
False,0.0032464047155690776,0.9246970183974703,0.3056977229799009,0.03431686705638612,PGF
True,0.0,0.998920696593804,0.05394031373357568,0.036392450650309764,FSH
True,0.0,0.9984349956363454,0.05611160553104375,0.016701627269631262,FSH
False,0.927824321840168,0.8782587544378292,0.39632363790057806,0.06855570518983205,PGF
True,0.0,0.989107494985415,0.12288596932939129,0.01825183307915871,FSH
False,0.025585751794096234,0.9230974387779931,0.31599554681594105,0.024434179755004056,PGF
True,0.0,0.9846240596584857,0.1493619724992753,0.03387280011985518,FSH
True,0.0,0.9941134292943647,0.11705845038209681,0.062172202706521365,FSH
True,0.0,0.9998448127423086,0.015623860033941886,0.009310123642830287,FSH
True,0.0,0.9966035392827562,0.07497002319100061,0.026543678075540415,FSH
True,0.0,0.9481322715621608,0.24764163179434215,0.027345887488688513,FSH
True,0.0,0.9939272035591108,0.12329055308102552,0.054262976879945315,FSH
True,0.0,0.9862381326738511,0.19074517040035882,0.10528303904156132,FSH
True,0.0,0.9898938932742694,0.1590287692444036,0.08642914592689896,FSH
True,0.0,0.9997209241602993,0.021319004597509315,0.01213838744811536,FSH
True,0.0,0.9998322926612268,0.024188068334902283,0.01930702152710623,FSH
True,0.0,0.9998569965020616,0.026606967698543694,0.016740598603321465,FSH
True,0.0,0.9983738902050456,0.04951316276657582,0.014858167856540235,FSH
True,0.0,0.9941125318410966,0.112712674923247,0.042769124497052655,FSH
True,0.0,0.9852052475752532,0.13929532576129947,0.02136505978863954,FSH
True,0.0,0.9963918049763852,0.08496863462475812,0.04002340559316091,FSH
True,0.0,0.9924770215606422,0.12050820341898003,0.039692670060802286,FSH
True,0.0,0.9899961862646052,0.12271525069914985,0.02731230143533199,FSH
False,5.637437116321229,0.8190662398460063,0.5374328771741864,0.11626011221878474,PGF
True,0.0,0.9996804463676144,0.0264086421529195,0.009336325906241375,FSH
True,0.0,0.9968953530441708,0.07146689944362099,0.026686137458706183,FSH
True,0.0,0.9998608007224995,0.014005166359702679,0.005817294116647445,FSH
True,0.0,0.990091475586343,0.12209117778521766,0.016725168729660126,FSH
False,0.39332502066790553,0.9034918002868226,0.36271562968414695,0.05083144378006642,PGF
True,0.0,0.990371982108289,0.13871982389776752,0.04674473049612313,FSH
True,0.0,0.9901611458845285,0.15359893061494262,0.07618206625818782,FSH
True,0.0,0.9809606344911499,0.16697440454556353,0.012607653886254233,FSH
True,0.0,0.9991565604169831,0.03796139831089673,0.015295419650957803,FSH
True,0.0,0.9980754085256657,0.07775800406440105,0.047472938716601104,FSH
True,0.0,0.9907663388534325,0.13903235791847599,0.03617990267257185,FSH
True,0.0,0.9928184127338389,0.10454678587577987,0.02292623221137577,FSH
True,0.0,0.9999423818907173,0.012273157374626377,0.00830825960017796,FSH
False,0.3737328128779722,0.8996008091242355,0.3611336906196552,0.05659137483479241,PGF
True,0.0,0.9773851499038259,0.1703020353915358,0.014843892417489082,FSH
True,0.0,0.9958611059718799,0.08274418395115131,0.03401337487096909,FSH
False,2.074809761718412,0.8617743109006447,0.44404199949037126,0.0907821010997203,PGF
True,0.0,0.998821581408691,0.04008137685303252,0.01611305141785064,FSH
True,0.0,0.9984190508174887,0.06001271137029655,0.02895394605201023,FSH
True,0.0,0.9916677147509629,0.13502220016225175,0.0449886030013073,FSH
True,0.0,0.9469698520611072,0.26178777290578303,0.02391183847328599,FSH
True,0.0,0.9873175366932349,0.16839098781400583,0.0666760128010325,FSH
True,0.0,0.9955816227908231,0.08501782343264744,0.01904305693621046,FSH
True,0.0,0.9944242813198401,0.12070693418345563,0.057598299233177906,FSH
True,0.0,0.9930939703182691,0.10273541586710871,0.024038049874077934,FSH
True,0.0,0.9521382443925812,0.2473294358639082,0.02332129971740381,FSH
True,0.0,0.9726215790290059,0.1817961928165864,0.02290572261817697,FSH
True,0.0,0.9998473688224765,0.016561687553442735,0.008704036932069866,FSH
True,0.0,0.9581876008706623,0.2335251560463363,0.014171776771533568,FSH
True,0.0,0.9812397053009584,0.2174658777522981,0.09666770366449823,FSH
True,0.0,0.9912819539042739,0.11212364625864182,0.01871735295324062,FSH
True,0.0,0.976629967872503,0.2755274836863876,0.16026685707844193,FSH
True,0.0,0.9978366855885447,0.0633928803840646,0.028002304912211486,FSH
True,0.0,0.9842789548020606,0.13864978196753494,0.02284857643076163,FSH
True,0.0,0.9956580632828816,0.0998776489200676,0.04872754501423951,FSH
True,0.0,0.9275132021543069,0.2968889417057464,0.030075062763598386,FSH
True,0.0,0.9999213353205304,0.013748329935177526,0.013761155098195522,FSH
True,0.0,0.9888514760750398,0.17268006328941532,0.090690068567021,FSH
True,0.0,0.9791744174425331,0.24938601765237883,0.1298453226977526,FSH
True,0.0,0.9957112134962798,0.08522821482009965,0.028130704486066097,FSH
True,0.0,0.9473658796065823,0.2646634213849445,0.022742447849508882,FSH
True,0.0,0.9673753126215183,0.21446092564258493,0.012619962933033042,FSH
True,0.0,0.9956274716440637,0.09768047515334614,0.030988276359907946,FSH
True,0.0,0.9724983240415883,0.28974447542465787,0.14932615534993207,FSH
True,0.0,0.9955279389787356,0.10285043854687437,0.054047161118925754,FSH
True,0.0,0.9957246752973329,0.09076295558978285,0.03285873923920898,FSH
True,0.0,0.9934073942672498,0.11911865379341176,0.047044382421233655,FSH
True,0.0,0.9993491895950983,0.04264026157343748,0.023554456280299813,FSH
False,0.0485255691139197,0.9723638339259435,0.3220285199489025,0.20549497181903678,PGF
True,0.0,0.985267872189895,0.19988002152425086,0.11061330259164015,FSH
True,0.0,0.9845111009148496,0.14003481003972876,0.023772018422928892,FSH
True,0.0,0.9784679745310763,0.23597369362101694,0.1100769971979246,FSH
True,0.0,0.9803558860145415,0.2224600984441673,0.10175034885097169,FSH
True,0.0,0.9867269221437744,0.18363998647985422,0.08786560325163972,FSH
True,0.0,0.9545324811722992,0.23664371083721536,0.03677798807561583,FSH
True,0.0,0.9446345841199358,0.26575226806069135,0.02291615322483359,FSH
True,0.0,0.9773750310718664,0.2706212280072487,0.1613640219634772,FSH
False,0.7206562886310701,0.9209612135543199,0.3719623989075218,0.03106318379298234,PGF
True,0.0,0.9963753474972877,0.11263532398459211,0.06998751904198564,FSH
True,0.0,0.981453295683324,0.1595195663274193,0.020798200414797196,FSH
True,0.0,0.9771377564615683,0.2400827939878807,0.11879960370576483,FSH
True,0.0,0.983689761132875,0.14108962260988595,0.022107680831209568,FSH
True,0.0,0.9929595134079752,0.12520741180211198,0.05537422790595944,FSH
True,0.0,0.9851255286999007,0.19125443408530599,0.06921121238669332,FSH
True,0.0,0.996444083277412,0.06653785085005652,0.015326451290236787,FSH
True,0.0,0.9541531349042411,0.24420954489457675,0.014086253739894727,FSH
True,0.0,0.9996710534593111,0.024365388867527298,0.016724283991080034,FSH
False,0.2462688753733614,0.9029825690988601,0.3496254849218989,0.043564915184393975,PGF
True,0.0,0.9877214540008719,0.1644460412882314,0.06581971412786312,FSH
True,0.0,0.9834946632045676,0.21875676950413347,0.12241526378744393,FSH
True,0.0,0.9715747411311564,0.29883165833702485,0.14823613370397884,FSH
False,0.3706467508423038,0.8990020747282014,0.36088076468329744,0.032327008708564725,PGF
False,2.123404197478406,0.8574893140496261,0.44571905151621066,0.09022227813383893,PGF
True,0.0,0.9847861035190298,0.18936805196889545,0.09125899214541003,FSH
True,0.0,0.9872823842454341,0.17747740382246646,0.09037348326740413,FSH
True,0.0,0.9881428857061951,0.13744113481083128,0.0201827783876204,FSH
False,0.05866626409826976,0.9600808802361638,0.324221119730159,0.13833164929359823,PGF
False,1.9084974171049496,0.860480723163921,0.438148377373929,0.08826975174884323,PGF
True,0.0,0.9946050672879216,0.10894563427922563,0.041973362715772504,FSH
True,0.0,0.9923810470745076,0.12999108382133906,0.06479933244224484,FSH
True,0.0,0.970164824023936,0.2801765419761327,0.0867372147968498,FSH
True,0.0,0.973309002176569,0.2750578341802355,0.12633166075051508,FSH
True,0.0,0.9975688172734459,0.059228253273510695,0.014173841852368254,FSH
True,0.0,0.9690829660311163,0.20136561155915997,0.017502184117764216,FSH
True,0.0,0.9952276756949963,0.09170423930237677,0.029503377213079805,FSH
True,0.0,0.9960889032790851,0.08272564759641754,0.012635119734072053,FSH
False,1.738888773620724,0.867353637630205,0.43186693192839226,0.06762393887830757,PGF
False,2.5257762712081733,0.8542566272656802,0.4589269099683302,0.08132064519995891,PGF
True,0.0,0.999613376102896,0.026008233927053998,0.011252584616572275,FSH
True,0.0,0.9819446591265917,0.2181491306705957,0.11187221363245296,FSH
True,0.0,0.955934916529308,0.29824458526626657,0.042317895040679156,FSH
True,0.0,0.9871869424226192,0.13504436243604395,0.011386008510339253,FSH
False,0.02568913120206573,0.9213921694757675,0.3160278292984626,0.026341076550059083,PGF
False,0.15286311176931688,0.908582272551214,0.33909771243555265,0.06272975777174754,PGF
True,0.0,0.9228429620204306,0.29816181680153137,0.04237774055552447,FSH
True,0.0,0.9489836716432358,0.2521160043380127,0.020472204168347885,FSH
False,0.08847216843619017,0.9668927412531126,0.32974427145454904,0.1387633523116393,PGF
True,0.0,0.9760133020707625,0.25275138108136475,0.13680597110636486,FSH
False,0.00016941202085697248,0.9713951622804627,0.30130158373091004,0.1485931369724821,PGF
True,0.0,0.9527213389826338,0.2433725201577269,0.02875693671381989,FSH
True,0.0,0.9972924373851844,0.06446644608921201,0.010565781728549342,FSH
True,0.0,0.9728238073177401,0.19334624797393937,0.023430376439188768,FSH
True,0.0,0.948519596603152,0.2592515296012735,0.0185889005683365,FSH
True,0.0,0.9992441607967297,0.03662106260919052,0.00837467720415414,FSH
True,0.0,0.9850002958231188,0.15125473613700607,0.04049865312116905,FSH
True,0.0,0.9968743616191703,0.07042125448795443,0.007951400022133749,FSH
True,0.0,0.9926684765765063,0.11142283672756353,0.0190862757211848,FSH
True,0.0,0.9986628194092987,0.040471780809948135,0.009310211518604134,FSH
True,0.0,0.9999409843250847,0.012190443380524251,0.005880354794583297,FSH
True,0.0,0.9698593891598984,0.20034468979106537,0.015079260037157233,FSH
True,0.0,0.997494136185307,0.05772557873132685,0.013829343400037691,FSH
True,0.0,0.9434228130854623,0.26351754285402307,0.02626568857844793,FSH
True,0.0,0.9980810840826642,0.059028138802082165,0.005238198563203746,FSH
True,0.0,0.9817175949822708,0.2220697854378533,0.11096881970929523,FSH
False,2.0579470290200903,0.8634250473776163,0.44345546448358425,0.10871999215497925,PGF
True,0.0,0.9986336428861571,0.04510024456528889,0.0101884464416446,FSH
True,0.0,0.9873855722767106,0.13698720579606596,0.018399842148631364,FSH
True,0.0,0.9923891327929663,0.13563803325656393,0.06757814623923475,FSH
True,0.0,0.9784084882377554,0.23834861969647933,0.1213152937146158,FSH
True,0.0,0.9983373072325127,0.052753358362126586,0.018836182710995734,FSH
True,0.0,0.9384068030058842,0.2762258714187809,0.03713993472077764,FSH
True,0.0,0.9976681512301057,0.07026598782300965,0.01183051291257041,FSH
False,0.001596777650568196,0.9669842506494004,0.3039959700331311,0.08208938944683919,PGF
True,0.0,0.9945421723361413,0.10017589490469991,0.019421596496331125,FSH
True,0.0,0.9998451922108382,0.017474198564331547,0.008568519418839567,FSH
True,0.0,0.9932046747238972,0.12697721248322974,0.06722994024290108,FSH
True,0.0,0.9903544640513526,0.15678470808289366,0.07936002624664773,FSH
False,0.0007563449578031113,0.9325702738299929,0.30275017264513177,0.01974821554897685,PGF
False,0.04679796287162799,0.9654974978679542,0.32163283681619864,0.09259293385136909,PGF
True,0.0,0.9998304828641291,0.017694604894080975,0.011864529950637028,FSH
True,0.0,0.9943709902739621,0.0886491678507085,0.009756072677043629,FSH
False,3.0550754347226463,0.8457247948504187,0.47478774083792735,0.08151938467176106,PGF
True,0.0,0.9865316909491159,0.17436219350203422,0.07458850068167151,FSH
True,0.0,0.9875255414124228,0.13034284269545243,0.018766993651505512,FSH
True,0.0,0.9906227532535145,0.13947772234606504,0.07037325200824966,FSH
False,2.6507983533619965,0.85365514531161,0.46281272534301476,0.07901130302962797,PGF
False,0.09690028484833015,0.9436098412169159,0.3311288105857468,0.09613781733656035,PGF
True,0.0,0.9987333567802347,0.04153960670194969,0.015130714055659964,FSH
True,0.0,0.9962022200603895,0.06901959476009424,0.01636935465488639,FSH
False,0.009650421952528403,0.952053050486863,0.30982365611802876,0.07726478929801558,PGF
True,0.0,0.9794010571380302,0.23092349346290378,0.10077366701979082,FSH
True,0.0,0.9941554809193157,0.12053858130213403,0.06528437556476914,FSH
True,0.0,0.9373637738859758,0.2712627100667491,0.033536622685379006,FSH
True,0.0,0.9846460373166953,0.20618323800864807,0.1145129819126285,FSH
True,0.0,0.9966624337563554,0.08355625164030168,0.02456590794501352,FSH
True,0.0,0.9715634233855415,0.2950800060403962,0.13844053494248656,FSH
True,0.0,0.9469344035911259,0.2539374394825441,0.022641442042428066,FSH
True,0.0,0.9963261235922208,0.09326347420644802,0.03837509678442415,FSH
True,0.0,0.9998398558627988,0.020783162042974358,0.01003123362756636,FSH
True,0.0,0.9803777288463473,0.23899998618870044,0.14047818583956823,FSH
True,0.0,0.9872288364874681,0.1768906758573665,0.08832898377926163,FSH
True,0.0,0.9999732061165406,0.010677227398461105,0.009211195281698632,FSH
True,0.0,0.9917458940571031,0.13854927237034667,0.07541341505944182,FSH
True,0.0,0.9878070684171643,0.12271269029774247,0.012638065277099843,FSH
True,0.0,0.9779294562371417,0.24862882815346884,0.14164992388502556,FSH
True,0.0,0.9830220684933867,0.20231347508251088,0.07775535056127823,FSH
True,0.0,0.9994821283156683,0.04082867538586914,0.02413565883810161,FSH
True,0.0,0.9945176202434381,0.09512508959870848,0.020835923469070268,FSH
True,0.0,0.9995390789854878,0.0320936895287077,0.021874393006080576,FSH
False,2.029506656526342,0.8627925042977169,0.442460754473867,0.05180558451086894,PGF
True,0.0,0.9976631074246084,0.07141849598184578,0.020000135740920643,FSH
True,0.0,0.9969501460698917,0.09157215844327236,0.04483230586283209,FSH
True,0.0,0.9771754022643103,0.24351944087836394,0.12214987496613643,FSH
False,0.029847130388980517,0.9436725993433015,0.3172763220591017,0.06492375018488969,PGF
True,0.0,0.9967594449718061,0.09087929322880055,0.04772037713555994,FSH
True,0.0,0.9873530786580624,0.1801794772655509,0.09701485400279004,FSH
True,0.0,0.9877963589927623,0.1577246400884064,0.072492785653183,FSH
True,0.0,0.9988860494344074,0.04460404209995574,0.018987277596640782,FSH
True,0.0,0.9999659781134367,0.014584083093365261,0.010549425631494455,FSH
True,0.0,0.9955854000709282,0.08988632604056687,0.01890171791557611,FSH
True,0.0,0.9989037846083721,0.04141409554202457,0.011125352931556762,FSH
True,0.0,0.9980532408680853,0.06420273702593848,0.024922301443507124,FSH
True,0.0,0.9468953418122162,0.26953476377384095,0.01974081415876869,FSH
True,0.0,0.9891684860127415,0.15722600442749346,0.04926574507819183,FSH
True,0.0,0.998657257291661,0.0627824622998156,0.033913472548314866,FSH
False,9.544820900052342,0.7857419653593086,0.6077867539086541,0.1138278065944494,PGF
False,0.2123185296472358,0.963005319670822,0.34607803485905575,0.1147635978213732,PGF
False,0.2591334028132763,0.9064033135516794,0.3509051473638252,0.031735019891934495,PGF
False,0.18872820137325785,0.9086662248271342,0.34344285917999157,0.06979318846875923,PGF
False,0.017819005122898596,0.9196627545478993,0.3133487846349016,0.059834607860544224,PGF
True,0.0,0.98610431763009,0.17962606691396632,0.08672417981283334,FSH
True,0.0,0.9768944606834978,0.2570731596511866,0.13856965724471162,FSH
True,0.0,0.9971811871081244,0.07359641587461621,0.030647349559776556,FSH
True,0.0,0.9891768161953728,0.14581476224151269,0.04973656321347098,FSH
True,0.0,0.997188468171488,0.06988764412432943,0.02479667490652474,FSH
False,3.369376327694219,0.8430550237577444,0.48355860992321276,0.07817341969115994,PGF
True,0.0,0.999900823777015,0.02067139352474243,0.015600481004980562,FSH
True,0.0,0.9977212531839063,0.06982713503494903,0.029855946654348858,FSH
False,0.5905043468017167,0.8917590193759015,0.3768442806461038,0.07448477572810878,PGF
True,0.0,0.98659836341392,0.17559154097023763,0.07211767686975806,FSH
True,0.0,0.993479629887759,0.10967632609674369,0.040579419424743864,FSH
False,0.03251142409138409,0.9646153073875705,0.3180309245717972,0.07607496386730205,PGF
True,0.0,0.9919903885897811,0.1300632859910627,0.03914862060514584,FSH
True,0.0,0.9711958078929815,0.19874930996312679,0.02305238418841329,FSH
True,0.0,0.9929449534166372,0.12461703550735855,0.037569031894331,FSH
True,0.0,0.9994402398687668,0.03451388467047785,0.008370041636998247,FSH
False,3.69508067018334,0.839306688720537,0.49222592619580063,0.06819247794519728,PGF
True,0.0,0.9438004182642202,0.2693474936047665,0.024998679866173632,FSH
False,4.326841315937964,0.8323438554164798,0.5080106082856825,0.11098516787576834,PGF
True,0.0,0.986212630976041,0.1856980443590449,0.08333113745780847,FSH
True,0.0,0.9932956929271666,0.14264678810995948,0.08144063102450858,FSH
True,0.0,0.9846419259341277,0.2005103266001609,0.09201971978793859,FSH
True,0.0,0.9883891163116931,0.17268087980608673,0.09590210921030325,FSH
False,2.3967046075446325,0.8587107085524921,0.45481293897942227,0.04623656861963002,PGF
True,0.0,0.9935851368700175,0.1063859833559419,0.04433157919381744,FSH
True,0.0,0.9989252655009819,0.03857746955423334,0.009260134411045694,FSH
False,0.39130476950159654,0.8968292617114411,0.36255435792185836,0.06473554953034866,PGF
True,0.0,0.9783486737207808,0.2264182135183559,0.0866349249664392,FSH
False,0.022163960645092674,0.9207892887443986,0.31488756549778796,0.029523323466755978,PGF
True,0.0,0.9867691616989397,0.1938259934686587,0.11145158050938431,FSH
True,0.0,0.9823814337109976,0.20773368594034786,0.10062478770655851,FSH
True,0.0,0.9939519714764434,0.09009273187179484,0.024368374620426198,FSH
False,0.00015153600789971224,0.9293347145101183,0.30123099962591265,0.026673252343842935,PGF
True,0.0,0.9812804486304207,0.22953667302493658,0.12321954230959738,FSH
True,0.0,0.9933716156278336,0.09827338355553382,0.023703548268099364,FSH
True,0.0,0.9914528305971121,0.10243738885828486,0.016218397590334,FSH
False,0.3057469219423785,0.8991111303745074,0.355294386870855,0.04767325873421915,PGF
False,3.1381768954026223,0.8442876368007592,0.4771490021254035,0.09602251327746424,PGF
True,0.0,0.9974035591773971,0.0637614245691475,0.01780019125033979,FSH
True,0.0,0.9869095641677316,0.1348586264561593,0.020460692536738476,FSH
False,2.1645735277589586,0.8598859152681946,0.4471248968651791,0.10554547731334935,PGF
True,0.0,0.9958592142657652,0.08398944405159454,0.013310973906622503,FSH
True,0.0,0.999432051840836,0.032535430338358554,0.004831184386286366,FSH
False,3.262043633354518,0.8430983737272734,0.480611285177713,0.06986201765531151,PGF
True,0.0,0.9743075616887543,0.2739032858733843,0.13601188256206503,FSH
True,0.0,0.9907606016235712,0.15556596749330265,0.08244518390512445,FSH
True,0.0,0.998264530845978,0.05572022451706041,0.011211422349418276,FSH
True,0.0,0.9891687648422346,0.1515614566635061,0.04566872946089622,FSH
False,4.736536216555883,0.8268764261290303,0.5176358476114604,0.10882753833374197,PGF
True,0.0,0.9968792699399132,0.06407737558977841,0.01314788791899648,FSH
False,0.4370823653714936,0.8963407748055237,0.3661122050283829,0.03977110839264122,PGF
True,0.0,0.9769348599451493,0.25366062917678833,0.1456731342902381,FSH
True,0.0,0.9991885806841079,0.036130872988203,0.0129162439554256,FSH
True,0.0,0.9976541489836861,0.06335296732457432,0.006858462634395455,FSH
True,0.0,0.9998821542893046,0.011758256152720277,0.00248554164818805,FSH
True,0.0,0.9994287860800622,0.028151701595515624,0.010797607424523122,FSH
True,0.0,0.9753987368747669,0.1820967728539539,0.01680551139819561,FSH
True,0.0,0.9733742164599275,0.2656484679270782,0.11040426373316256,FSH
False,0.04909754878200586,0.9701346555580241,0.32215796668965946,0.17449307614184043,PGF
True,0.0,0.998548200646569,0.04584254362565765,0.018149655609253454,FSH
True,0.0,0.977791421984168,0.17120700911747738,0.016730794528662593,FSH
True,0.0,0.9878099220851755,0.12465717945052646,0.01745761413519262,FSH
True,0.0,0.9835175506585946,0.2160689194046318,0.12008890457896146,FSH
True,0.0,0.9952384784306015,0.0829209398276546,0.01748627297090823,FSH
True,0.0,0.9969556166087662,0.07892102800193569,0.032936209568680805,FSH
False,0.7473432487974125,0.8913697767426622,0.3864490166975549,0.05646080838806723,PGF
False,1.0840332172243508,0.8780898452017807,0.40411691587942616,0.08399095021169327,PGF
False,0.0038801689118312744,0.9701041773110276,0.3062291001852846,0.1408230581509091,PGF
True,0.0,0.987003326107445,0.13370095255941664,0.018230927245494535,FSH
True,0.0,0.9842233558324647,0.19581211022280984,0.08690411788637253,FSH
True,0.0,0.9987466796113517,0.045207262983426075,0.014006331811926283,FSH
True,0.0,0.9872947595500053,0.17004809113064198,0.06824559912754485,FSH
True,0.0,0.9769819565831024,0.1787789705379298,0.017852219883443463,FSH
True,0.0,0.9770621425089295,0.2707594621443735,0.16500376884546397,FSH
True,0.0,0.9992426955329133,0.035934744528342014,0.010573288276317944,FSH
True,0.0,0.9975874566155694,0.05501376466201624,0.011369238105975748,FSH
True,0.0,0.9943392085014232,0.11067615872811407,0.049513488850206344,FSH
True,0.0,0.9967993198463563,0.06713763609061593,0.010377490104932479,FSH
False,1.2348545409467053,0.8748617433912403,0.41112400914954,0.07418737063869875,PGF
True,0.0,0.9993083396119475,0.036274366644342054,0.009398177795142012,FSH
False,2.346453753604833,0.857698990534078,0.45318138769461624,0.10645885687089289,PGF
False,7.309688245248297,0.80124454294427,0.5700717555494259,0.10136691488397061,PGF
False,0.5137852623238645,0.9224547727417238,0.3580540310568397,0.03636640918922219,PGF
True,0.0,0.9391262185936966,0.28568525168574993,0.041212625879630566,FSH
True,0.0,0.9913117911686207,0.1140852640052235,0.0322014688563824,FSH
True,0.0,0.9896777461095053,0.12290892010028276,0.03278495429567491,FSH
True,0.0,0.9960220237208229,0.09654890551806673,0.04385394488138745,FSH
True,0.0,0.964145175838236,0.2196700752156898,0.014743936938236921,FSH
True,0.0,0.9998138037830755,0.027507340260386256,0.019097541634572956,FSH
True,0.0,0.9927983241850642,0.0982765731450426,0.018930442075898484,FSH
True,0.0,0.9982679561204968,0.054698872527969115,0.0162990682872618,FSH
True,0.0,0.9377406114129221,0.2682512138759411,0.03528677874057882,FSH
True,0.0,0.9593406131278178,0.234600024914513,0.018822849289973503,FSH
False,0.029702930641551686,0.9704766018857149,0.3172345381839931,0.17861665425286763,PGF
True,0.0,0.9913214796635238,0.1261975126507979,0.032771368588910395,FSH
True,0.0,0.9378002372035427,0.2793529843012125,0.026315989451755815,FSH
True,0.0,0.9650487154928685,0.214541570751983,0.021105220951638314,FSH
True,0.0,0.9983062700719006,0.0493248979161483,0.011530631343445716,FSH
True,0.0,0.9989180780685925,0.05513390956860025,0.029552370422330398,FSH
True,0.0,0.9850695085095876,0.19387965109400954,0.11010506358864063,FSH
True,0.0,0.9925530536348979,0.1277089181889438,0.06073063218168966,FSH
True,0.0,0.9765143366219395,0.25765800587597515,0.1372947378731972,FSH
False,1.3706309052032042,0.8710455954786275,0.4170739469396673,0.08379158103991116,PGF
True,0.0,0.9706674877701655,0.19283797693350463,0.02350202615269629,FSH
False,1.8105296787601606,0.8643508527980158,0.4345559243868571,0.0968921947203002,PGF
True,0.0,0.9694049605935919,0.20784556519673608,0.015184475026378834,FSH
True,0.0,0.9758022108789034,0.2655589083402659,0.12180052465733336,FSH
True,0.0,0.9882467167170715,0.12278426033210965,0.01678555955951582,FSH
True,0.0,0.9934550647027318,0.1092039376634288,0.017960541895184323,FSH
True,0.0,0.9369077512084009,0.29507602491791374,0.03773976789078341,FSH
True,0.0,0.9448449879225647,0.26428054579382415,0.02647610025230337,FSH
True,0.0,0.9995878842800631,0.031068979074329327,0.018691307751714174,FSH
True,0.0,0.9389050257195053,0.28809525904193617,0.026366139196126123,FSH
True,0.0,0.9987892728560163,0.041342241826765734,0.016449257955191355,FSH
False,0.029496613185539176,0.9502522938999541,0.31717457806921007,0.03167678250408875,PGF
True,0.0,0.9940301003641155,0.09039132042851714,0.007428476414322361,FSH
True,0.0,0.9996145726109068,0.03801405939984478,0.02367735584394261,FSH
True,0.0,0.9790260591456207,0.23567160279622176,0.1284511368123082,FSH
True,0.0,0.9998935102474373,0.017338641065827807,0.009661594890459231,FSH
True,0.0,0.9850790912156833,0.18570758157372988,0.09417916823605146,FSH
True,0.0,0.9993981805842045,0.03455755456234831,0.005138012128223132,FSH
True,0.0,0.9951010565552478,0.08725045867545989,0.019486056312003553,FSH
False,1.4648556729503512,0.8698672330011422,0.4210312221267864,0.07388600774091267,PGF
True,0.0,0.9968209484396147,0.09358273148289581,0.053935825671296844,FSH
True,0.0,0.9883359197731808,0.12792426349040445,0.01979864073291379,FSH
True,0.0,0.943811624665568,0.2779207870611387,0.04038425474694699,FSH
True,0.0,0.9995467210863325,0.03182385126652807,0.0100345176969145,FSH
True,0.0,0.9808882439713312,0.15572009443425258,0.01573071697427748,FSH
True,0.0,0.9641600037265418,0.21203167110143448,0.02301939984502409,FSH
True,0.0,0.9999315606622388,0.010800121052361958,0.007087844217627104,FSH
True,0.0,0.9933587864390095,0.11830331008526329,0.049480809755325136,FSH
False,0.5486413024807191,0.8902786135056435,0.37407032485960345,0.06406446556425856,PGF
True,0.0,0.9889685220988365,0.15183336270790063,0.056047744024055,FSH
True,0.0,0.9723114848449571,0.2780163962841877,0.11618523639842966,FSH
False,4.645873229554904,0.8285416771917714,0.5155428780905299,0.10841660122997053,PGF
True,0.0,0.9943222617496301,0.09626400885011155,0.020290318372116242,FSH
True,0.0,0.9725330945942848,0.2929501134465995,0.16220876329655784,FSH
True,0.0,0.9744785234762889,0.18218672783959575,0.02215494370070217,FSH
True,0.0,0.9963602432876487,0.10825224971618345,0.06425018178560413,FSH
True,0.0,0.9945099193308694,0.11505212885049461,0.05133790880577218,FSH
True,0.0,0.9999351132803558,0.011547042412539123,0.005152991340690372,FSH
True,0.0,0.9999333747282168,0.011788530317550226,0.007958002518613127,FSH
True,0.0,0.9878380254693679,0.1833886772390822,0.09871881945558189,FSH
False,4.840047992839557e-05,0.9289984358822148,0.3006957045344713,0.04176739629039631,PGF
True,0.0,0.9515003128596048,0.24593866719730492,0.024102141651923356,FSH
True,0.0,0.9993141789478652,0.03303991769283765,0.013777983225203579,FSH
False,0.034583422784125246,0.9697576531869337,0.3185966187206506,0.16631621439668837,PGF
True,0.0,0.9944973754412666,0.10483252722625702,0.02666153687784641,FSH
False,0.0032211894682473005,0.9523015582364811,0.30567555236804955,0.04570503101887747,PGF
True,0.0,0.9993254268162989,0.03704210176287661,0.008090336206653363,FSH
True,0.0,0.9994705660361917,0.045166802414066336,0.030780741598284384,FSH
True,0.0,0.9934450972248594,0.10877371642779807,0.04106290296630024,FSH
True,0.0,0.9408081292769288,0.26856047230949315,0.03615798410636721,FSH
True,0.0,0.9945802694181428,0.08373202724876344,0.018396131710851492,FSH
True,0.0,0.9752226256180124,0.1875358989726599,0.01615596889956945,FSH
True,0.0,0.9735004268873649,0.18576496190504277,0.026750677655877048,FSH
False,8.906901342627936,0.7926051585749795,0.5984443221545341,0.15691002287998018,PGF
False,0.11862291384800983,0.956494857919643,0.33444167734707614,0.1574411481936626,PGF
False,0.05600588706865587,0.9374137143804571,0.32258057375127297,0.10948097505628637,PGF
True,0.0,0.9995061329169057,0.04033434539979172,0.025306711719378747,FSH
True,0.0,0.9968714458046918,0.08456716103832654,0.031646125450865314,FSH
True,0.0,0.9974892284330819,0.06801182492404537,0.029538204484305854,FSH
True,0.0,0.9741667948810162,0.1844908915649627,0.017779591321644684,FSH
True,0.0,0.9847083784711765,0.14294846648632378,0.016803811225668878,FSH
True,0.0,0.9919071416963918,0.09901951946938636,0.01980239160105402,FSH
True,0.0,0.9924669894004413,0.12002145119515299,0.04309217182680926,FSH
True,0.0,0.9957982704511238,0.08062319008630571,0.011362807832200294,FSH
True,0.0,0.9989843824869519,0.036413884825395613,0.01277456846286914,FSH
True,0.0,0.9998997519068684,0.017845666844667426,0.017846952570924876,FSH
True,0.0,0.9919481886548392,0.13433123749549214,0.05634620170628064,FSH
False,0.09540183063043882,0.950242328927858,0.33088718676578344,0.0844431845614132,PGF
False,0.11169249615296828,0.9591205540406003,0.3334204273092024,0.11553397089840842,PGF
True,0.0,0.9956883228038651,0.08596921263439751,0.031818669545137644,FSH
True,0.0,0.972371417639264,0.17892511436169625,0.03178029835313962,FSH
True,0.0,0.9827632226977956,0.157882443880121,0.02683054692912913,FSH
True,0.0,0.9972168250958204,0.07694201248751942,0.027909006011204156,FSH
False,0.20608411126378912,0.9667202794271744,0.3453964878887992,0.17373978292059178,PGF
True,0.0,0.9979653624388973,0.05534958223509037,0.019437363463533485,FSH
False,0.04250772701093929,0.9679755180722882,0.3206174021183415,0.148334782218679,PGF
True,0.0,0.9847741841018923,0.15246153194927417,0.033476292200135545,FSH
True,0.0,0.9971836737427962,0.09502406933748177,0.059047052494288946,FSH
True,0.0,0.9743026494907864,0.27872777816968874,0.1477840241068682,FSH
True,0.0,0.9352010681207082,0.28050321435416015,0.05485755513635804,FSH
True,0.0,0.9994941732086845,0.026538438396454377,0.01063946133948544,FSH
True,0.0,0.943988192433709,0.2648556087113283,0.01693961514121322,FSH
True,0.0,0.9852809137674543,0.13712898418073458,0.020709523246602426,FSH
True,0.0,0.9859369670539544,0.13131568615353587,0.01569457981407254,FSH
False,5.3124637090318,0.8215078718568687,0.530487824169343,0.10406078614777184,PGF
True,0.0,0.9762823910923731,0.17356726795252606,0.021918553049065842,FSH
True,0.0,0.9808611819229676,0.22321541690955937,0.09761090410603941,FSH
True,0.0,0.9993849094780529,0.03371553769299261,0.008135632352996124,FSH
True,0.0,0.975687447966312,0.19321676815493297,0.04364601796355527,FSH
True,0.0,0.9849485312778287,0.20054406397897007,0.10590244256676935,FSH
False,0.000864232455757232,0.9263028956184807,0.30293978308002006,0.02962290565940952,PGF
True,0.0,0.999798342041029,0.0214747554131062,0.018666301458543904,FSH
True,0.0,0.9757554006980177,0.17539836386026267,0.021880892754663463,FSH
True,0.0,0.9998075389158142,0.027263826029643896,0.022953308682229046,FSH
True,0.0,0.9845629222168489,0.19610524456185824,0.07928525508767778,FSH
True,0.0,0.9994718645404385,0.03385162976905262,0.025705294142459572,FSH
True,0.0,0.9942391795945146,0.11586812058934233,0.04262395375171036,FSH
True,0.0,0.9337330330517838,0.2860028800414158,0.04859608773542312,FSH
True,0.0,0.9978793656203175,0.06940738557850323,0.03471581921879538,FSH
True,0.0,0.9999491820998947,0.012946180086138641,0.009766227594335954,FSH
True,0.0,0.9990942747108975,0.03517113490566122,0.020051624745843873,FSH
True,0.0,0.9999437140874268,0.011430886633080088,0.006616401364755945,FSH
True,0.0,0.9969652291172658,0.06550650263011713,0.014801538667041215,FSH
True,0.0,0.9877827424066741,0.16838804100407934,0.0767332048379821,FSH
False,5.522840883391019,0.8177008301548249,0.5350072527261875,0.09687153248571506,PGF
True,0.0,0.9590795758938623,0.22331166528082247,0.02477442151568504,FSH
True,0.0,0.9970962450165017,0.07402187241680015,0.008564135623079498,FSH
True,0.0,0.9792450361747744,0.2280580416073344,0.08070191979192912,FSH
True,0.0,0.9956935778391514,0.09229135771548327,0.039449023017240695,FSH
True,0.0,0.9895633226990433,0.14805735128097547,0.04061598120985828,FSH
True,0.0,0.9949807877104839,0.0794144717746148,0.022890753110188178,FSH
True,0.0,0.9993313088941961,0.04436017825467343,0.035960702024172696,FSH
False,0.24549761616407262,0.9017128991047988,0.3495477160083159,0.06081523169666743,PGF
False,0.016591266768494844,0.9199674190770819,0.31288070912973925,0.040836903926073725,PGF
True,0.0,0.9948330065215963,0.0914455480197165,0.015902403993001694,FSH
True,0.0,0.9929342655591735,0.10120716836855786,0.023880815816245557,FSH
True,0.0,0.9866699434830365,0.16616516618300817,0.03476867640031039,FSH
False,5.311943489729195,0.8204837035789062,0.5304765387133622,0.11541521338553752,PGF
True,0.0,0.9997753050903478,0.02060397319650967,0.016915617768163645,FSH
True,0.0,0.9990762640059693,0.04179691743806325,0.008442085782898989,FSH
True,0.0,0.9983005900638431,0.05870008028968487,0.008546476343971786,FSH
True,0.0,0.9953758226644628,0.09653288377617186,0.03816126043696952,FSH
True,0.0,0.9986173251752588,0.053563988351507455,0.025663944768096247,FSH
True,0.0,0.9973574636689012,0.07112461458829962,0.014847897573862465,FSH
True,0.0,0.9872299047902614,0.16970350060014278,0.05900116353941179,FSH
False,0.014607287938068304,0.9229227230626934,0.3120860613675706,0.0413547135205932,PGF
True,0.0,0.9797342745061607,0.2362904976282048,0.12173527453956276,FSH
True,0.0,0.9364309700497342,0.2756465096260171,0.027724464131141328,FSH
True,0.0,0.9936974925430686,0.10937428306373355,0.03438958028234742,FSH
True,0.0,0.9992761232657672,0.04386412306010454,0.032165888607088924,FSH
True,0.0,0.9975946782255646,0.07591137037817551,0.03676003486827315,FSH
True,0.0,0.9749215564358499,0.18149719181833615,0.02225276648386439,FSH
True,0.0,0.988146154659446,0.1597086390861739,0.06303054661943994,FSH
True,0.0,0.9985671370308375,0.04653907289379958,0.010655618694653559,FSH
True,0.0,0.9835431779404533,0.19087354353726937,0.07496684246693001,FSH
True,0.0,0.9864415161750599,0.18196500929851647,0.08513165603949234,FSH
True,0.0,0.9996365502805616,0.03042490076789548,0.010526226201071923,FSH
False,2.5456401003435167,0.854071938630651,0.45955062207160197,0.11684879130831176,PGF
True,0.0,0.9729602596162621,0.2758167787786701,0.12125638236578433,FSH
True,0.0,0.9741432152507664,0.2800152775566811,0.14660167476809632,FSH
True,0.0,0.9962318232723587,0.08138321690774776,0.019871506408687577,FSH
True,0.0,0.9666512082933554,0.2031757347554777,0.01985434317027978,FSH
True,0.0,0.9993123573819832,0.031041380000159845,0.015408085965229818,FSH
True,0.0,0.9992543536689099,0.04715093138656347,0.028561619974271396,FSH
True,0.0,0.9951884233901382,0.09867643773160606,0.028450733856856713,FSH
True,0.0,0.979587114241376,0.1616731385580317,0.030535828006385574,FSH
False,0.0589465870766932,0.9511648217214752,0.32427891823716476,0.07605714919009973,PGF
True,0.0,0.9988193523939708,0.041620490652975156,0.006883838653699352,FSH
True,0.0,0.9983538408633216,0.05620187908720622,0.006742181822973489,FSH
False,0.04066071395901016,0.9707755190442567,0.3201645019673212,0.1888306385149023,PGF
True,0.0,0.9856649054051295,0.12891218716614225,0.019172468516357774,FSH
True,0.0,0.9360816280553328,0.29198698058681555,0.02400942030565247,FSH
True,0.0,0.999291146485865,0.042965312043614784,0.017946907993860887,FSH
True,0.0,0.9994241724889088,0.04273151485829808,0.023153620009853403,FSH
False,5.993414480214979,0.8161930504390055,0.5440160647706693,0.07146730182661064,PGF
True,0.0,0.9878352250192299,0.17025040581894937,0.07385035877729137,FSH
True,0.0,0.9597902789031922,0.29844344304058135,0.046962651209260034,FSH
True,0.0,0.9786972016766496,0.24233567261733524,0.13636144505690687,FSH
True,0.0,0.9995501120142959,0.026517064775135216,0.013512371647093225,FSH
True,0.0,0.9855585851769898,0.19316815299934276,0.105741045007696,FSH
True,0.0,0.977356602408629,0.2602962252107324,0.1412085755483086,FSH
True,0.0,0.9803683623686338,0.23309570069883762,0.1218925208046477,FSH
True,0.0,0.9982938365351736,0.04838078730223708,0.013148451109703,FSH
True,0.0,0.9875243863877301,0.16940941032304271,0.05488477220091944,FSH
True,0.0,0.9996207504444107,0.025349161175478627,0.0067978689180846485,FSH
True,0.0,0.9941526806548232,0.10590750282984171,0.029522143380235615,FSH
True,0.0,0.9998982583944088,0.0172473558625085,0.012826112995748077,FSH
False,1.4780294521289916,0.8720809259941001,0.4215742346111622,0.08116925481862751,PGF
True,0.0,0.9721830814562303,0.179194790431247,0.028971135058730862,FSH
True,0.0,0.9996563515688395,0.029397390829936497,0.015231481844891585,FSH
True,0.0,0.989972523589773,0.14712085313983775,0.06403525917583738,FSH
False,0.21747676584102532,0.9332779844913635,0.3418448729730438,0.03328449351116091,PGF
True,0.0,0.999515491113093,0.03295122889073921,0.023065232074252286,FSH
True,0.0,0.9858182493416973,0.18636883990499845,0.08034302896190544,FSH
True,0.0,0.9992801752797041,0.03224225596117939,0.01043362632132107,FSH
False,0.02160986138570946,0.9435377606984837,0.3147002929854168,0.05264920536381476,PGF
True,0.0,0.9977322611488771,0.056462247154599306,0.02210375850906033,FSH
True,0.0,0.9921790731962282,0.12069315392921144,0.03953377731417318,FSH
True,0.0,0.9885264725927043,0.13052314121084665,0.02341049959263942,FSH
True,0.0,0.9983868894802855,0.04683623661190626,0.0065619600908425465,FSH
True,0.0,0.9824154749965773,0.16751923862334747,0.03426343538413678,FSH
True,0.0,0.9932263979063473,0.11603056742885687,0.037422197273657296,FSH
True,0.0,0.9945252377935977,0.11173273190810441,0.05323770287031239,FSH
False,0.0010235447030931468,0.9492850783599958,0.3031992885194886,0.06199060918436597,PGF
False,0.2602165016024514,0.9645057224393596,0.35101142044703826,0.20588575236756945,PGF
True,0.0,0.9944792858306009,0.10850896909454266,0.04596884359925223,FSH
True,0.0,0.9706645100869928,0.2955510738954393,0.12508617260297014,FSH
True,0.0,0.9686816585983863,0.1891554557878836,0.0280238657648839,FSH
False,0.00018541835221695522,0.9698591732849717,0.30136168407575675,0.13409247599779572,PGF
True,0.0,0.9974483951659712,0.06762308506188693,0.013782622953779031,FSH
True,0.0,0.9838325677533334,0.14862893939355704,0.024669976849145604,FSH
False,0.7943746479740822,0.8880727364700917,0.38912769760147975,0.05762352559975168,PGF
True,0.0,0.9832652873818207,0.20552384147077818,0.10286581841847267,FSH
True,0.0,0.9679218259270306,0.20388446435071073,0.016574394528215908,FSH
True,0.0,0.9839889456099027,0.18665206713566843,0.09371138104449465,FSH
True,0.0,0.9993404709138884,0.03095734740615438,0.011289514136452782,FSH
False,4.083269876277272,0.8361716505093298,0.5020710240553373,0.12165105946852338,PGF
True,0.0,0.9997065866729952,0.02395660588332766,0.014456612465533272,FSH
True,0.0,0.9979018302528746,0.06132794731087964,0.005216235965609921,FSH
False,2.221277117414337,0.8582790195359185,0.44903949534986815,0.08710276921015903,PGF
True,0.0,0.9920253846219537,0.12304127203390533,0.044977825780269466,FSH
True,0.0,0.9591639065673584,0.23445063239430208,0.023653529131165876,FSH
True,0.0,0.9362109956884007,0.28078397146859835,0.026216998993113572,FSH
False,0.7437345780899808,0.8872638104969911,0.38624004743099233,0.08500569265212903,PGF
True,0.0,0.9747550384060005,0.2790290404266701,0.15927226084593946,FSH
False,1.4848300240780776,0.8709803140851798,0.4218536016734047,0.0863703190268477,PGF
True,0.0,0.9855885797804003,0.17756799621314684,0.08109758425593784,FSH
False,1.6350741343520645,0.869483789558385,0.42787001737514796,0.080688111743947,PGF
False,0.9102425866943483,0.8812329481489657,0.3954066342920841,0.054165889501760954,PGF
True,0.0,0.9850955514039628,0.1992370864794579,0.09891399881972486,FSH
True,0.0,0.9767783985901783,0.2481205679035224,0.09258884970249852,FSH
True,0.0,0.9871203499040994,0.161092180815546,0.07302094833611575,FSH
True,0.0,0.9997602539439822,0.022873137258712616,0.014367442634167858,FSH
False,0.49126670178114096,0.8968813236552748,0.3700904202998627,0.06127989762932979,PGF
False,0.13334703777588477,0.9671676066411464,0.3365167136768747,0.15418789509932038,PGF
True,0.0,0.9316242766991735,0.29267453794237114,0.05576456868258848,FSH
True,0.0,0.9798243393236548,0.2339676351408919,0.12631926921966596,FSH
False,0.1906851285239247,0.9674163509243093,0.343667508347045,0.18631876460043434,PGF
True,0.0,0.9898424518097706,0.146057984466237,0.06377942090801768,FSH
False,1.165731797170759,0.876673822905665,0.4079690602520351,0.07105315720116905,PGF
True,0.0,0.9995328369737451,0.02888936741120908,0.027863324090550933,FSH
True,0.0,0.9827450440068999,0.2034717197381858,0.09905934238525572,FSH
True,0.0,0.9732116700898712,0.20066886265862197,0.013368575118801697,FSH
True,0.0,0.9696333887519889,0.2306147687768218,0.07012384135184803,FSH
True,0.0,0.9771495771374412,0.25855457988423514,0.13779125266814238,FSH
True,0.0,0.9979173699569077,0.055909642054299734,0.01746828667713662,FSH
True,0.0,0.9477026024701658,0.25708898537009744,0.026217037668702793,FSH
True,0.0,0.9906012267891409,0.12453530188783779,0.007642107731738817,FSH
True,0.0,0.9579070660476691,0.24131968096176706,0.03014113597897083,FSH
False,0.018660651654124196,0.9668082286620908,0.31366039957472847,0.11144493464937655,PGF
True,0.0,0.9935848530092043,0.10333249501839364,0.009108274753609855,FSH
True,0.0,0.9809910785778088,0.2314923974657018,0.12457666736158303,FSH
True,0.0,0.991475281372717,0.1298885913915021,0.04193661100363541,FSH
True,0.0,0.9973779434941311,0.06307003244674922,0.017919617501138612,FSH
True,0.0,0.9996833199822004,0.03381102696875178,0.028067871620474662,FSH
True,0.0,0.9999305347548109,0.01257441537694863,0.003642133480109043,FSH
False,3.000611172266691,0.8448886645235028,0.47322272288203676,0.09058089494134926,PGF
True,0.0,0.9992823470196512,0.05079216673154332,0.03212620333584986,FSH
False,0.03989444552752359,0.9563631886620049,0.31997359394989383,0.11310136340077796,PGF
True,0.0,0.9394134370587874,0.26684082980285156,0.039462060993501774,FSH
True,0.0,0.9719767418266811,0.19782030229033506,0.02294740055509225,FSH
True,0.0,0.9877622745994441,0.1557062529308398,0.06559802882157464,FSH
False,0.11775397778268105,0.9130041851793177,0.33431529947161776,0.02907993240762535,PGF
True,0.0,0.993230333575202,0.10284702602376156,0.02240422797673534,FSH
True,0.0,0.9825878034091665,0.15560372421338953,0.013890955297200035,FSH
True,0.0,0.9995749349386892,0.031143643853205682,0.009408166817298468,FSH
True,0.0,0.9858272558169826,0.19065733823072453,0.10359127413218722,FSH
True,0.0,0.9998329823881715,0.020103499007290977,0.010773969681911324,FSH
True,0.0,0.971217994564536,0.19388014662216382,0.02910004875937953,FSH
True,0.0,0.9890031854219571,0.1561993409427764,0.07776287326457294,FSH
True,0.0,0.9999245616678647,0.0128716288229196,0.007213612313501607,FSH
True,0.0,0.984541876740132,0.21821318357169436,0.128642496579069,FSH
True,0.0,0.9990742298207708,0.051946900396780064,0.031168756850997226,FSH
True,0.0,0.9974122802592503,0.06917452411903385,0.021137408354636126,FSH
True,0.0,0.9996380864988036,0.02818793721890007,0.015812038032649422,FSH
False,1.8870117827175872,0.8631122190456533,0.437368547445097,0.08729140164709023,PGF
True,0.0,0.9900710397879184,0.16900675494585266,0.08515785444139562,FSH
False,0.010211310893448292,0.9445043462650236,0.31010510311350076,0.080285276938535,PGF
False,14.174297905903845,0.7603461653596155,0.6671269597011332,0.10226111074578488,PGF
False,0.16945716046978493,0.9684733632658813,0.3411651746589013,0.1970527084995128,PGF
True,0.0,0.9976243431619621,0.06637723259806066,0.019173423082046958,FSH
True,0.0,0.9649063440778309,0.20440511483457408,0.030741313520414374,FSH
True,0.0,0.9948549194637659,0.09432307229937183,0.012938913098603594,FSH
True,0.0,0.9828894160744992,0.2051209792275225,0.09250703239719296,FSH
False,0.1969814251501162,0.9439035038021075,0.34438258950873823,0.1065274109288679,PGF
False,0.03344613851355137,0.9652424310705389,0.31828828546188825,0.11456173090252417,PGF
True,0.0,0.9723080751764589,0.2827022875178156,0.11670563128729945,FSH
True,0.0,0.9988916970837067,0.04258418913284304,0.01701971718040691,FSH
False,0.00048113215723172357,0.972241453368758,0.3021934724918077,0.17049224875529564,PGF
True,0.0,0.9904014083312874,0.13502155501253701,0.048462996710692666,FSH
True,0.0,0.999950634023751,0.0174229276839086,0.014413518572466488,FSH
True,0.0,0.9990120180354004,0.047125350361792495,0.023031067968207537,FSH
False,0.16903164646624003,0.9103382218000967,0.3411134584371395,0.0269456232431906,PGF
True,0.0,0.9949387009873019,0.10816342937646957,0.05479941643277315,FSH
True,0.0,0.9903029856691421,0.15491835752430078,0.061016579074205865,FSH
False,0.13083551551989347,0.9139924397500319,0.3361711923386406,0.03311483304348243,PGF
True,0.0,0.9996425793949492,0.02541806794216002,0.014881047123745283,FSH
True,0.0,0.9756938754932313,0.2940535625783071,0.18616830543331372,FSH
True,0.0,0.976418393860844,0.18086236173380618,0.019023057244762907,FSH
True,0.0,0.9826246149479473,0.21031434442971017,0.09573136158185419,FSH
True,0.0,0.9997515014597624,0.03267806690617951,0.02138427127765132,FSH
False,0.036364982870850486,0.9702554138312598,0.31906960483881364,0.17226826341320545,PGF
True,0.0,0.9772067595376575,0.17730158698415868,0.023972111007098083,FSH
False,0.07478910834440511,0.9139007207032541,0.32734759739801744,0.06495760204673368,PGF
True,0.0,0.9927872609372216,0.11492569600937133,0.045572269711183,FSH
False,0.011626576932597606,0.9695557856755586,0.31078266058660736,0.13923668299040567,PGF
True,0.0,0.9999059962952703,0.02079511465766558,0.014813567103834926,FSH
True,0.0,0.9996020954987394,0.028385659795941553,0.012362762274859511,FSH
True,0.0,0.9999135327079749,0.015128461977231965,0.01393708735998561,FSH
False,0.24873392926271784,0.9567406479703916,0.3498732322255855,0.18037143820877766,PGF
False,4.88080267759743,0.827518541130332,0.5209253873505132,0.12910005129778043,PGF
False,6.247204520172135,0.8117192646635519,0.5499440841502782,0.11692393494283018,PGF
True,0.0,0.9848574413886428,0.18632426058766968,0.07859863624318497,FSH
True,0.0,0.9979091028407703,0.07483651980233401,0.03461585382479767,FSH
False,0.003218893799299509,0.9718104622888675,0.30567352958862426,0.18656110537475926,PGF
True,0.0,0.988218219544498,0.17968243189198868,0.09789215221634627,FSH
True,0.0,0.9817239154580245,0.211453329034772,0.07927051404128425,FSH
False,0.058988255024488255,0.9695603967658326,0.32428749781770205,0.17654001697330177,PGF
True,0.0,0.98534338190935,0.19367479995914516,0.10058793406170337,FSH
True,0.0,0.9965384264469261,0.08473120803179411,0.04108257119550771,FSH
True,0.0,0.9988563261777598,0.0431832380562086,0.02657364309850473,FSH
False,0.12416507183205802,0.9648673232904691,0.33523706455311764,0.1727107729394146,PGF
True,0.0,0.9658518343573725,0.20997932385720613,0.026215183989586374,FSH
True,0.0,0.9995665336709306,0.02939868179995234,0.006692886281032881,FSH
True,0.0,0.9988950112521241,0.040163270614606596,0.01015286756200566,FSH
True,0.0,0.9981296063691426,0.057823768057137834,0.006680845228475682,FSH
True,0.0,0.9990606323257746,0.05942024357940099,0.036757696350050974,FSH
False,1.6244824604444017,0.8675077009642298,0.42745518665179544,0.10227621512525736,PGF
True,0.0,0.9406638292478604,0.2730546201616442,0.02310289380161657,FSH
True,0.0,0.9990028257180751,0.04912941707920201,0.015204987577760468,FSH
False,2.642872167464156,0.850016273738049,0.46256912891026253,0.09903066311299079,PGF
True,0.0,0.9348593336680047,0.2907544195224492,0.03713244702792137,FSH
True,0.0,0.9804913026754698,0.22835254808334834,0.11270576306349232,FSH
True,0.0,0.9997652797994115,0.022519649604362556,0.01557064058170551,FSH
True,0.0,0.9664424909581335,0.22104399930406554,0.033187518359667226,FSH
True,0.0,0.9687214464398057,0.20323941760943898,0.02514515209753086,FSH
True,0.0,0.9375727017254101,0.27636938480808976,0.032298027656230105,FSH
True,0.0,0.9894396299663358,0.15761818386370008,0.08009551930375093,FSH
True,0.0,0.9912885514389947,0.12682672709029755,0.04668281788488713,FSH
False,0.0013781210139008175,0.9253699099773178,0.30371230523246784,0.025884188212441137,PGF
False,0.03263333214420374,0.9171278447288885,0.31806469821065486,0.03428719965208916,PGF
True,0.0,0.9990406770918191,0.04483127662724818,0.01593510395380525,FSH
True,0.0,0.9984792350106535,0.05008747281676224,0.02362624813057609,FSH
True,0.0,0.9924596141222098,0.12409907342616418,0.058537991750254884,FSH
True,0.0,0.9778776242837477,0.17144801042106383,0.023024391431894317,FSH
False,0.01541463652981146,0.9712056758562813,0.3124155694713579,0.17920849739080727,PGF
True,0.0,0.9924135733666698,0.1257762366230915,0.04062794269150122,FSH
False,1.909891237360792,0.8600475687428968,0.4381988146606472,0.08625423238054213,PGF
False,0.023602070868644673,0.9189079976673094,0.31536296549128606,0.028409077588582576,PGF
True,0.0,0.9955942623687191,0.10216459071838266,0.043286172091699576,FSH
False,2.704032718733393,0.8509076500643387,0.46443943318843545,0.07208756856125184,PGF
True,0.0,0.9976515484862136,0.06925860803075974,0.010176896123589475,FSH
False,0.7801391256772869,0.8834615187716596,0.3883254847525496,0.07896704741071943,PGF
False,0.7838340319754198,0.8856074694622901,0.3885344018997937,0.06679084640152153,PGF
True,0.0,0.9998262688931663,0.01638942037902232,0.0058860480522908674,FSH
False,0.16108189495655886,0.9075386901723596,0.34013500902660404,0.033924918993363695,PGF
False,0.01627068247232104,0.955637580288057,0.3127556585374182,0.12303202054677434,PGF
True,0.0,0.9830595162238153,0.20807275676533937,0.08988377808430939,FSH
True,0.0,0.9792695015888887,0.2307577438071431,0.11817695520976942,FSH
False,0.2918531027418983,0.8973471478796892,0.3540234303559019,0.05771463335626078,PGF
False,0.13757783342072888,0.9106448232823061,0.33709148600699745,0.06313394966663848,PGF
False,0.0218264764408313,0.925175510016221,0.3147737863937554,0.057089285133981295,PGF
True,0.0,0.9964040321643648,0.09855902493000554,0.05189703492268822,FSH
True,0.0,0.9951599693809909,0.09940389445411596,0.041236415458135375,FSH
True,0.0,0.9947531668272914,0.09362557557734921,0.020133348268169537,FSH
True,0.0,0.9983609189987825,0.053901043524537444,0.012451404278487229,FSH
True,0.0,0.9899143259023243,0.11585628037312806,0.022470726026201492,FSH
True,0.0,0.9938326670643918,0.09082841693773794,0.024240027868961598,FSH
True,0.0,0.9923172308739179,0.10449989715305467,0.01677153201069569,FSH
False,1.2554238974284972,0.8740573357517403,0.41204570038285704,0.06487236004650676,PGF
False,1.0341592546233558,0.8791705923279511,0.4016936209711974,0.08682051791264266,PGF
True,0.0,0.9739130044411409,0.17565991308176546,0.02139080572747955,FSH
True,0.0,0.9862518441671985,0.19432323641101937,0.10804215303805775,FSH
True,0.0,0.984196548028482,0.18536187768847115,0.05697872996361583,FSH
True,0.0,0.9646837057211652,0.20149632402161527,0.03289958756441344,FSH
True,0.0,0.9999497676414163,0.015012072395230957,0.013004404854565433,FSH
True,0.0,0.9960951232121383,0.1007782569503849,0.05376316939784518,FSH
True,0.0,0.9979080319706483,0.048461854159609005,0.01167210887703452,FSH
True,0.0,0.9986167077263571,0.04305378409822352,0.010235128965162951,FSH
True,0.0,0.9996052095916123,0.03227198777881075,0.028630609896826968,FSH
True,0.0,0.9947367268083517,0.08068833595677548,0.014862861893887537,FSH
True,0.0,0.9952771282541188,0.09781569567521514,0.04434392598954333,FSH
True,0.0,0.9908059554802486,0.1425039773403078,0.06449573541854486,FSH
False,1.5918252152566295,0.869974028243063,0.4261675558634877,0.0675839517976639,PGF
True,0.0,0.9820355534928483,0.15189012055796608,0.02432155654151103,FSH
True,0.0,0.9879048763683589,0.12977654325776114,0.015494521671098428,FSH
True,0.0,0.9909983031185321,0.13682921822086713,0.06321385847933829,FSH
True,0.0,0.9995601903975769,0.03334701322232761,0.01862893370929452,FSH
False,0.055592777682179295,0.9439822346290686,0.3235781207228607,0.04471383504967219,PGF
True,0.0,0.9991658152722387,0.03967904143849754,0.0059979764101830745,FSH
True,0.0,0.9780399233864031,0.25148558179631686,0.13085683052775193,FSH
True,0.0,0.943477505070538,0.2754736244854899,0.012821519498152606,FSH
True,0.0,0.9745199501063662,0.2792986798080549,0.13999208553319226,FSH
True,0.0,0.972953654899508,0.2923469001899531,0.16614923994043088,FSH
True,0.0,0.998820960968778,0.05314813754392178,0.02531271448213037,FSH
True,0.0,0.9899843762120107,0.1463499654454025,0.06486802609904599,FSH
True,0.0,0.9988876685920672,0.046630538337105225,0.013903590659044597,FSH
True,0.0,0.9895258812944794,0.12524906223963644,0.014459955199266633,FSH
True,0.0,0.9725471439479989,0.19165465465218914,0.02937407763037993,FSH
True,0.0,0.9993165605826458,0.031096503990755635,0.0059609689073548645,FSH
True,0.0,0.9392659634640091,0.2833494419623667,0.026144872429727354,FSH
True,0.0,0.984225983790424,0.18454973856768775,0.07994811498321756,FSH
True,0.0,0.9996141572038473,0.025727148066925793,0.013128364554998943,FSH
True,0.0,0.9853748964290412,0.20717601081172313,0.11554497886353081,FSH
False,7.149469520336623,0.8040283848273746,0.5673849195511337,0.12327512464826826,PGF
True,0.0,0.9967145472431714,0.08699250655589864,0.03632996132370259,FSH
True,0.0,0.999660234442498,0.025067537554186375,0.01716585759950398,FSH
True,0.0,0.9624861670397272,0.23229169730429985,0.02640977433078495,FSH
True,0.0,0.9802086251839747,0.23284316905931035,0.11414787123976518,FSH
False,0.006326864146800222,0.9723831024870553,0.30795415875300475,0.18171491745960072,PGF
False,1.0031139765897201,0.8760802647925412,0.4001555778072155,0.063208024945105,PGF
True,0.0,0.996393707989935,0.06817172087492797,0.00873999832450079,FSH
True,0.0,0.99245799966061,0.12086018740711658,0.04719989340993952,FSH
True,0.0,0.997169089967454,0.07464722836635983,0.028472928173778538,FSH
True,0.0,0.9927657309953662,0.12395803322783817,0.06191141361897503,FSH
True,0.0,0.9997609106924522,0.019166103948212523,0.013946225615728341,FSH
True,0.0,0.9876111492987741,0.164905181202204,0.07297451824768862,FSH
False,3.4173910836804633,0.8434588490583993,0.48486186961297517,0.12235512045864196,PGF
True,0.0,0.9998838305775453,0.02162527872840594,0.014881675296778538,FSH
True,0.0,0.990827050852852,0.1086189529097714,0.016595858959753636,FSH
True,0.0,0.9913283256610992,0.12901727383060158,0.03234819832437226,FSH
True,0.0,0.9766673395905313,0.2507704029669322,0.09944330825251904,FSH
True,0.0,0.9936087029047118,0.0964993700515976,0.016565677138615082,FSH
True,0.0,0.9542609752514688,0.24105392960199754,0.019495456752895324,FSH
True,0.0,0.9993851195113502,0.034990869283216666,0.025256574214555814,FSH
True,0.0,0.9947503822871163,0.10723150688431064,0.03821866852373095,FSH
False,9.890089707487277,0.7837409598625663,0.6144480437507474,0.1430403366696047,PGF
False,1.5411175933409473,0.8654567540724765,0.4241417574122804,0.09262925929305331,PGF
True,0.0,0.9990535703365551,0.03986057727840467,0.019444409135721128,FSH
True,0.0,0.9951413372100705,0.10040017278794451,0.04733777709438374,FSH
True,0.0,0.9994115588869383,0.031965240089825465,0.007775964426440747,FSH
True,0.0,0.9811258194087364,0.22009996837407528,0.12346721012333448,FSH
True,0.0,0.9985861075408249,0.06324265039752523,0.032099559481998864,FSH
False,0.04398115067864624,0.9629461321445772,0.3209716834514176,0.10656990061323471,PGF
False,1.6255878864232398,0.8673215576295353,0.4274985445573101,0.06335517745034533,PGF
True,0.0,0.9996205218706962,0.02843925828347512,0.013747236984486785,FSH
True,0.0,0.9897610599980051,0.14185581745513504,0.06678180037360347,FSH
True,0.0,0.9926692556896137,0.1449354717664833,0.06880785464884043,FSH
True,0.0,0.9983175588204596,0.07181591195964963,0.04021908090860493,FSH
True,0.0,0.9994625484452895,0.03205263263392725,0.02462610563372551,FSH
False,3.5225564532177365,0.841106433834145,0.4876847477345385,0.11470621167550073,PGF
False,0.1632786265117948,0.945721843650482,0.3404077500625554,0.1407112605530553,PGF
False,3.740462761121825,0.8379196498914945,0.4934027600920376,0.10162842427823969,PGF
True,0.0,0.9969814239188565,0.06668167454129932,0.01604682875379627,FSH
True,0.0,0.979706654750464,0.2379417061250714,0.13944708427790178,FSH
False,0.00403497991858642,0.9242006331156942,0.30635214917849574,0.03356120893919741,PGF
True,0.0,0.9991833033408911,0.036733769581596014,0.00865888688989578,FSH
True,0.0,0.9823808810694997,0.14706965497120458,0.016309362039602558,FSH
True,0.0,0.983387341730986,0.22425402083394452,0.13219720865539364,FSH
True,0.0,0.98925681910777,0.14387179561861024,0.056583602245139995,FSH
False,0.09144149874032166,0.9553137721760389,0.3302392954184322,0.09919331071885709,PGF
True,0.0,0.9811391330769375,0.23423242345131165,0.13521554793470875,FSH
True,0.0,0.976426086351136,0.261934840701188,0.13846390528573366,FSH
True,0.0,0.945224528305167,0.27469179544218314,0.013823919423211515,FSH
True,0.0,0.9943354113506644,0.10104681666151658,0.023226904591974195,FSH
False,0.060136556507179244,0.9368100574783739,0.3227662237229988,0.028558192628980805,PGF
False,0.2123142216234631,0.9479402160571753,0.3460775673862524,0.14398082876366652,PGF
True,0.0,0.9966558998657195,0.08570738013631561,0.03829616325940228,FSH
True,0.0,0.9998250216444537,0.024194557995765118,0.01723287916174507,FSH
True,0.0,0.9552342677215835,0.24444264285688505,0.02007020311863806,FSH
True,0.0,0.9539546462271306,0.24090377379625613,0.02889287589592337,FSH
True,0.0,0.9950091423606636,0.10471684427320688,0.03934262205364475,FSH
True,0.0,0.9924168262090728,0.12572876993604468,0.05323276701498977,FSH
True,0.0,0.9885409567216286,0.1778349788080569,0.09948294147579105,FSH
True,0.0,0.9431645094920521,0.27319680561720305,0.01758426184374577,FSH
True,0.0,0.9986698688621846,0.041772042207539335,0.014527372467360977,FSH
True,0.0,0.9974513293650068,0.0952988890999271,0.052923841009962766,FSH
True,0.0,0.9935197518554102,0.11848781406502501,0.04295818713768381,FSH
True,0.0,0.9814781960632661,0.16030113066854912,0.014875348648031625,FSH
True,0.0,0.9903621718081114,0.1393984497444807,0.056401825352212644,FSH
True,0.0,0.9800568155631894,0.2109789455812143,0.04923911301735209,FSH
False,2.00573649886619,0.8599146574170158,0.4416240268763104,0.11255639345745191,PGF
True,0.0,0.9921994425929243,0.1397887517178816,0.07364284159835767,FSH
True,0.0,0.9943470835457954,0.10653600996813636,0.03674243185872117,FSH
True,0.0,0.9957758023185446,0.08182292123611458,0.020831864612102065,FSH
True,0.0,0.9793095182081163,0.22939280649485613,0.08965714735079679,FSH
True,0.0,0.994738061591582,0.09390507793483999,0.030441276303893827,FSH
True,0.0,0.990451165656308,0.14066471053354285,0.04594393083453017,FSH
True,0.0,0.9987035245643906,0.04454259533085435,0.014773093548053444,FSH
True,0.0,0.9809912571683483,0.22238969030464903,0.12030062259685166,FSH
True,0.0,0.9984293045572196,0.045964899843538506,0.010441893072503476,FSH
True,0.0,0.9777237483386824,0.24272491163022392,0.10923966344342757,FSH
True,0.0,0.9972774219728623,0.07368894646135228,0.018096121662193283,FSH
True,0.0,0.9934075116981627,0.09757314656057695,0.023785341253072308,FSH
True,0.0,0.9822489839902555,0.20780348119782577,0.09275920959215163,FSH
True,0.0,0.9995218931397161,0.028805452629092655,0.008096382690288322,FSH
True,0.0,0.9972163395922895,0.08271939173621458,0.036313214098676966,FSH
False,0.0009886224524804975,0.9281072050781609,0.3031442367157714,0.03451782196379167,PGF
False,1.0471203359910164,0.8789851901937837,0.40232889797075977,0.07360738882179806,PGF
True,0.0,0.975201656488366,0.1859262719290701,0.030515602427329706,FSH
True,0.0,0.9944810025976755,0.09420629882530887,0.03661763498963019,FSH
True,0.0,0.986438747176855,0.1722288967276526,0.06104040387399698,FSH
True,0.0,0.9693081408464707,0.20102369974455006,0.029096424225607025,FSH
True,0.0,0.9995028580166108,0.024557264096978632,0.016390547771231,FSH
False,0.1611991200074918,0.9463808780197145,0.34014961021074697,0.10870415573253199,PGF
False,0.015037496043775246,0.9708144921692602,0.31226274685532374,0.17308706781544386,PGF
True,0.0,0.9957571515188965,0.08034274354480232,0.025614438655687608,FSH
True,0.0,0.9785081885657082,0.24425641599852121,0.12963779879877735,FSH
True,0.0,0.9985951453374534,0.05731123591162552,0.030657377338058383,FSH
True,0.0,0.9639671438598192,0.2167909999383981,0.02043177538013005,FSH
True,0.0,0.9998849584037007,0.015316628946559151,0.008128441724185392,FSH
True,0.0,0.9969761920549971,0.06971761560351268,0.006385051747433773,FSH
True,0.0,0.9994899907529992,0.029933043676133454,0.014228098081564642,FSH
True,0.0,0.9874621905372092,0.16814132594838388,0.051466414828681126,FSH
True,0.0,0.9831347600956171,0.20128667566750277,0.09537780939832058,FSH
True,0.0,0.9988220392400008,0.04795391433883143,0.02919101434156297,FSH
True,0.0,0.9748734000162356,0.16980173193267886,0.025128948967381434,FSH
True,0.0,0.9941573233616279,0.0898218170101184,0.02374026881269596,FSH
True,0.0,0.9772022920612611,0.1649963919263465,0.029227143752728682,FSH
True,0.0,0.9932705278647309,0.11533147002377218,0.05613925572602105,FSH
False,0.15367066354553496,0.9065802327365332,0.3392008499328184,0.04132672303759346,PGF
True,0.0,0.9992798388599816,0.03601692626161669,0.00876033557511771,FSH
True,0.0,0.9988708113515662,0.04938443749056552,0.02632904684837673,FSH
True,0.0,0.9988210049738883,0.04733620892962147,0.00883555579079773,FSH
True,0.0,0.9749950226994559,0.2669543970258369,0.12858501270724643,FSH
False,0.008152345569651312,0.9705813209667419,0.30902903404005727,0.15579012374715207,PGF
True,0.0,0.9932365718749425,0.12402541472452534,0.03614667564035594,FSH
True,0.0,0.9999098328477479,0.015716556255467067,0.010497388522563884,FSH
True,0.0,0.982888019573152,0.21336764601845964,0.1078407410315752,FSH
False,3.226728658227546,0.8438119926576974,0.47963097333777227,0.10324391959873265,PGF
True,0.0,0.9735974598836558,0.28372359599067837,0.1587969116052677,FSH
True,0.0,0.9957123788097701,0.07212915320087186,0.01462569269561412,FSH
True,0.0,0.9959749453384069,0.07208314677299515,0.01508561809332979,FSH
True,0.0,0.9832717922551613,0.20679154440555,0.08626453759295707,FSH
True,0.0,0.9777733271155855,0.24965233536404538,0.1076369499681573,FSH
True,0.0,0.9688787074723143,0.2937241391457618,0.09213728278660412,FSH
True,0.0,0.9739136614743295,0.28378985819436525,0.15035018793392133,FSH
True,0.0,0.9740391072129447,0.29292306726151474,0.17929568840879104,FSH
True,0.0,0.9483596707347746,0.2558508398610957,0.019813977775309476,FSH
False,0.5208859143378406,0.8925995266252819,0.37217242647561743,0.06469605418051458,PGF
True,0.0,0.9972941853635864,0.07369250965797003,0.024452224717415837,FSH
True,0.0,0.975525672219344,0.18081659733079752,0.009559319520876984,FSH
True,0.0,0.970629717710781,0.19808568144342334,0.020403674044757267,FSH
True,0.0,0.9984464241099366,0.04743837643858176,0.010826722187307673,FSH
True,0.0,0.9911551652713038,0.1260566953846471,0.050528492131657596,FSH
True,0.0,0.9995038550503803,0.03603501637780837,0.03045506246098454,FSH
True,0.0,0.9746174542019845,0.27240100704424713,0.13633362239965033,FSH
True,0.0,0.9750580635291913,0.2673596488122546,0.13891879657316097,FSH
True,0.0,0.9986439237274495,0.05087870074995896,0.00689430125331361,FSH
True,0.0,0.9722785952154934,0.2818384086769678,0.11478847084872122,FSH
True,0.0,0.9989353960134885,0.039760553290002956,0.02027133641710663,FSH
True,0.0,0.9926211410206237,0.11476588128460148,0.03933498405859965,FSH
True,0.0,0.9918868225791577,0.12254916772848329,0.0560070975447299,FSH
True,0.0,0.9885337283608004,0.13198304688647727,0.029820409622555447,FSH
True,0.0,0.9869917685996848,0.1790290380077697,0.06657237612782065,FSH
True,0.0,0.9720689467462499,0.28730688390287007,0.1370208244799986,FSH
False,0.2563487644657035,0.9063220522140872,0.35063089614708626,0.037696052051335395,PGF
True,0.0,0.9439028327317166,0.2757288054921964,0.014356192511980666,FSH
True,0.0,0.9993883949624333,0.03405797992340742,0.02767942696076973,FSH
True,0.0,0.993362625434436,0.11516581820816575,0.040805469440383255,FSH
False,0.006076157271219559,0.9507278030175316,0.307794970988541,0.036789769285843585,PGF
False,2.6026153816882376,0.8515953035615897,0.461326234124777,0.11482660530210399,PGF
False,0.013655843246171223,0.9700092538909068,0.31168582185649396,0.15470443435236736,PGF
True,0.0,0.9816506863935004,0.21484435397496945,0.08998343538411117,FSH
True,0.0,0.9995796952980187,0.031684173538531764,0.018019090473327573,FSH
False,0.003340801219895593,0.9706841052246566,0.3057799664530995,0.1548548057116726,PGF
False,0.06782860774790178,0.9574512591714998,0.3260439259229291,0.11373737451129931,PGF
False,0.28631346085413467,0.9270256378059067,0.34192898987409287,0.07956856481260012,PGF
True,0.0,0.9924682499630427,0.1142072431524539,0.024275413726199884,FSH
False,0.25639552574657526,0.9564491649952118,0.3506355137967983,0.157025723819448,PGF
False,0.11131131916085114,0.9691642967803692,0.33336335102486725,0.18017840405286495,PGF
True,0.0,0.9532766942478521,0.24713189086451157,0.019187298562504552,FSH
False,0.13251118871816153,0.9117023136726333,0.33640208630259555,0.05027888861259788,PGF
True,0.0,0.9747170447359014,0.1845114754746527,0.019354688295038405,FSH
False,0.1475197449006569,0.9475887906482747,0.3384082992204363,0.12020085488002899,PGF
True,0.0,0.9838030083213042,0.2201257463242745,0.12933243583898163,FSH
True,0.0,0.996492882051278,0.07221153004743974,0.013068497264440045,FSH
True,0.0,0.9321561941481703,0.2878660648092525,0.027504159751090967,FSH
True,0.0,0.9902828817759489,0.14267689029808228,0.03985994696907646,FSH
True,0.0,0.9887626729080985,0.15679868446391076,0.05205302915436445,FSH
True,0.0,0.9498940688900238,0.260085462541193,0.02282320115343028,FSH
True,0.0,0.9784238545802503,0.1754714613505405,0.020501061794653924,FSH
True,0.0,0.9712318798809642,0.192662547356816,0.02228123755697377,FSH
True,0.0,0.974306625653075,0.2853551589405856,0.16865183830070885,FSH
True,0.0,0.9794097402323608,0.22414171896669297,0.10943682444722697,FSH
True,0.0,0.9943089814556662,0.11181651374289871,0.05377878901877679,FSH
True,0.0,0.9363313333454447,0.29015695786125717,0.02470995427571843,FSH
True,0.0,0.9955710038573803,0.09046793627660879,0.030638722960768118,FSH
True,0.0,0.993128756106972,0.1269447290092541,0.06264883080842847,FSH
True,0.0,0.9898950641984249,0.12156479675492292,0.01302815070071656,FSH
True,0.0,0.9785364518677369,0.2319891022800063,0.12398131476873954,FSH
True,0.0,0.9978828872229755,0.06137146680827795,0.015769784981700702,FSH
False,0.39920342400256836,0.8990522471714893,0.36318254695741287,0.08745761393972193,PGF
False,1.0346960262957947,0.9161298816814036,0.3862511485430853,0.036563989739953236,PGF
True,0.0,0.9962581816342017,0.0901878258393645,0.033892609686139566,FSH
True,0.0,0.9363598126503234,0.28491172815894206,0.014879235874275686,FSH
True,0.0,0.9996726551111432,0.034565375788385394,0.02226852849441876,FSH
True,0.0,0.9828260263362975,0.15719133421567824,0.018648205595896163,FSH
False,2.4827477039343813,0.8522305038271988,0.45756737301657285,0.07394784218159323,PGF
True,0.0,0.9399953970537,0.277255399635817,0.020852398192510196,FSH
True,0.0,0.9989494153421051,0.0376450345455803,0.018851051824881875,FSH
False,0.4628745242557285,0.8937409058707801,0.3680348825423935,0.04439596583071918,PGF
True,0.0,0.9997867515430887,0.02175298615656847,0.014155329833838609,FSH
True,0.0,0.998076615313139,0.057875727322621105,0.018684191422290036,FSH
True,0.0,0.9858878395395914,0.17521735117268616,0.05260446269395194,FSH
True,0.0,0.9325126016815858,0.2963159307192187,0.023561339526241332,FSH
True,0.0,0.9990502032886027,0.0378120766619133,0.014157126772412062,FSH
False,2.95474957323441,0.8463477077485236,0.4718938501876786,0.08936685500439726,PGF
True,0.0,0.9753443558589268,0.27170220701484327,0.14868171996327118,FSH
True,0.0,0.9850681699590318,0.18533594115053625,0.08183362751454823,FSH
True,0.0,0.9918784013156297,0.14350682735705098,0.07676722148220724,FSH
True,0.0,0.9997737470407979,0.023806976046925204,0.020523693726986165,FSH
False,1.6232821987879194,0.8666263612786953,0.4274080923170863,0.09808596729398585,PGF
True,0.0,0.9977766750924623,0.055599974217924036,0.016543788168165048,FSH
False,2.5013199140478637,0.8548133635929522,0.4581556168477068,0.09372783826949006,PGF
True,0.0,0.9976485630330514,0.06321245083559934,0.016431094128168636,FSH
True,0.0,0.9801639413618121,0.22274430837952205,0.08867945100125703,FSH
True,0.0,0.9955779937830356,0.09430928306645271,0.04479095159397626,FSH
True,0.0,0.9806147997004154,0.21386607098397675,0.07076928337757245,FSH
True,0.0,0.9986907505673998,0.046856598163434356,0.009215318764736318,FSH
True,0.0,0.9743265741386588,0.19337174461525786,0.026419996175506017,FSH
True,0.0,0.9580485113062119,0.24124388944903188,0.01968932773844753,FSH
True,0.0,0.9981535109406312,0.05364995510856134,0.007057359968015918,FSH
True,0.0,0.9920358477546377,0.13696701922084073,0.06913677915242597,FSH
False,0.10818156482324345,0.9118102735097772,0.3328909660580597,0.042825087428169366,PGF
True,0.0,0.9654147172505294,0.21836232937091563,0.02476996606267314,FSH
True,0.0,0.995619971339897,0.09371823642433613,0.019740843411072077,FSH
True,0.0,0.9990711081895133,0.06336617905333033,0.040996133028375355,FSH
True,0.0,0.9991718618830372,0.03489712874639104,0.011719391800414177,FSH
False,1.0123614807236598,0.8811967991859795,0.4006161756738776,0.04582469818001624,PGF
True,0.0,0.9998971585444073,0.017449885807332387,0.01423432461557195,FSH
True,0.0,0.981398859261319,0.22151114354749096,0.1076423032435713,FSH
False,0.055007206239067734,0.9699938749373164,0.32345361512412696,0.17766914685653767,PGF
True,0.0,0.9993089845586938,0.03525087295966411,0.011350399796478962,FSH
True,0.0,0.9811790524445828,0.23562056122200192,0.14337077561925718,FSH
False,2.0201007257416066,0.8606905237503041,0.4421302475105706,0.07325016153070354,PGF
False,5.302113118430054,0.8208105843634566,0.5302631780904201,0.11377519131938148,PGF
False,7.029335749263099,0.8053791817787698,0.5651289450298307,0.11471496677744748,PGF
True,0.0,0.9856746650943625,0.1301653905350132,0.027630174960985042,FSH
True,0.0,0.9983538444775808,0.053706269377132784,0.017589631589670435,FSH
True,0.0,0.9931491471543165,0.11095401031253661,0.014068764321936912,FSH
False,3.4273713786485116,0.8434862713817421,0.4851316120668891,0.10689520966604195,PGF
True,0.0,0.9610799592846443,0.22590371934697148,0.03531690298420593,FSH
True,0.0,0.9855990582114705,0.18299251020202045,0.08562836849734813,FSH
True,0.0,0.9999547575358303,0.013514571819864894,0.012716955393495717,FSH
True,0.0,0.9862579591122168,0.17557261536672938,0.09355300372700433,FSH
True,0.0,0.9948889210994162,0.10651984171234573,0.0157058558735844,FSH
True,0.0,0.9945864357581302,0.10086905827155054,0.04333434579897377,FSH
True,0.0,0.9943036705664036,0.09548537467330184,0.011431370551384988,FSH
True,0.0,0.9765234708545167,0.17390824351528042,0.0204311457213553,FSH
False,0.35485644599674887,0.9032355683881275,0.35956982843661284,0.0569568535658495,PGF
False,0.031605318823661376,0.9694602861782777,0.31777788480772146,0.16021187048166197,PGF
True,0.0,0.9992922322780969,0.03310575135315489,0.01195747968963125,FSH
False,0.027350316366339823,0.9704988412632657,0.3165379310575234,0.17245714823100733,PGF
True,0.0,0.9938469429907055,0.11514220893826561,0.03913427314876526,FSH
True,0.0,0.9862205656664661,0.17971502394490904,0.06728014499144977,FSH
False,8.429286417150651,0.7935512441907103,0.5879605724710041,0.09855857414562084,PGF
True,0.0,0.9875036506894266,0.1277015856130826,0.0241970908915672,FSH
True,0.0,0.9648194784858498,0.21551258504305965,0.014675263882295493,FSH
True,0.0,0.9881478472009371,0.13419314847805416,0.020060993034816715,FSH
True,0.0,0.96377470841805,0.21879929071872367,0.025387904964167436,FSH
False,0.05702875517964952,0.9616841898962661,0.32388069412300435,0.10586559072444364,PGF
True,0.0,0.9874827215382505,0.16391980071252402,0.0704457610552643,FSH
False,0.23999904164388539,0.9096637441379687,0.34898969704375454,0.024907555651393794,PGF
False,5.949543103499886,0.8142277670643036,0.5439167932489549,0.08620345971785229,PGF
True,0.0,0.9897411555271453,0.1445736835708107,0.05009041380247256,FSH
False,1.2066475014900133,0.8781707052970518,0.4098475080049617,0.06936372781346599,PGF
False,1.8713203060521773,0.8632108748445037,0.4367962099640256,0.10464472623745899,PGF
False,2.058676550414945,0.8608703285275591,0.44348088898577903,0.1211906590296855,PGF
False,0.025255106683199042,0.9581460638714813,0.3158918553615363,0.11706411038495056,PGF
True,0.0,0.9866700113428487,0.18797403983958755,0.10754489847008224,FSH
False,0.37909251967709656,0.8978583948486495,0.3615704896583661,0.06713452405638735,PGF
True,0.0,0.9373974815042346,0.28408380531499644,0.028647571285555763,FSH
True,0.0,0.9900215702670658,0.14566635926131072,0.064522087939864,FSH
True,0.0,0.97932677455995,0.1589979364952914,0.018667845398359976,FSH
True,0.0,0.9860095255301694,0.13471759777333708,0.023622783919970185,FSH
True,0.0,0.98515328515599,0.18572292719846262,0.06375997432490917,FSH
False,0.6070026299613659,0.8917988600308516,0.377910373504519,0.08449467735275729,PGF
True,0.0,0.9731054282264779,0.2704154032366338,0.11818916384552448,FSH
True,0.0,0.9380114127543256,0.276415151833906,0.04063256050518167,FSH
True,0.0,0.9990424244674531,0.049420101750515776,0.030842938130980428,FSH
True,0.0,0.9995172566316378,0.02821542723685715,0.007942673205450225,FSH
True,0.0,0.9781351572961878,0.24221989841379166,0.12445369694100174,FSH
False,0.08572783292327445,0.9142778959571214,0.32927931572343766,0.060192879368304676,PGF
True,0.0,0.9657941866702582,0.20838720240658515,0.033207014730520165,FSH
True,0.0,0.9629538050072441,0.2211685911670097,0.0243840704749622,FSH
True,0.0,0.9752521212580014,0.2630995176487985,0.12183371198936173,FSH
False,0.2087793134425995,0.9056853640561705,0.34569237501406547,0.05219789842735078,PGF
True,0.0,0.9892849766886681,0.11320816119246888,0.02440134487309543,FSH
True,0.0,0.993136763385413,0.15130453374943895,0.08788020380691947,FSH
True,0.0,0.9985839342798029,0.055798874115836415,0.026540466548010577,FSH
True,0.0,0.9879343593730111,0.16528821967804116,0.0835556087810543,FSH
True,0.0,0.9993738014034601,0.03197249462390928,0.01325465446171617,FSH
False,0.050249496678614176,0.9686438422191934,0.3224163995054099,0.14842792399395885,PGF
False,0.7965124733558464,0.8852693813091363,0.38924754749324186,0.07624454830189294,PGF
True,0.0,0.9994228490508358,0.04228318320454321,0.02553700110677199,FSH
False,0.2238451761849924,0.9325392825395856,0.34191459399097146,0.06304325494052263,PGF
True,0.0,0.9897022518787616,0.154978450911216,0.06398609892272673,FSH
False,1.3755923013072882,0.8725265826877913,0.4172856470889464,0.06716804291685054,PGF
True,0.0,0.9977771297372966,0.06130825743813342,0.025745250348894733,FSH
False,0.24506612925114438,0.9024039052856231,0.3495041542954876,0.05396239286675592,PGF
True,0.0,0.9921478455290492,0.13533553226024408,0.07032090234867237,FSH
True,0.0,0.9795284840119639,0.23743509589372247,0.13873675705036753,FSH
True,0.0,0.9970137420960197,0.07450825826507944,0.021378548013548663,FSH
False,0.015867888980666003,0.9684456993958149,0.3125967809303274,0.12821582911510357,PGF
True,0.0,0.9956072034631543,0.09310872698533591,0.03643978144067945,FSH
False,0.08470735583473077,0.9681550254489992,0.32910452814163643,0.14669207625123423,PGF
True,0.0,0.9722321726130385,0.1932771646731748,0.021257568750794167,FSH
True,0.0,0.9764750723262436,0.17358241990640844,0.021284335827632887,FSH
False,4.124173033674335,0.8341001261272047,0.5030806005918422,0.08951760332023881,PGF
True,0.0,0.9969227168276096,0.06587771268500761,0.010501431739067826,FSH
True,0.0,0.9982008615160836,0.05811725575536008,0.04172144016538619,FSH
True,0.0,0.9818082263374723,0.2450301491720809,0.14772956869021925,FSH
True,0.0,0.9987697987639425,0.04657724260160983,0.01822687804531331,FSH
True,0.0,0.9918737376451761,0.12695496740295995,0.04177920464166287,FSH
False,0.010130677105024688,0.9259529047212768,0.3100651264795951,0.028363779968393413,PGF
True,0.0,0.9780592794059157,0.2323807529025943,0.08942199168067898,FSH
True,0.0,0.9774400629786844,0.17997155510922971,0.02006469329721342,FSH
False,6.9577819208309215,0.8074567702655611,0.5622266624626576,0.07614031002877036,PGF
False,1.3013760126800922,0.8752924199280238,0.4140778686985382,0.0777926125098291,PGF
True,0.0,0.9986183148886696,0.04408076196549162,0.009577781851966623,FSH
True,0.0,0.9986923368883345,0.048326697600030354,0.01026484669003602,FSH
True,0.0,0.9823369804426992,0.2256093630525354,0.13018902961628467,FSH
True,0.0,0.9811390510433909,0.16659727047062342,0.016372620752746925,FSH
True,0.0,0.9932674927501464,0.11772823592108468,0.044077306479556884,FSH
True,0.0,0.9546766477927143,0.24599296925431988,0.020645260130970067,FSH
True,0.0,0.9578261397756831,0.2303622099776957,0.0258548747121941,FSH
True,0.0,0.989276238844571,0.17841729532744027,0.10234890478546893,FSH
True,0.0,0.9924332601821291,0.13954535432431497,0.0732404326418657,FSH
True,0.0,0.9637054240045522,0.21314321030565217,0.027473320090606202,FSH
True,0.0,0.9897105245650307,0.1254435464954329,0.021111847356908586,FSH
False,0.08656248642253328,0.9429120796926151,0.3294215034324443,0.11918160765343828,PGF
True,0.0,0.9905120781826031,0.13972443270039323,0.05453593475214576,FSH
True,0.0,0.9784213359846874,0.16243194529418192,0.02249268089297262,FSH
True,0.0,0.9971108651005846,0.059720309733158394,0.012937274848079217,FSH
True,0.0,0.9876978503455354,0.17429439588778123,0.06601752744135918,FSH
True,0.0,0.9813721319449792,0.2439048896551996,0.1462568234967354,FSH
True,0.0,0.9927183892205677,0.12448256580510197,0.05366754315317488,FSH
True,0.0,0.9902221664501683,0.12255962204109414,0.031021252462372084,FSH
True,0.0,0.979907009955828,0.23597468732185414,0.1209054006587089,FSH
False,7.729720053497334,0.7975193745487992,0.5779264705515484,0.11225208442256633,PGF
True,0.0,0.9593252449134657,0.22903919615067825,0.036822822053831056,FSH
True,0.0,0.9719477991616494,0.19094529278601347,0.017315533642942107,FSH
True,0.0,0.9989127049970244,0.04804521863822848,0.026466824551393202,FSH
True,0.0,0.9943631712535911,0.102996597203783,0.03175763598013257,FSH
False,1.2120077941708505,0.8778906844204117,0.41009122554367583,0.03147824752703563,PGF
False,0.4280681912867882,0.8959147078512971,0.36542692039877683,0.07327142306335865,PGF
True,0.0,0.9876167838673199,0.17641010480699568,0.0955229816568702,FSH
False,6.7081778496619515,0.808421939452201,0.5590015028848665,0.12703525759747242,PGF
True,0.0,0.9912211871640377,0.12382263320665421,0.022649205111775407,FSH
True,0.0,0.9887404142309042,0.14872666510876376,0.05108179611305508,FSH
True,0.0,0.9840103844693693,0.2021468742887688,0.09449426596209656,FSH
True,0.0,0.9899037015836312,0.16058392190516863,0.08671903303891851,FSH
True,0.0,0.9997252788943902,0.02383008603590107,0.015869722151318728,FSH
True,0.0,0.9950831073096302,0.1019846281403735,0.029704722217995243,FSH
True,0.0,0.9862149581658917,0.18464784851235316,0.07083044883914227,FSH
False,10.991644701090966,0.7771775729072335,0.6242941057009301,0.08796501244855784,PGF
False,2.1236888419112843,0.8621113571603728,0.44572881808040865,0.052616096942951676,PGF
True,0.0,0.9758031909039039,0.18439111204835473,0.021759279428823466,FSH
True,0.0,0.9963005650173181,0.08438735930829024,0.03686983565294782,FSH
False,0.040851782093906844,0.9701395056933879,0.32021182379052093,0.17170817413296932,PGF
True,0.0,0.9771838352265568,0.24584123135114327,0.11592173576516261,FSH
True,0.0,0.9746684812136154,0.2568611265518715,0.08967330124382393,FSH
True,0.0,0.9989003468804684,0.048357079922521806,0.02173705035041748,FSH
True,0.0,0.9857666082198868,0.17647731792562332,0.08832034964131928,FSH
True,0.0,0.9924631436200859,0.122081338299428,0.05813117826716273,FSH
True,0.0,0.9743121073383884,0.18823252135211893,0.022457103761217758,FSH
False,0.003472161567352098,0.9700698731877102,0.30589250504229915,0.13746478468737625,PGF
True,0.0,0.9839652284663183,0.15702271232575735,0.015603134344630442,FSH
False,0.03843313065541351,0.9685876284683125,0.31960436957808475,0.15764537665206044,PGF
False,0.7673383674492253,0.8846290580623805,0.38759785199702246,0.07552101816775043,PGF
True,0.0,0.9950688102027689,0.09498586623484018,0.011488803318195361,FSH
True,0.0,0.9767314672357852,0.2675440266319407,0.13827232204116569,FSH
False,10.298364831275888,0.7805913537443482,0.6188841343955327,0.11325825246017342,PGF
True,0.0,0.9917053651294526,0.0993448329947092,0.01865501256897616,FSH
False,0.6380797133536562,0.8931165904861866,0.3798798919224141,0.04458151374138269,PGF
True,0.0,0.9905424481433652,0.15575605388973343,0.06338248588577161,FSH
True,0.0,0.9900437830501932,0.15028828877118844,0.06741061945622809,FSH
True,0.0,0.9986056482650563,0.05102234760281299,0.0212125565561783,FSH
True,0.0,0.9810638261938607,0.17210425111135283,0.037236872333194344,FSH
True,0.0,0.9712808996358072,0.29257439335036134,0.13740571231910242,FSH
True,0.0,0.991170235873923,0.14593535813879255,0.07338164916727015,FSH
True,0.0,0.999893517839578,0.019860450935703808,0.018404160104585652,FSH
True,0.0,0.999640365871367,0.031010548375546423,0.01468990852827815,FSH
True,0.0,0.9999108398170182,0.012257983033770296,0.006099578531875234,FSH
False,0.008018950527270164,0.97210657465254,0.30895485931060346,0.18587255510255998,PGF
True,0.0,0.9868090234921187,0.17211351204044295,0.061515174091444975,FSH
True,0.0,0.9848793829437902,0.20079270832278864,0.10518093110593996,FSH
True,0.0,0.9999321750016515,0.016838544658583084,0.016838103737153297,FSH
True,0.0,0.9827713108894591,0.19403642483846364,0.08261852750186716,FSH
True,0.0,0.9984813403930876,0.043444154722042154,0.01217332354820841,FSH
True,0.0,0.9998745092371388,0.01874089593393557,0.008288472704305948,FSH
True,0.0,0.9995903181916019,0.031000327198505345,0.008946180032200443,FSH
True,0.0,0.9895639751101604,0.12252743727967402,0.020759742542769497,FSH
True,0.0,0.9769306924008433,0.24480574015731668,0.1085848427610238,FSH
True,0.0,0.9888395243933167,0.12716647987453347,0.026821720372460327,FSH
True,0.0,0.9466722931232792,0.25671316827300894,0.025371990054120105,FSH
True,0.0,0.9861964534330045,0.1856235356056779,0.09828023380093168,FSH
False,0.6578913121305383,0.9171001065686343,0.3576724795522384,0.08561742037726129,PGF
True,0.0,0.9803022388907435,0.15801194377433536,0.013819036125864126,FSH
True,0.0,0.9968750702363769,0.07568342796754424,0.01619810337022381,FSH
True,0.0,0.9978982914138739,0.053636692047015794,0.016185174605634917,FSH
True,0.0,0.9956680917570642,0.09054868382559468,0.033137677547448986,FSH
True,0.0,0.9918584632558917,0.12041036284475902,0.043976818847689336,FSH
True,0.0,0.9971282628436532,0.08029025708336851,0.03671588388078245,FSH
False,2.2421311159524033,0.8573021042177279,0.4497374741323094,0.06083909576309219,PGF
True,0.0,0.9531321064833277,0.25204643719838,0.01904870634594507,FSH
False,0.07259313264214481,0.9678686358086573,0.3269431127827029,0.15199376643924212,PGF
True,0.0,0.9889468923491201,0.17034386591245698,0.0907723197839255,FSH
False,0.08228044015804828,0.9391964418718107,0.32859397799842455,0.11074035581425104,PGF
True,0.0,0.9790597008399298,0.2262479950452098,0.11713738189500074,FSH
False,1.4270677339878084,0.8691804692521824,0.4194599403142245,0.07788128529184739,PGF
True,0.0,0.9986487137253798,0.047060138759333674,0.011196551413917972,FSH
True,0.0,0.9604136948886933,0.22167027333991735,0.024991358238555677,FSH
True,0.0,0.9942775540949588,0.11116994604118342,0.047878810313813934,FSH
True,0.0,0.9866605373922237,0.14937269977108733,0.04497719053322474,FSH
True,0.0,0.9884766791804495,0.17076635334631204,0.08093810196083363,FSH
True,0.0,0.9553358676200915,0.24127558101425134,0.021970978028779262,FSH
True,0.0,0.9988985479715037,0.05928843833098507,0.03226247970917079,FSH
False,3.224751262089218,0.84574821338782,0.4795759243910279,0.08589240596508653,PGF
True,0.0,0.9874530022823266,0.13242403695369845,0.02119291485548022,FSH
True,0.0,0.9687599428762009,0.202123906007695,0.013676646618256247,FSH
True,0.0,0.9871275418397619,0.19451757930056338,0.11292647960083758,FSH
False,1.59531863286066,0.8693147488984482,0.4263059235689546,0.07406875477264796,PGF
False,1.4487355659933632,0.8711280680458315,0.4203634315726069,0.0639563513014264,PGF
True,0.0,0.9917086652087369,0.12390607967471348,0.04712166544129673,FSH
True,0.0,0.9987831373817408,0.04551920730760247,0.017826595652677846,FSH
False,10.837649940823388,0.7773292840880748,0.6261802230485949,0.11092917937697752,PGF
True,0.0,0.9992549849476152,0.03267028811370261,0.010381277091220664,FSH
True,0.0,0.9986320946684424,0.055337135241910286,0.011310249401512592,FSH
True,0.0,0.9960686793932688,0.09077357858206028,0.029533920055568826,FSH
True,0.0,0.9827062056938805,0.22117257151104586,0.12569645612663366,FSH
True,0.0,0.9903565312580555,0.11950061844230551,0.03196151109211873,FSH
False,0.10493553342013856,0.9425391894535896,0.33239375455549086,0.11258628540634849,PGF
False,0.1733540871831636,0.9129289199277211,0.34163581237146257,0.05050498875493516,PGF
True,0.0,0.9974317946473329,0.06917553085825283,0.029247270370822264,FSH
True,0.0,0.9488766238073194,0.24971910585702958,0.029012681370252515,FSH
True,0.0,0.9966719238355105,0.07201572030692283,0.023874523636611248,FSH
False,0.46607612001939874,0.8982277155430266,0.36826976783462784,0.037258526669050065,PGF
True,0.0,0.9328250996536065,0.2925510257922054,0.0433030303605825,FSH
True,0.0,0.9791672663246553,0.27472238051119574,0.17581699372284934,FSH
True,0.0,0.9877162724793622,0.17805666121884742,0.09699208605970346,FSH
False,0.5672671165674851,0.8928733997602806,0.37531713726420335,0.07220595161768682,PGF
True,0.0,0.9939668646780714,0.1006860967762477,0.028474620942993037,FSH
True,0.0,0.9965488175614218,0.0763017111979437,0.031101683960150932,FSH
True,0.0,0.9942736861255042,0.11983943448108444,0.060800306154775725,FSH
False,0.4717805489424091,0.8968756902125948,0.36868628312424606,0.04891676633938014,PGF
True,0.0,0.9962308379187526,0.08507104880374967,0.03602254804852324,FSH
True,0.0,0.9874714366911624,0.1640500516128451,0.05080088906948965,FSH
True,0.0,0.9771298171066717,0.24629433145986135,0.09560657108992346,FSH
True,0.0,0.9891769478781702,0.16221223025878617,0.06540228993969639,FSH
True,0.0,0.9641071289386927,0.2267150041283983,0.01746400006508263,FSH
True,0.0,0.9984776115521397,0.05182127359597213,0.015084955245738392,FSH
True,0.0,0.9895501679824752,0.16019625239085236,0.06784538735075107,FSH
True,0.0,0.9989235544513957,0.048334064349147866,0.02472671572555703,FSH
False,0.07534621980287294,0.9133029676698392,0.32744926589234635,0.03529953584608187,PGF
False,0.477699106595015,0.890761152244024,0.3691157801514976,0.06958598994968565,PGF
False,0.05292014416134376,0.9698950794126421,0.3230043787486956,0.1858234214545518,PGF
False,3.694057979606128,0.8383804497186829,0.4921993230894981,0.0907661798563063,PGF
True,0.0,0.9965603958857584,0.0728533171076767,0.015413071667748036,FSH
True,0.0,0.9978313200476618,0.06780519771975332,0.029279144224562723,FSH
True,0.0,0.9997379485956913,0.0203111175781053,0.008174713526017226,FSH
True,0.0,0.9808310459336327,0.1633718596138935,0.014260609936370922,FSH
True,0.0,0.9963626732164943,0.0897765374708678,0.0391479021236014,FSH
True,0.0,0.9998215721835346,0.018245866669079683,0.012394563670848928,FSH
True,0.0,0.9999486560918771,0.016115540004639255,0.012282297159575793,FSH
True,0.0,0.993939243163767,0.08447497335664947,0.020354047687813626,FSH
True,0.0,0.9951156837984549,0.08932238130858967,0.019718362603632692,FSH
True,0.0,0.9797101837434711,0.1531022450811612,0.01756147720106328,FSH
True,0.0,0.9321576509183266,0.29295203792625957,0.031495730777749344,FSH
False,0.15101840911699957,0.9584157635746354,0.3388610871074137,0.11827219413772579,PGF
True,0.0,0.9911218897083508,0.13624215675333104,0.05795662376378043,FSH
True,0.0,0.9419903212983076,0.265537386044816,0.035455892613182965,FSH
True,0.0,0.9987130951395072,0.04737546988065684,0.015238069936840399,FSH
True,0.0,0.9908452238046022,0.17506628060300689,0.10392637822974037,FSH
False,0.024414058410168225,0.9698398119697232,0.31562499869125377,0.1660076069574297,PGF
False,0.006234703495792199,0.968963300062322,0.30789601386510446,0.12638239371833956,PGF
False,1.9361508106369507,0.8608156051098937,0.439145636318102,0.06782695321277578,PGF
False,0.8746962712014442,0.9207164995005477,0.38421977180087785,0.03894084182921954,PGF
True,0.0,0.9958466709251816,0.08015684735834261,0.008852774639893916,FSH
True,0.0,0.9928823568988818,0.12483797317644775,0.048144566482626126,FSH
False,4.053277083790288,0.8342990461918878,0.5013275213126682,0.12375088849881274,PGF
True,0.0,0.984504631541263,0.14326698682054018,0.015795370718127234,FSH
True,0.0,0.985484013750585,0.1883016400833282,0.07276609438217624,FSH
True,0.0,0.99455589362011,0.08928374972887158,0.01103198454284488,FSH
False,1.1830157357576123,0.8786862744415831,0.4087665268250123,0.07133227439438589,PGF
True,0.0,0.9982882511255361,0.06399004843509129,0.034338802386682354,FSH
True,0.0,0.9766500943183123,0.2618381677432544,0.1555618692766104,FSH
True,0.0,0.9985903828961659,0.0431487269584982,0.01340064777839365,FSH
False,0.008950172743959558,0.9206982717208082,0.30946053526179124,0.04378150676407194,PGF
True,0.0,0.9780763754360107,0.2491748809382358,0.12614388088988088,FSH
True,0.0,0.9893025776842448,0.1439222763225036,0.052115475045472016,FSH
True,0.0,0.987502196507014,0.184753538014735,0.1028682101639841,FSH
True,0.0,0.9816436243704291,0.2110335604669674,0.08150150705112148,FSH
True,0.0,0.9832465955528467,0.14513318938272837,0.019102952531274194,FSH
True,0.0,0.9826379980788217,0.20369573423237655,0.08955640695415389,FSH
True,0.0,0.9543176852308738,0.23676672879122837,0.022421517277511953,FSH
True,0.0,0.975464075767556,0.2509696204333853,0.107168043857549,FSH
True,0.0,0.9840499525512287,0.15599820861706218,0.03395956949431161,FSH
True,0.0,0.9689589229475161,0.20573461849583863,0.021100029306816995,FSH
True,0.0,0.9675845882595913,0.19707786425962148,0.026213509283247022,FSH
True,0.0,0.9955796831330237,0.10076885591035843,0.04016413054349232,FSH
True,0.0,0.9994158996209326,0.02912035627193738,0.008059191710142601,FSH
False,0.7877076343505387,0.8879794221772487,0.3887528948457761,0.08334917765677007,PGF
True,0.0,0.9909318342316182,0.11042454379623065,0.009412158490740822,FSH
False,0.0031733679238599836,0.9716724083357632,0.3056332654152454,0.17227979735151544,PGF
True,0.0,0.9996897839897103,0.03520357759297006,0.0271095526007459,FSH
True,0.0,0.9981960050244405,0.04959313204343961,0.010414858370784113,FSH
True,0.0,0.9989046998579394,0.05359215698843904,0.02231230955868457,FSH
True,0.0,0.9737571900976869,0.28110569081119574,0.1417928702519905,FSH
True,0.0,0.9982807199200061,0.0674612781318922,0.03507668311142797,FSH
True,0.0,0.9996971992813691,0.02567322515889874,0.01809783021050056,FSH
True,0.0,0.9966404846412998,0.0921622109856826,0.04700147288236926,FSH
True,0.0,0.9997084229035489,0.024311569963512875,0.014876951473343673,FSH
False,0.12286094198380501,0.9370640252053419,0.3331387736280521,0.05370774361866188,PGF
False,1.7958411964353078,0.8655578676487523,0.4340089995647795,0.11294980719724339,PGF
True,0.0,0.979944295135732,0.24123689060210393,0.11943591397147378,FSH
True,0.0,0.9918511641946769,0.1505082771989032,0.08013306914529664,FSH
True,0.0,0.9993175233018299,0.037116203302861465,0.0056982593481395335,FSH
False,0.019951848927725786,0.971478508366837,0.3141251013899815,0.17869696917738329,PGF
True,0.0,0.9734009732769661,0.27156344877156724,0.1298942456728114,FSH
True,0.0,0.9719455389359464,0.28865151377890935,0.1367731854397919,FSH
True,0.0,0.9912839034650934,0.13303638830106881,0.04645992446917949,FSH
True,0.0,0.9946460146001879,0.1029524281040972,0.04902925389872561,FSH
True,0.0,0.9977215008963431,0.05605997744058896,0.01591778500301441,FSH
True,0.0,0.9876822398872939,0.17415293310868846,0.07845993311107213,FSH
True,0.0,0.9728658664269144,0.2797982569665403,0.12540151929838034,FSH
True,0.0,0.9301060721271173,0.29218659412190295,0.0340407762020964,FSH
True,0.0,0.9759372476101896,0.267000896770452,0.13408955724451593,FSH
False,0.3742110361774134,0.8982400631346346,0.36117279102488403,0.06299345584436294,PGF
True,0.0,0.9919220833974963,0.12972970535219877,0.059244569025313755,FSH
True,0.0,0.9984236161926872,0.05276273215526811,0.00974495423877854,FSH
False,2.3476809077399694,0.8560250492184174,0.4532214380476821,0.0779236118714309,PGF
True,0.0,0.9924549144268642,0.125987492403842,0.05992200719605626,FSH
True,0.0,0.9965863741818866,0.07182069767505464,0.012001911511030389,FSH
True,0.0,0.986373117824984,0.15470915138957217,0.04233312234113653,FSH
True,0.0,0.9997631856615001,0.019845630507187226,0.014139554738210923,FSH
True,0.0,0.9772879090795019,0.24307654887795532,0.10095547688786762,FSH
True,0.0,0.9985793087020134,0.05648748950071515,0.02823857965801466,FSH
True,0.0,0.933617581752198,0.2942023672407312,0.026709455034669254,FSH
True,0.0,0.9996701748832143,0.028525426029237515,0.019096085957944698,FSH
True,0.0,0.9996431797798278,0.03040185882057957,0.011026858280433198,FSH
False,0.6936911054287078,0.8911882584004166,0.38328812072731067,0.06565349349134295,PGF
True,0.0,0.9975757994838058,0.06142456213884922,0.015877965760763828,FSH
True,0.0,0.9879889116035774,0.16697808444765194,0.08409738448595429,FSH
True,0.0,0.9976793146534298,0.05202515435009354,0.01684736213794186,FSH
False,3.549182801316418,0.841443750152846,0.4883927493646297,0.096647177914089,PGF
True,0.0,0.9503180750391977,0.24387840945389688,0.04212783134875472,FSH
True,0.0,0.9908091124506545,0.13399853561808348,0.04975535869931985,FSH
True,0.0,0.9843109338986399,0.18763190228838275,0.07309546209009386,FSH
False,1.9966741652733049,0.859953627980589,0.44130372129824835,0.08404596267311433,PGF
True,0.0,0.9992383759908617,0.029997842629143553,0.0072981066956570055,FSH
True,0.0,0.9964346414457034,0.06914390099646432,0.00977248919843829,FSH
False,0.06124132403041702,0.9628082083460201,0.3247469844689039,0.09062249074822532,PGF
False,0.11988383291070806,0.9128775043038905,0.33462424481641556,0.04931534138348417,PGF
True,0.0,0.9995119042910656,0.0426460205756257,0.027736973887466185,FSH
True,0.0,0.9998818826952043,0.017370578420457507,0.01124580973996112,FSH
True,0.0,0.9961872129274302,0.08382843400831007,0.03317139342387921,FSH
True,0.0,0.9775537562281515,0.24856837005956775,0.10733641215559651,FSH
True,0.0,0.9999168799470264,0.014427043053842934,0.01272079841946135,FSH
False,1.715140608565959,0.8654663795704823,0.43096337688705033,0.07325647571633352,PGF
False,5.125191729005767,0.8247856660459539,0.5263888629991715,0.11710765933188719,PGF
True,0.0,0.9935678210704486,0.09621080251540778,0.0170364973603974,FSH
True,0.0,0.982511334784353,0.20153745805073628,0.06811498114179235,FSH
True,0.0,0.9717783061114764,0.1938861321106233,0.018631869872160634,FSH
True,0.0,0.9940306231340216,0.1030973531745408,0.006770264658407369,FSH
False,2.5428592607899465,0.8548998014684078,0.4594634522638321,0.09884147589348752,PGF
True,0.0,0.9947287794134341,0.11099771793655593,0.044153944635340565,FSH
True,0.0,0.9976755575703548,0.0617442673598285,0.017042813590694362,FSH
True,0.0,0.9972358753847789,0.07349485645091322,0.03483327258098773,FSH
True,0.0,0.9985768960924901,0.045780786464905875,0.01302443695373069,FSH
True,0.0,0.9332143485763168,0.29431946712159834,0.02993740039274963,FSH
False,0.022884065062149152,0.9209335237581905,0.3151274799825183,0.06041921101806859,PGF
False,0.02020509961418335,0.9686925347050347,0.31421446432834643,0.13713495144874252,PGF
True,0.0,0.9996406156093701,0.027520745633188,0.016688277444670233,FSH
True,0.0,0.9506396546826376,0.24911157912991774,0.028717818564521443,FSH
False,0.009704959903738302,0.9232117704843088,0.3098513754896148,0.027399724303374028,PGF
True,0.0,0.9919846710262171,0.12377681218084427,0.041581105622095306,FSH
False,0.008061815267198116,0.92663587740763,0.3089787611991845,0.05131620517673723,PGF
True,0.0,0.9998711255784866,0.017270975345889138,0.010450243397338518,FSH
True,0.0,0.9979209543131923,0.06619274212527666,0.03210124992713657,FSH
True,0.0,0.9688541312289173,0.20785582921517043,0.027282997394930716,FSH
True,0.0,0.9794306634057112,0.1821763798199984,0.04293930156643179,FSH
True,0.0,0.984868548404136,0.1896531922065185,0.10205060094082148,FSH
False,0.03452128260468635,0.9695817184370992,0.3185799038223254,0.16668327729168836,PGF
True,0.0,0.9901660605406353,0.11066248298519822,0.01686084951494907,FSH
True,0.0,0.9977492958006668,0.0745482857974737,0.03530331044760447,FSH
True,0.0,0.9813900297072085,0.220243098360276,0.10780134985149167,FSH
True,0.0,0.9887508249251822,0.16562959004660494,0.09063196261342761,FSH
True,0.0,0.989552048398712,0.11135989124830095,0.01904749237161156,FSH
False,0.29346668744501425,0.9014556646649923,0.3541725656993477,0.0811169340324528,PGF
True,0.0,0.9901853350208953,0.1119016114307523,0.018292914665837358,FSH
True,0.0,0.9848587403038361,0.18784674189856865,0.0714830581262049,FSH
False,0.15238307404689297,0.9089577363645358,0.3390362746745758,0.059761165079725884,PGF
False,3.2930534031605174,0.842023461417076,0.48146772173476243,0.09003354742325297,PGF
False,0.0033796090808041173,0.970887910037062,0.3058134405310488,0.15456734674780645,PGF
True,0.0,0.9590810403966671,0.22896433263487856,0.01400929407325302,FSH
True,0.0,0.9756510815152661,0.18423069958185997,0.016194910174711658,FSH
True,0.0,0.9977795402437014,0.07305984118600842,0.024582089589132973,FSH
True,0.0,0.9998998951639024,0.01584136734970752,0.010811826622033938,FSH
False,0.05503731950370993,0.9186941447823257,0.32346003399479845,0.033339362950793955,PGF
True,0.0,0.9550397223069126,0.24392718322144538,0.0216946736260238,FSH
True,0.0,0.9995623640842217,0.02545068039655233,0.005150950751949228,FSH
True,0.0,0.9978781319587475,0.055398265348544376,0.01555169993967255,FSH
True,0.0,0.9913429307391926,0.11084303871401652,0.010205326545499488,FSH
True,0.0,0.9981228057501778,0.06690725260427326,0.02708278049786188,FSH
False,1.6269502727610434,0.8658934688603983,0.42755196089284725,0.06666811427338541,PGF
False,1.8639530029950935,0.861801079045572,0.43652666417206176,0.07100195071601242,PGF
True,0.0,0.9742586009259876,0.26795272241273926,0.13779234946641192,FSH
True,0.0,0.9932785442689372,0.11809800229375333,0.017316006787355946,FSH
True,0.0,0.9996669403080362,0.033165177667773854,0.022564406758122168,FSH
True,0.0,0.9836387141478204,0.21724706982113812,0.12683722389126342,FSH
True,0.0,0.9828308879867118,0.2102433486211596,0.10946013462518571,FSH
True,0.0,0.9923014434241906,0.11801831741456648,0.033447698044773405,FSH
False,2.9832129306679547,0.8485555217341424,0.4727197999844822,0.06396129708042293,PGF
True,0.0,0.9728596502988042,0.2999082409595779,0.1735235992248023,FSH
True,0.0,0.9918543615815272,0.13747149020430827,0.04370743237149028,FSH
True,0.0,0.9825302096877204,0.1529631273606932,0.02135481708731263,FSH
False,0.09764053404043377,0.9105808222847369,0.3312474853452936,0.05022075175714724,PGF
False,0.11143713329151764,0.9169136396263126,0.33338220083989634,0.025013258283756796,PGF
True,0.0,0.9864544793985023,0.18992413916976394,0.09880129869674072,FSH
False,2.225604385586064,0.8567250807651223,0.44918459657706167,0.09137686152426984,PGF
True,0.0,0.9790437748205669,0.1813031612761318,0.03617354128131566,FSH
True,0.0,0.9886822824954088,0.1603782214744601,0.082853151189296,FSH
True,0.0,0.9898061047892587,0.12141269363433176,0.018869869477673468,FSH
True,0.0,0.9890922910514295,0.14875163086367943,0.06838813015957192,FSH
True,0.0,0.9958346336563555,0.09391619103740637,0.040122665706274784,FSH
True,0.0,0.9653407193365247,0.21543149963477087,0.01935312878715683,FSH
True,0.0,0.9917773182466678,0.1448172201158904,0.07846975632136288,FSH
False,1.8490767390255223,0.8621971447886991,0.43598076110338263,0.10439879705118903,PGF
True,0.0,0.9931725165951187,0.11782343012197956,0.03512138658100555,FSH
True,0.0,0.9960094829731988,0.1114175679355745,0.06539501130465375,FSH
True,0.0,0.9514488189286493,0.25061269025726335,0.04394027000374282,FSH
True,0.0,0.9655020827529461,0.20583565254119784,0.028810842497066384,FSH
True,0.0,0.9978694299726435,0.06207006039036035,0.013435987538550942,FSH
True,0.0,0.9990869854029868,0.036570367826555684,0.010936362824111139,FSH
True,0.0,0.9732820583325962,0.2849861928200996,0.14301833337919434,FSH
True,0.0,0.9993838110943803,0.03711872987286071,0.019023663812250746,FSH
False,0.03348614187925583,0.9172024060487921,0.3182992190760305,0.05329110688958079,PGF
False,3.352704168460055,0.842299192850774,0.48310390952844384,0.080184839905874,PGF
True,0.0,0.9748320633709112,0.19316463102855363,0.03814652707392556,FSH
True,0.0,0.9778392562158691,0.17543444856510354,0.01506529851991036,FSH
False,0.25959956261253875,0.9637845260336322,0.35095091388901073,0.20558266416491508,PGF
True,0.0,0.9870637688259728,0.13942416911661634,0.018784721340759244,FSH
True,0.0,0.9774443867096686,0.1746544445062486,0.014402546543454122,FSH
True,0.0,0.9980221801159191,0.0564090198315709,0.012748431022973822,FSH
True,0.0,0.9956558882494153,0.07389383409996646,0.015960500473654566,FSH
True,0.0,0.9478039881673448,0.25380889102880344,0.02365313821134039,FSH
True,0.0,0.9985497607525379,0.0457613694215506,0.01783302571047864,FSH
True,0.0,0.951892800001131,0.2409602608042052,0.03390308151863695,FSH
False,0.010625023659690166,0.9708474194086081,0.31030777554067324,0.1669595837201785,PGF
True,0.0,0.975919793735625,0.2667933809748988,0.14281470716490485,FSH
False,4.991766493334166,0.8238024842363566,0.5234226150893003,0.11107844148508245,PGF
True,0.0,0.9946687169434856,0.10103365686497777,0.04126035580077252,FSH
False,2.6897051903746703,0.8514783881093834,0.4640032069922619,0.06783023901112692,PGF
True,0.0,0.9998161821514912,0.020637251225261416,0.02035192523738484,FSH
True,0.0,0.9799409202868957,0.22109296020613275,0.08287912573106317,FSH
True,0.0,0.9962040879340348,0.08192240961673974,0.0353788701544925,FSH
True,0.0,0.9507967394247531,0.24320859586151153,0.028991706134080173,FSH
True,0.0,0.9894872675906317,0.1506093861795562,0.059226802320805114,FSH
True,0.0,0.9970045917769853,0.07079585071247298,0.012347450455775396,FSH
True,0.0,0.9968355623431671,0.09253760484284985,0.0507417134187237,FSH
True,0.0,0.9965793425172097,0.0766800657467065,0.02478297707267631,FSH
True,0.0,0.9965959452453407,0.07466638774780605,0.02772230979477251,FSH
False,0.6634327806886693,0.8850051683810394,0.38145138308762283,0.07925550216062832,PGF
True,0.0,0.9943627192565999,0.09429625471491276,0.029623873971871904,FSH
True,0.0,0.9837166929874278,0.2037376511272438,0.08961540162164383,FSH
True,0.0,0.9343637175768362,0.28518862796361993,0.03341843756468141,FSH
True,0.0,0.9832237491366249,0.19449206637775548,0.057253516346438306,FSH
True,0.0,0.9991659618895459,0.03543107505887894,0.013898930511619667,FSH
True,0.0,0.9993782430300182,0.036819352303842194,0.03123543764173507,FSH
False,0.0017043693355930825,0.971372865666221,0.3041284008230707,0.1588407727096844,PGF
True,0.0,0.9955613266420705,0.08812329965586738,0.031676868586978865,FSH
False,1.390884177594979,0.872257239699794,0.4179357527467807,0.11326018565908574,PGF
True,0.0,0.9689267848934975,0.20330892790863517,0.017581873160934076,FSH
True,0.0,0.9721131529105567,0.20213375672969955,0.04490937155800451,FSH
True,0.0,0.9649847411129097,0.21379700051862546,0.020580049516459288,FSH
True,0.0,0.9763910063216749,0.25832146456097493,0.1326087505355485,FSH
True,0.0,0.9947329914412679,0.08798181390827547,0.023028234299810373,FSH
True,0.0,0.9995954400685415,0.025205322658661617,0.0056808450485518166,FSH
True,0.0,0.9757203636800247,0.26080282776023817,0.14170423206288754,FSH
True,0.0,0.9945673584295974,0.0973744740516638,0.03892557316352598,FSH
True,0.0,0.9996843247013483,0.026169873623709344,0.02056605170023682,FSH
True,0.0,0.9994420788082495,0.03016882786896501,0.015075158682014702,FSH
True,0.0,0.9992075228496056,0.03627486289882962,0.014284655100251654,FSH
True,0.0,0.9958762074712721,0.0800926528013883,0.01647118086194653,FSH
False,0.6929662979901423,0.9169110225935537,0.36083072499199975,0.05086241636429673,PGF
True,0.0,0.9863984363126107,0.20213967667726387,0.11596413879474535,FSH
True,0.0,0.9997295685637466,0.0256802467468733,0.01063078058060034,FSH
True,0.0,0.9994262698993696,0.03235548885325661,0.012117463480393158,FSH
True,0.0,0.9751637459488103,0.2555341627930875,0.10678886958033418,FSH
True,0.0,0.9789167928492821,0.16491275926535248,0.011598024787517388,FSH
False,1.0564156887915939,0.9153752234824155,0.38224017688365614,0.02970042914734268,PGF
False,0.17617863867655642,0.9654109868955292,0.3419736391889667,0.19497925215553547,PGF
True,0.0,0.986097522975725,0.17580123231149936,0.04501542575703743,FSH
False,1.7172548067638054,0.8652778292524623,0.4310440691814706,0.0862107866468591,PGF
True,0.0,0.9932350224932829,0.12066751828662445,0.06059887542965561,FSH
True,0.0,0.9575344734269933,0.24692197901658952,0.03861217381152266,FSH
True,0.0,0.9995505886663587,0.03331924311492201,0.019260384714175686,FSH
False,0.35643966085709716,0.9582885603837569,0.3597025678557545,0.16503846730259497,PGF
True,0.0,0.9981943544539926,0.07065152413252695,0.038888907379850506,FSH
True,0.0,0.9986770715090295,0.04936781532809422,0.018233804286255866,FSH
False,0.5585194949234631,0.889081436623475,0.3747341618621272,0.0786038999843349,PGF
True,0.0,0.9968380763862189,0.07616832588410855,0.027745623983739535,FSH
True,0.0,0.9937866048424217,0.09572425428136962,0.02891354317037739,FSH
False,0.07192498028686417,0.9668948525978976,0.32681883298856684,0.14842919341879487,PGF
True,0.0,0.9992211349494218,0.03607384950506769,0.010554791136008728,FSH
True,0.0,0.9956739673501944,0.08104857441777462,0.016519248012268093,FSH
True,0.0,0.9543214428190112,0.2535250150230283,0.01844603901891208,FSH
True,0.0,0.997461514000419,0.05650269178608245,0.018548667397107116,FSH
False,1.4183813022347749,0.8705423575351845,0.4190958144619186,0.06180706258851739,PGF
True,0.0,0.9999669096712501,0.011481632407667683,0.009947799764461907,FSH
True,0.0,0.9817469234070527,0.16669244532106464,0.027484934241783388,FSH
False,0.15590730483016074,0.9655972575436464,0.33948509906663027,0.13277754245181483,PGF
True,0.0,0.9890570665481242,0.14740392311746997,0.04986609788527674,FSH
True,0.0,0.9936889137045699,0.11427633523240883,0.04785614808786352,FSH
False,0.025668144770683042,0.9709517570950721,0.3160212810881911,0.1811282425408364,PGF
False,0.0353670528542527,0.9680001937238973,0.31880613007884734,0.12281105766017775,PGF
True,0.0,0.9887710318565067,0.1623640194961826,0.0714371918931006,FSH
True,0.0,0.9950010201421293,0.09675635154575431,0.019898465488752275,FSH
False,0.08437111593183985,0.9630905574917795,0.3290467065141368,0.118296468378431,PGF
True,0.0,0.9358464161032308,0.2856489778238063,0.03534542657522824,FSH
True,0.0,0.9914719874483966,0.12910827195838023,0.019515723636773834,FSH
True,0.0,0.9967456528927553,0.08481787590115167,0.04184259163578733,FSH
True,0.0,0.9946700038671373,0.09645239890909058,0.035278220763464825,FSH
True,0.0,0.9977690845557333,0.05919580216149375,0.020120618549417428,FSH
True,0.0,0.9996637813458994,0.0331961632676975,0.026639178402253293,FSH
False,1.7959780968789343,0.8640798411480103,0.4340141073498956,0.0662026918068026,PGF
True,0.0,0.9992686343796673,0.03454748405828711,0.011940222817508974,FSH
True,0.0,0.9763220516912183,0.24961605915656507,0.12782546756015137,FSH
True,0.0,0.9755076828834621,0.2758858615491235,0.14927482551790353,FSH
True,0.0,0.9746693472984558,0.2909367876803353,0.17258537744823793,FSH
True,0.0,0.9703139877910012,0.2916815161903223,0.110683334441215,FSH
True,0.0,0.9849223815907753,0.20335789121266237,0.09217993699131598,FSH
True,0.0,0.9971535208920866,0.07073508320628,0.014296669183527979,FSH
True,0.0,0.991410508548464,0.11205252406320218,0.024455156501357326,FSH
True,0.0,0.9900563233279382,0.14361064890932737,0.050030086905610255,FSH
True,0.0,0.9851826236686769,0.19158334362978285,0.09294517896002466,FSH
True,0.0,0.9748245646213493,0.2555210763937783,0.08581923068456596,FSH
True,0.0,0.9964440968729866,0.10305355217520495,0.055103422825204716,FSH
False,0.0010391391501695564,0.9699942889042121,0.3032235681320077,0.1399306778967537,PGF
True,0.0,0.9791287392560911,0.17242469980109576,0.02313317302589631,FSH
False,0.16944055720328186,0.9652121382523969,0.3411631579453377,0.1917019531398339,PGF
True,0.0,0.9949750909891972,0.08523476470365438,0.01274767157750706,FSH
True,0.0,0.9988179084223381,0.04743829456995837,0.01834755810485513,FSH
True,0.0,0.9875149273146666,0.17543125308442822,0.09425712207470836,FSH
True,0.0,0.9880395228564168,0.16653494215984443,0.05694089014617769,FSH
True,0.0,0.9932010552230971,0.11339029541980748,0.032830728971001234,FSH
True,0.0,0.9746668572352363,0.2758967058692029,0.14819626887348208,FSH
True,0.0,0.9749839835315306,0.2730245941411215,0.15408284208655942,FSH
True,0.0,0.9998363387425736,0.01966121659557209,0.009016768305039795,FSH
True,0.0,0.9495357563369805,0.2518429835984482,0.02242409714524509,FSH
True,0.0,0.9871937646535346,0.18082251472210037,0.09444680205254753,FSH
True,0.0,0.9856254187018054,0.18215916583717848,0.06574718878564129,FSH
True,0.0,0.9701444702181182,0.19416355766588736,0.025392734340546935,FSH
True,0.0,0.9954259992673699,0.08679009645949858,0.023711169325335874,FSH
False,0.9286269225248927,0.8808299338307893,0.3963652905627795,0.0740941186563936,PGF
True,0.0,0.9886050253324308,0.1480249102297044,0.06969855614291477,FSH
False,2.3863219110524163,0.857507719738081,0.45447724463662653,0.09410969172069823,PGF
True,0.0,0.9969446707620799,0.07250963326921851,0.028890157775848118,FSH
True,0.0,0.9297119311269915,0.29301752928415203,0.03594508174310872,FSH
True,0.0,0.9947686885140544,0.13041729311516131,0.07326118007775888,FSH
True,0.0,0.986399071064793,0.17221442471104226,0.07592002186903812,FSH
True,0.0,0.9469590968708141,0.2662478725036239,0.014121512710784411,FSH
True,0.0,0.9993606517604189,0.030601676235580383,0.010651628727194072,FSH
True,0.0,0.9777661139891758,0.16164891442714022,0.021102364807423408,FSH
False,0.9076154922872204,0.8854352313277806,0.39526885599644934,0.06807194221424738,PGF
False,3.14535226071879,0.8433370141351032,0.47735140993853953,0.10568807215619958,PGF
True,0.0,0.9575652915989423,0.23527263844680413,0.023002472624876747,FSH
True,0.0,0.9775195437632712,0.16842669535338675,0.024620362682348584,FSH
True,0.0,0.9993320975857527,0.03323647900537553,0.016660381082274328,FSH
True,0.0,0.9979524143154362,0.06114422040248457,0.01126817356100486,FSH
True,0.0,0.9998777841434416,0.0214391496887717,0.01771112471407654,FSH
True,0.0,0.9965260230100662,0.08675705347795848,0.026007229848827217,FSH
False,1.252070198554791,0.8763346375341149,0.41189594266794444,0.10951141403702849,PGF
False,0.03247726390095302,0.9385632518825835,0.3172579890207107,0.0541295350540046,PGF
True,0.0,0.9835175347519757,0.1958618118994569,0.0930942181395538,FSH
True,0.0,0.9993105526288689,0.03591295746363623,0.017715054614338553,FSH
True,0.0,0.97217557491321,0.29044912446052096,0.1528855852047157,FSH
True,0.0,0.9946669080186403,0.09280224456438384,0.02368275719618317,FSH
True,0.0,0.9936834081290878,0.11015929364398677,0.032458303974020365,FSH
True,0.0,0.9980148467211198,0.07650268010220052,0.04346505362111693,FSH
True,0.0,0.9814668333349065,0.20877471345033877,0.08529521725220333,FSH
True,0.0,0.9411949253082851,0.2696818762425537,0.030797301223560634,FSH
True,0.0,0.9807282429381984,0.16087642120308118,0.022424055884184852,FSH
True,0.0,0.9913850961235992,0.13418253322546717,0.05468131586181249,FSH
True,0.0,0.9929274715979681,0.09849082096494416,0.007782572189461172,FSH
True,0.0,0.9970215042949155,0.08332568021269939,0.03762974226388941,FSH
True,0.0,0.9985284165204243,0.04345945303396036,0.02479493433151958,FSH
True,0.0,0.9806895819748659,0.15634006050228985,0.02462045470124865,FSH
True,0.0,0.9836996772777938,0.15668820983673515,0.034472635050389173,FSH
True,0.0,0.9399650835227265,0.2706109378687198,0.03445650623724739,FSH
True,0.0,0.999428392554997,0.04108225870482918,0.019796568128050272,FSH
True,0.0,0.9929593015417648,0.10440115191797769,0.020975840068810144,FSH
True,0.0,0.9997840536036184,0.021949985184346082,0.012601866730366229,FSH
True,0.0,0.9974408558722198,0.06795036017809267,0.02568621207761441,FSH
False,0.10335111231824057,0.9419873225623046,0.33214826780998324,0.08504651628560381,PGF
True,0.0,0.9787133489989359,0.17142166114778273,0.014522123803456851,FSH
True,0.0,0.9989555064986142,0.056885804381901946,0.03050441836836714,FSH
True,0.0,0.9768236657525567,0.17883121426834653,0.018224777762697337,FSH
True,0.0,0.991621498015337,0.12407350210870852,0.04036893094451422,FSH
True,0.0,0.9738132919889351,0.2966350907628331,0.17673467274242688,FSH
True,0.0,0.9669346617070613,0.2082747421673356,0.0355862520973912,FSH
False,2.233556005253949,0.8590264394087005,0.44945086166542997,0.06752302972682558,PGF
False,0.2840440885559945,0.9488428481926404,0.35329578675242485,0.1740221249439553,PGF
True,0.0,0.9934833632838247,0.09026182790153242,0.01669595137464931,FSH
True,0.0,0.9999009417455023,0.013773344903370004,0.01377303091249087,FSH
True,0.0,0.9996955760235601,0.026489284897260608,0.016919789328802316,FSH
False,0.007837121758462089,0.9713390778265224,0.308852751978036,0.17045159317209677,PGF
False,0.060657001597639745,0.9713845821032666,0.32462864218702275,0.19557170211471742,PGF
True,0.0,0.9947255742232916,0.10330636510567816,0.020222922011375113,FSH
True,0.0,0.9999544624997725,0.01024622448969867,0.008096052643407308,FSH
False,0.03049590251825393,0.9682045329980692,0.31746307605155916,0.13012309299867955,PGF
False,0.0064155814031111235,0.9725153495961153,0.3080097324568996,0.18960049542948934,PGF
True,0.0,0.9314494091411015,0.2851369479030766,0.024717414845235455,FSH
True,0.0,0.999938661043887,0.011708735509728908,0.008448246955039063,FSH
True,0.0,0.9988625160927636,0.0436700285127944,0.013324306791551896,FSH
True,0.0,0.9962603726139139,0.07281745897984389,0.013567368466965296,FSH
False,0.16811291492181846,0.9102021385646302,0.34100157496021566,0.02569590471799583,PGF
True,0.0,0.9476576770438476,0.2557639488270654,0.026276707805092236,FSH
True,0.0,0.9926892582136879,0.1329619438466279,0.06342053268629014,FSH
False,2.2831123504779303,0.856691567190496,0.451099713781262,0.0973381480394977,PGF
True,0.0,0.9854685964602344,0.1901345859166861,0.08477837899101318,FSH
True,0.0,0.9918261315938692,0.1083187278648864,0.018565368413714096,FSH
True,0.0,0.99982368113947,0.017879409121544024,0.010330879122987018,FSH
True,0.0,0.9989258852240369,0.04718486145560107,0.042034749734349355,FSH
False,4.416568562147461,0.8296865368906585,0.5101563361440111,0.10322278785747308,PGF
False,0.41332745841596263,0.9013786783982787,0.3642905481712485,0.02653914765301758,PGF
True,0.0,0.9839459314818674,0.2045209259426259,0.11070817977194607,FSH
True,0.0,0.9944949386687224,0.10135024228507175,0.043432245805770514,FSH
True,0.0,0.974600537040357,0.2720494979908523,0.14177425013510914,FSH
True,0.0,0.995766145826437,0.09145924724291515,0.028935277348475934,FSH
True,0.0,0.9970656082142328,0.0682466835472161,0.020983895276667948,FSH
False,0.9966093845309393,0.8815178468528313,0.3998303252789922,0.07722658789874318,PGF
True,0.0,0.9777578654310621,0.23784400270677863,0.09786620675998055,FSH
True,0.0,0.9854938737483346,0.13802069069676218,0.022804577220766117,FSH
True,0.0,0.9999357158909976,0.01261969022086058,0.013606931746906761,FSH
True,0.0,0.9325095412065404,0.2843311073540293,0.05897729208704627,FSH
True,0.0,0.9905908479829304,0.10816413687696559,0.018551317161420368,FSH
True,0.0,0.9966783596676985,0.06475729877824656,0.015617639915855302,FSH
True,0.0,0.9984085046063516,0.05014264786279831,0.021256090428933783,FSH
True,0.0,0.9976509538907471,0.07778264883030188,0.041615502585843824,FSH
True,0.0,0.9713142120549519,0.290230298596333,0.1309615864564758,FSH
True,0.0,0.9998977929571745,0.017016829895874525,0.012930483483787074,FSH
False,0.3967648835981584,0.8955067312920434,0.3629892755632384,0.05901087586873204,PGF
True,0.0,0.9512393661495389,0.2460488379747488,0.026410274909391004,FSH
True,0.0,0.9914590390744471,0.14276230059718167,0.06771638663024813,FSH
False,0.1339576325503474,0.9627475382734146,0.3366002230253242,0.16587558015985976,PGF
True,0.0,0.9731072794853596,0.28700853048492647,0.1328182302846912,FSH
True,0.0,0.9860055156769066,0.17669548956625106,0.06621158817923589,FSH
False,0.11626702699994156,0.9657679499052978,0.3340979511114585,0.1169690820532624,PGF
False,0.43516018298512876,0.9244231502858664,0.35406069227745113,0.03604364504154342,PGF
True,0.0,0.9990137989771544,0.04894474574911376,0.033197117244773214,FSH
True,0.0,0.9429462812383019,0.26804380640082676,0.030002520308797794,FSH
False,3.149840824540612,0.8460832910129723,0.47747790917577915,0.10288194496877058,PGF
False,0.7806662268717506,0.885450724640364,0.3883553182820225,0.07196567158120759,PGF
True,0.0,0.9776927621322974,0.250175975554727,0.11647938470489744,FSH
True,0.0,0.9591489279968458,0.21605164067776503,0.03260244638428822,FSH
False,0.003951096928719051,0.970128975622254,0.3062857751540435,0.15042026528022395,PGF
False,0.014962891346810158,0.9690567232562728,0.3122322897884289,0.14278061370144735,PGF
True,0.0,0.9898910586664454,0.1623365086024425,0.07700983243900941,FSH
False,0.18757541230290647,0.9103369043006615,0.3433099771765013,0.045442344362753094,PGF
True,0.0,0.9998189653362435,0.01872716085164561,0.0074694367429594425,FSH
True,0.0,0.9862332839141089,0.1839144474838219,0.08611936543284701,FSH
False,0.006100746322012476,0.927170992890181,0.3078107274450031,0.037251879236346895,PGF
True,0.0,0.9900676518707744,0.1211046389123996,0.02459467246935892,FSH
True,0.0,0.9967937338744223,0.08244751733877412,0.03656312391494648,FSH
False,0.16797827158774825,0.9659423420228945,0.34098515238324095,0.1417992851211324,PGF
True,0.0,0.9924567105093255,0.12749145133331166,0.04942488054655937,FSH
True,0.0,0.9950380440332928,0.09902301147250969,0.03557368102919194,FSH
False,3.695009903806405,0.8378559881675824,0.4922240854785478,0.07981969297808775,PGF
True,0.0,0.9914008799969749,0.1345375810295186,0.06351235733250322,FSH
True,0.0,0.9987098702320828,0.046399644780591255,0.01820777024852956,FSH
True,0.0,0.9977087899264742,0.06724414567931426,0.016623773139810564,FSH
True,0.0,0.9981216837977481,0.061691643484060636,0.028125542363770642,FSH
True,0.0,0.9734601942227028,0.25655580891738533,0.08793111040754584,FSH
False,3.744724348240605,0.8390329201703226,0.49351290262513775,0.11471524461797783,PGF
True,0.0,0.9837147349418058,0.20321756373730884,0.10608956694221906,FSH
True,0.0,0.9991471758983349,0.04963350771496972,0.027918247826618295,FSH
False,0.01187745512205483,0.970868980883189,0.3108983737878891,0.16850324428984026,PGF
True,0.0,0.9840799396286375,0.15726499667971214,0.024214762385287362,FSH
False,1.8668926027751003,0.8630168862613782,0.43663427837753965,0.08228597020351933,PGF
True,0.0,0.9643245347993159,0.21117665204742977,0.024292453417399915,FSH
False,0.08312524988667891,0.915175443481456,0.3288314498224905,0.03473969077040557,PGF
False,0.1093399733291488,0.9679237059625074,0.33306659542939804,0.16077428387398304,PGF
True,0.0,0.975277348643662,0.18175027959110748,0.017848163940904226,FSH
True,0.0,0.9995579950766569,0.024936148437537175,0.009593172969095174,FSH
True,0.0,0.9988029524899125,0.04925886542170278,0.00810671708636942,FSH
False,4.277828411096471,0.8310597096328273,0.506829118140954,0.09087368362199423,PGF
True,0.0,0.999894637320018,0.012115725925199362,0.007173978024616985,FSH
True,0.0,0.9353404784182883,0.2899569279749138,0.022626620170960374,FSH
True,0.0,0.974662166020382,0.27400991983639855,0.1386915986846627,FSH
True,0.0,0.999846175790772,0.02012370435036366,0.007852124746214498,FSH
False,0.4381928969833616,0.8954999536045063,0.3661961401430145,0.056438494849199244,PGF
True,0.0,0.9933089897214846,0.11331855868103746,0.03974301277057494,FSH
False,0.01672622649888194,0.9706890088456596,0.31293299133954783,0.1751607002467715,PGF
True,0.0,0.9962290907215707,0.09220141314122132,0.0316696657004317,FSH
True,0.0,0.9990641176012908,0.03721982265434843,0.010621709281455788,FSH
True,0.0,0.9994902373586333,0.028094530292413985,0.00796316237911206,FSH
True,0.0,0.9899369082907238,0.15160189496825857,0.05656585796676809,FSH
False,0.8736421105564323,0.8822935553169892,0.3934688242440458,0.07737401611759125,PGF
True,0.0,0.995023997479679,0.08705390000989438,0.0222195974696279,FSH
False,2.325546908651943,0.8533462609361198,0.45249743960643873,0.08859243273802989,PGF
True,0.0,0.9909997690876252,0.1143460932787178,0.012577798765683244,FSH
True,0.0,0.9839119222247975,0.2111877875619464,0.11903262263214719,FSH
True,0.0,0.9947916986873945,0.10248064946889714,0.04836344168105884,FSH
False,1.3495468349268973e-05,0.9282993487817085,0.300367361788286,0.0236551734419485,PGF
True,0.0,0.9628755789017412,0.22264208743157163,0.017974603935146882,FSH
True,0.0,0.9899293005782973,0.16379458158888904,0.08914213895592962,FSH
False,0.18004297884631476,0.9034336915144785,0.3424314716744912,0.05883672715715684,PGF
False,0.1568273529952805,0.9672548767649898,0.3396014334330565,0.17710384097132914,PGF
True,0.0,0.9919269579063509,0.12067873588258402,0.04465710831559696,FSH
True,0.0,0.9747897258433567,0.2764049419900323,0.15942274127789108,FSH
True,0.0,0.9854326668923235,0.18355221518258366,0.09807099774992999,FSH
True,0.0,0.9832230681872225,0.21931639915076914,0.1275747660228393,FSH
True,0.0,0.985173027134806,0.18846019430812672,0.08322465531800456,FSH
True,0.0,0.9914952116174104,0.11058098112776832,0.025312042177869306,FSH
True,0.0,0.9897197343631017,0.14940069974366024,0.05481003963294202,FSH
False,0.025726568332730026,0.9669327887199568,0.3160395038366933,0.11669515741274566,PGF
True,0.0,0.9760277735511226,0.2708301058738243,0.1566270112576843,FSH
True,0.0,0.9989742152279274,0.03742016314649528,0.01870597328617796,FSH
True,0.0,0.9955787519652071,0.07477657387065532,0.012133603367515705,FSH
False,2.7113457243638353,0.8519290649541145,0.4646616447252922,0.09108158764616886,PGF
False,3.066686065602985,0.8481881987898252,0.47511956103196995,0.12599876680971336,PGF
True,0.0,0.9947440890287594,0.09090116645031386,0.009980218934014488,FSH
False,0.39219421946668687,0.8976824282488237,0.3626254117325137,0.03655515826918685,PGF
True,0.0,0.9765592845049017,0.2664489879517048,0.1434145277562871,FSH
True,0.0,0.9699314461296854,0.19613136724226699,0.029677537481728054,FSH
True,0.0,0.9927807036627179,0.09623427022432675,0.018146823122659122,FSH
True,0.0,0.9945576739958971,0.1077083307358956,0.046995841099049515,FSH
True,0.0,0.9609186747060916,0.22778634711273557,0.01927369673724466,FSH
True,0.0,0.9708336255365889,0.1893327680149192,0.025843254170294136,FSH
True,0.0,0.9795910199150016,0.2388575194841409,0.12232598199096813,FSH
True,0.0,0.9909397008980878,0.1408300446303807,0.06026127704605773,FSH
True,0.0,0.978195243615277,0.24345489846252108,0.1261869277246927,FSH
True,0.0,0.9801927788644876,0.15462081763355748,0.02753239378346493,FSH
False,0.15697786330417096,0.9094392285965737,0.3396204320148293,0.04047458587373792,PGF
False,1.6610060352559617,0.8678676639649269,0.42888002309341666,0.08158482321965446,PGF
True,0.0,0.9932591085458756,0.12614153079897497,0.06123832780104658,FSH
True,0.0,0.9988002299947882,0.06679170852940054,0.041584099185970815,FSH
True,0.0,0.9817572618230063,0.1582676186317848,0.02112882339798932,FSH
True,0.0,0.9995036518258836,0.030429928011784253,0.022342366012296378,FSH
True,0.0,0.9917612484486995,0.10070136636569443,0.027008865010922863,FSH
True,0.0,0.9935991195516576,0.10750028046886154,0.04593219037101392,FSH
False,0.15885381103740762,0.9142542828138379,0.33985646886484144,0.02100955615328399,PGF
True,0.0,0.977263397111324,0.2585725136841503,0.140229832226081,FSH
True,0.0,0.9812879691275262,0.17248029654696442,0.04000232557992833,FSH
False,0.24510456058541974,0.9289243082623784,0.3393277043234373,0.053367246381643973,PGF
True,0.0,0.9724646466368172,0.20399993221605559,0.0368820996785624,FSH
True,0.0,0.9791036733800526,0.1670263402375103,0.01542449058621717,FSH
False,0.0011561022156679071,0.9298378202644851,0.303400150313836,0.021767766206567576,PGF
True,0.0,0.9856708907442665,0.19108980134277065,0.09945734978445463,FSH
True,0.0,0.9415245198165579,0.263311047750566,0.030722500068706426,FSH
True,0.0,0.9935898397560652,0.13393217776798386,0.07309448948351335,FSH
False,0.05458573553863811,0.9558597736988189,0.3233635903787577,0.12190160183081626,PGF
False,0.19857922213344348,0.9070070542867474,0.34456222863967234,0.046903006237259535,PGF
True,0.0,0.9909789538386364,0.1360037398784451,0.01790198372761331,FSH
True,0.0,0.9831819294350744,0.2023340059581076,0.0900651067717363,FSH
False,0.3913465743997321,0.89934151395275,0.3625576993182879,0.04607076779348936,PGF
True,0.0,0.9980266688125665,0.05457276553069701,0.019359489773782525,FSH
True,0.0,0.9474817657977131,0.2674948999736923,0.01925868530655537,FSH
False,0.02328283462089315,0.9172690296868429,0.31525871377963854,0.03391286740820935,PGF
True,0.0,0.971278604116127,0.29829540657298276,0.14507761195097177,FSH
True,0.0,0.9936920432666578,0.11486318976057704,0.044966860525355895,FSH
True,0.0,0.9996665501663989,0.038222527949329094,0.03125495068314961,FSH
True,0.0,0.9872645472209274,0.13430533972517056,0.010585317359121998,FSH
True,0.0,0.9930418571841462,0.10875523187447018,0.022018087855257842,FSH
True,0.0,0.9768262901538555,0.23758624584627433,0.07028229756626207,FSH
False,0.02726432347730036,0.9225787671988096,0.31651191190543976,0.028444619298925635,PGF
True,0.0,0.9994416513523606,0.04162905357009979,0.03238704769928714,FSH
True,0.0,0.9864166465837536,0.13616910816767092,0.017599674037271685,FSH
True,0.0,0.9373449166653545,0.2865067297801156,0.026026704376620562,FSH
True,0.0,0.9998892098069833,0.01779956621414661,0.011554477227528046,FSH
True,0.0,0.9914079859235061,0.13720665591119408,0.051286679266455325,FSH
True,0.0,0.9423804867787514,0.2738445875516774,0.018619054138837493,FSH
False,4.292625346854027,0.8310942907502474,0.5071865185492055,0.11715784584410796,PGF
True,0.0,0.940416993648401,0.2767031698549561,0.03023728079157947,FSH
True,0.0,0.9995981959000891,0.029815009496680676,0.007461914883693939,FSH
True,0.0,0.9858838468451411,0.17644876948446242,0.08880280179482297,FSH
True,0.0,0.9744000345930945,0.26826639367502875,0.13609484937857108,FSH
False,0.15544782967922072,0.9711248423557276,0.3394268727746978,0.2188521873127988,PGF
True,0.0,0.963341928421958,0.22074159889547787,0.021357985033561493,FSH
True,0.0,0.9892647444174489,0.15546751290872765,0.08268235173038278,FSH
True,0.0,0.9895692214041873,0.15534574779424373,0.0813708448770636,FSH
True,0.0,0.9960785415363812,0.0811455884657876,0.016610502356071335,FSH
False,6.728245150204948,0.8073111351109693,0.559146049124622,0.09052382202506574,PGF
True,0.0,0.978863139441398,0.22979676780941855,0.09903213349232429,FSH
True,0.0,0.9962201250460041,0.06964586278628819,0.014423049261654677,FSH
True,0.0,0.999728183066923,0.027935455178110295,0.0126816692480376,FSH
True,0.0,0.9782714710365917,0.24641218570916504,0.13927207698560676,FSH
True,0.0,0.9980357972651,0.0741671939105526,0.040357136501786434,FSH
False,1.1047054933279599,0.9086470885671738,0.3757174227820616,0.03293216537478143,PGF
True,0.0,0.9832026173082867,0.2007436287611684,0.10972775881747558,FSH
False,2.159528867928667,0.8590995688930018,0.44695335545433,0.07614913308587733,PGF
True,0.0,0.9985224813759082,0.0428354773002828,0.014914563720777405,FSH
True,0.0,0.9979041370683028,0.05795772908133221,0.02276803977317722,FSH
False,1.9444825995433492,0.8646457026540447,0.43944470587094187,0.09513563967772085,PGF
True,0.0,0.9842927746834207,0.1450662365356319,0.02574456440208677,FSH
True,0.0,0.9996441473825095,0.028547815790263786,0.006150487117191958,FSH
True,0.0,0.9596508486233187,0.22043404151385232,0.02081632987835239,FSH
True,0.0,0.9579079834361877,0.2272706056404712,0.027517391038867262,FSH
False,0.24300941889235975,0.9562696245080182,0.34929598552543195,0.1915795360720843,PGF
True,0.0,0.9985444962240493,0.04774844756318947,0.006869440697134442,FSH
True,0.0,0.9836277012861632,0.14617992974288246,0.025843394694325467,FSH
True,0.0,0.9998953524434704,0.016095341419395955,0.01092286741307571,FSH
True,0.0,0.9587207716170442,0.2308210365034167,0.022820496064785693,FSH
False,9.037072055048846,0.7902297427733708,0.6001488072998737,0.12188226059443294,PGF
True,0.0,0.9978863430552561,0.06129077908164267,0.027190546900956278,FSH
True,0.0,0.9888029863927742,0.14437303690869538,0.04633550903346475,FSH
True,0.0,0.9593210025172997,0.2247682261819973,0.029231313096743757,FSH
True,0.0,0.9469164292736372,0.2672881243377359,0.023611369893214728,FSH
False,5.3214057061146995,0.8211704116340661,0.530681722425395,0.0902125654897672,PGF
False,0.0012014707738613837,0.924579002416414,0.303466223844274,0.03154917802376709,PGF
True,0.0,0.9922853209235882,0.10322560043423666,0.022764925222072855,FSH
False,0.0017319507824732402,0.9270570961259671,0.30416167127783206,0.027020058227788264,PGF
True,0.0,0.9849575416565594,0.1332677802117693,0.029091715107951756,FSH
False,5.547733057686572,0.8194755589926693,0.5355362617026638,0.11367664281517549,PGF
True,0.0,0.9918302487060944,0.1261718394088977,0.042848628995980124,FSH
True,0.0,0.993532651210788,0.09184015609628861,0.0185131121550122,FSH
True,0.0,0.9972987916850774,0.06873471268304515,0.016792927258437094,FSH
False,0.9567393952204871,0.8792108863063275,0.39781305614387513,0.08371939916003356,PGF
False,0.16435716959280045,0.965695249513205,0.3405409878509146,0.15402855556570796,PGF
True,0.0,0.9990772300032776,0.03722006684417919,0.019327118683667818,FSH
True,0.0,0.9999024590674513,0.011751440522527386,0.00745016772492358,FSH
True,0.0,0.9720197578384594,0.2832534519133904,0.12850942090561632,FSH
True,0.0,0.9868782952555559,0.1530268749573249,0.046399599222910114,FSH
False,2.4755845309966085,0.854220796752192,0.4573399037433482,0.07003291349693518,PGF
True,0.0,0.9988333750355775,0.037985006948635866,0.014913084782253566,FSH
False,0.22271656883521992,0.9030857713360582,0.3471928563275439,0.039550273906807584,PGF
False,0.0025008225909447165,0.9730415158581496,0.30500082252329025,0.18959460067219727,PGF
True,0.0,0.9486700685131625,0.26233274209936,0.025083058355894257,FSH
True,0.0,0.9961851923936317,0.07441852028394812,0.00894570288869137,FSH
True,0.0,0.9725358562557297,0.29751276411314154,0.16826535114720256,FSH
True,0.0,0.9991581849781073,0.033881794626530994,0.012139763379764778,FSH
True,0.0,0.9852634420039958,0.15648621739693744,0.039888461441078674,FSH
False,2.3098190583719798,0.8568008448042541,0.4519808888765946,0.1001344387002295,PGF
True,0.0,0.9987115081341166,0.05828496165329704,0.032349413059432564,FSH
False,0.023080910995581932,0.9591622623177546,0.31519240303427404,0.1209013456002522,PGF
False,3.8311548873344243,0.838727096393793,0.49573336167691046,0.10696724029010865,PGF
True,0.0,0.9865655846136365,0.17733589538132744,0.09652814568986388,FSH
True,0.0,0.9887119551186547,0.14958174373412617,0.059827075678436245,FSH
True,0.0,0.9902464050344484,0.1507961631003954,0.08180864748282048,FSH
True,0.0,0.9736563739170596,0.29612294250685806,0.15936907207629453,FSH
True,0.0,0.9990919811638448,0.03909782239254338,0.011016802034756456,FSH
True,0.0,0.9983345506214087,0.06294938394252046,0.0272400931969028,FSH
True,0.0,0.9778456429835507,0.22959937052744997,0.07528733957149306,FSH
True,0.0,0.9839980334168644,0.20358536380727332,0.10426839264077299,FSH
False,0.0749806071420868,0.9117960932127134,0.3273825870111074,0.05486605173089145,PGF
True,0.0,0.9938543908784815,0.12862761055015096,0.0719728748287673,FSH
True,0.0,0.9927131159186408,0.1265211229416959,0.055926680769369345,FSH
True,0.0,0.9957421380191604,0.10027558576265978,0.05150209623713502,FSH
True,0.0,0.9844119536837596,0.14548325411601337,0.017546148734686264,FSH
True,0.0,0.9964729170487896,0.06703895353805593,0.01652467802346503,FSH
True,0.0,0.9939588377446404,0.08353538408203938,0.022475555924944747,FSH
True,0.0,0.996334636024037,0.09007593392389712,0.03104149727325211,FSH
True,0.0,0.9813688516209975,0.20905611891257417,0.08576573512798823,FSH
True,0.0,0.9990968415029783,0.040600975835459865,0.015755158396445177,FSH
True,0.0,0.9861054935536275,0.1406516226558492,0.011403208873216898,FSH
True,0.0,0.9876873514047589,0.16749431462490513,0.0824333713926348,FSH
True,0.0,0.9817248582885508,0.2362665721949998,0.1420385129621791,FSH
True,0.0,0.9996761184459808,0.024982558976459984,0.013685000461374608,FSH
True,0.0,0.9997911901235668,0.02355834934171713,0.01433759038419607,FSH
False,0.46670787100618183,0.9000360253390128,0.36831602088867454,0.04435792374175871,PGF
True,0.0,0.9627042461375751,0.21531532958519564,0.036198545816822095,FSH
True,0.0,0.9963248794779473,0.09458018245665979,0.04304961645118861,FSH
False,2.603958574627579,0.8532920956308463,0.46136785846715506,0.09425957102895018,PGF
True,0.0,0.9862990390216277,0.18084819622541107,0.09571343582974964,FSH
False,1.0616156672724844,0.8793017922071263,0.40303473527274597,0.0619183741899012,PGF
True,0.0,0.9725611835025997,0.2790381104705479,0.11169295400579995,FSH
True,0.0,0.9874493781695426,0.1663270146811581,0.08632023371891623,FSH
True,0.0,0.9772293908343775,0.2572271827011109,0.12582596469875829,FSH
True,0.0,0.9958376925305465,0.08987481235595514,0.034201156786290474,FSH
False,3.053721337257272,0.8508028793902066,0.4747490010631612,0.0385541505526369,PGF
False,0.1334266667750039,0.9692301635661714,0.3365276151390977,0.20266236804423696,PGF
True,0.0,0.9951016003659257,0.1168671499658834,0.06538414092993709,FSH
True,0.0,0.9836587221813292,0.21298798267347693,0.12584739162542252,FSH
True,0.0,0.9986280161414851,0.04287107451397893,0.012771919183095459,FSH
True,0.0,0.9968956794745462,0.07236832382848096,0.027427145778568026,FSH
True,0.0,0.9736254013348538,0.17801350707285898,0.032023874221722294,FSH
True,0.0,0.9850241938515629,0.14604580725702646,0.01246567360824854,FSH
False,0.18715491787633473,0.9304040643950159,0.3353254074125177,0.052777879532461366,PGF
True,0.0,0.9924997690295914,0.11496378556461616,0.0185286574287447,FSH
True,0.0,0.9768352087673469,0.24558018964145734,0.09166490661599812,FSH
True,0.0,0.9880263707559866,0.17462761798937573,0.08785436353211028,FSH
True,0.0,0.935052271345631,0.2784035461299422,0.03234147653167874,FSH
True,0.0,0.9725074397943981,0.29968298068268545,0.17075341156857285,FSH
True,0.0,0.9996787134195648,0.024092932286449518,0.016950292936745177,FSH
True,0.0,0.994913476202867,0.10571900404360718,0.029254907241088056,FSH
True,0.0,0.9993202145812383,0.0335517540093272,0.005329252488838482,FSH
True,0.0,0.9955834342205633,0.08861265583837538,0.015834680145998734,FSH
True,0.0,0.9410978799591491,0.2883729064018296,0.024736317228116894,FSH
True,0.0,0.9823314679106234,0.22485181436638343,0.11670972149214955,FSH
True,0.0,0.9717367550336354,0.2865586050315132,0.1263718605215404,FSH
True,0.0,0.9996723035483945,0.02943733919545543,0.023712686345506783,FSH
False,0.1707512487565792,0.9432727055278923,0.34132205812354693,0.0965562478409888,PGF
True,0.0,0.9386928834510406,0.2767382683364201,0.030874815194673916,FSH
True,0.0,0.9887586393572744,0.15811217807974104,0.07792970304748216,FSH
True,0.0,0.9866424473862951,0.16661455524683205,0.06545937938581971,FSH
True,0.0,0.9954605035437708,0.08416039698156402,0.02296056141427932,FSH
False,0.04597851196825984,0.9585741838837142,0.3214426005811468,0.10491702559436743,PGF
True,0.0,0.9998432174878455,0.02302343131659648,0.0160132055278149,FSH
True,0.0,0.9921816694677538,0.10363639057930996,0.016634478051134802,FSH
True,0.0,0.9920255042349062,0.10403222315541961,0.021600828408090165,FSH
True,0.0,0.9970975908921291,0.0631876757130528,0.020199546214279725,FSH
False,6.71602120426264,0.8087633386445058,0.5591528738845595,0.13886387637370493,PGF
True,0.0,0.9840506295365374,0.18515699412858,0.06039160413641534,FSH
True,0.0,0.9768292281564314,0.24872835520077732,0.1140540764382085,FSH
True,0.0,0.9979133580400139,0.06429746263410537,0.027145169975222913,FSH
True,0.0,0.9776464526632375,0.2551775404906396,0.13692753506609037,FSH
True,0.0,0.9897580656260733,0.1567129336337282,0.0805138741758086,FSH
True,0.0,0.9986713573394278,0.06086907750880249,0.03322281853141541,FSH
False,4.0472948387460645,0.8355154890337517,0.5011788964763965,0.10337739811073743,PGF
True,0.0,0.9805316524441217,0.25186309093679643,0.15211350160561818,FSH
True,0.0,0.9856341568572639,0.17442337575377587,0.038682003830900875,FSH
True,0.0,0.9978336444209612,0.0705956527677987,0.03177358090878763,FSH
True,0.0,0.9606936865897772,0.21320451288262096,0.029434777706752527,FSH
True,0.0,0.9440392454634274,0.25078534588801277,0.03344900640026429,FSH
True,0.0,0.9937033703688939,0.11046309556627969,0.04332616983090068,FSH
False,1.3978719315867476,0.8727622813522846,0.41823163415883025,0.059115023936021256,PGF
True,0.0,0.994845289554362,0.11128954762040792,0.05505485862010719,FSH
True,0.0,0.9918081473268455,0.10396917998599048,0.018326146704166688,FSH
True,0.0,0.9968449357585385,0.09588042274823723,0.05550362907151425,FSH
False,0.0056393553298164124,0.9273901608773583,0.307509564121716,0.026899380648956063,PGF
True,0.0,0.9991936136598933,0.04039638074560703,0.018451057129042967,FSH
True,0.0,0.9793646522932645,0.25722972969667596,0.15468640138468961,FSH
True,0.0,0.9765796773046505,0.17094897807955478,0.02013162408655486,FSH
True,0.0,0.9621090991679088,0.23104816769907885,0.016772342909216722,FSH
True,0.0,0.9998206301223979,0.016361831385448347,0.007450156948989544,FSH
True,0.0,0.9876568951192582,0.18935659499852464,0.10977404760209408,FSH
True,0.0,0.9951873977900383,0.08686312344207464,0.016704076948956023,FSH
True,0.0,0.996659471108062,0.06597055594078756,0.020205593765290613,FSH
False,0.058373391243415396,0.9205771168104111,0.3241605859290323,0.043876979890724255,PGF
True,0.0,0.9974941813200934,0.07844928411696167,0.04052709962222064,FSH
True,0.0,0.9902512977043727,0.14566319747728776,0.07241897426379094,FSH
True,0.0,0.9956093604756924,0.08264456626080366,0.022125281509817327,FSH
False,2.2377795180955466,0.8595058299300526,0.4495920959842313,0.10393924393094772,PGF
True,0.0,0.9990096650125151,0.03646810496595087,0.017421534376608077,FSH
True,0.0,0.9676109018211952,0.21126638023408817,0.03180402954419961,FSH
True,0.0,0.9859463285499978,0.14701182315951325,0.013262900525782793,FSH
True,0.0,0.9938260086988944,0.15104769642417804,0.09247339045672008,FSH
True,0.0,0.999950251169622,0.01119838845892862,0.007648406681135879,FSH
True,0.0,0.9957348144638765,0.11642411158488113,0.06944995209095506,FSH
True,0.0,0.9913442035477306,0.1266805699984234,0.05492868775300408,FSH
True,0.0,0.9716140484341932,0.1986413576702884,0.01656750384460899,FSH
False,6.829029680874603,0.8059451630147194,0.5613241221333117,0.11205502306628186,PGF
True,0.0,0.9997232498240453,0.02503941062327732,0.02186881175012149,FSH
True,0.0,0.9812329073616138,0.22061306635250333,0.08500993547772114,FSH
True,0.0,0.9989543201567196,0.04598148321276248,0.01610078984253317,FSH
True,0.0,0.9400821554228077,0.2712733673566,0.0217934851609413,FSH
True,0.0,0.9796090314407562,0.23463233462337318,0.10428662922334461,FSH
True,0.0,0.9973352500068158,0.08124727878378664,0.03270607351828194,FSH
False,0.00033407923110127926,0.928456529561016,0.3018277834420447,0.06362656493473491,PGF
True,0.0,0.972210477039877,0.2773398179513085,0.1071243007594875,FSH
True,0.0,0.9770315125765036,0.26110050880059016,0.13555735562225635,FSH
False,0.042560734488727686,0.9667794822164187,0.32063025314646615,0.11396545746851809,PGF
True,0.0,0.9983030685613729,0.07595212222915068,0.04279030109337105,FSH
True,0.0,0.9719665321787083,0.29510723456725907,0.15365367886185685,FSH
True,0.0,0.9939099708192813,0.1088835416134586,0.04686762764718848,FSH
True,0.0,0.9349338910360626,0.29255032433025535,0.015267204641134522,FSH
True,0.0,0.9728016837396465,0.18497086377469069,0.020133392575876586,FSH
True,0.0,0.9587540624372829,0.23321532429962497,0.023675622638436516,FSH
True,0.0,0.9880282043378824,0.17106498831405093,0.09520028220661182,FSH
True,0.0,0.999689398304648,0.029418845394473377,0.020211249530927764,FSH
True,0.0,0.9780470380654462,0.1832652092689418,0.03871878088344242,FSH
True,0.0,0.9950045623937741,0.09371907983693441,0.021185772223999998,FSH
False,0.0501777557100802,0.9684704801669431,0.3224003918961433,0.15184527800306485,PGF
True,0.0,0.9977272376466626,0.06460883281539641,0.024324832576019778,FSH
False,1.7313693388476412,0.8658554995061892,0.4315815085354945,0.06720386181274125,PGF
True,0.0,0.991105802126827,0.11130624802514104,0.005037766202061292,FSH
False,2.525572555734196,0.8524318272583861,0.45892050074594515,0.08825861207135063,PGF
False,0.2397383151999136,0.9087119214511492,0.3489630794783083,0.03888240663367433,PGF
True,0.0,0.9971126457887162,0.07673018327290251,0.026733210267101546,FSH
True,0.0,0.9855904839095145,0.1887647490418482,0.06550009739409983,FSH
True,0.0,0.9779860422869024,0.22861466108906553,0.07286110470909539,FSH
False,2.06658791999076,0.8594591430445274,0.44375631881732225,0.0789251888464859,PGF
False,0.016161115323789,0.9678045560279507,0.3127126375405692,0.10619123304842001,PGF
True,0.0,0.980605689415742,0.21687845187660018,0.09322492596781086,FSH
True,0.0,0.9964421825763845,0.07745772554624891,0.023279139477203552,FSH
True,0.0,0.9996323260226024,0.026662336395023738,0.01628271115396491,FSH
True,0.0,0.9998222735996798,0.0255255043627622,0.013709482818810757,FSH
False,0.0005279122274876858,0.9706498473459416,0.30229763406026217,0.14478882290149067,PGF
False,0.06890691690916387,0.9677331103555182,0.32625012703000955,0.14101497806928068,PGF
True,0.0,0.9989747585330604,0.038161978808476,0.005976919679620457,FSH
False,0.12122865952234654,0.9659933790337892,0.33481790624410757,0.1509092810014257,PGF
True,0.0,0.990331174631896,0.12464502224067403,0.03363840404973641,FSH
True,0.0,0.9793598228284331,0.22685465996001197,0.10117811383237739,FSH
True,0.0,0.9822033953571061,0.22231597969319725,0.12388099405319726,FSH
True,0.0,0.9766030862801298,0.25579612168495336,0.1417612191040284,FSH
True,0.0,0.985319413139677,0.18649924742810725,0.07441990851508727,FSH
True,0.0,0.9874061710058963,0.1343407883359379,0.01660117974006283,FSH
True,0.0,0.9688414686439567,0.21528855623589968,0.03299321985485461,FSH
True,0.0,0.9778304412240617,0.23792784632504982,0.13129092598938902,FSH
True,0.0,0.9954786967935336,0.08640527434997679,0.02490515870426426,FSH
True,0.0,0.9985493100011695,0.046890292386687134,0.009882428560987346,FSH
True,0.0,0.9709959805894531,0.2905036777876812,0.12780983248887248,FSH
False,0.4789094303119995,0.8952236020426289,0.36920328245914347,0.055230923720158885,PGF
True,0.0,0.9994058469957814,0.03446255296331515,0.01726639453609456,FSH
False,0.014766934806609573,0.9178433684305854,0.3121519277510235,0.030924349285277278,PGF
True,0.0,0.9998570988485477,0.02039285519559082,0.010799084387388814,FSH
True,0.0,0.947865528148826,0.2549817738470348,0.04167303734271979,FSH
True,0.0,0.9974909917390922,0.05875216591588702,0.015294353701106118,FSH
True,0.0,0.9904384935182712,0.1459753862541513,0.04994929531247635,FSH
False,0.806854513989742,0.8845544476965898,0.38982508079538486,0.06753468471807315,PGF
True,0.0,0.9993638040851462,0.03241434850064975,0.010107536676267147,FSH
False,0.05739848596659303,0.9177491409486733,0.3239579811266711,0.03122482194064016,PGF
True,0.0,0.9924796464133679,0.12335063264099942,0.051490438088828035,FSH
True,0.0,0.9871541564883919,0.15056081831276463,0.04615995745365746,FSH
True,0.0,0.9995710913813787,0.030442576248805274,0.027208787544341455,FSH
True,0.0,0.9960744764180602,0.09835431835105572,0.05144147776022954,FSH
True,0.0,0.9943918181563719,0.0928647924242054,0.023844809123712885,FSH
True,0.0,0.9940705891726987,0.1064915296794612,0.016041550655491718,FSH
True,0.0,0.9787616044710137,0.2448352357508167,0.13783174289492003,FSH
True,0.0,0.9973010833990931,0.07443137323461103,0.02735581779924859,FSH
True,0.0,0.9998454957141903,0.018256052809919324,0.004502601823379871,FSH
True,0.0,0.9999164916260197,0.028365994135152648,0.02364159740888433,FSH
True,0.0,0.9980387398748065,0.06700733894716422,0.04430510308326008,FSH
True,0.0,0.9803631404630769,0.21680052493517638,0.10772929643166197,FSH
True,0.0,0.97912197549794,0.17085311004993406,0.030640103622916068,FSH
True,0.0,0.9449441493617952,0.2630429075947396,0.029885436126727862,FSH
True,0.0,0.9847927129793322,0.19745214613199186,0.09040618538919484,FSH
True,0.0,0.9970734027924274,0.0747924422628313,0.02920286136897177,FSH
True,0.0,0.9983183644492203,0.04909333118700744,0.014833082106514062,FSH
True,0.0,0.9997220182996336,0.02856276289678994,0.01927082632251556,FSH
True,0.0,0.995927270509987,0.08251338602915807,0.012638445456842527,FSH
True,0.0,0.9987285705123746,0.04959420572973141,0.021114373786397196,FSH
True,0.0,0.9955304109428247,0.08664413372048077,0.01563429057492411,FSH
True,0.0,0.9891495930111158,0.12877065236331037,0.02076048681603813,FSH
True,0.0,0.9740221751846905,0.28444333560407126,0.16834939093780105,FSH
True,0.0,0.9689697594009749,0.1884550002135068,0.023739376434379796,FSH
True,0.0,0.9992060818048165,0.038589507945407275,0.005140050520764126,FSH
True,0.0,0.9873833052176443,0.18300351026078404,0.09348411764579097,FSH
True,0.0,0.9719874652584037,0.2978264914212163,0.16224824203449612,FSH
True,0.0,0.9950375374844779,0.1182478797535011,0.06671785839590906,FSH
True,0.0,0.990601179884104,0.154096670195118,0.08166522260868207,FSH
False,0.0011839310351020507,0.972668599135775,0.30344082989277593,0.18160691679669594,PGF
True,0.0,0.9601171289423118,0.22184061428228177,0.02499527571159933,FSH
True,0.0,0.9746325332722947,0.18273904946337735,0.012350140982080541,FSH
True,0.0,0.9838128504427353,0.15029492551746024,0.015309006505990862,FSH
True,0.0,0.9608165870315637,0.22152536581264817,0.0319022930515305,FSH
False,0.0014836020672336224,0.9715020456523622,0.3038517555312268,0.1625835814862684,PGF
True,0.0,0.9921672452865955,0.09876190880555115,0.016884687557677507,FSH
True,0.0,0.99612095671088,0.09619793642293542,0.05038662402323451,FSH
True,0.0,0.9864685437856581,0.14765178000803084,0.0373211674411887,FSH
False,6.25383710971961,0.8128837951046506,0.5493910791971055,0.08608299016530901,PGF
True,0.0,0.9967162613581042,0.07695554595547192,0.026120328309758762,FSH
True,0.0,0.986782551675102,0.17237663505401557,0.07116532226213063,FSH
True,0.0,0.9906827600851178,0.13910194099675252,0.0506362711664676,FSH
True,0.0,0.9768185657671973,0.27129029798217635,0.14408829458783165,FSH
False,7.889417490902896,0.7981270249193083,0.5808723339701493,0.123117419564298,PGF
True,0.0,0.9813408564296031,0.21743263486329156,0.12065105889359722,FSH
True,0.0,0.9987768936340776,0.05069911947688189,0.019699704327113852,FSH
True,0.0,0.9985735027663966,0.06244113101705544,0.031234181730634553,FSH
True,0.0,0.9778415122355009,0.23697057366383076,0.10328991923112867,FSH
True,0.0,0.9314812135712001,0.29439679921356154,0.028395649278549876,FSH
True,0.0,0.9961092988698088,0.0829337008466245,0.034686752497681564,FSH
True,0.0,0.9935222140361725,0.09683898653507785,0.014821823341047861,FSH
True,0.0,0.9974991341911954,0.07589245881924411,0.0337200375629774,FSH
True,0.0,0.9987888121337091,0.05361370949554431,0.013424422972903772,FSH
True,0.0,0.9859067425393154,0.20172737135959373,0.11290909341321065,FSH
False,0.6374825648053305,0.8906625455634417,0.37984250527164903,0.06485411378631507,PGF
True,0.0,0.9952667484174936,0.08740019979486106,0.01366753647526073,FSH
True,0.0,0.9927681073765643,0.11493584211147759,0.012294695098582706,FSH
True,0.0,0.9835890096448155,0.20188537383823926,0.10404585955642971,FSH
False,0.1336483972085889,0.91277192779677,0.33655795360911067,0.05250666740348093,PGF
False,0.005060201041687821,0.9280270481835746,0.30711350900870155,0.02713045395669141,PGF
False,1.3351638082048125,0.9117881700513455,0.395107795539534,0.03927692907462191,PGF
False,1.1686434496580374e-05,0.9253505547881863,0.30034185427445886,0.033693042298543786,PGF
True,0.0,0.9966289104150621,0.0881543029853753,0.029573840177130672,FSH
True,0.0,0.9967708946666813,0.07577704195190771,0.011071272749280065,FSH
True,0.0,0.9996556395621554,0.025007108428510748,0.02251514200730916,FSH
True,0.0,0.9994983619213388,0.026985083622098918,0.009925612343075277,FSH
False,0.08237129313383248,0.9167829451832991,0.3287003994978872,0.03552877289514486,PGF
True,0.0,0.9770931271481931,0.2531571830975058,0.12696170609823074,FSH
True,0.0,0.9532756532634025,0.2443370122295238,0.022619717460886687,FSH
True,0.0,0.9401571203549843,0.2738916660223077,0.033221334056197364,FSH
True,0.0,0.9873394945789719,0.15615019344700887,0.03407883653359643,FSH
True,0.0,0.9532621796472938,0.2450515116720711,0.032322071948363645,FSH
True,0.0,0.9997177973767984,0.028308060639617817,0.021571946018067712,FSH
True,0.0,0.9927910329761698,0.11983550171547774,0.048867987780234344,FSH
True,0.0,0.9696002151939043,0.29490784962175814,0.10119719804515313,FSH
True,0.0,0.9993602710472426,0.035412312481639785,0.017037699056968416,FSH
True,0.0,0.9996776564975871,0.03534539825026997,0.02484723552176896,FSH
True,0.0,0.9759206266730783,0.2589863737167543,0.11483585344814139,FSH
True,0.0,0.9834569177644096,0.14608853662410667,0.02034035653662068,FSH
True,0.0,0.9995472205086582,0.03995747237987629,0.036335232473442024,FSH
True,0.0,0.9879516559979374,0.1579649372260196,0.0801275624271874,FSH
True,0.0,0.9985772129539364,0.04910709724321174,0.015416613639028432,FSH
True,0.0,0.9391006140725143,0.2857700327318538,0.022995522151500847,FSH
True,0.0,0.9813982411247344,0.16113999848197796,0.028444649189090666,FSH
True,0.0,0.9826551754597689,0.19519971873300332,0.06411372720639806,FSH
False,2.2971255757713323,0.8603177392892523,0.45156271229333855,0.05058432598801214,PGF
True,0.0,0.9947275212021277,0.11645637861348378,0.06399315888997353,FSH
False,0.39959495529105,0.8986495672989132,0.3632135234970374,0.03719134875133012,PGF
True,0.0,0.9418822224042783,0.2630056685959045,0.03175295103184889,FSH
True,0.0,0.9859113458807792,0.18701375856513422,0.0733206960744039,FSH
True,0.0,0.9897472733116678,0.14486816244146827,0.031118569121671623,FSH
True,0.0,0.9933040456118698,0.11834857380878495,0.04604465364673993,FSH
True,0.0,0.9848852034807508,0.1484572608368977,0.03867486071441813,FSH
True,0.0,0.9753324570455232,0.2784658629250856,0.16850833607662738,FSH
False,1.3810502201595147,0.8743648009685341,0.41751809308185334,0.09426959157697853,PGF
True,0.0,0.9699034366345192,0.1883673524584877,0.024520513829788308,FSH
True,0.0,0.929374300797185,0.2977206447750735,0.026039913915408122,FSH
True,0.0,0.9820878675599952,0.2077972045432559,0.06817818751408829,FSH
True,0.0,0.9871935112810032,0.17761847604003272,0.09765642279065145,FSH
True,0.0,0.9543697797766206,0.2601500798886334,0.03621632203590085,FSH
True,0.0,0.9940594407309781,0.11757737391663738,0.060991718108959404,FSH
True,0.0,0.9673956101519503,0.20526931921603492,0.015076931829817184,FSH
False,0.2561715696704873,0.9380839329943156,0.35000046679927643,0.16827365233844632,PGF
True,0.0,0.985215429575448,0.18119237896065624,0.07474494393120255,FSH
True,0.0,0.9928912094522685,0.09570702918766487,0.020255924763941884,FSH
True,0.0,0.9992736588305319,0.032567738226539175,0.00986636525207456,FSH
True,0.0,0.9828127052602282,0.15241344754090125,0.01234906722742195,FSH
True,0.0,0.9588030636383663,0.2377108349302513,0.029031633864448375,FSH
True,0.0,0.9997824561301416,0.01993168064123886,0.009878090136045379,FSH
True,0.0,0.9921429132087487,0.12121398588576943,0.05502943327000475,FSH
True,0.0,0.9966335997018886,0.08194789400816742,0.03381469815980905,FSH
False,0.773343706116949,0.8864519057599357,0.38793996282219756,0.053450674765747386,PGF
True,0.0,0.9790316791669453,0.23981417736823316,0.11792259778314441,FSH
True,0.0,0.9754675753527601,0.28339564480013885,0.16026404766662156,FSH
False,0.14247061005118222,0.9642927251518233,0.3377452791817973,0.18087201656178697,PGF
True,0.0,0.996476755868003,0.06912948715196203,0.015425102946933182,FSH
False,0.018768883361392402,0.9708928857389911,0.31369995743109896,0.16984489188085103,PGF
False,1.584679993382322,0.8730202391598221,0.4258840733922414,0.10904642257518757,PGF
True,0.0,0.9999369158817634,0.01604504433642198,0.013089394392581041,FSH
True,0.0,0.9991530574514312,0.044417227901596246,0.020765275252078063,FSH
True,0.0,0.9927888106891338,0.09231364029171472,0.012889198604694209,FSH
True,0.0,0.9775700152036403,0.23802744834548414,0.10531337118821128,FSH
True,0.0,0.9563816354820578,0.24576081415732737,0.02997345869330021,FSH
False,0.033651894612407744,0.9627973682154867,0.3183444527343848,0.1163986643412944,PGF
False,0.0010562560303708478,0.9567268411442079,0.30325000927748036,0.07858056737011652,PGF
True,0.0,0.9303356192416514,0.29576540810549146,0.02495102733750041,FSH
True,0.0,0.9641156012219271,0.20748478147838548,0.027188606476924008,FSH
True,0.0,0.9976985257242086,0.05845047324836815,0.013440227354350522,FSH
True,0.0,0.9789530881142096,0.23414608027760792,0.10007339683421193,FSH
True,0.0,0.9914856095811989,0.14085114821660688,0.06774165994433126,FSH
True,0.0,0.97486094887536,0.19037269308911572,0.03254021344708538,FSH
False,1.0581178948035233,0.8799909169979733,0.40286485769219355,0.09052584262661388,PGF
False,0.42420830852930347,0.9219777233222637,0.34709694658152146,0.04038083354615744,PGF
True,0.0,0.9991582726819416,0.03765350249540887,0.02716049912205066,FSH
False,0.003934230355284246,0.9708196392337779,0.3062723443426555,0.15995367868223634,PGF
False,0.12271220268767857,0.9634543980360182,0.33503030155275265,0.13208407821845033,PGF
True,0.0,0.9862919093572782,0.20912239656084983,0.12702718156312726,FSH
True,0.0,0.9475915770980426,0.24757907688967207,0.02670991394709347,FSH
True,0.0,0.9990557854955389,0.03378439998638883,0.011068580661485259,FSH
True,0.0,0.9965992164928487,0.07062787400403016,0.017096611954990612,FSH
True,0.0,0.9996890409349849,0.0285779898089478,0.013395749115663333,FSH
True,0.0,0.9864313125473103,0.1812621912413248,0.09897423849644772,FSH
True,0.0,0.9865501623652241,0.17821437442741012,0.08487921194627189,FSH
False,1.5623792686600162,0.8711770256428293,0.42499517065311027,0.08834203281905571,PGF
True,0.0,0.9949224352882982,0.0817389039214123,0.01251777247589093,FSH
True,0.0,0.9303573804863958,0.2948129882932851,0.04031864253648961,FSH
True,0.0,0.9483434170329595,0.2714638912408995,0.026819505809423383,FSH
True,0.0,0.9881118137186351,0.1319104169331794,0.011536126971325425,FSH
False,0.05309552714616374,0.9685752274809222,0.32304246669655046,0.14963219631037078,PGF
True,0.0,0.9996982422137455,0.024459682331987927,0.009385676755583739,FSH
True,0.0,0.9933439969722867,0.12368040968573983,0.06407539749714508,FSH
True,0.0,0.983368388897542,0.2062923185189119,0.0797215616768862,FSH
False,1.1570681217444887,0.8787362014996071,0.40756710099953836,0.07909432798703302,PGF
True,0.0,0.9892212585694504,0.13070653752849398,0.030635108170746578,FSH
False,1.1270786899747096,0.8763059220222277,0.4061639623400855,0.08422007470310357,PGF
True,0.0,0.9995974190487815,0.02548454071338534,0.008977122298233485,FSH
True,0.0,0.9997240183062484,0.0213156830600553,0.007660103613883128,FSH
True,0.0,0.9993486128100038,0.04032065940196599,0.024126702371267687,FSH
True,0.0,0.9890048727005505,0.12500730109563973,0.014226927217821879,FSH
False,2.545817064567602,0.8544370119775112,0.4595561676829699,0.11285087870141502,PGF
True,0.0,0.9630178359451526,0.2214647190598852,0.01970483288391156,FSH
False,5.172868769347237,0.8207140105668518,0.5274394154351272,0.10227930884338204,PGF
True,0.0,0.9851610710278406,0.19846776877146405,0.11456671553759606,FSH
True,0.0,0.9917792179058466,0.12264828059895008,0.052203834925489995,FSH
True,0.0,0.9924074707266114,0.12378838246142954,0.04591907638264686,FSH
True,0.0,0.9962868938275925,0.08475051304425471,0.02898856469198589,FSH
True,0.0,0.996713873318789,0.07085155999863571,0.015914786327601137,FSH
True,0.0,0.995332932606389,0.09041710203466674,0.02907931009299518,FSH
True,0.0,0.9775324525091326,0.2326525231875868,0.08913982353221471,FSH
True,0.0,0.988146409580016,0.13768176445217575,0.03422587566539534,FSH
True,0.0,0.9962518068725189,0.10898006696180007,0.0605851940366026,FSH
True,0.0,0.9884181876818843,0.1657860756973131,0.07070279088865605,FSH
False,0.01488844933196004,0.9694279383124934,0.31220182336044905,0.14809082722673167,PGF
True,0.0,0.9991989898068447,0.04615651872371488,0.027660703014906834,FSH
True,0.0,0.9363706760211752,0.2828514850781643,0.020527283283280743,FSH
False,6.866675144267252,0.8073379905963538,0.5620434151866299,0.12987261761965066,PGF
True,0.0,0.9825287915941446,0.2059017693118408,0.07839843927920852,FSH
True,0.0,0.9562429290654525,0.23180691784629187,0.028116669940879198,FSH
False,0.0010179135971940404,0.9695968501227739,0.30319047582218395,0.136148129066866,PGF
True,0.0,0.9973787880428566,0.09031433619895766,0.04888468118978944,FSH
True,0.0,0.9905615789709422,0.1451510241840435,0.07328718059095193,FSH
False,2.283134657487718,0.8544146191956935,0.4511004519347218,0.09873386495156117,PGF
False,0.17423575798642532,0.9602081579549825,0.34174155698897984,0.16217717697044476,PGF
True,0.0,0.9995042392456973,0.035960167926660604,0.013677256601453993,FSH
True,0.0,0.9940739307077375,0.09920649708338808,0.03187945258147555,FSH
True,0.0,0.9947670345324399,0.0822383615701641,0.01759242853402764,FSH
True,0.0,0.9887223769911164,0.15740733089844194,0.06685709308433876,FSH
True,0.0,0.982466107452592,0.19866061668425786,0.09526954412297282,FSH
True,0.0,0.9435901172475296,0.26881397755648,0.02224739196371758,FSH
True,0.0,0.999864392463196,0.01597281935364033,0.01193269519703968,FSH
True,0.0,0.9906625293514388,0.13546049753769032,0.053998227141856064,FSH
True,0.0,0.9886255906058684,0.12227613741192604,0.02100793999448796,FSH
False,0.0008119025780039328,0.9238966801685528,0.3028493904225359,0.0357156070930619,PGF
True,0.0,0.9787565382262536,0.23681586923181103,0.08560585099727436,FSH
True,0.0,0.9913649976608545,0.1421164639240097,0.0647930312933366,FSH
True,0.0,0.9956772781340432,0.09481557150143133,0.03876116407232612,FSH
True,0.0,0.9764213811524207,0.25927191250241444,0.14223519925612854,FSH
True,0.0,0.9857063257692682,0.1966971207011582,0.10944763142327187,FSH
True,0.0,0.9990768248248733,0.038315079093531476,0.01209812400659869,FSH
True,0.0,0.9913943862125686,0.12766848623641122,0.03788372400747546,FSH
True,0.0,0.9736760460791436,0.2758135848489618,0.14541982307844661,FSH
True,0.0,0.9887428009225194,0.1595182945442233,0.06380587063965018,FSH
True,0.0,0.9952806135726331,0.08040066107379917,0.008868545532124582,FSH
True,0.0,0.9993171408814314,0.04336495282890959,0.0302882546469492,FSH
True,0.0,0.9845599477535972,0.1912586839594672,0.09218860195821334,FSH
False,3.243684659421737,0.8452699086908229,0.4801023225675265,0.10943729639674336,PGF
True,0.0,0.9781664345200353,0.16525915900368124,0.01865971574025212,FSH
False,1.9845339850326695,0.8613851644892551,0.4408734888129299,0.06357533426509258,PGF
True,0.0,0.9455559851335239,0.259735165368896,0.02593401881688631,FSH
False,0.956009272901955,0.8815475258785257,0.3977757266862259,0.08697805409378066,PGF
False,1.3589487766333372,0.8729174568994479,0.4165739583540568,0.0799443352520917,PGF
False,0.2201322307992718,0.9093199080651007,0.34691825133136056,0.050093567328761045,PGF
True,0.0,0.9452680367355979,0.2604765428822294,0.030084989496939506,FSH
False,0.15334005263698194,0.9082336955828708,0.3391586583831701,0.06881342289747706,PGF
True,0.0,0.9854365189452029,0.14997453935102992,0.042323360342317734,FSH
True,0.0,0.9988872486284254,0.04319126934018912,0.007106094776006173,FSH
True,0.0,0.9877109658618526,0.17518443273672227,0.06896917867918692,FSH
True,0.0,0.9574701701756162,0.22564258949773883,0.02721456813932606,FSH
True,0.0,0.9996974189514933,0.033933581322423745,0.017173123505393073,FSH
True,0.0,0.9982466010081524,0.04844384469147824,0.02018178745273215,FSH
True,0.0,0.978492059077146,0.23993918816949142,0.09854636845026621,FSH
True,0.0,0.9690106835733663,0.20089382923531487,0.01974618080412355,FSH
True,0.0,0.934099949560554,0.2881193272598758,0.05025859225413589,FSH
True,0.0,0.9890575905366826,0.12180638164563747,0.02059947249777073,FSH
True,0.0,0.9958346376802059,0.10294243190371004,0.05217967933863946,FSH
True,0.0,0.9999283430207555,0.009322657269791677,0.004263684681847184,FSH
True,0.0,0.98983165993756,0.13469010716303847,0.028216437976598497,FSH
True,0.0,0.9814863573941283,0.21762431438426916,0.12134342829583611,FSH
True,0.0,0.9954368645230776,0.09656161363604557,0.0212826758114334,FSH
True,0.0,0.9902697607699448,0.11831232620639333,0.005252582425523868,FSH
False,5.977169691538297,0.8140168582801088,0.5444825084037362,0.10539209841875684,PGF
True,0.0,0.998404350023269,0.051962297245348864,0.020554051539942792,FSH
True,0.0,0.9943164441868892,0.10747360305382062,0.03326333074794729,FSH
True,0.0,0.9996293965212402,0.02524523544909698,0.015222042853200599,FSH
True,0.0,0.9973561043288885,0.07444162427807863,0.021244309028814932,FSH
True,0.0,0.9799719895077794,0.21647566143247032,0.09918428594140215,FSH
True,0.0,0.9902839777073308,0.13342380667985504,0.045096532698085307,FSH
False,0.4727814403193335,0.9411637124407886,0.3685691132407458,0.19592161701947214,PGF
True,0.0,0.978331041934848,0.25358156308318763,0.1574299275445664,FSH
False,0.36538979970520213,0.9007411123628342,0.3604474813127232,0.05632005176154423,PGF
True,0.0,0.9996765122901748,0.021655284241574525,0.012052103419044401,FSH
True,0.0,0.9815588841302532,0.2367953778842506,0.144938000311645,FSH
True,0.0,0.9981493275336887,0.06707177762393104,0.03034334723286761,FSH
True,0.0,0.9823566126493776,0.205731956842987,0.09559453724693358,FSH
False,0.06337637447453233,0.9206833801922364,0.3251746647394821,0.022001088987984283,PGF
True,0.0,0.9984637530728302,0.05340010015029523,0.015943510938281783,FSH
True,0.0,0.9789117724354749,0.2474576301622655,0.14132076329519785,FSH
True,0.0,0.966740562554742,0.20405148554439514,0.025463914993801993,FSH
True,0.0,0.9917037294583368,0.1581710025579184,0.08814902683838066,FSH
True,0.0,0.9999506763818918,0.009796613659781963,0.010747734410611949,FSH
True,0.0,0.9838055332368121,0.1931097142371647,0.10225068826882625,FSH
True,0.0,0.9863710289770219,0.1687088817065,0.048577001264636765,FSH
True,0.0,0.9805898869208419,0.1562509236814786,0.024046157929219873,FSH
True,0.0,0.9765603353899489,0.1763947008160726,0.021571128205184566,FSH
True,0.0,0.9993650677190938,0.03455904807372432,0.017425847474926853,FSH
True,0.0,0.9468886615718392,0.2615221778778179,0.025930933399552495,FSH
True,0.0,0.9930947739862428,0.11574843273094486,0.055324422026745056,FSH
True,0.0,0.93376148443341,0.2986583847315172,0.03919933334691551,FSH
True,0.0,0.9959161411537912,0.07505352348049152,0.013140947670265185,FSH
True,0.0,0.9430641952164023,0.2637881645706119,0.032513327171312834,FSH
True,0.0,0.9976331692538933,0.05581374946623226,0.013271084166516236,FSH
True,0.0,0.9954181384767055,0.08293209484296936,0.02596946734398847,FSH
True,0.0,0.9880969031171979,0.1265070878142571,0.014812904840303771,FSH
False,8.030953483976495,0.7970382388381543,0.5823520621899438,0.09259873246170933,PGF
True,0.0,0.9960357097602563,0.0879061986453155,0.022725043625231076,FSH
True,0.0,0.9863594210803819,0.13470227411400015,0.01577104859202942,FSH
True,0.0,0.9908432525310138,0.11144603371560846,0.013801867665756749,FSH
False,0.4500164934202146,0.8913447053666036,0.36708326866068874,0.04811323033805549,PGF
True,0.0,0.9907066502221322,0.1036860137900284,0.02191068463355967,FSH
True,0.0,0.999753179524263,0.025523109352413274,0.01477009020791632,FSH
True,0.0,0.9470289575324535,0.268561116918243,0.027307333444441063,FSH
True,0.0,0.9997559912450346,0.02378691040937221,0.010027374396069417,FSH
False,0.23614614802582556,0.9395234307411572,0.348280297242207,0.12948134202258813,PGF
True,0.0,0.9982337418718064,0.06561002208173619,0.028915454158560307,FSH
False,1.8014531914421374,0.9205719123369266,0.42687062919737756,0.0764871572714661,PGF
True,0.0,0.9841819815865697,0.20160176071757543,0.11230838553113591,FSH
False,0.327167204493068,0.9022255141402085,0.3571985318424405,0.07178296949292172,PGF
True,0.0,0.9986279245766249,0.046529854910786386,0.013620072243678009,FSH
True,0.0,0.9968101858212809,0.07902265821454683,0.03659501590889557,FSH
True,0.0,0.9956249789174048,0.08748711559969855,0.037795966774258255,FSH
True,0.0,0.996994612637461,0.06119793697018352,0.013476122937183982,FSH
True,0.0,0.9916036132558499,0.13223279350307005,0.03594037890581699,FSH
True,0.0,0.9878814652222894,0.12353048387279363,0.019784355221599954,FSH
False,3.4824790130131316,0.8414263269882191,0.4866140137560181,0.07154980451672156,PGF
True,0.0,0.9945343399625481,0.09708971840884764,0.035198709549445276,FSH
False,6.229185164072761,0.8121926379205976,0.5495833560971717,0.10305751750240316,PGF
True,0.0,0.9747482761302368,0.27017875819853526,0.13803276188014232,FSH
True,0.0,0.994477015202108,0.10082568676228877,0.04258498460752241,FSH
False,2.0929952955569653,0.8617766036835448,0.4446718803208476,0.08586257185368373,PGF
True,0.0,0.9837144961431027,0.14748740958994205,0.025445121105579598,FSH
True,0.0,0.9954789979300617,0.08521431620208018,0.01232695276856051,FSH
False,1.7093790159370241,0.8645971833366075,0.43074322223109784,0.08650139789802101,PGF
True,0.0,0.9360836348970041,0.2859218257612743,0.022021047092544283,FSH
False,0.0981270925312862,0.9143080771978455,0.33132524421792847,0.02410270809642041,PGF
True,0.0,0.9788182960073747,0.2339078489596101,0.12737266853531917,FSH
True,0.0,0.9959871579516767,0.0844818624829294,0.013766295678105214,FSH
True,0.0,0.9993256546549212,0.036422827956358914,0.0023229880018891774,FSH
True,0.0,0.9981240752768741,0.05271568301126294,0.015496371395134285,FSH
False,0.05288885282972041,0.9701095494591885,0.3229975765744394,0.17885624381859472,PGF
True,0.0,0.997612442211587,0.07087345679526459,0.021530158435910825,FSH
True,0.0,0.9833327466477025,0.2058566312161268,0.09733801103116065,FSH
False,0.44280801431035066,0.8941059343443932,0.3665438212240889,0.06042554045896725,PGF
True,0.0,0.981426533618753,0.22516761666362922,0.13009168571885585,FSH
True,0.0,0.9993584225027423,0.030794901342027454,0.01379222634597463,FSH
True,0.0,0.9958632990305555,0.0890519511032177,0.009187814020381255,FSH
True,0.0,0.9907537901114433,0.15123791841514225,0.07769394859067032,FSH
True,0.0,0.9295898125806594,0.29360915475641036,0.038575337734141395,FSH
True,0.0,0.9728608062788365,0.2786968015228385,0.12238026790656145,FSH
True,0.0,0.9440883239786486,0.26496576449856585,0.030254612577742604,FSH
True,0.0,0.9986309463410387,0.044722312635214805,0.010302255076545844,FSH
True,0.0,0.9967717589578281,0.09036073152156818,0.03532254186019512,FSH
True,0.0,0.999841293244045,0.019334746743456473,0.012963168091825775,FSH
True,0.0,0.9905067560833934,0.13820190212702071,0.06597162641042756,FSH
False,0.010738477321243348,0.941434622175241,0.31036266245771005,0.07847174479542685,PGF
True,0.0,0.9998331441799054,0.015924573277129064,0.01102844708987477,FSH
False,0.003560121678518941,0.923630193716552,0.3059666755220298,0.05912730522540216,PGF
True,0.0,0.997676778761388,0.07725756558759932,0.04018976432013987,FSH
True,0.0,0.9829696278927855,0.20581682779396324,0.10289354226777828,FSH
True,0.0,0.9802656612266468,0.2269513695544417,0.10303631707536626,FSH
False,1.4114631801684863,0.8713560297233425,0.4188050158944683,0.06342128954857623,PGF
False,0.0657841479801161,0.9231284510340574,0.32564842061026683,0.029481536263661387,PGF
False,0.1525939892375753,0.9114694177697455,0.33906328061460983,0.02911586246515294,PGF
True,0.0,0.998442385523129,0.050677715124366564,0.005838650695745236,FSH
True,0.0,0.9952852130986244,0.0929455792653118,0.04263067061072303,FSH
True,0.0,0.9996825719035856,0.0264883087051367,0.008164525069869899,FSH
False,0.14792144487675402,0.9431016740459541,0.3384605570522261,0.1020023797601388,PGF
False,0.1777453753285041,0.9413195481880996,0.34215985950267197,0.14127841292649576,PGF
True,0.0,0.9762701940961797,0.1747435172414927,0.01917822501863701,FSH
True,0.0,0.9960693893461281,0.08042542425955336,0.02278506634239975,FSH
True,0.0,0.9986623314793531,0.06179259135061105,0.03938010800509549,FSH
True,0.0,0.9995735302522969,0.033629809357030006,0.009339962354713367,FSH
True,0.0,0.9969436246909597,0.08146721446242883,0.02889361314927159,FSH
True,0.0,0.9882423429976456,0.12653433495151187,0.01438430373184902,FSH
False,5.744074486140521,0.8187594449239574,0.5396679888124511,0.11672955534539234,PGF
True,0.0,0.994760660137518,0.08339758155087348,0.01685545382966018,FSH
True,0.0,0.9901325692422429,0.11719737230066626,0.012435782362060834,FSH
True,0.0,0.9889240614159018,0.15469144633175505,0.05629519848400568,FSH
True,0.0,0.967019067155224,0.20260301457076088,0.024050075671603506,FSH
False,0.04172571061957033,0.9546642487433631,0.32042687215889165,0.09841196261582684,PGF
False,0.03555920755313212,0.9713502674870342,0.31885714918887054,0.1798952947124286,PGF
True,0.0,0.9883266686593226,0.17289388804603023,0.09322422716571302,FSH
True,0.0,0.9918911851078109,0.10899613467105872,0.008940929754414762,FSH
True,0.0,0.9784753800458179,0.2518426485773253,0.14437181568036417,FSH
True,0.0,0.9850579216619917,0.1808521161663155,0.0902557292765416,FSH
True,0.0,0.9999565256907548,0.009329114372474008,0.004977164301075196,FSH
True,0.0,0.9974447765741249,0.06044774614720737,0.019885193518895863,FSH
True,0.0,0.998892450022554,0.05256079475972893,0.023279724204525076,FSH
True,0.0,0.9984660201591486,0.0672735965763299,0.0340708872319931,FSH
True,0.0,0.9414490083242768,0.268959168542074,0.045160011877698907,FSH
True,0.0,0.9867857523789587,0.17145195218934775,0.062383659719311334,FSH
False,0.12117009363116979,0.9078161460436606,0.33480949491606704,0.03655171055456131,PGF
True,0.0,0.9864779875780205,0.18135144375289258,0.09454367537071823,FSH
True,0.0,0.9962170605800021,0.08637081883222522,0.01415519631553954,FSH
True,0.0,0.9960209113540787,0.07991044446572172,0.015762575166274495,FSH
True,0.0,0.9955772844168266,0.08287209776315932,0.004750291768767713,FSH
True,0.0,0.952164305414521,0.2437609000223704,0.030968899019875408,FSH
True,0.0,0.9911175500967369,0.15519270567622379,0.0832368168605076,FSH
False,0.7180808436949189,0.8894132983881115,0.38473965091354334,0.07661342147758073,PGF
True,0.0,0.9717642471166724,0.19277136581335289,0.021892057849298572,FSH
False,0.0759151975788898,0.9665063703756235,0.3275527126756858,0.14567349128851503,PGF
True,0.0,0.9988272678824555,0.03940477328816582,0.025197991308264844,FSH
True,0.0,0.993613869207591,0.10100467595339134,0.02479979369113788,FSH
True,0.0,0.9804119789845732,0.2171022529033188,0.07829218492455323,FSH
True,0.0,0.9907441380073962,0.15784338338689335,0.08706782838927267,FSH
True,0.0,0.9818519504342891,0.2571157410255052,0.15920884750762673,FSH
True,0.0,0.9982476571171207,0.04858527954843901,0.016565362931576764,FSH
True,0.0,0.9331779179599518,0.28541684991070293,0.03333090717601568,FSH
True,0.0,0.9994704974340808,0.028456841397987438,0.008398618212103338,FSH
True,0.0,0.971056600532169,0.274468585624507,0.0839874849702538,FSH
True,0.0,0.9809580785707249,0.2422141048997947,0.14474450205291023,FSH
True,0.0,0.9593126503867272,0.2335494983970546,0.01897263994658632,FSH
False,0.32023574346567585,0.9411521027214792,0.35657883993212997,0.1788506561232148,PGF
True,0.0,0.9980318075505291,0.06071411046459769,0.027763789636234448,FSH
False,0.3545726335277841,0.9015087250462794,0.3595460018412474,0.036868515131387176,PGF
True,0.0,0.9865626646693335,0.17472470131268775,0.06013745374737818,FSH
True,0.0,0.9996328357511491,0.0374332893008951,0.0249370010807133,FSH
True,0.0,0.9783203507392318,0.1636990235090609,0.019535788844994177,FSH
True,0.0,0.9720431352040859,0.29047431872443236,0.1510688609345775,FSH
True,0.0,0.9956766244256694,0.09736399515230815,0.04132179344591188,FSH
True,0.0,0.9856234215974635,0.1564155705165107,0.047183714599329664,FSH
True,0.0,0.9798765887446093,0.1658867157046238,0.02382620026651588,FSH
True,0.0,0.9979648715846046,0.04974877203579103,0.01473074096825433,FSH
True,0.0,0.9916711846457347,0.10696014720414013,0.02608136133599723,FSH
True,0.0,0.9857692998541702,0.13152387206246294,0.02082872446601613,FSH
True,0.0,0.9976720042188024,0.06432185844477181,0.02177504140096142,FSH
True,0.0,0.9929101887895633,0.14021960310527828,0.07580560568974991,FSH
True,0.0,0.9969700848722882,0.08013638766681054,0.02681930431788605,FSH
True,0.0,0.9807589034309878,0.15908360558516446,0.014924644063454014,FSH
True,0.0,0.9720611408675451,0.28030444443096686,0.11011689348145438,FSH
True,0.0,0.9816034783065295,0.1606966605881799,0.008610766528105204,FSH
True,0.0,0.9944863777167939,0.09573427930143631,0.014000930831649555,FSH
True,0.0,0.9845218849426255,0.19314826914246522,0.09957970627053103,FSH
True,0.0,0.9982798736325091,0.057315618446042216,0.021534164669504637,FSH
False,0.43131755162106306,0.8917461237246692,0.3656747707739481,0.060569584415479875,PGF
True,0.0,0.99235925549726,0.1115796352411341,0.01541179731853428,FSH
True,0.0,0.9770324502409024,0.2536788346248021,0.11918771151243181,FSH
True,0.0,0.9658088650683884,0.2090101329268454,0.01847400659471356,FSH
True,0.0,0.9356451713003436,0.2838297959790512,0.021156101781934535,FSH
True,0.0,0.9975546105791173,0.0716886356395089,0.012024578692074343,FSH
True,0.0,0.9882796475264335,0.1730589049379115,0.08905393943360126,FSH
True,0.0,0.9835697423749058,0.20391656373918107,0.09484758009844256,FSH
True,0.0,0.9973502244456103,0.08317462638391428,0.04183712789730923,FSH
True,0.0,0.9959304206041839,0.08446266200960928,0.027357004568926282,FSH
True,0.0,0.9929881797879607,0.12642828187615182,0.05948029292887483,FSH
True,0.0,0.9802061876637452,0.22271500153000598,0.10943398238883452,FSH
True,0.0,0.9995481119816156,0.03030403399168924,0.025567839043134002,FSH
True,0.0,0.9852434591872201,0.18981679367939847,0.1007975204834514,FSH
True,0.0,0.9985988359912541,0.04555008373927997,0.013330268152234717,FSH
True,0.0,0.9812771955851494,0.2066658852282299,0.08247692601111427,FSH
True,0.0,0.9996663526282848,0.022007474427642913,0.009697643296872109,FSH
True,0.0,0.9950228511686922,0.0813157780010429,0.00892928355818578,FSH
True,0.0,0.9947008535359606,0.08782502833728462,0.023355912365697187,FSH
True,0.0,0.9993945844288835,0.03894740798140041,0.02196047583751831,FSH
True,0.0,0.9874352390569119,0.16749842233437953,0.08295309875353447,FSH
False,1.025504494269946,0.8795338528641012,0.4012671957876758,0.062175068974754256,PGF
True,0.0,0.9992962105129818,0.03581868599154198,0.015487018563059339,FSH
True,0.0,0.999369747514471,0.0466986087838458,0.03183609829022079,FSH
True,0.0,0.9987267795203816,0.04867313249015971,0.02014645988484033,FSH
False,0.4316971858966908,0.8966514074919746,0.3657036670130892,0.037267888237790696,PGF
True,0.0,0.9903403905758733,0.15857080988621614,0.08725090228473721,FSH
True,0.0,0.9973565915945697,0.07284155108345354,0.032180945589226816,FSH
True,0.0,0.9993449290924883,0.04209131541627075,0.025055834758885034,FSH
False,3.241265629950888,0.8436050227480613,0.48003515295494065,0.08391023452178312,PGF
True,0.0,0.999352820762129,0.0370588675142771,0.00790010673383838,FSH
True,0.0,0.9883185861230537,0.15455304648558477,0.07882693701957376,FSH
False,0.06171692420550329,0.9672422011881987,0.32484289117745824,0.158176156886053,PGF
True,0.0,0.9627041509430013,0.23234304331431913,0.011942038296545856,FSH
True,0.0,0.9951437416584477,0.09900537359549658,0.03575102728017093,FSH
True,0.0,0.9419818184344161,0.2750641930683051,0.030571909460492156,FSH
True,0.0,0.9935313682206318,0.12030253211045297,0.04481514361202456,FSH
True,0.0,0.997431158308227,0.07118783982877291,0.025750074462443068,FSH
False,11.990124476981027,0.7704936571654525,0.6438283856174623,0.12929812347022582,PGF
True,0.0,0.9949492603428284,0.0812701476921515,0.015163388166523174,FSH
True,0.0,0.9984345720263748,0.0664645687034403,0.03651350952151667,FSH
False,0.3157487288024269,0.9000364544028262,0.35619152327552855,0.06681909543183923,PGF
True,0.0,0.971730735945694,0.2881730165473615,0.1192531519432115,FSH
True,0.0,0.9991133799806289,0.049668099847472405,0.021476622312843637,FSH
True,0.0,0.9959665332278405,0.08589685737928437,0.019264882260451147,FSH
True,0.0,0.993515846011498,0.1256847336759398,0.06863243072953115,FSH
True,0.0,0.98562625407845,0.20049181094158136,0.09588886411361573,FSH
True,0.0,0.9845802026124236,0.2027910036367593,0.11404963433126879,FSH
True,0.0,0.9939967350796816,0.1147312042552211,0.0429295180677197,FSH
True,0.0,0.9808144218439552,0.21947568374617019,0.0967095924782387,FSH
True,0.0,0.9992004626967406,0.04182781920280172,0.011825684212034119,FSH
False,0.08234126039663653,0.9634698743163312,0.3286951669095401,0.09266761075558498,PGF
True,0.0,0.9870485017211051,0.1710759969852222,0.08823013072925126,FSH
True,0.0,0.9885746758370315,0.14609418279091171,0.04959865929733589,FSH
True,0.0,0.9904003500144245,0.12006180185825338,0.03014828836253507,FSH
True,0.0,0.9943761992578078,0.11121292541658176,0.057511889322358345,FSH
True,0.0,0.9997987542092656,0.019156111967155127,0.005920290690773769,FSH
True,0.0,0.9908151925170579,0.1415049300268323,0.04373897663272034,FSH
True,0.0,0.997194527225281,0.06680987774113158,0.024599075095578963,FSH
True,0.0,0.9802968864716041,0.2231501568924038,0.11603860245991826,FSH
True,0.0,0.9833470125427697,0.19670415015874199,0.09217591260032303,FSH
True,0.0,0.9720847741032269,0.19399242641781989,0.017929750149119655,FSH
True,0.0,0.992637964530286,0.12718311912746316,0.06090099578644042,FSH
True,0.0,0.9814486303265769,0.15809191431674402,0.009870446937057823,FSH
False,0.14848870201316924,0.9622294613421492,0.33853423179630926,0.13393088632491973,PGF
True,0.0,0.9995248104856682,0.03164883548534231,0.007334854984118795,FSH
True,0.0,0.9763754344186641,0.2628986264250644,0.11639431636566717,FSH
True,0.0,0.988965298326149,0.1545247478607131,0.07802839770107693,FSH
True,0.0,0.99677697153735,0.08036957426086173,0.03409986059551992,FSH
True,0.0,0.9994863087830876,0.027288183107729142,0.011285690561208135,FSH
True,0.0,0.98400924120595,0.2028159599279889,0.09579991702989576,FSH
True,0.0,0.9774557139899857,0.2407901014836385,0.1129689524078129,FSH
True,0.0,0.9953306035776025,0.07863069777231516,0.019233507585828126,FSH
False,0.3453619511707942,0.8992061561278172,0.3587675038750834,0.061582208906018045,PGF
True,0.0,0.9853272582047262,0.14693592112311193,0.023406374889262407,FSH
True,0.0,0.9967740255136828,0.06958928545120523,0.00871000564893238,FSH
True,0.0,0.9999111999523093,0.014017247626754806,0.006679500269120159,FSH
False,0.11622793507047884,0.9652575451648752,0.33409221833065117,0.1958203963843464,PGF
True,0.0,0.9965138783183132,0.08103426400089894,0.036383683545460614,FSH
True,0.0,0.9998323781766664,0.020413941884120376,0.011515100476715752,FSH
True,0.0,0.9768739233736494,0.18920637848671776,0.03223448838949433,FSH
True,0.0,0.9932490929000152,0.0946471189302082,0.023879083080554152,FSH
True,0.0,0.9981862422637872,0.06042099075325174,0.02371875911777246,FSH
True,0.0,0.9970698673624314,0.07313819681498711,0.02149848657862914,FSH
True,0.0,0.9775387448002278,0.1637089002245916,0.028786386769684775,FSH
True,0.0,0.9721067372165102,0.18324793462121378,0.02834874110120097,FSH
True,0.0,0.975630538044032,0.2592124953341642,0.12463896156880584,FSH
True,0.0,0.9823273645258914,0.22099810856154478,0.12799365762244722,FSH
True,0.0,0.998487007723434,0.046449036223780465,0.010700034276801251,FSH
True,0.0,0.9843961436171764,0.2022474999951712,0.104989896711664,FSH
True,0.0,0.9987716372267621,0.05446438563319078,0.028997117984575237,FSH
True,0.0,0.9992249048505494,0.04839290536758215,0.02408444458894736,FSH
True,0.0,0.9848374218648211,0.13334239637803139,0.026241803581934172,FSH
True,0.0,0.976794640797461,0.17442050881247356,0.02316445597209405,FSH
True,0.0,0.9997745984772961,0.018084715082663322,0.008177688935092494,FSH
True,0.0,0.9710342731187321,0.19218612899467344,0.01517995324136037,FSH
False,0.2589961255606948,0.9324869265320155,0.34527648674137207,0.12277331194300418,PGF
True,0.0,0.9993352879407962,0.03575703219856758,0.02607316194339045,FSH
True,0.0,0.9957217007780733,0.09447145667484724,0.027793652557671928,FSH
False,0.00040607231815276726,0.9687064395105078,0.3020151236144534,0.10891004299777866,PGF
False,0.18218097227752034,0.9648876834725001,0.3426826630234713,0.18470701267254674,PGF
True,0.0,0.9950740365414164,0.1155806675469279,0.05945902643827923,FSH
False,0.49506164536098507,0.8954424806800916,0.37036061720600416,0.05414693009732664,PGF
True,0.0,0.9756512926402976,0.2495964809893352,0.09509025274765481,FSH
True,0.0,0.9925637525566017,0.10043812273600167,0.012894297305245035,FSH
True,0.0,0.9995177736562569,0.03424426590357557,0.012262497294872528,FSH
True,0.0,0.9679206094706045,0.19387729765447975,0.027642542739299676,FSH
True,0.0,0.9993216845593179,0.033824786053846874,0.01645864299643279,FSH
True,0.0,0.9796651075663116,0.1569226228092952,0.02236639934881423,FSH
False,0.08851550714932899,0.9582753390272905,0.3297515557827366,0.17486293863485863,PGF
True,0.0,0.9819751657412664,0.23157669812099962,0.1386597185311142,FSH
True,0.0,0.9413619950633273,0.269811705429033,0.025489786324233866,FSH
True,0.0,0.995656805383771,0.09177851649484196,0.033859780123704296,FSH
True,0.0,0.9294169853301505,0.2847360842750044,0.04012985662616732,FSH
True,0.0,0.9730624702617844,0.1861202946256338,0.01979471409321831,FSH
True,0.0,0.9806838497606386,0.16149797565197707,0.012954863917624397,FSH
True,0.0,0.996212685851531,0.0953335344316615,0.046586332718785504,FSH
False,0.36738532076917507,0.926148170112482,0.3455276473055548,0.08560922475710996,PGF
True,0.0,0.9955252968711119,0.1024360502484905,0.05048372331774277,FSH
True,0.0,0.9995827230113259,0.027105727079183288,0.023217795974531837,FSH
True,0.0,0.9798232043548897,0.15997313060619664,0.020374548976980073,FSH
True,0.0,0.9972257761957345,0.07027686990208691,0.023749562155587864,FSH
True,0.0,0.9698933712072202,0.201191289872195,0.02171184414369697,FSH
True,0.0,0.9852752785133481,0.1855995790186769,0.10031435685889249,FSH
True,0.0,0.9948368709069951,0.10481124103312398,0.047137503656868834,FSH
True,0.0,0.999714404977128,0.02859582609304914,0.01787027132964219,FSH
True,0.0,0.9755773997304882,0.17071207782902803,0.02671130801706909,FSH
True,0.0,0.9953766612707452,0.0848381219064629,0.010302648009225548,FSH
True,0.0,0.9752885971603532,0.26790703746613614,0.1369227872062376,FSH
True,0.0,0.9738916691300045,0.28543326077876574,0.15899907678677058,FSH
True,0.0,0.997304154178751,0.06401529446485248,0.010487009082475096,FSH
True,0.0,0.9958765167271515,0.08523681695502054,0.010654798464621279,FSH
True,0.0,0.9993190694451224,0.040781718321361106,0.021419580068481044,FSH
True,0.0,0.9982797552498409,0.06287216022315237,0.029149225931078018,FSH
True,0.0,0.9884154776358783,0.1416326933420826,0.03145533218853311,FSH
False,2.8358245062138443,0.848269638139753,0.4683990649087412,0.0855185989169832,PGF
True,0.0,0.9947170492289039,0.10819755317657397,0.04796465732244796,FSH
True,0.0,0.9873045378484971,0.17381128257251977,0.07267127058092764,FSH
False,0.014623151084925299,0.9487893951081194,0.3120926221659842,0.03330789588520045,PGF
True,0.0,0.9964458552643214,0.0945094589558273,0.04798340446654916,FSH
True,0.0,0.9969293586552027,0.07792625693125162,0.004708317013994697,FSH
True,0.0,0.9794107675598506,0.2452939148063529,0.11846690766812289,FSH
False,0.7858926807835019,0.8843489207514995,0.38865058831071014,0.076732588696621,PGF
False,0.031088488047282675,0.9693235709983717,0.31763192787169986,0.14496042689768962,PGF
True,0.0,0.9996891248226042,0.029706644406533672,0.015668384502768612,FSH
True,0.0,0.9939304929581908,0.10829435827768177,0.04175654357271881,FSH
True,0.0,0.9986129847704349,0.0635093956287343,0.03206001933292505,FSH
True,0.0,0.9723886542331313,0.2789165799963385,0.10983812533752604,FSH
True,0.0,0.9744063370900312,0.2737816699869747,0.1370963309960283,FSH
True,0.0,0.9796787827582996,0.233767313820147,0.12511500644183687,FSH
True,0.0,0.9446075978254843,0.26289387352573185,0.020970667892714255,FSH
True,0.0,0.9955921459877417,0.09115885845436106,0.027316027841515326,FSH
True,0.0,0.9868784415801196,0.13545206446842514,0.023437083424207607,FSH
True,0.0,0.9952353360562407,0.09694506987753629,0.03188078280705664,FSH
True,0.0,0.9483882898761591,0.253433365773471,0.028471555683598722,FSH
True,0.0,0.9799138669974313,0.2256648386896684,0.09093156821382747,FSH
True,0.0,0.9951350028389963,0.09898555446036936,0.04812118885130579,FSH
True,0.0,0.9732648198820254,0.18429033447699786,0.024308529006036056,FSH
False,0.03262524566099233,0.967828484612768,0.3180624598715104,0.12820445595185126,PGF
False,0.41010004180879656,0.8994130913875916,0.3640390538506618,0.0702639947123432,PGF
True,0.0,0.9998110164451868,0.029152206189447652,0.027873342014099044,FSH
False,3.379813267417966,0.8410083556193166,0.48384268458162716,0.11878837711000498,PGF
True,0.0,0.9728189306158533,0.290663566708461,0.15280317589633555,FSH
True,0.0,0.9876313246515137,0.13902518317858267,0.039783365039831445,FSH
True,0.0,0.9996428661407177,0.024421771751929486,0.013193399250022863,FSH
True,0.0,0.9782683111604885,0.24907356281754675,0.12775510032929283,FSH
True,0.0,0.9918719267504816,0.09920629368986886,0.013452069768974473,FSH
True,0.0,0.983516270135966,0.14759463945388912,0.013529963957772893,FSH
False,1.5233313416519683,0.8664303434943171,0.4234233098588742,0.07769674698401662,PGF
True,0.0,0.9890402416573729,0.11978599708733323,0.014832891332203543,FSH
True,0.0,0.9945946614120215,0.08354230251745966,0.01810349066423629,FSH
True,0.0,0.9966241146348246,0.09729908239260024,0.05392364814338479,FSH
True,0.0,0.985114921985167,0.2002758572651648,0.10950314828936253,FSH
True,0.0,0.9972590869330421,0.08146172353358498,0.0384705987261514,FSH
True,0.0,0.9813162754888659,0.154880379108319,0.02162179256297816,FSH
True,0.0,0.999848889375734,0.016666749747624082,0.014350628882334415,FSH
True,0.0,0.9458976957956741,0.2585190861231554,0.034659927983415544,FSH
True,0.0,0.9924811870075585,0.13066062207590312,0.06539903574208433,FSH
True,0.0,0.9971727681767069,0.06725513095705933,0.00809997198501656,FSH
True,0.0,0.9956561140185893,0.0843851226402859,0.017224384619285615,FSH
True,0.0,0.9935684332441308,0.10395898587257317,0.02947526553103336,FSH
False,2.810963000182015,0.8491044387319271,0.467659267569139,0.08975088310295312,PGF
False,0.7010316380510133,0.9510848727101752,0.38372763212052596,0.23972061735330757,PGF
True,0.0,0.9897897009908988,0.16598028300500928,0.08571881767617731,FSH
True,0.0,0.9946544395195238,0.1387375879373787,0.08384111744274748,FSH
True,0.0,0.9968345689533168,0.06859101663140879,0.005967175934258535,FSH
True,0.0,0.9993864044305651,0.037876138684503846,0.013804919290954133,FSH
True,0.0,0.9923036055337936,0.13310400728026273,0.068754981607755,FSH
True,0.0,0.9898849402805926,0.16858481659245692,0.09422966226304452,FSH
True,0.0,0.978071740524942,0.23135208160730475,0.08850583153786248,FSH
False,0.00463243896455203,0.9712377787561814,0.306806202292433,0.16210711608824496,PGF
True,0.0,0.9850264916709236,0.20565826092337267,0.12049307184780329,FSH
False,5.620433699376999,0.8183416468947818,0.537074538898149,0.09708893220840871,PGF
True,0.0,0.9998010131261021,0.024328055304616215,0.010655082068045135,FSH
False,2.094032870566812,0.9013833846169904,0.41353891380934044,0.0371228438191374,PGF
False,3.8562397493623792,0.8378827018661237,0.4963731078677113,0.1158652616736664,PGF
True,0.0,0.9401750778044764,0.27575391052646775,0.028624570331038695,FSH
True,0.0,0.9956936507946077,0.09275911510553358,0.018522546131210935,FSH
True,0.0,0.9878432086480845,0.13486888111494372,0.03257319723627602,FSH
True,0.0,0.9923512280607436,0.09951482035935917,0.013620559411010813,FSH
False,0.47240132512730215,0.8932541293823252,0.3687314575087203,0.07402600940808324,PGF
True,0.0,0.994300841729411,0.11332224718441608,0.053933036089873036,FSH
False,0.05884160265249046,0.9691253932425452,0.32425728811151205,0.16743834293216875,PGF
False,0.7950980821349068,0.8846991447285253,0.3891682725040082,0.06073659981493134,PGF
True,0.0,0.9999120387026241,0.023926639129238498,0.019089627750523204,FSH
False,0.010889940360588761,0.9712949665551843,0.31043548770330776,0.17131059838326448,PGF
True,0.0,0.99964749667426,0.02345465394162476,0.020289328851953985,FSH
False,10.636498989534331,0.7803553499845152,0.6194459799119734,0.0802929868292597,PGF
True,0.0,0.9771734611399303,0.2516710092742409,0.12925204353836636,FSH
True,0.0,0.9938754115302068,0.09316430642608568,0.014604567031620934,FSH
True,0.0,0.998210263516485,0.062206030216042624,0.029818678042664134,FSH
True,0.0,0.972964946093121,0.1889548228279436,0.024876333811471193,FSH
False,0.010539662559753119,0.969443279115854,0.3102662858716057,0.14107232827700636,PGF
True,0.0,0.992759835364735,0.10907991774494304,0.024890328509968643,FSH
True,0.0,0.9936868098028784,0.11395159219398714,0.055772501327711554,FSH
True,0.0,0.9523205284879935,0.2498331047385076,0.024955768149185754,FSH
True,0.0,0.9691286804426089,0.21669677688427227,0.043608454473562056,FSH
True,0.0,0.9744859768270355,0.26729821460213143,0.11098840052045052,FSH
True,0.0,0.9904328153300052,0.1366179008836897,0.04338799989132338,FSH
True,0.0,0.9787640983127832,0.16021162080349677,0.020194757949049243,FSH
False,0.013469661552359059,0.9710747466739694,0.31160588710627457,0.18376167904448384,PGF
True,0.0,0.9759956233508592,0.26716990593446754,0.15079692496223188,FSH
False,3.6304489400561915,0.8382284863541462,0.49053737008933945,0.09669518075657345,PGF
True,0.0,0.9739861173893796,0.17558168918595898,0.021360424364217517,FSH
True,0.0,0.9649300402758204,0.2101360560490339,0.028011457899860523,FSH
True,0.0,0.9996184198480469,0.0274371144002079,0.02503014718555899,FSH
True,0.0,0.9999747733592066,0.008299936158712199,0.004874773487455841,FSH
True,0.0,0.9943448301003874,0.08429288496757345,0.01927287288451163,FSH
True,0.0,0.9683346318907543,0.1948088771522944,0.02775899949548595,FSH
True,0.0,0.9989673328287468,0.03599892676900814,0.010420139783065366,FSH
True,0.0,0.9751671257423289,0.2910790612173887,0.17935771105675216,FSH
True,0.0,0.9821222841812242,0.19501112017569155,0.053273598116784934,FSH
True,0.0,0.9735084105441901,0.2817195571904978,0.12977210536098815,FSH
False,1.13196894124476,0.8764317752992671,0.4063940290262926,0.06735724260844506,PGF
True,0.0,0.993313396012868,0.13068024474713327,0.07305537743024701,FSH
True,0.0,0.9990665259839518,0.046007170158605504,0.017865407244754116,FSH
False,0.29818537990671634,0.901195990836274,0.3546063531016965,0.0527526281757922,PGF
True,0.0,0.9668378796731287,0.2001509151549943,0.02863511740802372,FSH
True,0.0,0.9731607886841872,0.2824281437463254,0.13330197719090683,FSH
True,0.0,0.9905959068140157,0.10264814205013491,0.027393844558415478,FSH
True,0.0,0.9431160665880577,0.2636530949750566,0.04286960516904491,FSH
True,0.0,0.9545665467436578,0.23638595098183532,0.024552357441255657,FSH
True,0.0,0.9833766931503596,0.13803326559460358,0.02644122825385281,FSH
False,0.24073186045334868,0.9624474239860185,0.34906443319282804,0.1883913304093043,PGF
True,0.0,0.9590041273589389,0.23499598810849326,0.02230901634368605,FSH
False,0.12965585164383547,0.9134211574014927,0.3360077563371887,0.03402734076614344,PGF
True,0.0,0.9925791766732672,0.11332140464671013,0.03576090656501203,FSH
True,0.0,0.9799440739782022,0.166269956400818,0.022828320795144963,FSH
True,0.0,0.9955070730060395,0.09213459241410998,0.022385703120334662,FSH
True,0.0,0.9959411978255416,0.08298841022793385,0.029426481676049637,FSH
True,0.0,0.9417280542320603,0.27640943912142574,0.02310223917106554,FSH
True,0.0,0.9894753407121065,0.1549767155604364,0.07051565867499658,FSH
False,6.557169564559122,0.8093807899429567,0.5560697085670057,0.10896514441835695,PGF
True,0.0,0.9985271846772747,0.04737778246074814,0.01238203083119836,FSH
False,0.06420814429541073,0.9672966881237457,0.32533932601617704,0.14415431447262975,PGF
False,0.19449026280991916,0.9652472423923176,0.34410105019270165,0.14448475748620104,PGF
True,0.0,0.9988362350541826,0.04893578724599743,0.016944484860156046,FSH
True,0.0,0.994581819092012,0.09621111101627718,0.036993944389223134,FSH
True,0.0,0.9948868283787639,0.122700342403286,0.06649857478359793,FSH
True,0.0,0.9943264316241702,0.11250478259670763,0.042363602683027295,FSH
True,0.0,0.9999646597403333,0.009665489019274703,0.008769584467115945,FSH
False,0.00037487998036962863,0.9229179760225952,0.3019361817589514,0.03686486558089826,PGF
True,0.0,0.9971856806221336,0.06374359172103938,0.01633099715861359,FSH
True,0.0,0.9909837250921318,0.15776178359755003,0.08638037818989858,FSH
True,0.0,0.9999327685284214,0.01133669317207704,0.011337367585154074,FSH
True,0.0,0.9978132668542596,0.06821706453134567,0.03405950745209327,FSH
True,0.0,0.9955527339769684,0.07262775999410132,0.016965688833985876,FSH
True,0.0,0.9941526180102566,0.08968836755322757,0.014278310868229652,FSH
True,0.0,0.978719103697495,0.2314304191119546,0.08926190279013134,FSH
True,0.0,0.9773679631848387,0.24439151974280013,0.11527822173268427,FSH
True,0.0,0.9989659684351783,0.04374445606726513,0.0170477652709913,FSH
True,0.0,0.9979518844074513,0.07283664007183804,0.037169509953106625,FSH
True,0.0,0.9885458292462524,0.14148704764559936,0.0491340766753001,FSH
True,0.0,0.9919294457729712,0.09971208182559652,0.01865030399167531,FSH
True,0.0,0.9962115083803444,0.07895300809180057,0.017239987927674363,FSH
True,0.0,0.982465893816569,0.15684463927758524,0.01625141641321391,FSH
True,0.0,0.9993775594044981,0.030509047734372578,0.007930604029564237,FSH
True,0.0,0.9988200139566937,0.04955004588756974,0.0077295389688277006,FSH
False,0.04468340109685069,0.9122000267105421,0.32113844864148045,0.03946782679529604,PGF
True,0.0,0.9857676888101161,0.14309918026008706,0.028451943000537463,FSH
True,0.0,0.9879964984316187,0.15579806745998606,0.06321452381216267,FSH
True,0.0,0.9995905446771918,0.027362691945905054,0.0085450798032773,FSH
True,0.0,0.9698535364063485,0.1873242541425869,0.03169831955640279,FSH
True,0.0,0.967484360536767,0.20617065572056995,0.021850417922043012,FSH
True,0.0,0.9987002154853767,0.05460811154482647,0.0180237690218785,FSH
True,0.0,0.9730722965355683,0.2703694031025467,0.11176068264029253,FSH
True,0.0,0.9914327903874899,0.13640441505560086,0.03769347234360597,FSH
True,0.0,0.9745681411060994,0.2638259208918254,0.11778199062610129,FSH
True,0.0,0.9946972744639639,0.12416386382389988,0.06967666083756757,FSH
True,0.0,0.9445041832438522,0.2675225207799107,0.030588715804483385,FSH
True,0.0,0.9985020543645294,0.043621557680703936,0.011557582600803107,FSH
False,3.2559871064312884,0.8438048410710947,0.4804435398242699,0.08417319044465292,PGF
True,0.0,0.9979557852913472,0.04943817345000512,0.02091261347464695,FSH
True,0.0,0.9965399199624573,0.07644724086313003,0.028399040501595987,FSH
True,0.0,0.9956596091669474,0.07219494246026219,0.023363772458357874,FSH
True,0.0,0.9954804043703603,0.09906836015472892,0.04982113236189122,FSH
True,0.0,0.9959099110532839,0.10082195992180501,0.048933131819688065,FSH
True,0.0,0.9874669482044636,0.1618370261114207,0.0768280356035634,FSH
False,1.6269007621334906,0.8666470611856653,0.42755002007579185,0.07598584598592487,PGF
False,5.589796079469178,0.8197272960210391,0.5364274958516707,0.10249530713480387,PGF
True,0.0,0.9917069004576669,0.13349893851661795,0.06084247147907004,FSH
True,0.0,0.9545175722289863,0.240930437485992,0.01976505367049743,FSH
False,3.5238235889686567,0.8404968879074715,0.4877185017244879,0.08153824677338477,PGF
True,0.0,0.9972923906171413,0.07304193958002775,0.027534607115082536,FSH
True,0.0,0.9787129299008622,0.24673882007282713,0.1347771665391552,FSH
True,0.0,0.9902173012646406,0.11895723214577686,0.025809571480220925,FSH
False,7.9957691095368535,0.7973987108992825,0.5803742834559642,0.08981326160991379,PGF
True,0.0,0.9736963718082264,0.2760529580591624,0.12071616400622144,FSH
False,0.0788589018149965,0.9592284457135716,0.32808182718681184,0.12379728334272898,PGF
True,0.0,0.9989759950538456,0.04046036080349944,0.011506471970835196,FSH
True,0.0,0.9852246537226199,0.18296819684109236,0.07953796439324848,FSH
True,0.0,0.9920429550153934,0.14927292447500037,0.08290191955688027,FSH
True,0.0,0.9677745548395502,0.21262457181328384,0.03225301122808329,FSH
True,0.0,0.9993995828705383,0.035929027421502904,0.012375805778565094,FSH
True,0.0,0.9985348754870419,0.054711434270227594,0.025656118886754054,FSH
True,0.0,0.9989226675055548,0.037499290223324606,0.004791135322350859,FSH
False,5.17777360517278,0.8250956840211363,0.5275472171917903,0.14034236468141073,PGF
True,0.0,0.9896038112718355,0.16693241262627118,0.09072624419963261,FSH
True,0.0,0.9995667112779828,0.03409448335739788,0.019948189196292286,FSH
True,0.0,0.9940662102739741,0.12248316566286266,0.0582631855106823,FSH
False,1.6942295544626218,0.8676944411664945,0.430162573517222,0.09152991164452041,PGF
True,0.0,0.9885865957944362,0.16531523805291043,0.052393526262169254,FSH
True,0.0,0.9833546202973606,0.14445410647843746,0.02507631915823705,FSH
True,0.0,0.9704043750369598,0.286059257040442,0.11002250059173035,FSH
True,0.0,0.973722452468647,0.27687348492354624,0.13868608031791602,FSH
True,0.0,0.9896610286576234,0.1561242845854858,0.08403912002493337,FSH
True,0.0,0.9997930325258338,0.02175067126751308,0.018157756692553945,FSH
True,0.0,0.9993293493202451,0.04053228335349645,0.02094994297748792,FSH
True,0.0,0.9555432883118954,0.24075571393512293,0.023532170419272438,FSH
True,0.0,0.9884234751557668,0.1304580852977196,0.020083640291805642,FSH
True,0.0,0.9790234408731017,0.2459198582377948,0.12878945297988112,FSH
True,0.0,0.9919240586423328,0.1207362448733339,0.04662288410804482,FSH
False,0.05046812029010913,0.9176483584369429,0.3224651107920947,0.04105763390437035,PGF
True,0.0,0.957317899965092,0.23408261327835603,0.020697683858512044,FSH
True,0.0,0.9741563415585955,0.18825152904580914,0.02101330494009578,FSH
True,0.0,0.9859862358003887,0.17683641931365832,0.09562575835218093,FSH
True,0.0,0.9999218014948089,0.015440105187499598,0.011077293654216057,FSH
True,0.0,0.99271827250161,0.12868322976869473,0.048615121249788756,FSH
True,0.0,0.9793694072491815,0.1752885875804476,0.03509126857849856,FSH
True,0.0,0.9613385700788639,0.22378771255599592,0.01919344972639719,FSH
True,0.0,0.9537611546652973,0.24226283019190695,0.014884791784348787,FSH
True,0.0,0.9988943385316299,0.04037012503315925,0.019784462008042028,FSH
True,0.0,0.9902487706073526,0.1178512435551551,0.01930706825511548,FSH
True,0.0,0.9963483316082699,0.08470419018031129,0.02000277374637635,FSH
True,0.0,0.9767980352510541,0.1822805969706604,0.011024472931684872,FSH
True,0.0,0.9781124449807858,0.2653758959270031,0.16261540344332334,FSH
True,0.0,0.9798621884772514,0.2253481327901513,0.08772205442823355,FSH
True,0.0,0.9913447811967161,0.10455154951349133,0.01994641045781964,FSH
False,3.7997015492642126,0.8382038261712875,0.49492823164601407,0.09070779447744869,PGF
True,0.0,0.9635518502117542,0.20988168698159862,0.030715826173158132,FSH
False,0.00040192519259571935,0.9278216577994359,0.30200480720418627,0.043797031332894996,PGF
True,0.0,0.997829135501947,0.062204920543906875,0.020247479693997213,FSH
False,0.025562946228813346,0.9679977556929822,0.31598841650346066,0.12051553868875446,PGF
True,0.0,0.9979228217210305,0.054862482170297454,0.011011964894633285,FSH
True,0.0,0.982065341652635,0.20931125692533112,0.110091943606601,FSH
True,0.0,0.9647833570922375,0.2161999814523587,0.022471027533552925,FSH
False,0.04076099467036577,0.967601079380296,0.3201893523101574,0.11377721707411599,PGF
True,0.0,0.9981842420304078,0.0596749262297943,0.023354973434918512,FSH
True,0.0,0.9949740662787083,0.12506833038708554,0.06884910501705442,FSH
True,0.0,0.9823184531881255,0.2170090254138782,0.11720278122378232,FSH
True,0.0,0.9994949483670166,0.04638277185755201,0.03338516444304595,FSH
True,0.0,0.9975367308409447,0.06398977731272218,0.020620558565586925,FSH
True,0.0,0.96373742069606,0.21679046419036793,0.024174941298573963,FSH
True,0.0,0.9760962615817717,0.25657706730981944,0.1325786697788604,FSH
True,0.0,0.9996353072246253,0.02659586815557405,0.008610842019447451,FSH
True,0.0,0.9770648816818986,0.1671128982894574,0.02601444223992279,FSH
False,7.9825073227208465,0.7974063516260521,0.5825327689797769,0.12568752412047315,PGF
True,0.0,0.9650868326720735,0.21973875467988618,0.013723196349684372,FSH
True,0.0,0.9989941864850383,0.049626568325161415,0.017303156726027998,FSH
True,0.0,0.9981782617136845,0.058869267458044966,0.026678359860712132,FSH
False,0.6711368869525564,0.8881108897861084,0.38192294470736243,0.0659811967060732,PGF
False,0.4226158348662702,0.8991570278014955,0.36500890976368316,0.037202926891545675,PGF
True,0.0,0.948292374659417,0.26364634249720387,0.015093587274422995,FSH
True,0.0,0.9999105033166974,0.01782759898567606,0.00878563817931464,FSH
True,0.0,0.9907426756124506,0.15867289176366414,0.08915773595055228,FSH
True,0.0,0.9336209775950182,0.28625325797801066,0.027258366838936593,FSH
True,0.0,0.9995769808585437,0.043881724645761996,0.031280664667924916,FSH
False,0.7246037902944796,0.8879823874044066,0.3851236624150112,0.04566982474719237,PGF
True,0.0,0.9832562097024836,0.19778856224464572,0.08570800040556846,FSH
True,0.0,0.9987208085844629,0.04768383857204474,0.004923400777273435,FSH
True,0.0,0.9904870530999772,0.15877723553682976,0.08956603711155808,FSH
True,0.0,0.9985811085067369,0.05543295988647367,0.02410438872665358,FSH
True,0.0,0.9902234495194003,0.13557340193471723,0.03031494429541285,FSH
True,0.0,0.9942129525249279,0.10908779533696031,0.03386483080017564,FSH
True,0.0,0.9996203009050161,0.023929542647080998,0.00924454031665159,FSH
False,0.00013760439558616552,0.9248982928004654,0.3011730489997701,0.036406531992782744,PGF
True,0.0,0.9816795568221718,0.21228197274281094,0.08179762241287934,FSH
True,0.0,0.990757499115236,0.15994214184658448,0.08999333510479127,FSH
True,0.0,0.9767689031659367,0.2808674084541882,0.17459201004817992,FSH
False,0.10211825025049116,0.9152598300511187,0.331955946277726,0.03634356336054924,PGF
True,0.0,0.9913316904645358,0.14503674063571712,0.06986038742597066,FSH
True,0.0,0.9998516751668292,0.022969137389530762,0.022287109039400364,FSH
True,0.0,0.9999150021393878,0.014748419707881164,0.013790273601691778,FSH
False,4.357232233514853,0.8317176099717364,0.508739843669455,0.11256014288300394,PGF
True,0.0,0.99787291586534,0.06286991952511059,0.02045002296140786,FSH
False,0.2573103243748686,0.9001679752075264,0.3507257650878593,0.04219959180899044,PGF
True,0.0,0.9815144434631367,0.2101536215181575,0.09074965737173779,FSH
True,0.0,0.9920113249443879,0.10899095213431928,0.01352347156605823,FSH
True,0.0,0.977459963977809,0.2552674484840595,0.14989593396317966,FSH
True,0.0,0.9965007836953214,0.07460071711405472,0.016938719753819175,FSH
False,5.5344122264373265e-05,0.9706031182780736,0.30074393630281343,0.14456462607493245,PGF
True,0.0,0.9852231934261592,0.1437717112944441,0.01882851470021456,FSH
True,0.0,0.999800268038964,0.02393169520283645,0.017619229321786983,FSH
True,0.0,0.9914337671710494,0.1326029492086416,0.05582380048187851,FSH
True,0.0,0.9758817761450703,0.18751217844365625,0.03563207926153793,FSH
True,0.0,0.9763896947963033,0.2631787570028886,0.1550812549419011,FSH
True,0.0,0.9618157379891077,0.22140255418612015,0.01789092479500301,FSH
True,0.0,0.9999545987862815,0.011789889431585038,0.008240227088491214,FSH
True,0.0,0.9942490482406111,0.08942857035030936,0.010659552576833053,FSH
False,0.060370706895478986,0.9634316919770792,0.3245704511345394,0.08530344581011376,PGF
True,0.0,0.9730736245347061,0.28711407096629155,0.14447650869831405,FSH
True,0.0,0.9941562867456676,0.0930171114978175,0.013898552183325032,FSH
True,0.0,0.9973820783735574,0.07206326409296768,0.0120806319841927,FSH
True,0.0,0.990965049368812,0.13736482658905158,0.04587711553076766,FSH
True,0.0,0.9573822211432079,0.2362284024273023,0.02519874496198569,FSH
True,0.0,0.9770599053260007,0.24707294749778383,0.11806697663931538,FSH
True,0.0,0.9819411637399097,0.21406434582399497,0.11870509084461996,FSH
True,0.0,0.9901663271796383,0.12184603544835669,0.02720168048941035,FSH
True,0.0,0.9538798459058055,0.2443585314471141,0.01954151563972755,FSH
False,0.0009253313760976857,0.9708904096440859,0.3030419259953156,0.15606828900286748,PGF
True,0.0,0.9907319239386604,0.10634642994302587,0.01453187111773548,FSH
True,0.0,0.9992050694167981,0.043942575704303634,0.005825449446343572,FSH
False,0.2683372969980349,0.9625369916661435,0.35180128347811807,0.17363178606648044,PGF
True,0.0,0.9828872123231438,0.19851489342035306,0.07815428324404451,FSH
True,0.0,0.9969676824838559,0.08525135704992716,0.039251007303500694,FSH
True,0.0,0.9993534144087047,0.032320061092528274,0.015431955178792834,FSH
True,0.0,0.9920677082369523,0.12348653479390931,0.03798179371072902,FSH
True,0.0,0.9997800410990008,0.029332751288219702,0.01812907324698934,FSH
True,0.0,0.9893401007922943,0.1282426359564435,0.015296115023776556,FSH
True,0.0,0.9788740606430856,0.2389603082049608,0.12063328494851319,FSH
True,0.0,0.9979959551543354,0.06772577880073175,0.02935254944142035,FSH
True,0.0,0.9981531329956408,0.06502644254311697,0.01861744334770389,FSH
False,0.10442296061545511,0.9675687992527526,0.33231454171351577,0.15167809473212146,PGF
True,0.0,0.9792477745840714,0.21997636871320048,0.09212895537589011,FSH
True,0.0,0.9992612040495912,0.03336672425900637,0.012188849796393512,FSH
True,0.0,0.9693156531035133,0.2966955938492322,0.09557350886550751,FSH
True,0.0,0.9676747948971457,0.22584197975363884,0.048203929439306854,FSH
True,0.0,0.9842237263332793,0.1990904991105996,0.09456205227266744,FSH
True,0.0,0.9609639911462465,0.22307549194479562,0.020758889798546894,FSH
True,0.0,0.9850936539111625,0.1833404390714557,0.08268214932242429,FSH
True,0.0,0.9399211561478916,0.27992844519353927,0.03073880836863726,FSH
True,0.0,0.9804306320195784,0.22360548601723315,0.10031197600123179,FSH
True,0.0,0.9998376216312936,0.019622708139446884,0.010382594351966442,FSH
True,0.0,0.9979756446992176,0.07953657767531831,0.04581051129305948,FSH
True,0.0,0.9980880653161306,0.06347484775668419,0.03135999274614957,FSH
False,0.6522586457864475,0.8894539003233142,0.38076253127449927,0.07646050146533794,PGF
True,0.0,0.9987187538276909,0.052196557921930405,0.02543564529304269,FSH
True,0.0,0.9991465572146696,0.04177764535066163,0.007168422232914634,FSH
True,0.0,0.9994627551226408,0.02706550149926172,0.005157551667611776,FSH
False,1.9230620795773608,0.9027868646493326,0.4085099665953385,0.041343597154793396,PGF
True,0.0,0.9995385207745304,0.028382799814724267,0.012592542748685629,FSH
True,0.0,0.9898859120472022,0.12571391795109624,0.01794373177092758,FSH
True,0.0,0.986582665656533,0.14697600324480037,0.02942834223662761,FSH
True,0.0,0.9964367055457917,0.08837015112947198,0.039304426506387186,FSH
True,0.0,0.9992687274389053,0.038419695557401344,0.009403315465683402,FSH
True,0.0,0.9883638858009464,0.1711283823322422,0.09475296922134012,FSH
True,0.0,0.9796069093934616,0.16703634752286897,0.015738683569712968,FSH
True,0.0,0.9990350410001914,0.040751314526394244,0.018261430351073634,FSH
True,0.0,0.9996134851754169,0.03243963631411362,0.010308595769479484,FSH
True,0.0,0.9497229621964428,0.25630617524610755,0.028334373560451313,FSH
True,0.0,0.9933678360472661,0.08986444063643112,0.015106908356088435,FSH
True,0.0,0.9981978580020241,0.06318744411439603,0.026647951778452188,FSH
False,0.1322439120626966,0.9594591950118931,0.3363653560497758,0.10851104156527958,PGF
True,0.0,0.9819980361405244,0.21636184825992572,0.10813192140632052,FSH
True,0.0,0.9466315693906034,0.25593780194791776,0.022767591848225695,FSH
True,0.0,0.987404748518728,0.13818330544499183,0.015768835952090013,FSH
True,0.0,0.9993093160512279,0.03950998202720592,0.01717481297654082,FSH
True,0.0,0.9997022613037226,0.021629134522376785,0.0122163677407881,FSH
False,0.7263390507002646,0.8838665602220196,0.3852255273201794,0.0802230848522849,PGF
True,0.0,0.9586952435840199,0.2278145049976811,0.02399504515592647,FSH
True,0.0,0.966480461185378,0.19967453239316882,0.028438684866454594,FSH
True,0.0,0.9996808980236674,0.020961885129334234,0.006884526629502338,FSH
True,0.0,0.9982236220009691,0.061987537554256844,0.02888900141921269,FSH
True,0.0,0.9993215960236989,0.030565538145266247,0.008786041343506058,FSH
False,0.6217120774556232,0.8867218860135744,0.3788487208175011,0.07231803537802121,PGF
True,0.0,0.9328319950111984,0.2871753897033149,0.03110587920727051,FSH
True,0.0,0.9978649372743562,0.052298297463610435,0.01163177909684773,FSH
False,0.565028576906588,0.8938895029336094,0.3751683827753789,0.08023861847112176,PGF
True,0.0,0.9913547637684802,0.10843935315484904,0.02178875897291429,FSH
True,0.0,0.9997570190790129,0.02596751058389255,0.00640466962640506,FSH
True,0.0,0.9888185227391774,0.1652417470769625,0.08681955127938355,FSH
True,0.0,0.9837722442075862,0.17974162342139813,0.0602648737959671,FSH
True,0.0,0.9981016139309061,0.06549882079301754,0.025424025380754778,FSH
True,0.0,0.9708118432200522,0.20413881818941176,0.03136012184790339,FSH
False,0.8802028293039059,0.9101476101929872,0.3741040698626629,0.11916020625349003,E2
True,0.0,0.9976467580327297,0.05864551312265984,0.016744914403079403,FSH
False,0.9621207334816776,0.8810094262946373,0.39808775323564494,0.04780863016191745,PGF
True,0.0,0.9780491974492546,0.24359174429683111,0.12101918773005071,FSH
False,0.11929666844259458,0.9635916821027649,0.3345393497973825,0.19024364826641818,PGF
True,0.0,0.9889655575381294,0.12057147664169374,0.01597533328772325,FSH
True,0.0,0.9923423776191808,0.10289699531501836,0.014465913582476465,FSH
True,0.0,0.9764310297010177,0.2574429299748403,0.12815518826791256,FSH
True,0.0,0.9724775872262456,0.2996621449887646,0.17889221934939536,FSH
True,0.0,0.9814303988835336,0.2095514700235314,0.08500142879885908,FSH
True,0.0,0.9725745968125539,0.29899271610751665,0.16450239898092536,FSH
True,0.0,0.9856182842351682,0.13323686031111548,0.021300108856685273,FSH
False,0.16396136700241248,0.9073404803103805,0.3404921433123035,0.0460251590060394,PGF
True,0.0,0.942331690070153,0.26964611402455974,0.026965446084987642,FSH
True,0.0,0.975195304098115,0.26802930936177116,0.125666881988311,FSH
True,0.0,0.9595391163918605,0.22717565151264038,0.021819018360577088,FSH
True,0.0,0.9949629677580727,0.0894176256252261,0.013208959257781601,FSH
True,0.0,0.9716909820951242,0.290503289625376,0.136542049496784,FSH
True,0.0,0.9875026100419142,0.136323724599291,0.013890729289160185,FSH
True,0.0,0.9728064554917935,0.2822597697171718,0.12785410028631675,FSH
False,0.11291742355747342,0.9148403065020096,0.33360318787815724,0.022756876032053217,PGF
True,0.0,0.997466003894162,0.07122414934572704,0.03010063072038254,FSH
True,0.0,0.9968568728784798,0.07202825467634484,0.00803945684469995,FSH
True,0.0,0.9860141284007672,0.1842153420174501,0.09298044215190444,FSH
True,0.0,0.9971874133562346,0.06923780837339716,0.024168629641143774,FSH
True,0.0,0.9317211281695943,0.29158511655768615,0.05193586264004298,FSH
False,0.011346848831503659,0.9691988691834067,0.3106521588570128,0.12815099626331258,PGF
True,0.0,0.9925679198186595,0.11182635697147829,0.00836548385215086,FSH
True,0.0,0.9946156759685899,0.09831325862538166,0.02755397854673284,FSH
True,0.0,0.9801159581898996,0.1639956373361886,0.025824496895791513,FSH
False,4.949215270200184,0.825577965982391,0.5224683184231,0.0914764494151289,PGF
True,0.0,0.9803283920122158,0.20790867105318186,0.08514157358461347,FSH
True,0.0,0.9825266054696907,0.22632904894072325,0.13427591179266465,FSH
True,0.0,0.9775498234982856,0.24844674057291993,0.12546229425897903,FSH
False,1.861848101074682,0.8638051525587651,0.43644955482062525,0.07602062690753204,PGF
True,0.0,0.985074836702735,0.14096444952763013,0.017666207037323096,FSH
False,1.0687459795847187,0.87848641195634,0.40338017119277364,0.08347856759784307,PGF
True,0.0,0.9636017803905518,0.20301719127217277,0.024694704884292172,FSH
True,0.0,0.9858989374775882,0.1738321841834791,0.06534454080082193,FSH
True,0.0,0.9724114035546024,0.2787363266130945,0.11955724302604685,FSH
True,0.0,0.9995451300512819,0.03963303060027968,0.03453153879400186,FSH
False,0.5998914062894696,0.8891562923954144,0.3774526569130762,0.0564917626683252,PGF
True,0.0,0.9999587062556609,0.010609747647494299,0.01060933379924006,FSH
True,0.0,0.9954188219479004,0.08932187330794766,0.012106519758544815,FSH
True,0.0,0.9824530793787997,0.20154610440879347,0.09010485583513597,FSH
False,4.817642095064521,0.8263623131443255,0.5194912776185997,0.12006604379628003,PGF
False,6.728459208139823,0.807971134579463,0.559392737140804,0.11524969748766176,PGF
True,0.0,0.9897432946814452,0.11772809534875385,0.017012097608900146,FSH
True,0.0,0.9991083158212389,0.03742870032340006,0.014273247787864507,FSH
True,0.0,0.9787872433202491,0.24739042291506902,0.13100841162909918,FSH
True,0.0,0.9728760339759847,0.18649965466412433,0.02406596288804228,FSH
True,0.0,0.9962632069919891,0.08115351656521184,0.010181537543926904,FSH
True,0.0,0.9987287876595167,0.0428981616530308,0.012959758753388286,FSH
False,0.00988731295895455,0.922410591795618,0.3099434968491746,0.04953694130696021,PGF
True,0.0,0.9727051421177915,0.28448717227935744,0.13132855364260448,FSH
False,3.621319006163183,0.8384581803176255,0.49029763545990745,0.08616156361682115,PGF
True,0.0,0.9389160355455062,0.2818322657517928,0.02042101712298031,FSH
True,0.0,0.9929501506452355,0.12437776931317959,0.05885373667237929,FSH
True,0.0,0.9994070061448675,0.031578484904111526,0.011747329775033266,FSH
True,0.0,0.9997515755915161,0.022513562874958325,0.016171346340315255,FSH
True,0.0,0.9929130896411905,0.1207739490272387,0.055843488586602014,FSH
True,0.0,0.9820569364553382,0.22572677818269882,0.10591959473607584,FSH
True,0.0,0.9996419355119976,0.03201094891758268,0.026330956127734714,FSH
True,0.0,0.9761445397762636,0.2691274130005961,0.14350725101084238,FSH
False,0.40032165799856223,0.8973223364738997,0.3632709773907881,0.034394866587030726,PGF
False,0.13127187168338636,0.9696807715106206,0.33623146031881496,0.2010352981647486,PGF
True,0.0,0.9950773118344324,0.08872880884120316,0.024748682505624422,FSH
False,5.992827032477128,0.8146155510318104,0.5448025129053443,0.12281006031290422,PGF
True,0.0,0.9748095988881083,0.2735187825267544,0.1432722677691763,FSH
False,5.8481869896546925,0.8153936600103447,0.5418302501684744,0.12412590303275728,PGF
False,0.006297950441110396,0.9645909644686709,0.30793596272742657,0.12280837922745673,PGF
True,0.0,0.9960111149930347,0.0894991233593057,0.008459392079115906,FSH
True,0.0,0.9998484882649814,0.02063144755860855,0.012331208046674284,FSH
False,0.05147123144375109,0.942508361675426,0.3226872720801226,0.12997320102214746,PGF
True,0.0,0.9716853440839326,0.27819093183968757,0.1162764380489896,FSH
True,0.0,0.9947489109039053,0.10823484634101778,0.04526399607049591,FSH
True,0.0,0.9587100507859916,0.23830149508057175,0.02068981335885552,FSH
True,0.0,0.9587089534748195,0.23581741539773535,0.028741637418474644,FSH
True,0.0,0.9672526615972306,0.21798871653442367,0.0337934728422873,FSH
False,7.835191304639679,0.798398566487406,0.5799141172688451,0.1221024969835617,PGF
False,0.059929028459510904,0.9209661657454876,0.32448040613623697,0.03456038617079751,PGF
True,0.0,0.9946367201032518,0.09126243405360551,0.030861154738171675,FSH
True,0.0,0.9557518615918019,0.24202211432161425,0.01865094072370645,FSH
True,0.0,0.9780117356018698,0.16955648594680403,0.019635744498041483,FSH
True,0.0,0.9867774973433514,0.18278620619503858,0.09646155082324831,FSH
True,0.0,0.9863779704485348,0.14508766990477187,0.037822724972311886,FSH
True,0.0,0.9856388286919117,0.14210116819435303,0.013214742471969725,FSH
False,0.013134229741531604,0.925444438496616,0.31146046671891314,0.04569295939058297,PGF
True,0.0,0.99052046740593,0.1450835044445205,0.06544199000182857,FSH
True,0.0,0.9903370044380571,0.15292820716676575,0.07168315713211162,FSH
True,0.0,0.9953731681048489,0.09626955221577502,0.0470181573329376,FSH
False,0.04506825558925536,0.9612948488955455,0.32122928533635914,0.07532218501974065,PGF
True,0.0,0.9984585549006171,0.05957330971509697,0.025928156767956137,FSH
True,0.0,0.9897238634991756,0.14738176986319987,0.043378350542719116,FSH
True,0.0,0.9978679887644261,0.054681650477886645,0.00637427641472551,FSH
False,0.27420664764450625,0.9637243799314745,0.3523647445944794,0.1743121378746024,PGF
True,0.0,0.9418204020903661,0.2710152564945844,0.03338100547004017,FSH
True,0.0,0.9770283690031806,0.2502791740966476,0.11661536542644775,FSH
True,0.0,0.9975719073886807,0.07320046248704161,0.03144141267176994,FSH
False,0.03642534978028606,0.9241542821648404,0.31908542631965187,0.04810637972840409,PGF
True,0.0,0.9373028460040838,0.2847952487072463,0.02571089202335677,FSH
True,0.0,0.997142073403655,0.06038600043460946,0.012439493674184092,FSH
True,0.0,0.9732784769022412,0.2846084484301658,0.13593527055799196,FSH
True,0.0,0.9311108166656721,0.2971837398578634,0.021492540697287336,FSH
True,0.0,0.9962431683252363,0.07543335950179719,0.025594677778146276,FSH
True,0.0,0.9993494290967062,0.041081898449656394,0.020273552766752446,FSH
True,0.0,0.9975480470395717,0.07716183755319234,0.03765732405322754,FSH
True,0.0,0.9763534870918505,0.27103605059537555,0.16222734155455337,FSH
True,0.0,0.9912022305602214,0.1394830631303715,0.0437142005714465,FSH
True,0.0,0.9949382036772808,0.10647084662361718,0.052804186067318445,FSH
True,0.0,0.9988943689014931,0.04785956358760001,0.019311782307097396,FSH
True,0.0,0.9862617043757023,0.18841610945804374,0.10332103246702873,FSH
True,0.0,0.9418118933112177,0.2592934524931595,0.036409845099022745,FSH
False,1.5228013996960785,0.8699614992513012,0.4234018395201659,0.10635530339217107,PGF
True,0.0,0.9795169985266796,0.17244674186401132,0.03545257031369603,FSH
False,0.16689328210833757,0.95702910796129,0.34085257422835646,0.12650055666961033,PGF
True,0.0,0.9532334081239385,0.24342385046564555,0.020008736925806073,FSH
True,0.0,0.9931380312302777,0.10157371592015747,0.02919664294871623,FSH
True,0.0,0.9770137756295663,0.26775118459464775,0.165076054335946,FSH
False,0.017549383434446123,0.9703065692626855,0.3132474085897756,0.16553119244989375,PGF
True,0.0,0.9981018959154276,0.053183400272223305,0.011215928214792064,FSH
True,0.0,0.9834832019297826,0.20037933184108578,0.09744807456908997,FSH
True,0.0,0.9936398960358295,0.10100545527097846,0.03276423412796037,FSH
True,0.0,0.9898049680856232,0.12436617948729811,0.012341033169841746,FSH
True,0.0,0.9973154895050872,0.0700795700362522,0.01986470982293165,FSH
True,0.0,0.999658418693405,0.031185197769409284,0.02035568370522443,FSH
True,0.0,0.9322916180180072,0.29660895062134224,0.02601347040557352,FSH
True,0.0,0.9992020548594761,0.04574963628080696,0.015536994704192411,FSH
False,0.5267267635320291,0.8941866713304097,0.37257594391615095,0.07352757705847306,PGF
True,0.0,0.9987625010386265,0.0647126636788196,0.034957921898487676,FSH
True,0.0,0.9571362426547128,0.23839119539385528,0.01601462800933586,FSH
False,0.025836503072097408,0.9693884807416231,0.31607373729787114,0.15044510220600305,PGF
True,0.0,0.9988418193617029,0.044294395904666654,0.017010673592239425,FSH
True,0.0,0.9700145690140495,0.1966179677808232,0.017123591981583402,FSH
True,0.0,0.9964436409712979,0.07539683818249301,0.008371566142962568,FSH
False,1.0141289478827573,0.8826850977637936,0.4007039695286515,0.06852713223198123,PGF
True,0.0,0.9922579868059646,0.12621444885662622,0.04632087775633298,FSH
True,0.0,0.9835229913150648,0.24203447530230698,0.14906691127923158,FSH
False,0.08013352968722418,0.9699918935631258,0.32830786634263065,0.18633379802120423,PGF
True,0.0,0.9943185610751901,0.09659218457652655,0.028059575322735564,FSH
False,0.09269894893780985,0.9157493135857355,0.3304465020877292,0.049040551763185766,PGF
True,0.0,0.9775522034106024,0.25079632644443467,0.12708577209698865,FSH
True,0.0,0.9821943108861968,0.2138965156561765,0.09522913154336789,FSH
False,0.005963352136212904,0.9692400594573612,0.3077222743645981,0.13053433147723664,PGF
True,0.0,0.9532984779248393,0.22960355810531846,0.02813092426016752,FSH
True,0.0,0.9508517895699458,0.24882282698705344,0.03337624469234604,FSH
False,1.2439287890146116,0.8725052604123876,0.4115315555802308,0.05486810064387142,PGF
False,1.5837601380568451,0.8675839363428921,0.4258475322784219,0.07537463264574619,PGF
True,0.0,0.984765899507138,0.13916946790981374,0.01466565781842436,FSH
True,0.0,0.9912921954024488,0.11597395486193404,0.027827242560662498,FSH
True,0.0,0.9963011716056941,0.08156507992464493,0.013501224349886879,FSH
True,0.0,0.9923252307089206,0.11569951520372249,0.018952917485972613,FSH
True,0.0,0.973078616749732,0.2854121712402327,0.14869497442136878,FSH
True,0.0,0.9994290588703908,0.03388273952455347,0.014953708013264067,FSH
False,6.197705831192402,0.81099131240404,0.54895191967913,0.10880865194244815,PGF
True,0.0,0.996618818445432,0.08228488159223517,0.011285633653587465,FSH
True,0.0,0.9946428703399698,0.11811131483115503,0.062467063696188006,FSH
False,2.291371730776893,0.8563191980417997,0.4513727759795959,0.090126646594849,PGF
True,0.0,0.9834593408235122,0.20424086557073812,0.10758978350571653,FSH
True,0.0,0.9907260817171524,0.14942550068837998,0.07656804955654968,FSH
False,1.1413772046218702,0.8794021332677365,0.40683525656925573,0.04611937978179455,PGF
False,0.3274084309698806,0.9608912800127092,0.357219614728682,0.14302394386016684,PGF
True,0.0,0.9768065712925843,0.2618925481847351,0.13971661611908162,FSH
True,0.0,0.9825860649425665,0.1408580207765849,0.025645592275400083,FSH
True,0.0,0.9630739979927916,0.21769843639147587,0.02905917320279708,FSH
True,0.0,0.9819484229326627,0.15736446322783645,0.013702988572506793,FSH
True,0.0,0.9683896061502629,0.19785925551994046,0.021877071599205773,FSH
True,0.0,0.9999100419772939,0.02008260596041472,0.015260264562006694,FSH
True,0.0,0.9817829702327514,0.23352257695916745,0.13546679879628298,FSH
False,0.25324557729048947,0.9069227133159197,0.35032351113450744,0.07236911653152649,PGF
True,0.0,0.997454800136167,0.0791875446451236,0.025588344946346434,FSH
True,0.0,0.9664051275208001,0.20588262404777372,0.02545408707020888,FSH
False,0.033784311515269214,0.9215666081317867,0.31838050911026927,0.05293845171353817,PGF
True,0.0,0.9994008722387341,0.03850886391894821,0.02226744841732468,FSH
True,0.0,0.9458622258455232,0.27057152147496305,0.024223747223482812,FSH
True,0.0,0.9902326594076535,0.10715516447967138,0.025510716302327575,FSH
False,0.215954658796163,0.958812096871049,0.3464709219616055,0.13408763180673863,PGF
True,0.0,0.9842825083494041,0.19112088165239924,0.08662388869379135,FSH
True,0.0,0.9612928894179591,0.2209411726694445,0.020434501368796574,FSH
True,0.0,0.9996214137620371,0.02588423199929201,0.015131343309307696,FSH
True,0.0,0.9983155278017681,0.05493637870477557,0.006108874943910715,FSH
True,0.0,0.9500706528092898,0.24842010437167958,0.026588785782974342,FSH
True,0.0,0.9867181327243298,0.17116990573902785,0.07606062274847758,FSH
True,0.0,0.9872501451490422,0.13151993424891095,0.013162680423877691,FSH
True,0.0,0.9934685011400225,0.09961581366129005,0.02143106480503713,FSH
True,0.0,0.9821936451261112,0.14230136205325053,0.025343589691133216,FSH
True,0.0,0.9849255326158524,0.18444355140684576,0.0816402207562439,FSH
True,0.0,0.9989078125321978,0.06060151477187987,0.03652446606118689,FSH
True,0.0,0.9619993088977034,0.2166637379434117,0.022770489224706127,FSH
True,0.0,0.9982031584240354,0.062293147722102656,0.02862549361608057,FSH
False,0.14589698571354684,0.953142338117301,0.33819646393497005,0.14997355192279957,PGF
True,0.0,0.9887236907363118,0.1483864356014675,0.06307533335591144,FSH
True,0.0,0.9992735666403963,0.04000745090792277,0.015202228633201427,FSH
True,0.0,0.9980364846981116,0.05256763302207325,0.010521109788440874,FSH
True,0.0,0.9996579034147703,0.03259317907295381,0.02656452618275018,FSH
True,0.0,0.9998233396081431,0.019253360656930372,0.014262924944967944,FSH
True,0.0,0.9988849839975341,0.04319246422983254,0.016575823283353757,FSH
True,0.0,0.9998769799544794,0.01848836933251435,0.014878026482121436,FSH
True,0.0,0.996443485962217,0.08996671102789688,0.04198177577246165,FSH
True,0.0,0.9797714004933543,0.16655160693413254,0.01856137013157031,FSH
False,0.0023760606620561384,0.9294352867461181,0.3048744852672422,0.05144945708347575,PGF
False,0.12913888782005495,0.9671152036183658,0.3359358995741104,0.15156104118157104,PGF
True,0.0,0.9897550920828998,0.11398500323235838,0.009335986450412124,FSH
True,0.0,0.9998244477612085,0.01634541532957344,0.00900351702283411,FSH
True,0.0,0.9802337334706648,0.1640718245763456,0.015765246240776725,FSH
True,0.0,0.9776208256800293,0.18422682289652043,0.04037891199919514,FSH
True,0.0,0.9842223817585357,0.20274380236495038,0.11049945321275674,FSH
True,0.0,0.9927263131231866,0.12789883479144581,0.05361543472672684,FSH
False,2.391884084464986,0.8552233011442961,0.45465717197934874,0.07916416003598763,PGF
True,0.0,0.9992222590496269,0.03430806127999133,0.007997941869152448,FSH
False,0.20408633371279927,0.906334966720264,0.3451759154542328,0.06879269535425829,PGF
True,0.0,0.9918314513607892,0.11187873421759605,0.011097816848529495,FSH
True,0.0,0.9822321648867458,0.21180195435418056,0.11974772361536613,FSH
True,0.0,0.9953426349013661,0.08334233121165707,0.024890437693934,FSH
True,0.0,0.9667378627114844,0.1968243642070628,0.02611031884514768,FSH
True,0.0,0.9848200465307936,0.1975901829097954,0.09984740225216597,FSH
False,0.010937584131803471,0.9218792008546206,0.31045829055429397,0.03855617219851912,PGF
True,0.0,0.9998909821382603,0.014750047285270544,0.009013715193672856,FSH
True,0.0,0.9929960924409423,0.12643001033531448,0.0536973017939424,FSH
True,0.0,0.9999461945146788,0.011094197299585577,0.008687880577324383,FSH
False,0.5405000910419174,0.8960903416535029,0.3735187112946029,0.02994512605470092,PGF
True,0.0,0.9861372471840434,0.12671511444778835,0.026233195886117146,FSH
True,0.0,0.9937070483445644,0.14472602498009812,0.08862896187542622,FSH
True,0.0,0.9998812826271579,0.017468019646850894,0.010052581600315238,FSH
True,0.0,0.9993656052675298,0.02824048994870997,0.01332179808962561,FSH
True,0.0,0.9996177863047968,0.031137293784041013,0.01132248752857342,FSH
True,0.0,0.9894418331849985,0.14960905544040534,0.03937327721712256,FSH
True,0.0,0.9889861590957149,0.15248255906421526,0.04822261492625278,FSH
True,0.0,0.9993273876827361,0.03699350189423948,0.027601275515607124,FSH
True,0.0,0.9989981704209936,0.05461354374765762,0.03852600049197865,FSH
True,0.0,0.9595697698751782,0.22332370344934543,0.022231016770760236,FSH
True,0.0,0.9997877978066432,0.018214300703176395,0.005823738094015462,FSH
True,0.0,0.9998859543037044,0.014958974912657345,0.007910860273759404,FSH
True,0.0,0.993505319738942,0.09443439518815866,0.010671487553622511,FSH
False,13.868461435845836,0.7595656517339139,0.6682774466970355,0.12144874334732693,PGF
True,0.0,0.9853586088370248,0.136060552942861,0.0177292092012137,FSH
True,0.0,0.9902355803542316,0.12064309626828201,0.030471205106793915,FSH
True,0.0,0.9965978489152455,0.08902838961707196,0.03555867029184769,FSH
True,0.0,0.9738095535133389,0.2888547589015803,0.1613322509678717,FSH
True,0.0,0.9730721861904833,0.18269692727914985,0.01865726895832372,FSH
True,0.0,0.9996624882817341,0.031259130573769736,0.022624421861033486,FSH
True,0.0,0.9975196790783732,0.08540678899491495,0.050903621807352285,FSH
True,0.0,0.9944174166575709,0.10847215224349535,0.04420585074660629,FSH
False,0.0002880703323451848,0.9313705322538909,0.3016972634808573,0.03280674575243373,PGF
True,0.0,0.9313299604076667,0.2947646531332821,0.03211046908592465,FSH
True,0.0,0.9800634321662441,0.16085223099269272,0.012909958704130827,FSH
True,0.0,0.9714266035144362,0.28766087375005417,0.12111449009897328,FSH
True,0.0,0.989444331406383,0.1473811331741298,0.05928102748979596,FSH
True,0.0,0.9973921142503994,0.06608774264561401,0.02700525753687614,FSH
True,0.0,0.9995278902558272,0.03239188682561595,0.01271722453693743,FSH
True,0.0,0.9338654202079735,0.28757924553310743,0.02078070151651712,FSH
False,0.011198484074133892,0.9191890345035251,0.31058228901237056,0.05959157770599876,PGF
True,0.0,0.9741563051066711,0.27561036717002285,0.13607569500322306,FSH
False,9.654784899952794,0.7852670046496193,0.6097643383317958,0.11883994909563579,PGF
True,0.0,0.9933705578164704,0.12153523441504235,0.02891289895660723,FSH
True,0.0,0.9996998883788991,0.020784956581546606,0.013424607389517637,FSH
True,0.0,0.9344726263690613,0.28959692071811116,0.027457582117744177,FSH
False,1.8319150380483706,0.8628761550641282,0.4353482559196228,0.08708542212555019,PGF
True,0.0,0.9745690581223423,0.279483579825053,0.13945718810257754,FSH
True,0.0,0.987013721527841,0.14335835230774896,0.03772527071969665,FSH
False,0.006257190106683682,0.9272781068125333,0.3079102402660625,0.018833209242929583,PGF
True,0.0,0.9990495288552169,0.03719917177922333,0.008825644473478785,FSH
True,0.0,0.9821451287416969,0.14620441766923556,0.02430230035955517,FSH
True,0.0,0.993928590273255,0.11307313947363958,0.05684171768147866,FSH
True,0.0,0.9967082891934735,0.08081748497032017,0.015462126495237953,FSH
True,0.0,0.9854734220996211,0.21853244653409257,0.13347826103713295,FSH
True,0.0,0.9860004139481572,0.17556729870892285,0.08057996641497268,FSH
True,0.0,0.9848150193805124,0.14118559684942625,0.017688173010328653,FSH
True,0.0,0.9756123940518584,0.27116560740001094,0.15140677253973375,FSH
False,0.09544243406985983,0.9676788591122066,0.330893758927955,0.15566742272724207,PGF
True,0.0,0.9815278734034061,0.1642350422373522,0.036650840798832025,FSH
True,0.0,0.9314639283580063,0.2885624899308013,0.034977414167382447,FSH
False,0.34853319176811065,0.8968655084880934,0.35903669975262087,0.06907065982630911,PGF
False,0.5189747069523452,0.8937461372836936,0.37203989914987007,0.05733538481382163,PGF
True,0.0,0.9998951883949614,0.014802251214798492,0.01465083658617728,FSH
True,0.0,0.9918834135896374,0.10980201831873024,0.024863404061335085,FSH
True,0.0,0.9648698683735807,0.20439386956771122,0.0306433825861882,FSH
True,0.0,0.993157002074939,0.10803851739893007,0.04399650054145785,FSH
False,0.957428863288096,0.8780968731587907,0.39784829397021165,0.08121377206014976,PGF
False,0.022861496913128592,0.9704163965941788,0.3151200188204673,0.17156941207691448,PGF
True,0.0,0.9884354554075384,0.14933456544574888,0.05823086273086638,FSH
True,0.0,0.9972053955061411,0.07652517683107624,0.02937762272943552,FSH
True,0.0,0.9935139700621576,0.11970524110173009,0.047419781605810674,FSH
True,0.0,0.955458569044163,0.2485842330267027,0.024528005831413884,FSH
False,1.3715565306809077,0.8724643939553949,0.4171134719270549,0.07784365044710295,PGF
True,0.0,0.9869780830983268,0.16693033320690878,0.04687094401977423,FSH
False,0.03911238704612036,0.9720417692880816,0.31977685188449373,0.1963873429865952,PGF
True,0.0,0.9937473165165682,0.11025984117432054,0.04637817286761606,FSH
True,0.0,0.9870446490430287,0.18551121228448525,0.10159406003629948,FSH
True,0.0,0.9820225145929127,0.15394631154478958,0.016732961853075157,FSH
False,0.12625532082221572,0.9077704317021951,0.3355324247444803,0.04370671766165812,PGF
True,0.0,0.9552004291392318,0.24421594666735144,0.027783732840853684,FSH
True,0.0,0.9951650865456761,0.106557009920131,0.03998730283734413,FSH
True,0.0,0.9895828306295361,0.16577569299074613,0.08575010623994216,FSH
True,0.0,0.9997784831002716,0.022100383085534334,0.014193172566162074,FSH
True,0.0,0.9789589441152664,0.24084484774432188,0.1258090698303824,FSH
True,0.0,0.9808492533737546,0.21375608267438634,0.08842919741741644,FSH
True,0.0,0.9890733624746529,0.1341707230490404,0.038501424723176476,FSH
True,0.0,0.9864385754762987,0.15035456502607503,0.04436959274826474,FSH
True,0.0,0.9796716150997008,0.2370324282749991,0.13543423284356698,FSH
False,1.8997223825768523,0.8612652711319462,0.4378304169106679,0.07832481424194743,PGF
True,0.0,0.9996298530239793,0.02957879898664195,0.008755068449635195,FSH
False,0.23007114225019748,0.9673932889285807,0.3479657317519703,0.1840476966264817,PGF
True,0.0,0.9934552847709673,0.10036735936103057,0.016408786634522887,FSH
True,0.0,0.999090577383845,0.043921797967235644,0.01809529589800306,FSH
True,0.0,0.9774667820237599,0.17755693715166476,0.010846332218740767,FSH
False,0.0009713198360578761,0.9295495906713431,0.3031166004493003,0.027650320922916274,PGF
True,0.0,0.9826110433035598,0.22737879989070167,0.13532155424066852,FSH
True,0.0,0.977236861616727,0.25793695090622726,0.13711835312461937,FSH
True,0.0,0.9503288774181918,0.25306296866952266,0.025617599054355976,FSH
True,0.0,0.9788478014927097,0.17219247547266853,0.028556623741439552,FSH
True,0.0,0.9687030411581263,0.19185970633424254,0.029338082612511696,FSH
False,4.703277385239663,0.8268749769563202,0.5168704079684378,0.08048476698485199,PGF
True,0.0,0.9700895521651209,0.1975124523196202,0.019048497708781004,FSH
True,0.0,0.9914158110070619,0.13881187435871062,0.035019531359363004,FSH
True,0.0,0.9781610303924035,0.25022203206749055,0.1311718754562471,FSH
True,0.0,0.9780645344322145,0.2532992603815186,0.1495316604780277,FSH
True,0.0,0.9853620162457676,0.19999494330151427,0.11218645349411838,FSH
True,0.0,0.9760316046323453,0.24351694688147812,0.09041738069048352,FSH
True,0.0,0.9949008732227334,0.08791828719062518,0.010002953670853793,FSH
True,0.0,0.9965671415330281,0.06916997541864814,0.02308043497860014,FSH
True,0.0,0.9966828125516712,0.0731949715851032,0.010610325922778153,FSH
True,0.0,0.9923513248979381,0.11897386165940274,0.041951295209486913,FSH
True,0.0,0.9755464747032452,0.2620469259109757,0.13973185258412565,FSH
True,0.0,0.9980088340016078,0.05952432867601078,0.021350464303946003,FSH
True,0.0,0.9462852570760512,0.2511386292214099,0.03547194584641197,FSH
False,0.029132156386388063,0.964811477658152,0.3170681447106556,0.07773456515606289,PGF
True,0.0,0.9866321645904982,0.12943441310596934,0.017404335093268768,FSH
True,0.0,0.9937319918647748,0.10047622632454738,0.027952842718319028,FSH
True,0.0,0.9911621023036296,0.13009262856963053,0.042056717520573786,FSH
True,0.0,0.9706705557916008,0.29291303755915854,0.12131392498640094,FSH
True,0.0,0.9880134570304451,0.14232835171611594,0.03531226434208826,FSH
True,0.0,0.9732220054524395,0.1856128336912351,0.018387204789895743,FSH
True,0.0,0.9388453312258919,0.2704788774544024,0.027800948054937543,FSH
True,0.0,0.9703986547808864,0.29709248900688096,0.13034556442987458,FSH
True,0.0,0.996485781283192,0.07390898508518141,0.024989311227735577,FSH
True,0.0,0.9974193437122716,0.0660379996105595,0.014220554083479187,FSH
True,0.0,0.9802640480964145,0.1676036522335522,0.014939259206442176,FSH
False,2.5094313460253628,0.8562641593938071,0.4584118476006565,0.04629869247467994,PGF
True,0.0,0.9878092053049768,0.13286643531737308,0.015091762795613356,FSH
True,0.0,0.9960477031889766,0.09160251984718557,0.04265699937019534,FSH
True,0.0,0.9537278585516957,0.24084559832226146,0.028645105825584938,FSH
True,0.0,0.9783683896739809,0.17172672487586776,0.019527176332562155,FSH
True,0.0,0.9970513251990106,0.0858582427824479,0.045246063000278613,FSH
True,0.0,0.9700497370156651,0.2999485430789535,0.13008240991249725,FSH
True,0.0,0.9966869549660164,0.07283937548633865,0.02318764036971918,FSH
True,0.0,0.9985770316574243,0.04622970968300778,0.014916352585556545,FSH
True,0.0,0.9818035979499354,0.2396801691167384,0.14612765117195733,FSH
True,0.0,0.9840842257407006,0.21497036902037964,0.12006036242521097,FSH
True,0.0,0.9815205147238321,0.15112779648105204,0.020949595824036268,FSH
False,0.026956393239945205,0.9695475180303202,0.31641840224867973,0.16060097527282668,PGF
True,0.0,0.9983109393053661,0.051825063506506175,0.024374247081084863,FSH
False,0.006063330695361208,0.9269199363797399,0.307786739173339,0.025306788629169127,PGF
True,0.0,0.9522783721785383,0.24352754245472696,0.025963608359654427,FSH
True,0.0,0.9993338313436634,0.03950356162564993,0.01982805647989366,FSH
True,0.0,0.9922362602590415,0.1092000565037089,0.02948961943940814,FSH
True,0.0,0.9641547100656066,0.22054729327819553,0.025758739890509374,FSH
False,0.06441043047567395,0.91717647851181,0.32537921008929827,0.04346281589519612,PGF
False,0.025070852363900786,0.9235395768957481,0.31583377793323525,0.03508481391592326,PGF
True,0.0,0.9998065011064653,0.027844863588189064,0.02181210804447592,FSH
True,0.0,0.998350956161533,0.06492939926880523,0.03214675794080853,FSH
True,0.0,0.9998194501316965,0.029501662151806156,0.023207703856556353,FSH
True,0.0,0.9993199237484347,0.0394996702500435,0.029932382422654388,FSH
False,0.05172170333661561,0.9699461849829945,0.32274240605930155,0.16950086628658137,PGF
True,0.0,0.9973631244813604,0.07734682856520993,0.03453998539529477,FSH
False,0.0146022477038885,0.9707303325824355,0.3120839760442863,0.16478683927177165,PGF
True,0.0,0.9712882409669827,0.18832866480457297,0.03368793354229373,FSH
True,0.0,0.9355895842113157,0.28874152030329103,0.0353467156031833,FSH
False,8.856941158099408,0.7899857860195764,0.5975864531570115,0.13271373946164974,PGF
True,0.0,0.9788718672399691,0.25134811787214767,0.14584362776361398,FSH
True,0.0,0.9594995488154412,0.22354621820433684,0.01620792191720657,FSH
False,0.1760743042400077,0.9153482456073542,0.3419612087814457,0.025336936648413123,PGF
True,0.0,0.9442093702988139,0.2731776413135478,0.02004702586474811,FSH
False,0.13824163019296587,0.9667173742736034,0.3371808593489938,0.15315051958030415,PGF
True,0.0,0.9783871317595887,0.23816577654522395,0.111234274163609,FSH
False,12.009193785193057,0.7713103473005416,0.6388750963058409,0.09257791796390831,PGF
True,0.0,0.9910615978426361,0.16956832583751877,0.09968966586103757,FSH
True,0.0,0.9836430655003434,0.14369517551460298,0.016336079374690657,FSH
True,0.0,0.9847180211167443,0.20639010031996965,0.10874078874794556,FSH
True,0.0,0.9724950913710969,0.18175526528540326,0.025351335377739707,FSH
True,0.0,0.9559422358642323,0.2397841292020881,0.0185373072740656,FSH
True,0.0,0.998636845066896,0.07294537229668087,0.043309591979171204,FSH
True,0.0,0.9668200228188166,0.19931033665046585,0.031234817116562424,FSH
False,0.03657472391550789,0.915840237464367,0.3191245193182751,0.04253878525600487,PGF
True,0.0,0.9975714437500575,0.07927313878315118,0.043401282427612466,FSH
True,0.0,0.9551603037639068,0.23308765586499453,0.0341449665920042,FSH
False,0.07521386573316374,0.9690428144497697,0.3274251464413891,0.17489583297144579,PGF
True,0.0,0.9948319847037836,0.09832782304115027,0.030049467445467676,FSH
True,0.0,0.9432845315861325,0.2739300126385377,0.036002345342488105,FSH
True,0.0,0.9914051076704866,0.11183588820589092,0.010445655210285502,FSH
True,0.0,0.9304985122853249,0.2997136381404135,0.039497644684390605,FSH
True,0.0,0.9861350169488956,0.13928237028127385,0.01666688712230129,FSH
True,0.0,0.9858403301403315,0.1953046940842858,0.10345197341496712,FSH
True,0.0,0.9962110853413118,0.08451997730800362,0.029398611843937585,FSH
False,0.03059272991523729,0.9555370448623395,0.3174907775456774,0.07823335101022512,PGF
True,0.0,0.9965260308981919,0.07367928669225698,0.02541647440481611,FSH
True,0.0,0.9988803725418569,0.038444009488798316,0.01214267011998679,FSH
True,0.0,0.9927954971790882,0.14938355427880692,0.08680240538439801,FSH
True,0.0,0.9549452042231522,0.2413579503103702,0.017319600129034576,FSH
False,2.0968918064798553e-05,0.9722468741384328,0.30045791831219987,0.16888143244599277,PGF
True,0.0,0.9858760924722236,0.1464831351000947,0.028993600906491224,FSH
True,0.0,0.9450460543599137,0.2517617215108532,0.0346146842667606,FSH
True,0.0,0.9769627465470311,0.281142232518875,0.1723239805491145,FSH
True,0.0,0.9370627826363911,0.2782284044227498,0.025381213462373164,FSH
False,2.0287057156942865,0.859743906126397,0.44243264077079686,0.08696397507900908,PGF
True,0.0,0.9949394931592158,0.08232609768035086,0.020452053871264402,FSH
True,0.0,0.9958881482550751,0.09153832874575807,0.04256215247580203,FSH
True,0.0,0.9997153190438108,0.030455255152117014,0.012085438847391116,FSH
True,0.0,0.9979652761941535,0.06470049344373369,0.02666716952858032,FSH
True,0.0,0.9714297960972861,0.18594938322252164,0.02880489759303244,FSH
True,0.0,0.9995411472611009,0.02847642278625616,0.014763979104601201,FSH
True,0.0,0.9988378871320361,0.04609479867576433,0.018002531653276727,FSH
True,0.0,0.9996201446638251,0.0344548254701931,0.026922629261344488,FSH
True,0.0,0.986330309425651,0.12563954212913417,0.022703780260844394,FSH
False,3.7577172072563676,0.8395801564783287,0.4938483223362113,0.12114501372467511,PGF
True,0.0,0.9889619667689041,0.14535220871693827,0.05104457279650624,FSH
True,0.0,0.999957764363841,0.012068909808819212,0.010749884220552702,FSH
False,0.01831294910772133,0.9698676705470518,0.313532534540034,0.14585056926462567,PGF
True,0.0,0.98603775849186,0.18380869188754553,0.09612113217446984,FSH
True,0.0,0.9718338517985015,0.1959449417475877,0.024437408260841807,FSH
False,0.26144996667927023,0.9659036867266156,0.35113217838888444,0.21236861953598546,PGF
True,0.0,0.9866483083573941,0.19092890397150436,0.1031593062688468,FSH
True,0.0,0.9768366745494241,0.25554924468064044,0.10395088473860352,FSH
True,0.0,0.9994967479612878,0.03539629171378583,0.018210354846420713,FSH
True,0.0,0.9557374233101936,0.24566724990421254,0.023245910718812452,FSH
False,0.10047618578362205,0.9584693262653062,0.331697978765786,0.11417983008156575,PGF
False,0.8332019484911767,0.8824699409831084,0.39127989638968574,0.07239756771955197,PGF
False,6.539895035803717,0.8096694646627954,0.5557242830290475,0.08608204517682266,PGF
True,0.0,0.9544508828163121,0.2478379765918812,0.022344824395131208,FSH
True,0.0,0.9568572615237187,0.24699127507121266,0.028880147215736788,FSH
False,0.21542616783954294,0.9081919540410848,0.3464140245873532,0.025331816033466698,PGF
True,0.0,0.9933312452027603,0.09683441547689818,0.011433708368831437,FSH
False,0.061230227460325824,0.9469887123120665,0.32474474236283857,0.09671194717382152,PGF
False,1.990768111050347,0.8611384310340904,0.4410945821444022,0.09179355322251298,PGF
True,0.0,0.9549918488525673,0.24176791428273398,0.02086804163689176,FSH
True,0.0,0.9748801927481536,0.27064337292224067,0.15320005796948344,FSH
False,0.11567071155754788,0.9642827610233167,0.3340103971687406,0.17213912297901304,PGF
True,0.0,0.9982691953918335,0.04920131064461345,0.011225654544805539,FSH
True,0.0,0.998484827527779,0.049793424744766356,0.009195726627593374,FSH
True,0.0,0.9899423284885432,0.14560542017865724,0.06718565876830578,FSH
False,0.01055148720718305,0.9232738052146708,0.3102720432277045,0.026307895408703073,PGF
True,0.0,0.9962927286041438,0.09074327413794989,0.03971842128398641,FSH
True,0.0,0.9510507812569099,0.25997059483359697,0.019825663611191025,FSH
True,0.0,0.9926231254502926,0.1313159713142105,0.06769185976323353,FSH
True,0.0,0.9860577028177718,0.17031195353123063,0.0719233964734849,FSH
True,0.0,0.9825163796779512,0.1553296110452935,0.012237365198640122,FSH
True,0.0,0.9764811765035398,0.2663751272754667,0.13987874696435215,FSH
True,0.0,0.9699104689928191,0.2990139972328105,0.12117790595757624,FSH
True,0.0,0.9864241789659365,0.14849192420160456,0.03753124613865047,FSH
True,0.0,0.9996037500886278,0.025643121845297916,0.005632066904724167,FSH
False,5.904162819568224,0.8127995706097731,0.5429848312049175,0.11490268063191535,PGF
True,0.0,0.9990911506705734,0.036281385578274136,0.006205579646708904,FSH
False,0.004669049201127661,0.9696561001463451,0.3068330441247863,0.13337162991911047,PGF
True,0.0,0.9963445760126862,0.07690547146185629,0.028440219583045656,FSH
True,0.0,0.9870597742314773,0.17266591047377391,0.06663915320122417,FSH
True,0.0,0.9825496535807382,0.1498584459426248,0.02627048784749526,FSH
True,0.0,0.9980585694219234,0.05097844240664134,0.008170853724162326,FSH
False,0.006704305117489335,0.9696982645653617,0.3081879821186232,0.13967972099311343,PGF
True,0.0,0.970301455526768,0.19089444296102662,0.02323181260255634,FSH
True,0.0,0.9996495229915168,0.0316845738554463,0.017523993781978275,FSH
True,0.0,0.976628612113584,0.25015277312206674,0.09498615443648604,FSH
True,0.0,0.9675493814593931,0.1910287418702988,0.03272280868264555,FSH
True,0.0,0.998243932161103,0.06044658054522125,0.029957566478497583,FSH
True,0.0,0.982845166886439,0.21562526996164152,0.10723549958264421,FSH
False,0.14494570751428856,0.9652943526255823,0.3380717359092396,0.17138235657793766,PGF
True,0.0,0.9997890104718932,0.01968080946791258,0.010502962000821089,FSH
True,0.0,0.9993633184699906,0.04441619655618282,0.028218007627367148,FSH
True,0.0,0.9819817946581033,0.21301789356904574,0.10341827741737131,FSH
True,0.0,0.9806118030940282,0.16329839841532248,0.018646372935949923,FSH
True,0.0,0.9902158026844164,0.1428972348198303,0.0682217404308431,FSH
True,0.0,0.9874580618695808,0.13215494659779434,0.02410293956675512,FSH
True,0.0,0.9910937079417138,0.1436638027361694,0.044165202662577015,FSH
True,0.0,0.9854632111945905,0.18229587814197884,0.06804810377565246,FSH
False,0.47751389820893725,0.8962995339085028,0.3691023804372134,0.08384086741696685,PGF
True,0.0,0.9937622407665226,0.11285705209200984,0.05373599836050441,FSH
True,0.0,0.9801857969444459,0.16120464804613843,0.01764905587911749,FSH
True,0.0,0.9999594353834751,0.021354075187328285,0.021355795737219338,FSH
True,0.0,0.9726756056918171,0.2995630082768294,0.16284790493384427,FSH
True,0.0,0.981506305403292,0.20991256111758938,0.09647192700011654,FSH
True,0.0,0.9986217481337261,0.044884571843585575,0.019032021435002038,FSH
True,0.0,0.9485051551447886,0.25840944062269405,0.054297664188866536,FSH
True,0.0,0.9905021189690498,0.1467041358241752,0.053246262957990786,FSH
True,0.0,0.9879915339466037,0.13127007156024453,0.015233561574697567,FSH
True,0.0,0.9739672467654897,0.2725661788596518,0.12635661851459332,FSH
False,0.7137183886450615,0.8865124454583152,0.38448185536818313,0.03884376564640173,PGF
True,0.0,0.9674295036311179,0.20353622959488443,0.018895736339857472,FSH
True,0.0,0.9979513719318215,0.060254054319031414,0.022681884318702192,FSH
True,0.0,0.9998821486263331,0.015404097679905073,0.008013340993340504,FSH
True,0.0,0.9908844627122024,0.1529753912242927,0.0809997832969566,FSH
True,0.0,0.9969417440101005,0.07351834617334749,0.007920634308285568,FSH
True,0.0,0.9882893848484986,0.15556400167540688,0.05495149246345858,FSH
False,0.00963066170911877,0.9702060480221885,0.3098135934851199,0.15181341505786303,PGF
True,0.0,0.9243593985921719,0.2988090633460803,0.03899569245951881,FSH
True,0.0,0.9881005722600282,0.16445003654103194,0.07463319444929481,FSH
True,0.0,0.9753190532668137,0.17900305312579742,0.020965838620497425,FSH
True,0.0,0.9483714840751013,0.26029737143466697,0.02692350648023522,FSH
True,0.0,0.9914671864980291,0.13327271054881354,0.03488502436201615,FSH
True,0.0,0.9676090942018039,0.21455176873146492,0.023225217192000353,FSH
True,0.0,0.9949763990136238,0.0782482839475659,0.013890926287163709,FSH
False,0.058121740667200814,0.9695840194859145,0.3241084509388722,0.16835210504598166,PGF
True,0.0,0.9764299787706529,0.2630507393008223,0.12527134886993319,FSH
False,3.6421384687516616,0.8403936440339779,0.490843875163749,0.11086670024678782,PGF
True,0.0,0.9999263250515626,0.011485949411419897,0.008741302027365193,FSH
True,0.0,0.9737454307361046,0.26673285715645356,0.09287192273223226,FSH
True,0.0,0.991384379610963,0.11741866163445489,0.03832058217965328,FSH
False,3.3279880675782034,0.8442125929106157,0.48242774097099933,0.06503223308239288,PGF
False,0.00012964109192200427,0.9710237230572891,0.30113860042122775,0.15043228103201461,PGF
True,0.0,0.9867816668300066,0.1331240390087826,0.026471445181230294,FSH
True,0.0,0.9906418905516674,0.15342879278174315,0.0792752983356666,FSH
True,0.0,0.9774039014556427,0.18286847077241494,0.030904586821340018,FSH
True,0.0,0.9708453615461289,0.19313088282559712,0.018691517079482963,FSH
True,0.0,0.9831297132005686,0.20578470457828651,0.11344023902739979,FSH
True,0.0,0.9805404061262496,0.23042159916437105,0.12207876541044774,FSH
True,0.0,0.9965451965341487,0.0877948820377593,0.023848720047004324,FSH
True,0.0,0.984680331295561,0.1848910435277049,0.0881760886625632,FSH
True,0.0,0.9943083663004594,0.10822220132430667,0.03439216423448538,FSH
False,0.567745346717216,0.8953624217384873,0.37534887834050457,0.07237792782330305,PGF
True,0.0,0.9987341584475186,0.04181951567332321,0.008057505922093054,FSH
True,0.0,0.973069699113956,0.1866449262560028,0.023919956303686898,FSH
True,0.0,0.9936495605900383,0.1050213608024502,0.026227023115092195,FSH
True,0.0,0.9979551353218957,0.059292340808058966,0.016951441764897213,FSH
True,0.0,0.9658846603990082,0.22821161229377665,0.04277444778709337,FSH
True,0.0,0.9985314509015609,0.05106902470601102,0.007785195432188098,FSH
True,0.0,0.987915033108806,0.1567895148550791,0.0605706443994578,FSH
True,0.0,0.9944841863750385,0.10211570375916149,0.02859183325458376,FSH
True,0.0,0.9508342426815177,0.2415460802308697,0.03174706136626409,FSH
True,0.0,0.9884005045590558,0.12935078558975446,0.032007407029276666,FSH
True,0.0,0.9857266010069073,0.1814877503959279,0.08381636479532856,FSH
True,0.0,0.99996968037368,0.008970822164660629,0.008971239955496733,FSH
True,0.0,0.9848211357147852,0.19701377806764744,0.10799966382690894,FSH
True,0.0,0.9965464023705776,0.08594249888468089,0.035292598994899754,FSH
True,0.0,0.999845764728687,0.021117846406521874,0.01679383383465894,FSH
True,0.0,0.9327286698803493,0.28736764719569097,0.02730576045064821,FSH
True,0.0,0.9976715641298172,0.060427068108332246,0.014414348383664384,FSH
False,0.19317373153223824,0.90709038255157,0.34395153370842,0.06109022871248752,PGF
False,0.006234280972433025,0.9697244239469492,0.3078957463057225,0.14894691245634306,PGF
True,0.0,0.9990753981276507,0.0397837486033924,0.01752386631748872,FSH
True,0.0,0.9993252949697227,0.04354053629594142,0.018923128199141374,FSH
True,0.0,0.9835414053710083,0.21164255430231713,0.12341233471829033,FSH
True,0.0,0.927005083886492,0.296774954702146,0.023721668398351523,FSH
True,0.0,0.9828398773808704,0.2195466444053336,0.12017406567375716,FSH
True,0.0,0.9891901164211339,0.1427096250754408,0.028334652431779524,FSH
False,0.9114814937703152,0.8815245831311409,0.39547153993574813,0.06108742862545346,PGF
False,0.6548846810879356,0.892576192256359,0.38092494554140494,0.07107164325820949,PGF
True,0.0,0.9683202951472959,0.20218329817207778,0.020682531904104372,FSH
True,0.0,0.9943460966888032,0.10079884998698029,0.037026663485211095,FSH
True,0.0,0.9754837506204896,0.2602148878260362,0.12304461960179269,FSH
True,0.0,0.998929880995257,0.04388868169633254,0.010083066996246788,FSH
False,1.0220543595313054,0.8804090068526351,0.40109670417631355,0.07234518626852933,PGF
True,0.0,0.9855193441925576,0.18874833688280862,0.09064403128334246,FSH
True,0.0,0.9953561600336273,0.08193740789381924,0.014084221119210857,FSH
True,0.0,0.9733489250057361,0.28380081744971214,0.1312902112738381,FSH
True,0.0,0.9969817301360291,0.07951276764790076,0.04054722116139815,FSH
False,0.538989133475251,0.8895538663029452,0.3734158793092646,0.08231416574387701,PGF
True,0.0,0.9840364193101208,0.21772931707428145,0.1275070206038993,FSH
True,0.0,0.9990053714879961,0.050019104133934976,0.026852640608256182,FSH
True,0.0,0.9934441082092008,0.11284401583146483,0.05584502278020553,FSH
True,0.0,0.9991697220644498,0.04977626377651922,0.025695868855462684,FSH
True,0.0,0.9720218070933643,0.2038969123376317,0.016520740843180996,FSH
True,0.0,0.9768955402203326,0.26993717000530015,0.16138036232206102,FSH
False,1.1884434970610454,0.8759581375894354,0.40901575560720776,0.10974574438694751,PGF
True,0.0,0.9976476673906294,0.06795645224773529,0.044968739910338694,FSH
True,0.0,0.9848338349094974,0.14574794877829927,0.015091853424693703,FSH
True,0.0,0.9953889752206728,0.0930027057044215,0.03268523867771489,FSH
True,0.0,0.9829881502001846,0.1972534321964679,0.06934167912879045,FSH
True,0.0,0.995700484467523,0.0892569838352854,0.012277148436487379,FSH
True,0.0,0.9515867898226887,0.24995434590065627,0.023021092146233595,FSH
True,0.0,0.9968799560076612,0.07630220678949028,0.0074024212393828,FSH
True,0.0,0.9781994220091645,0.25813627503276565,0.15595238221385566,FSH
True,0.0,0.9774994324022576,0.24302522054436274,0.11774004030212591,FSH
True,0.0,0.992597514503975,0.12011626007862732,0.04683169239865845,FSH
True,0.0,0.9809228180250205,0.23477386341584644,0.12193167369946945,FSH
True,0.0,0.997066523729624,0.08874120156874142,0.047728416567709014,FSH
True,0.0,0.9847368359256352,0.15552171193877468,0.03527787754487058,FSH
True,0.0,0.987573339510915,0.1595738051316386,0.06709832400342489,FSH
True,0.0,0.9864707949041066,0.1813005129061536,0.09841051626502784,FSH
True,0.0,0.9863569584252284,0.1352422204374845,0.01327922787009348,FSH
False,0.2779254141045941,0.9330606501653684,0.35037814158204006,0.04122349906999592,PGF
True,0.0,0.9970126410032384,0.07354404424014542,0.03140919418549214,FSH
False,0.4657186158766414,0.8930427093992345,0.36824357961571486,0.05522995524957006,PGF
True,0.0,0.9442690542100344,0.2696715379010659,0.02144264325761302,FSH
True,0.0,0.9826910705013836,0.21235293075476463,0.11610650915711253,FSH
True,0.0,0.9931657914158926,0.11775585879240212,0.05201557611166992,FSH
True,0.0,0.9997219543283222,0.02465314194090533,0.011470188172819145,FSH
True,0.0,0.9973030851104343,0.06667017992663866,0.023279163238897504,FSH
True,0.0,0.9549235818009445,0.2297934704622024,0.03602955089435938,FSH
True,0.0,0.9989142860420452,0.03915159210203499,0.0176026556641247,FSH
True,0.0,0.9661516731768186,0.20749012069928352,0.023129865638334836,FSH
True,0.0,0.9945437652848708,0.0879108732585927,0.011526127483121948,FSH
True,0.0,0.9752256804124669,0.27256667053962913,0.1445927654103514,FSH
True,0.0,0.9899694322158344,0.13507590867512584,0.024627077458790867,FSH
True,0.0,0.9994470041337447,0.033488495155457855,0.01613507115967148,FSH
True,0.0,0.990490308601958,0.12013908181075215,0.027449871914813236,FSH
True,0.0,0.9964958542997275,0.08709198698797299,0.043798441955984375,FSH
True,0.0,0.9997961399784244,0.01601543549963556,0.006949523697314224,FSH
True,0.0,0.9869445379434836,0.17023155259472378,0.0741319796384127,FSH
True,0.0,0.9989864058185618,0.039686419115570595,0.011413806576588586,FSH
True,0.0,0.9947988546669312,0.10416291128967722,0.021803396953987426,FSH
True,0.0,0.9693201132847548,0.19598316805859595,0.017238534687696542,FSH
True,0.0,0.9845858794822268,0.1545327247457583,0.03519338589428935,FSH
True,0.0,0.9802937493015428,0.21460348596308396,0.07802487826271089,FSH
False,0.05833915132812613,0.9165443700888023,0.32415349898630136,0.03144440928544002,PGF
True,0.0,0.9801986032725172,0.1752961147045216,0.046837284925998486,FSH
True,0.0,0.9865370757027694,0.17271549902715622,0.06770190304607719,FSH
False,2.885193988566579,0.8494460259324007,0.4698585879067225,0.06081026863014766,PGF
False,0.09675586695319392,0.9562979558571882,0.33110560511438314,0.11323750639408628,PGF
False,0.05911464747586322,0.9690960474640835,0.32431350395888325,0.1572699691722358,PGF
False,0.6030790008747507,0.8934048460526866,0.37765816125010626,0.07069656998258848,PGF
True,0.0,0.9883191120477827,0.17168447948633567,0.0711858297318519,FSH
True,0.0,0.9970166315871083,0.07585974007154439,0.03575051159310813,FSH
True,0.0,0.9837406409431121,0.22687540868480408,0.1359840706110819,FSH
True,0.0,0.9796601991181584,0.16115788181832721,0.018403570632613716,FSH
False,0.1316418202437794,0.9104575093455121,0.33628247789826093,0.047016790996524206,PGF
True,0.0,0.9769352431361051,0.2641325499751409,0.1560706041370383,FSH
True,0.0,0.994986518044137,0.07763370789708139,0.020456581355169708,FSH
True,0.0,0.9428086823196131,0.2646310808900674,0.02736152571637657,FSH
True,0.0,0.9951984482723154,0.09381214191621381,0.032545379993969455,FSH
True,0.0,0.9949438269722536,0.09628677937872177,0.03172052154963965,FSH
True,0.0,0.9727455981495426,0.28163863878935563,0.15590393411437176,FSH
True,0.0,0.9992603334970821,0.038737959384718405,0.03429644921933733,FSH
True,0.0,0.9941322524159646,0.11090676436264396,0.04630625443494919,FSH
True,0.0,0.9799452798143412,0.23035200891661095,0.10582370615241271,FSH
True,0.0,0.9863314039862536,0.18140390195440148,0.0968995430858304,FSH
True,0.0,0.9822258756117235,0.15534940953140222,0.02130049445804607,FSH
True,0.0,0.9861595436719252,0.13569654888310978,0.013443691701910974,FSH
False,0.5696130725657987,0.8930617649549059,0.37547271510723584,0.09521550023683747,PGF
False,0.038529199197872205,0.9195520777003732,0.31962885610469244,0.030932336790531874,PGF
True,0.0,0.999101672980304,0.04254675203700282,0.019191198825285662,FSH
True,0.0,0.9954203738992095,0.09134792835044499,0.036754948730305464,FSH
False,0.7728913743566048,0.8882617781782091,0.38791424084621356,0.08756832998265575,PGF
True,0.0,0.9680063406585802,0.20863499938443533,0.015715228135099898,FSH
True,0.0,0.9969554256940916,0.0633513020286959,0.021970407175257018,FSH
False,0.0006227932647227533,0.9706916251816495,0.3024955826268083,0.14247591559581976,PGF
True,0.0,0.9952063592770148,0.09508270949432411,0.02179025886074648,FSH
False,0.6499753790039433,0.8872639745596461,0.38062105053917017,0.057067666791039674,PGF
True,0.0,0.9864649212823816,0.19338609456820155,0.11294075097452408,FSH
True,0.0,0.9995518880670515,0.03729955035382023,0.02127801163421842,FSH
True,0.0,0.9948111298469824,0.1031824191137707,0.04178845912564281,FSH
True,0.0,0.9840621540193578,0.20367845048368818,0.09504171461559464,FSH
False,0.19027183001583092,0.9655538421525862,0.34362015933210593,0.210050829166972,PGF
True,0.0,0.9882222040556067,0.1720254205330982,0.07299604645920786,FSH
True,0.0,0.9997169044759258,0.02046038849105382,0.013615272791122679,FSH
True,0.0,0.9704318850557438,0.2914812149828982,0.11255030966010295,FSH
True,0.0,0.9841141237287975,0.19870558071151517,0.07414242446166469,FSH
True,0.0,0.9710399555143425,0.20294268700995372,0.00879569919373157,FSH
True,0.0,0.9999847398980742,0.007614665078281307,0.007348825370506611,FSH
True,0.0,0.9996916881900169,0.023075629943797582,0.008076476101596971,FSH
True,0.0,0.9965396629562545,0.08515376684211555,0.0258040144958374,FSH
True,0.0,0.9919597432631614,0.1097313966968053,0.01030549699850513,FSH
True,0.0,0.9880588249316569,0.1583978655483478,0.05585543234608262,FSH
True,0.0,0.995646979424179,0.08419118951595489,0.010928962906684962,FSH
False,1.1148070986749405,0.8785626802908255,0.4055844258721399,0.04248103427865113,PGF
False,0.19629296914956137,0.949765653175584,0.34430496238002706,0.1204431376425237,PGF
True,0.0,0.9896738267794705,0.15640701656734518,0.08207595781471252,FSH
False,0.17812342827367195,0.9650979762587412,0.34220467133785926,0.1596744798646933,PGF
True,0.0,0.9745418954823556,0.2625971566893009,0.10620734634802477,FSH
True,0.0,0.9978260106932869,0.07163969379319017,0.037968918152309364,FSH
True,0.0,0.9983152716090532,0.06611558299808071,0.037318552464844286,FSH
True,0.0,0.9974435624907613,0.05416229028300373,0.015800543682780503,FSH
False,0.03828062529298405,0.9228685260509645,0.31956543515820285,0.02769098431573773,PGF
True,0.0,0.9938506240105655,0.09033129786894026,0.014941203184167182,FSH
True,0.0,0.9884906087241585,0.11991610234577989,0.016635042015713027,FSH
True,0.0,0.9837004140453319,0.13756071776042447,0.02604112362293126,FSH
True,0.0,0.9877965681328388,0.17204633667217398,0.0689851210519058,FSH
True,0.0,0.9954079370445077,0.11732997813244636,0.065524675964364,FSH
True,0.0,0.9713697235605332,0.19968455988397465,0.025888448745772032,FSH
True,0.0,0.9690811022175179,0.1978160144067184,0.027155451830988137,FSH
True,0.0,0.962436613267491,0.22421805065475103,0.010084374096765271,FSH
False,0.1781438295992238,0.9647551878201619,0.34220708821977935,0.16557960730263666,PGF
False,2.4543170303807575,0.8592224519802774,0.456662600207604,0.03477846319244097,PGF
True,0.0,0.980188477203449,0.24523154961298796,0.1425608259295987,FSH
True,0.0,0.998485286521357,0.05061742615121129,0.014352219380457791,FSH
True,0.0,0.9992354780909187,0.03742667823709241,0.014801375072066275,FSH
True,0.0,0.9748984067700501,0.2788813637276241,0.1491971257471453,FSH
False,0.009140228860411019,0.9217899899659089,0.30956045441410135,0.04698315060922807,PGF
True,0.0,0.9595436991833206,0.22420743585795933,0.024260120535789385,FSH
True,0.0,0.9991485563072465,0.04499842662882902,0.023995838262473014,FSH
True,0.0,0.9835476446290633,0.20966812862575548,0.11210625650793093,FSH
True,0.0,0.9936022198756918,0.10635186071675373,0.03057708120451412,FSH
False,0.0629226700321166,0.9611466857890143,0.32508439156768937,0.060137342789382216,PGF
True,0.0,0.966868894463226,0.21008787155857941,0.020249911144734102,FSH
False,0.16959600609837844,0.9564890241914694,0.34118203565857064,0.09781376166679182,PGF
True,0.0,0.9869635780501548,0.16982453937509426,0.057467077447171055,FSH
True,0.0,0.9808169874833812,0.22928155313338466,0.12003628073706818,FSH
False,0.09070497004798941,0.968516735695684,0.3301172658201221,0.19394300486557933,PGF
True,0.0,0.9895890658586899,0.12350117478938123,0.014273405854632252,FSH
False,3.0294094103053815,0.8458553325076548,0.4740519867828397,0.0999518913273715,PGF
False,0.35588747324076175,0.9620991492489196,0.35965630505158375,0.18642425864410245,PGF
True,0.0,0.9615432465230319,0.20960385192532605,0.03711156569798552,FSH
True,0.0,0.9512257636857425,0.25024373862834987,0.017010271256603086,FSH
True,0.0,0.9627376688740185,0.21152907919334668,0.02680725936101319,FSH
True,0.0,0.9929973307594676,0.11684651079790778,0.02025033887303593,FSH
True,0.0,0.9854630906550449,0.13096071138025106,0.021121425936013016,FSH
True,0.0,0.9961708454706092,0.07584811881984542,0.009204882551600652,FSH
True,0.0,0.9995964079934665,0.036308807343053036,0.027143249929614397,FSH
True,0.0,0.9996850759655393,0.03253271816320872,0.017222120806857744,FSH
True,0.0,0.9822373753286611,0.23246928020593188,0.14123852278672286,FSH
False,1.7121398807959425,0.8664639061057514,0.4308487631120731,0.06080683577512249,PGF
False,0.03717886824249015,0.9692633554235502,0.3192818225908471,0.14941260487253605,PGF
True,0.0,0.9902888068948689,0.13948944833218418,0.04113220400779377,FSH
False,5.497736165228329,0.8212637595290622,0.5344725179040889,0.1312815248439602,PGF
True,0.0,0.9766225730788821,0.25185927364109334,0.12992992607217646,FSH
False,0.18266015342997746,0.9655215775622409,0.34273875915723073,0.15070914535861238,PGF
False,0.8864819964932635,0.8834238487037372,0.39415317288829216,0.08846302015674812,PGF
True,0.0,0.9980806310209936,0.06231175105794538,0.025407735026681526,FSH
True,0.0,0.9987401304249944,0.05486655142210171,0.021557320609672498,FSH
True,0.0,0.9967297379633158,0.06812550413592912,0.01786719084158741,FSH
False,0.2796420145664808,0.9050311531018915,0.3528811889585021,0.05055555027961145,PGF
True,0.0,0.9964510422006813,0.0788681929517176,0.01730727346620158,FSH
True,0.0,0.9915399538470957,0.10536148215008846,0.01658959407226279,FSH
True,0.0,0.9828207732007356,0.14931282392952577,0.020667130248430695,FSH
False,0.00421694101688015,0.9729568111198441,0.30649379782321573,0.1867765138564707,PGF
True,0.0,0.9987265176664076,0.048134534002542854,0.007074863548851485,FSH
False,0.0017610593093158565,0.9249990629805924,0.30419649771752094,0.02594719280900182,PGF
True,0.0,0.9832063870210425,0.15132452829270837,0.029627084358267733,FSH
True,0.0,0.956370459061793,0.2420381525501493,0.01670417982070527,FSH
True,0.0,0.9742642504224903,0.275559495584279,0.1317984032715094,FSH
True,0.0,0.98918926087468,0.12986447231578122,0.036023861257555266,FSH
True,0.0,0.9992162368703832,0.04663576328292934,0.024627883578518618,FSH
True,0.0,0.98606370186494,0.1422002236749427,0.029664252922153175,FSH
True,0.0,0.9888789836999027,0.15955845238306246,0.08354129814880758,FSH
True,0.0,0.9860578279553712,0.17948623310976414,0.08165740464165747,FSH
True,0.0,0.9964074958327713,0.07191459483620095,0.02036134152301006,FSH
True,0.0,0.9612123023476504,0.22460487804874638,0.025544734897572904,FSH
True,0.0,0.9902971584685415,0.1280832399476237,0.01549873330886685,FSH
True,0.0,0.9711420099896105,0.28906469577435867,0.11195490042924376,FSH
True,0.0,0.9811362578118452,0.2095984587536401,0.0923652154893015,FSH
False,8.100815744507507,0.7953034243822475,0.5846193202245327,0.13294577784225634,PGF
True,0.0,0.9771620979729425,0.17082169063518662,0.0238461376729706,FSH
True,0.0,0.9975474664348891,0.06095865166481013,0.018609064138073148,FSH
True,0.0,0.9865562363501784,0.21114073936765382,0.12336126032943258,FSH
True,0.0,0.994705577788259,0.09634613272626798,0.01930184330469986,FSH
True,0.0,0.9850547161104776,0.1397995999082034,0.025906133205845908,FSH
False,4.350713950566328,0.8319847958804534,0.5085836510986977,0.07788915170946376,PGF
False,1.3681146129043573,0.8708717779813491,0.41696643163336894,0.088710343604383,PGF
True,0.0,0.972086181706264,0.2888526261645558,0.13197201466951278,FSH
True,0.0,0.9973060891222163,0.07002567016025098,0.013214827878725088,FSH
False,0.8665633525508238,0.8803260950142102,0.3930893846016195,0.06527093065558678,PGF
False,3.6931812200262133,0.8380299287030248,0.49217651313379096,0.09785989128280351,PGF
True,0.0,0.9836555191999233,0.19146224209503448,0.045480499649831876,FSH
True,0.0,0.9825513533640058,0.2285818949689505,0.13540247225304458,FSH
True,0.0,0.9966119046376908,0.08012479778501645,0.026751653596763653,FSH
True,0.0,0.9494248287530399,0.256984711910712,0.022279707372412687,FSH
True,0.0,0.9991198426071084,0.03471325123647908,0.01648866103397678,FSH
True,0.0,0.9974916203570359,0.06239983861768429,0.010646528113045827,FSH
True,0.0,0.9853204704038553,0.1521144628110315,0.037085386590177336,FSH
False,0.0012305193181013701,0.930734199252141,0.3035078758787924,0.02333841732513512,PGF
True,0.0,0.9966933109062376,0.08337192243195649,0.02073475023147298,FSH
True,0.0,0.9963349616670807,0.08460278711046598,0.032403424998335484,FSH
True,0.0,0.999128232155453,0.037658844702753005,0.00872266497799661,FSH
True,0.0,0.9988055371129286,0.05795178697887448,0.03551946528642273,FSH
True,0.0,0.952343774988427,0.24654202322923688,0.02606995523808518,FSH
True,0.0,0.9899697834135465,0.15628861114898399,0.08197999146803746,FSH
False,0.0025303944733915196,0.9712071760266152,0.30503030264834186,0.16274424343540006,PGF
True,0.0,0.9995818259942783,0.03941707803667344,0.020871000473829896,FSH
True,0.0,0.9419170636455824,0.27727234301742143,0.038200535506854545,FSH
True,0.0,0.977793902609938,0.25118018067019726,0.12780990628161967,FSH
False,0.048052835431937814,0.9671514333959447,0.32192095696632284,0.12208567838322927,PGF
False,1.0882211377267577,0.9079360629853201,0.3767303408915321,0.04255341583243286,E2
True,0.0,0.9781797120004827,0.1682719533284434,0.02389976320989023,FSH
True,0.0,0.9995916806855187,0.024207230220874617,0.006619596247065695,FSH
True,0.0,0.9772055893538213,0.2494846340512877,0.12587749013083022,FSH
True,0.0,0.9740323593161627,0.2866748989696875,0.16658873802922097,FSH
True,0.0,0.9996944271195383,0.023857169706848754,0.016210577196452237,FSH
True,0.0,0.9290078169395456,0.294654121540192,0.03385195756148503,FSH
True,0.0,0.9940213518549724,0.10124984543334163,0.03353085626823919,FSH
True,0.0,0.976122183675601,0.259379327258092,0.1482159253901038,FSH
True,0.0,0.9769298823515293,0.2730833820037609,0.16798733705371002,FSH
True,0.0,0.9995047690260224,0.02545315462422136,0.0070032315119090026,FSH
True,0.0,0.996406995124843,0.08666581003233681,0.028254118916408565,FSH
True,0.0,0.9993622636214005,0.030158109524778494,0.005329026554473339,FSH
True,0.0,0.9979727756623509,0.06452075011728087,0.024201035349407027,FSH
True,0.0,0.9667733200481091,0.2103006004019425,0.016511646098552678,FSH
True,0.0,0.9835312071397624,0.15597342096143602,0.0303207333623033,FSH
True,0.0,0.9744899114971112,0.25501826350761353,0.09165382103799552,FSH
True,0.0,0.9992074044357484,0.04430295237680238,0.02393235835514799,FSH
True,0.0,0.9996230951399945,0.030055457045316536,0.012989668531742809,FSH
True,0.0,0.9875984506067946,0.1818537976369363,0.08775719122771695,FSH
True,0.0,0.9808818760692181,0.2402285463896552,0.14755853920571305,FSH
True,0.0,0.9931189779642204,0.12775606821506422,0.056816716248914136,FSH
True,0.0,0.9624249880950954,0.21927307569263657,0.020115928086442858,FSH
True,0.0,0.9943130502749329,0.0922358561211684,0.02213389257186501,FSH
True,0.0,0.9950694308224549,0.1180689311291424,0.0625544579418239,FSH
True,0.0,0.9956712730628001,0.07116175972010955,0.014007819331076959,FSH
False,0.8583811871389059,0.8835136644841233,0.39264886330327564,0.09286092511956309,PGF
True,0.0,0.9979062797548174,0.05353665347360239,0.01356514194009988,FSH
False,5.3101652357284435,0.8208637946250227,0.5304379577180904,0.11063721418808174,PGF
True,0.0,0.9843295856758248,0.18988557290587718,0.08686859601229603,FSH
True,0.0,0.997623984784962,0.08529846579370663,0.04813810158528027,FSH
True,0.0,0.9955675886637336,0.09738147000453433,0.039567208177173234,FSH
True,0.0,0.9800497967110731,0.1598775704231223,0.01742041925177211,FSH
False,0.2833194677042015,0.904074770191778,0.3532277622772366,0.044674556416804595,PGF
True,0.0,0.9992676060873654,0.046980320179393104,0.03563365151538444,FSH
True,0.0,0.9938010821813982,0.08870885595620143,0.01221940078719061,FSH
True,0.0,0.9943790361591888,0.09586141794739643,0.012164032896354334,FSH
True,0.0,0.9791246604913455,0.2489835181510318,0.1461683107418239,FSH
False,0.2772448962491592,0.8997123314877312,0.35265404982042303,0.03220487155340189,PGF
True,0.0,0.9971251389524468,0.07136263948941592,0.01982959936769131,FSH
False,0.05970430072860114,0.960064906089196,0.3244344635154122,0.10869175789414601,PGF
True,0.0,0.9265096532731267,0.2944829602950056,0.02888244219137214,FSH
False,0.025713222265643893,0.9700613988439816,0.3160353429229449,0.16035401265584778,PGF
True,0.0,0.9329093286821968,0.2954536590450573,0.035741482658842125,FSH
True,0.0,0.9807275386741313,0.23807336928553355,0.12872281974674088,FSH
False,3.3146161983668785,0.8435090282777148,0.48206087439004786,0.08228134855839755,PGF
False,0.005749407341627908,0.9250000050706397,0.30758248464662336,0.05392600725765761,PGF
True,0.0,0.9979415338683808,0.06219908686567206,0.021024076295886037,FSH
True,0.0,0.974018251266884,0.18023517970907646,0.020469996580949338,FSH
False,2.6365774031515854,0.8511520646041316,0.46237541079706573,0.07450460736545467,PGF
True,0.0,0.9665144837599335,0.20154714264863938,0.03159762343017017,FSH
True,0.0,0.9822937824930231,0.20699665811035708,0.08329272523896512,FSH
False,0.16043426031759697,0.9476321664298262,0.34005424575717247,0.14117893685353483,PGF
True,0.0,0.9885811540637056,0.12384333112130276,0.020509313862670426,FSH
False,0.057070304077395856,0.9704405302206135,0.323889391804187,0.18441871395212733,PGF
True,0.0,0.9371258569798481,0.28410306890364323,0.034013936914504946,FSH
True,0.0,0.9798226618354832,0.22481906340564498,0.0719261420814705,FSH
True,0.0,0.9784233312334671,0.2754468798993514,0.17123151750603569,FSH
True,0.0,0.9885469923716687,0.15360785654778072,0.05240734799293123,FSH
True,0.0,0.9994841347176162,0.030094115571128954,0.011656579783122682,FSH
True,0.0,0.98003140867363,0.1563993220287426,0.02826205110733277,FSH
True,0.0,0.9992416891853481,0.03433831262225347,0.02073646146713535,FSH
False,0.8048866758295634,0.8847075440719172,0.3897154766932419,0.06190095525919362,PGF
True,0.0,0.988206152964644,0.1152760485474952,0.026428633592338335,FSH
True,0.0,0.999188681492755,0.0383462794187778,0.009142000815290248,FSH
True,0.0,0.9759758168979621,0.18535329732947173,0.02857579652220096,FSH
True,0.0,0.9938997095924136,0.1239680781609373,0.06296610381825525,FSH
True,0.0,0.9924794723437461,0.10512025482983058,0.02393869799536998,FSH
True,0.0,0.9966385518900744,0.09134841170440033,0.031918942394482244,FSH
True,0.0,0.9938295236723161,0.10749323966341728,0.04435315092683209,FSH
True,0.0,0.9938018184394938,0.11868701633231865,0.05945001885374712,FSH
True,0.0,0.9919391732064627,0.10100339216512504,0.015627010018479832,FSH
True,0.0,0.9910650232990907,0.14066816605999835,0.048904142873171276,FSH
True,0.0,0.9959497375419201,0.0837437351533515,0.006142044849918601,FSH
True,0.0,0.9535786936064371,0.23696370773106837,0.02719291721853025,FSH
True,0.0,0.9569694532412034,0.23362297484280906,0.015391771924600567,FSH
False,3.706876569656887,0.8379055288426157,0.4925325055583313,0.07810806705381675,PGF
True,0.0,0.998029805668397,0.061063941454209576,0.00895370153218255,FSH
True,0.0,0.9969995830790441,0.06117396943572321,0.017428454901433455,FSH
True,0.0,0.9834184423144754,0.21263186039934,0.10860455726099517,FSH
True,0.0,0.9986378537597805,0.053832738903254504,0.025511255252727315,FSH
False,0.0015382206998487968,0.9702574485746561,0.303922015680551,0.132083847117128,PGF
True,0.0,0.9998320780823525,0.021227785578824356,0.018472589028350302,FSH
True,0.0,0.9820967011419174,0.2164079747893452,0.10407108456193166,FSH
True,0.0,0.999875116785525,0.016396982520455686,0.00926602509747622,FSH
True,0.0,0.9802484979576008,0.16161897587933843,0.025613703246096603,FSH
True,0.0,0.9959512502910811,0.11681408940346698,0.06638266352476696,FSH
True,0.0,0.9933481651752019,0.11843159394615103,0.050117098191494944,FSH
True,0.0,0.9991993437873724,0.03549070135111248,0.014631179482514915,FSH
True,0.0,0.9803649668554207,0.2323775360944914,0.13592481440836673,FSH
True,0.0,0.9987899629795973,0.05721804381397823,0.042842980736055004,FSH
True,0.0,0.9771357601675608,0.263044711391351,0.1556231475205471,FSH
False,0.060779657930100026,0.9560118525347413,0.32465353076743775,0.10024052927405726,PGF
False,5.692865253886351,0.8175022195409803,0.5385972601243851,0.11616106075605817,PGF
True,0.0,0.9740356402454501,0.27413018444034676,0.15358223528362702,FSH
True,0.0,0.997800608374399,0.07309619865964485,0.03880722195507277,FSH
True,0.0,0.9899199476968458,0.11632589955320706,0.022475953952189785,FSH
True,0.0,0.9759264330526427,0.25609277696890936,0.11940590521251687,FSH
True,0.0,0.9881600189564361,0.16628001384443508,0.07697457536866228,FSH
True,0.0,0.9576757046233116,0.2278675136811453,0.025303210130662328,FSH
True,0.0,0.9962286324540641,0.08007304200121798,0.015081659315907641,FSH
False,0.2426227662050662,0.9568464521811668,0.34925675245132043,0.16169221118573485,PGF
True,0.0,0.9777406158915767,0.2545667542997487,0.1454174645129165,FSH
True,0.0,0.9994383217393764,0.036843982586068615,0.010154898729375143,FSH
True,0.0,0.9994430680716044,0.03534425592817516,0.005834588408431869,FSH
True,0.0,0.9404911745605535,0.28458715633918774,0.019986169891096205,FSH
True,0.0,0.9987314306682245,0.04487071451203232,0.0035945568908840077,FSH
True,0.0,0.9490628035201694,0.25153311292935054,0.025776806761796212,FSH
False,0.4451779278788523,0.8957035755211806,0.3667216552461682,0.07689335491516958,PGF
True,0.0,0.997281590700519,0.08554740047629467,0.047834477666887476,FSH
True,0.0,0.999868980924352,0.01842380390998035,0.012836639361157328,FSH
True,0.0,0.9865559630645925,0.14174161412635874,0.014471570567063174,FSH
True,0.0,0.985406869439662,0.19370767764183305,0.06713006979323533,FSH
True,0.0,0.9426291497506409,0.27304869530607245,0.052537325674184766,FSH
True,0.0,0.9366549039050663,0.2914428105185553,0.029047015404896914,FSH
True,0.0,0.9971559884304743,0.07798434040258961,0.021655224682441535,FSH
False,0.02725583996424849,0.9177324173254264,0.3165093427986242,0.036466635279936266,PGF
True,0.0,0.9994131115965119,0.033977239798829814,0.01198131487928992,FSH
True,0.0,0.9928910032247514,0.11295347004185609,0.026566863441834055,FSH
True,0.0,0.9922028310973644,0.10445422988465212,0.014618003804839842,FSH
True,0.0,0.9964066298177211,0.08698720789528439,0.03734658131005702,FSH
True,0.0,0.9905993854048214,0.11482426464462811,0.009121959895750457,FSH
True,0.0,0.9722417184498849,0.18041772358272282,0.03232192159556837,FSH
True,0.0,0.9916586071396848,0.129368339547742,0.04177801366107503,FSH
True,0.0,0.9986868912083516,0.04643052971277852,0.014385185464994068,FSH
True,0.0,0.9968487930651939,0.07004440973679134,0.02245549794809952,FSH
False,0.1877953020504641,0.9590200267049038,0.34333535531762305,0.16297636231932444,PGF
False,0.008053982932541209,0.9229464124037018,0.30897439854950803,0.029783467872045465,PGF
True,0.0,0.9979763664789691,0.054246613261324975,0.02320133850667083,FSH
False,3.4910213844799776,0.8409605412742913,0.486842751651756,0.10933991294849442,PGF
False,0.14061823069313553,0.9126360741034367,0.33749909741488926,0.05602448029015822,PGF
False,0.0775222074761287,0.9680235430573603,0.32784281010891836,0.14974455408037848,PGF
False,0.5036168533534474,0.8905230985097252,0.37096596743182236,0.06848948056368714,PGF
False,0.1595844625299144,0.912296013523356,0.3399480240474938,0.022195998780654317,PGF
True,0.0,0.9783214411929374,0.24540337421963704,0.11514433644245384,FSH
True,0.0,0.984870135437969,0.20105862214177686,0.11310911412099844,FSH
True,0.0,0.9877921931323717,0.12377463239004285,0.015774660090286004,FSH
True,0.0,0.9972327915673531,0.06416480015948729,0.028419516230655393,FSH
True,0.0,0.9643693612020205,0.21030909826181687,0.024846406493336123,FSH
False,0.1881628375741896,0.9576222652263819,0.3433777405559798,0.13073107510544887,PGF
True,0.0,0.9840365430805684,0.21755081014245228,0.1275402366993868,FSH
False,2.905462459866545,0.8490158277005995,0.4704541715496146,0.09717179599517363,PGF
False,0.43854132846158667,0.9009957316271131,0.36622245302475487,0.02136556050220337,PGF
True,0.0,0.9919665243687307,0.12155352590329069,0.04966826856174611,FSH
False,0.36820531518991273,0.8960203219945034,0.36067992379608865,0.04804317830989944,PGF
True,0.0,0.9932996255531477,0.12010183821614266,0.04588584418092755,FSH
True,0.0,0.9313129447000835,0.2893106907678813,0.03596466447742089,FSH
True,0.0,0.9932818887678677,0.12384171596716319,0.035736358471629544,FSH
True,0.0,0.9859452764738985,0.132373353678312,0.02756141136675026,FSH
True,0.0,0.9995239670331195,0.025722048422424062,0.009589366145574749,FSH
False,0.015128379939622716,0.9712765991577011,0.31229974794035337,0.17943527139940124,PGF
False,0.0076089383256744015,0.9709601955748172,0.3087229228620196,0.17654011575209108,PGF
True,0.0,0.9991030998707487,0.04506381913793216,0.02268349246417836,FSH
True,0.0,0.9886317029639878,0.1364239899709684,0.03856288827488006,FSH
True,0.0,0.9859279542055319,0.1888305548236952,0.09365494211296105,FSH
False,0.002212726562904789,0.922899544374382,0.3047039627580422,0.04582670360067911,PGF
False,2.095458146089015,0.8590945766259829,0.44475697379017753,0.09431037234421145,PGF
True,0.0,0.9714303904242293,0.29083667000404345,0.13027675004537698,FSH
False,1.123094854245248,0.8785735496833356,0.4059761696913626,0.04562885881425068,PGF
False,2.0026658282845577,0.859578214074344,0.4415155761138878,0.10027799108137044,PGF
True,0.0,0.9934766688184842,0.10005581851460574,0.013846459545142398,FSH
True,0.0,0.9992661144522504,0.0359162298774963,0.012096748387025779,FSH
True,0.0,0.9716226742276785,0.1918170360103628,0.020770839240744205,FSH
True,0.0,0.9747548661163223,0.2746492150263051,0.14093844016047807,FSH
True,0.0,0.9661426711572877,0.21688904375208287,0.014220259973784842,FSH
True,0.0,0.931993560982393,0.28684746964395763,0.030397930538166026,FSH
True,0.0,0.9399142098144746,0.27554252090679177,0.025091983190757627,FSH
True,0.0,0.9948487708960212,0.1047102344753761,0.036227737502319064,FSH
True,0.0,0.9989444657752273,0.06309787313326466,0.037187477394384855,FSH
True,0.0,0.9756938668615743,0.2627483377891719,0.12644756062385207,FSH
True,0.0,0.9991052732721235,0.03578017386647241,0.009929375532681129,FSH
True,0.0,0.984284778538602,0.21818997936040618,0.12883233242485875,FSH
True,0.0,0.9611966960154321,0.22453316520179162,0.018286786446282503,FSH
True,0.0,0.9832752509255299,0.20972004243695716,0.09715288878259958,FSH
True,0.0,0.9844048900688868,0.15883388062511866,0.020801295072184194,FSH
True,0.0,0.9739445434015245,0.2919531843026258,0.1647931949440223,FSH
True,0.0,0.9729042299176196,0.27965974994107334,0.1277194524331894,FSH
True,0.0,0.9995945227480242,0.02589080157999461,0.011732370022874543,FSH
True,0.0,0.9991757864290098,0.03993984445293706,0.004984271312877182,FSH
False,0.10306147472014024,0.9657422490783489,0.3321031890503327,0.12402511842997255,PGF
True,0.0,0.9889230946601825,0.15838137659718005,0.06983616389318477,FSH
True,0.0,0.9813468389353872,0.21869559925121074,0.1069730102446557,FSH
True,0.0,0.9999143060730536,0.016297672193867668,0.011529628097259433,FSH
True,0.0,0.999948569135376,0.011670654192239236,0.0065563559036851205,FSH
True,0.0,0.999533221909078,0.0281411050960006,0.011202283648880419,FSH
True,0.0,0.9959922426985338,0.08648798918232045,0.030561027172533485,FSH
False,2.1217226919137775,0.8584705295084517,0.4456613432559846,0.09593324165078929,PGF
True,0.0,0.9700707882835127,0.29189248205618673,0.0953118180270434,FSH
True,0.0,0.940718607187244,0.27661534809120275,0.031659082572758526,FSH
False,0.015458820623390655,0.969560710185195,0.3124333505634606,0.15286635364501383,PGF
True,0.0,0.9333487544085705,0.29856368902022706,0.024564608835594283,FSH
True,0.0,0.9906382810780617,0.16977343083836852,0.09613909914518695,FSH
True,0.0,0.9994360441465808,0.029529505165449492,0.0060460048125947664,FSH
True,0.0,0.9933039973122326,0.12472156640734479,0.05865946980732334,FSH
True,0.0,0.9998711297167878,0.022881841068572377,0.016472294737928196,FSH
True,0.0,0.9894154653277825,0.1515090468769891,0.0589825286316917,FSH
True,0.0,0.9996211652247928,0.025114904425703546,0.0138531731780804,FSH
True,0.0,0.999554345209216,0.033060128301734125,0.011686058563228246,FSH
False,4.156206005801062,0.8339496492758308,0.5038677513929327,0.09616242179791837,PGF
True,0.0,0.9929480081641718,0.09424190099329538,0.020458220363892485,FSH
True,0.0,0.9995914110589941,0.034750220654575135,0.03231768549350643,FSH
True,0.0,0.9792504223355123,0.17182454363047905,0.02349583147286472,FSH
True,0.0,0.994822747857914,0.09475743518118682,0.018935481788840643,FSH
False,0.11942938546624952,0.9140343212115953,0.33455855689496444,0.039108825172790816,PGF
True,0.0,0.9944450586484228,0.09068250650504654,0.024259133180936057,FSH
True,0.0,0.9995648688752008,0.0277173125268987,0.015360664606511807,FSH
True,0.0,0.9986277609589739,0.04014917964022693,0.021338148175173998,FSH
True,0.0,0.9733992412114488,0.19641317547499318,0.016688221688684324,FSH
True,0.0,0.9740364825977418,0.2856064917781536,0.15687440930230478,FSH
False,0.47549197336906646,0.8937383588505814,0.3689559260230088,0.057765732747387714,PGF
True,0.0,0.985480093602402,0.18539424567049578,0.09642744799560006,FSH
True,0.0,0.9886875292081294,0.11548936868807916,0.02435947085843893,FSH
True,0.0,0.971888459765163,0.18498182802786103,0.019834976635252438,FSH
False,1.8646094729627076,0.8667677434205165,0.43655070387818246,0.1198741994950437,PGF
True,0.0,0.9998872780175107,0.013155876743379468,0.009577814645048364,FSH
True,0.0,0.9832817436687724,0.16308818111746926,0.0402874374993593,FSH
True,0.0,0.9857161369529911,0.13145209866110744,0.02457537783023347,FSH
True,0.0,0.9947133088674766,0.0956178071041101,0.028644625238544573,FSH
False,1.0199069773267668,0.8792557292919938,0.4009904439700493,0.08431703929283212,PGF
True,0.0,0.999292885458433,0.0349766435501787,0.011919778334118503,FSH
True,0.0,0.9745608619883882,0.28029072799169064,0.15859989854335527,FSH
True,0.0,0.997484231704954,0.0741042379258298,0.018159222727050686,FSH
True,0.0,0.9832698715449599,0.1910323639572132,0.06269580687805418,FSH
True,0.0,0.9993184689713209,0.030986051551815826,0.010102005675918716,FSH
True,0.0,0.9961951807705277,0.09939115576881688,0.053818454413905426,FSH
True,0.0,0.9756772663523593,0.25764492583841686,0.10252560296215962,FSH
True,0.0,0.9722394058127719,0.28567047565198866,0.13901923579429157,FSH
True,0.0,0.9911807212346063,0.1352692291187581,0.03442775012315516,FSH
True,0.0,0.9929503597150665,0.12149522759793493,0.04885269054105259,FSH
True,0.0,0.9843529434802677,0.1980593062857164,0.09097386955174928,FSH
True,0.0,0.9936677943012248,0.0906100829660378,0.015210671263155938,FSH
False,0.005259597140715835,0.9711182272832972,0.30725230800553577,0.16490973447486654,PGF
True,0.0,0.9948294119123122,0.09861142997792509,0.016830062969024676,FSH
False,4.2973871765802175e-05,0.9740855727442733,0.3006555445962389,0.18570239631129926,PGF
True,0.0,0.9881328649362732,0.17343386568612723,0.07655677930637393,FSH
True,0.0,0.9826614026401708,0.22813771263901056,0.12954226522302703,FSH
True,0.0,0.9669625764996079,0.2148503712121537,0.030945901641799722,FSH
True,0.0,0.9983399028156751,0.060200150464770515,0.016197253534314855,FSH
True,0.0,0.9989140800319718,0.050996797980140236,0.01961583323761624,FSH
False,2.0489670707667478,0.8613133227738069,0.4431421346343119,0.09399663221060563,PGF
False,1.6464285320218444,0.8679814960685565,0.4283132312749486,0.07636494888890138,PGF
True,0.0,0.9465768786272826,0.26309702572368365,0.034937366660242365,FSH
True,0.0,0.9842571584649589,0.1462187772598035,0.013320966849971356,FSH
True,0.0,0.9623243655067192,0.2221818065322999,0.012184746080669672,FSH
True,0.0,0.9999119688290193,0.013138922412785702,0.00840129719767303,FSH
True,0.0,0.9925106035999165,0.13759368289288473,0.07615624100624077,FSH
True,0.0,0.9892045208835263,0.1750558539903805,0.0992594308451752,FSH
False,0.03889303844049997,0.9163178990004934,0.3197213180189611,0.0446689447801699,PGF
True,0.0,0.9532299205790772,0.23984359001381456,0.03099722155349213,FSH
True,0.0,0.9936385829036222,0.1258177121836286,0.06378724013748327,FSH
True,0.0,0.976615062073613,0.2640528305696474,0.13816970333098394,FSH
True,0.0,0.9997996382011676,0.0347034936439964,0.0270978211242727,FSH
True,0.0,0.9721270730289676,0.283304014685677,0.12761273418535993,FSH
True,0.0,0.9726395528481216,0.29543968799689363,0.1633058721352347,FSH
True,0.0,0.9438107939240272,0.2668017475742176,0.020540681451280938,FSH
True,0.0,0.9817143556250142,0.15731873982843955,0.01879574612604621,FSH
True,0.0,0.9922491493681104,0.10476065730582991,0.015627570625595128,FSH
True,0.0,0.996800361925748,0.10343087108282449,0.062441619841293476,FSH
True,0.0,0.9849739228057662,0.15247016281707623,0.013112192361212447,FSH
True,0.0,0.9879931694705221,0.1618331738675525,0.07227612862944918,FSH
True,0.0,0.9770741601075768,0.24413975711026611,0.10696696836128934,FSH
True,0.0,0.9974569236681138,0.06831969931782071,0.029459923243392524,FSH
True,0.0,0.9976477322874416,0.07698454445856237,0.04258442665576695,FSH
False,0.007006544493507778,0.9205104406482236,0.30837051043456,0.03381139259280366,PGF
True,0.0,0.9718521913480297,0.2927423226966202,0.15579188149073678,FSH
True,0.0,0.9555672245222934,0.22794683317161152,0.0392860886919514,FSH
True,0.0,0.9990476882468362,0.037581343319672084,0.009812779529092847,FSH
True,0.0,0.9986572263440652,0.042732495964029976,0.011251071288083704,FSH
True,0.0,0.9985630986792672,0.046095961660578486,0.0035561156483933255,FSH
True,0.0,0.9979763586760169,0.05306855412164645,0.010193224297713,FSH
True,0.0,0.9787652926673088,0.23004950473558147,0.09808948639578391,FSH
False,1.7747633207606164,0.8644997532988526,0.43322024323505104,0.06411679368545288,PGF
True,0.0,0.9993081794647269,0.050263373507437266,0.025955086377105058,FSH
True,0.0,0.9562255665584983,0.2306717878838111,0.02619619569169466,FSH
True,0.0,0.9856390522165374,0.18695289553181946,0.09039377906330238,FSH
True,0.0,0.9867674984708931,0.1812228286759776,0.08322973437695094,FSH
True,0.0,0.9869513113477032,0.14221036292232253,0.011237763382758163,FSH
True,0.0,0.9913349925450118,0.10287237701019103,0.018540357405413925,FSH
True,0.0,0.9836675667584037,0.20248348949764156,0.10261706944160483,FSH
True,0.0,0.9495435420744527,0.24902969588996302,0.02603446186538968,FSH
False,4.398293239097726,0.8307121700169352,0.5097210823712706,0.08963597275762329,PGF
True,0.0,0.9831871622620174,0.15567125180527008,0.011139636957682046,FSH
False,0.033486990631465395,0.967205813040325,0.31829945098396817,0.11180974599110031,PGF
True,0.0,0.986485246617614,0.18652973988782606,0.08274134839027561,FSH
False,1.01847658467549,0.8817284409235133,0.4009196009046553,0.0552822793625326,PGF
False,0.00010931701487082736,0.968293904230492,0.30104554777447434,0.10403536020927029,PGF
True,0.0,0.9863935297675906,0.17741628052810038,0.09178497637980543,FSH
True,0.0,0.9959799830055815,0.08917497007442461,0.03358707951638826,FSH
True,0.0,0.9973090104188205,0.06305104167000955,0.012706785714684012,FSH
True,0.0,0.9813469772487028,0.21469662880268559,0.11999785733076464,FSH
True,0.0,0.9993464222397366,0.03792153553690188,0.032272582199287296,FSH
True,0.0,0.9505911806611345,0.25336327034354855,0.023983615037331252,FSH
False,0.2859594293218749,0.9046429070269327,0.35347517455061506,0.07336322595625723,PGF
True,0.0,0.9980639855902398,0.0572735264439123,0.008338433978280322,FSH
True,0.0,0.9807724962237828,0.2303693929715137,0.11638808020030121,FSH
True,0.0,0.9420930741908679,0.27023468941443035,0.015231418283088284,FSH
False,2.2848081560676405,0.8578894746355303,0.45115581881183536,0.09451550070367441,PGF
True,0.0,0.9990591362359179,0.045798478032753845,0.010048826378519225,FSH
True,0.0,0.9470733856219067,0.25921112667450774,0.0211762432047847,FSH
True,0.0,0.9919695721859159,0.12242050248328763,0.027945465853240797,FSH
True,0.0,0.9822112527204157,0.24995441919656566,0.15330396246945713,FSH
True,0.0,0.9997913483149394,0.018960946124237446,0.010683615223616208,FSH
True,0.0,0.9794607887411579,0.24004291301397657,0.10570383344319087,FSH
True,0.0,0.9990886287307308,0.04324902478516258,0.03966524113591704,FSH
True,0.0,0.9855877988484221,0.19100004031289955,0.09390314747594841,FSH
True,0.0,0.9950588461830339,0.0926375220838237,0.007226605626559812,FSH
True,0.0,0.9838178406009795,0.1883129902032989,0.07519948757342822,FSH
False,0.23589767563392586,0.9024653800159841,0.3485692984954411,0.04327921269405138,PGF
True,0.0,0.9910624576210538,0.10826159774200528,0.019117436631908787,FSH
False,4.687961401671467,0.8299533110138211,0.5165170062990773,0.12520262533878185,PGF
False,0.020075780286761144,0.9710114532590398,0.3141689026698475,0.17360722725597277,PGF
True,0.0,0.9827320334361028,0.20331198487832117,0.08196980841671091,FSH
True,0.0,0.997027569088333,0.06839003664387797,0.017812155878028053,FSH
True,0.0,0.9921051688364475,0.09599624154712134,0.02692243535703899,FSH
True,0.0,0.9956554921212996,0.09816748522903768,0.04090088368923057,FSH
True,0.0,0.9922408906979744,0.13432661905471982,0.0649726850964911,FSH
True,0.0,0.9935763881518725,0.115821579863671,0.058015482068449684,FSH
True,0.0,0.9965998531188459,0.0893719638839656,0.035719991098965946,FSH
True,0.0,0.9957164964807117,0.09310007814062592,0.03320365623851074,FSH
True,0.0,0.9846234461753178,0.19585443668654823,0.07227020904861778,FSH
True,0.0,0.9817013548526105,0.2262612542826047,0.10823926063822652,FSH
True,0.0,0.9444434620511027,0.27294445913737475,0.03548927952941269,FSH
False,3.739781270671394,0.8391602057547017,0.4933851408632885,0.11947150504656352,PGF
True,0.0,0.9846878627218228,0.19484052154249543,0.08654658728246753,FSH
True,0.0,0.9856456005190528,0.1426280866663706,0.018208877394757697,FSH
True,0.0,0.9483411947762046,0.2568278953673147,0.02909716055636299,FSH
True,0.0,0.9996827734403347,0.03222090705776467,0.026936323378450203,FSH
True,0.0,0.999377548760824,0.03190000384703833,0.010882186881807067,FSH
True,0.0,0.9770823029313028,0.25970765817422636,0.1550211898217631,FSH
True,0.0,0.9769187138201152,0.25777936722043243,0.14793991570210327,FSH
True,0.0,0.9904373964219212,0.10695426550796794,0.020502298430582783,FSH
True,0.0,0.9990765678243718,0.037138863151420315,0.011137347452420664,FSH
True,0.0,0.9905910532485296,0.14889230937259376,0.0705753436044036,FSH
True,0.0,0.9811883495786886,0.23258613099170683,0.13638942699412487,FSH
True,0.0,0.9794221944229192,0.15872430610942256,0.02109120375350943,FSH
True,0.0,0.9784878404390115,0.182155588389477,0.04262852188451616,FSH
True,0.0,0.9940049281668386,0.11686976798393604,0.05460733269332766,FSH
True,0.0,0.9876728167122403,0.13901991780761702,0.00678433790360967,FSH
False,5.891056434476506,0.8156761283727769,0.5427149858265143,0.12360972311634742,PGF
True,0.0,0.9715258273922838,0.2998511535632537,0.14664955221996567,FSH
True,0.0,0.9996782777053451,0.04029129731909074,0.024247165076055906,FSH
True,0.0,0.9789463503658923,0.17290109784777097,0.008908509738001065,FSH
True,0.0,0.9957734201357876,0.0872378463486188,0.03163643914593544,FSH
True,0.0,0.9914351954118902,0.11693759731182342,0.031981893885052244,FSH
True,0.0,0.9950529990661455,0.09849871092769691,0.039427573985126224,FSH
True,0.0,0.9988701329983608,0.03645683488938562,0.017761786844733066,FSH
False,0.81815246488869,0.8855098157317165,0.39045178079444814,0.04484269941137988,PGF
True,0.0,0.999697605988916,0.022132878877655235,0.0065413202671392836,FSH
True,0.0,0.9998346626655176,0.024372538471272732,0.016554416377368156,FSH
True,0.0,0.9731933947685767,0.19381831916716633,0.024655016054299417,FSH
False,0.5030277421860294,0.8957508567485948,0.370924448689153,0.03565991085615743,PGF
False,1.0985543376510036,0.8799703093774751,0.4048119429097182,0.054568084711145284,PGF
True,0.0,0.9759844632662841,0.26378150473277073,0.1330321073591906,FSH
True,0.0,0.9989041509254314,0.05351322718152721,0.03848612789747912,FSH
True,0.0,0.997653537021946,0.08982167629806001,0.05280976701975383,FSH
True,0.0,0.9687073938879941,0.28969853326924533,0.08467419754290233,FSH
True,0.0,0.9613031122470117,0.21698034421673623,0.026575537797618166,FSH
True,0.0,0.9992436566558273,0.057754977033606394,0.04190917156558953,FSH
False,0.0968702251313079,0.9120555787633301,0.3311239819321545,0.05843497938864355,PGF
True,0.0,0.9850443407482337,0.20974616298261073,0.12419975875218195,FSH
True,0.0,0.9918234287480755,0.1079223114820338,0.02158035919035965,FSH
True,0.0,0.9848911532765116,0.14847126559983537,0.02078453305753551,FSH
True,0.0,0.9918003661623036,0.14167305766994695,0.07406539392618179,FSH
False,0.4985191018429733,0.8956981046318163,0.37060588515435333,0.036882338917556774,PGF
True,0.0,0.9994909877903199,0.030842566265287804,0.010826918492446928,FSH
True,0.0,0.9963153529524378,0.06870749742081553,0.01375687938049349,FSH
True,0.0,0.9794078641813928,0.24483096491845976,0.14375007007200397,FSH
True,0.0,0.9992887557941843,0.031024277805923296,0.01366667955811485,FSH
True,0.0,0.9850843545774999,0.2171103769090528,0.12884595713713926,FSH
True,0.0,0.986847809628743,0.18069218906855003,0.09257765872903723,FSH
True,0.0,0.9840548209610365,0.20869955341509874,0.12053809116570034,FSH
True,0.0,0.9951202957816953,0.08902649594273561,0.027565300131302,FSH
True,0.0,0.9884412183693737,0.1581252524726499,0.03853872046928641,FSH
True,0.0,0.9998813577327408,0.01485077714253037,0.012258232235194259,FSH
True,0.0,0.9853518071478721,0.21426611398570702,0.12739607624595925,FSH
True,0.0,0.9875460358185673,0.1637317188793901,0.07835835033900927,FSH
True,0.0,0.973943227487739,0.29355574834281506,0.16671388717112204,FSH
True,0.0,0.9942125217650706,0.10595674046879508,0.010692579380592997,FSH
False,0.006540446692799851,0.9700192111548406,0.30808730282158386,0.1491082007631357,PGF
True,0.0,0.9923052720534556,0.12138785911329324,0.04673955551300962,FSH
True,0.0,0.999743930159811,0.023054208182014774,0.007913742268067958,FSH
False,2.3826810040625315,0.8570464965410992,0.4543593535896847,0.08307432651942467,PGF
False,4.096703241048407,0.8348681007926967,0.5024031432821241,0.1181060208858208,PGF
True,0.0,0.9913455809767018,0.14694068076914335,0.07679705390247452,FSH
True,0.0,0.9994950150478873,0.029915011250542845,0.007663341437502196,FSH
True,0.0,0.9972917711907101,0.07467870172478136,0.01813821008106414,FSH
True,0.0,0.9996942028057766,0.024879610059332424,0.0132059695380307,FSH
False,0.0007857414355535207,0.9715914358448879,0.3028031079814262,0.1548295052976232,PGF
False,0.07059803005704623,0.9571115478764738,0.32657028980968145,0.09188719310197722,PGF
True,0.0,0.9998774525641895,0.016007314990411355,0.01509277861708262,FSH
False,1.5054276807164442,0.8710184637270363,0.42269587119037233,0.06155383318548274,PGF
True,0.0,0.9441414513329417,0.2725194076762834,0.02427178234064805,FSH
True,0.0,0.9379413274371458,0.27890849303563753,0.030248483814463132,FSH
True,0.0,0.9865264138138601,0.14073162802923012,0.023753894787872275,FSH
False,0.10480367159425559,0.9690711358709043,0.33237339518713716,0.19100428181508453,PGF
True,0.0,0.9893337364140034,0.1170357044934161,0.0123922122801558,FSH
True,0.0,0.9997681566110227,0.024847406671761683,0.018661413647677046,FSH
True,0.0,0.9897510028870087,0.11458923012306677,0.022187271265683373,FSH
True,0.0,0.9974676874591918,0.07635164674834166,0.03848174387961947,FSH
True,0.0,0.9939145586295527,0.08940922549718695,0.014732922212521982,FSH
False,0.00026751018395530687,0.9270395353156119,0.3016355738563431,0.02791190567033094,PGF
True,0.0,0.9781536377137348,0.24939804505201724,0.13493382641701931,FSH
True,0.0,0.9748402086554858,0.2729502956375613,0.14206791280712197,FSH
True,0.0,0.994400741606342,0.10059052513732121,0.036792737667770165,FSH
True,0.0,0.9754522481561511,0.1743956993606663,0.024992304865819243,FSH
True,0.0,0.9767193303926899,0.2583455761004847,0.136480195023527,FSH
True,0.0,0.9996632112969348,0.02865134125056312,0.022024001333131905,FSH
True,0.0,0.9964129482000442,0.0863716095490806,0.0347634623940507,FSH
True,0.0,0.9724720992268345,0.18419268506198602,0.026001704223722822,FSH
True,0.0,0.9929457148534079,0.10504837687301048,0.026775771406920154,FSH
True,0.0,0.9932787131284456,0.12077220492443766,0.05465560226116069,FSH
True,0.0,0.9933425161850196,0.1151865762601074,0.03556058518558485,FSH
False,0.0014893722417459233,0.9689910524458514,0.3038592385800128,0.11406836351148832,PGF
False,0.03278837969719546,0.9701352163008954,0.31810756187265293,0.1699159349919254,PGF
True,0.0,0.9994398997972015,0.039684847820425216,0.022024947168557636,FSH
True,0.0,0.9798825622040723,0.1777139560244831,0.042115716794535865,FSH
False,0.3374948247317373,0.896236997443171,0.3580943047752305,0.05167899861076371,PGF
True,0.0,0.9869504680198448,0.17028910255703159,0.08548344608749849,FSH
False,2.1939242189709627,0.8586876170593613,0.44811901359957007,0.08561640049298455,PGF
True,0.0,0.9372771594879392,0.2870246555717115,0.031111709508865874,FSH
True,0.0,0.997345378765836,0.07479956936152508,0.02321560774629798,FSH
True,0.0,0.9394616973898909,0.2777170937806244,0.03128034351450303,FSH
True,0.0,0.9890295288321533,0.18723232560699338,0.10989951838279333,FSH
True,0.0,0.9853741602057936,0.21472548531969898,0.1281681521341157,FSH
True,0.0,0.9985544693798917,0.04421355727583944,0.005996941271096807,FSH
True,0.0,0.9714214591945859,0.19144226517029206,0.023379648947915683,FSH
False,3.4475700904687026,0.84222611993997,0.48567633372265573,0.1261149072304083,PGF
True,0.0,0.9796956486694219,0.16230401483521342,0.021912108860821643,FSH
True,0.0,0.9963601985159536,0.08295945966067399,0.038929132272493006,FSH
True,0.0,0.9991547822675192,0.04859034953756374,0.03260194558250548,FSH
True,0.0,0.9994350310396317,0.033237181758097444,0.01129620444351429,FSH
True,0.0,0.9933851848070836,0.10366275408141136,0.01886291863939119,FSH
False,2.1918267791550283,0.8591551029594809,0.44804819415160146,0.09653048827479038,PGF
False,0.034291038250952456,0.917294441370149,0.31851783957457036,0.03928758761572301,PGF
True,0.0,0.9897535768879656,0.1541779399547612,0.0729286580018772,FSH
False,0.022502272878645927,0.9694178721200835,0.315000757607083,0.15277158787444325,PGF
True,0.0,0.9982298912862078,0.06899456985498921,0.034050966768260034,FSH
True,0.0,0.9928261734321451,0.10838397053158325,0.01952712627936893,FSH
True,0.0,0.999665920997083,0.03206798547860641,0.019948946573831422,FSH
False,0.044796772565211106,0.9151771484090772,0.3211652480649793,0.044340654579438345,PGF
True,0.0,0.9962561533171026,0.08470704932640012,0.025111668319040013,FSH
True,0.0,0.9796249781190747,0.22574591857457224,0.10134246192112396,FSH
True,0.0,0.9797438749026133,0.22157678592558752,0.06171980034038794,FSH
True,0.0,0.944336236275548,0.2727090702752878,0.01885436350459865,FSH
True,0.0,0.9879640735812266,0.13070790849041142,0.018330615971985917,FSH
True,0.0,0.9984543729774881,0.05469366060444028,0.00782871610653845,FSH
True,0.0,0.9962484701217635,0.08088731966329513,0.029507758234397025,FSH
True,0.0,0.9988205161760165,0.056898364131324014,0.026011030584172357,FSH
True,0.0,0.9726871613178486,0.2884140159766828,0.14049129214154382,FSH
True,0.0,0.9718102652282893,0.2944865878386169,0.1508366971997769,FSH
True,0.0,0.9863781363743676,0.1499277219317985,0.03982707908183611,FSH
False,0.2396424802422698,0.9075793898908724,0.34895329204887754,0.055053242491143524,PGF
False,0.23245243907100716,0.9033705542904317,0.34821332171412867,0.05286523807066499,PGF
False,2.0236208030035256,0.8591843661306287,0.4422540264106266,0.0742602476388077,PGF
True,0.0,0.9792763053287497,0.22988900209459567,0.11426436964526508,FSH
True,0.0,0.9994997510192235,0.03664703868342571,0.012070016118644148,FSH
True,0.0,0.976005129639145,0.18960123058584977,0.037403923708911845,FSH
True,0.0,0.9802928156928243,0.22235278468737565,0.12293580207436126,FSH
True,0.0,0.9938502615238968,0.08379994700553638,0.024130927104643724,FSH
True,0.0,0.9469418141846356,0.25421447952265025,0.028573675195904983,FSH
True,0.0,0.9850896109961624,0.1823509810682383,0.0827125545035636,FSH
True,0.0,0.9895659561960002,0.14299511114458138,0.04918937279209398,FSH
True,0.0,0.9997703281584652,0.019187003435381704,0.014580144347479342,FSH
True,0.0,0.999074865035091,0.036441167487481246,0.008825359778712046,FSH
True,0.0,0.9944151605434826,0.09008137662881908,0.025797335123413232,FSH
True,0.0,0.9833207256057053,0.21724639753939762,0.12985202976017704,FSH
True,0.0,0.998194445740343,0.052335659310004466,0.026256651182473143,FSH
True,0.0,0.9884304730748409,0.15715293600482766,0.07031348469682346,FSH
True,0.0,0.9573864700919323,0.24215412075360807,0.025159211493135103,FSH
True,0.0,0.9699724512003807,0.19290705244959636,0.019855490711440504,FSH
True,0.0,0.9999248081685226,0.010579901425129701,0.004357429207803748,FSH
True,0.0,0.9922324072439103,0.1297055398199002,0.017767506629587964,FSH
True,0.0,0.9917724833781213,0.10711518245910155,0.02017740015169004,FSH
False,3.066571106200469,0.8939826559851415,0.44387638937364526,0.03002001716902398,PGF
True,0.0,0.9750943695815757,0.2609516151366552,0.12914093447075697,FSH
True,0.0,0.9701792822485897,0.2950244648914121,0.12115587586485557,FSH
True,0.0,0.9853138428923977,0.14553793694211561,0.031108577643742384,FSH
True,0.0,0.9964385380896176,0.07600616368583195,0.027336957451013263,FSH
True,0.0,0.9963060538658823,0.08297614222428353,0.024117903747856363,FSH
True,0.0,0.9717950663931816,0.29378424446750495,0.15344366531633888,FSH
True,0.0,0.9743988502714477,0.18112413460275006,0.027025032216471255,FSH
True,0.0,0.9972826815731091,0.05637822900496459,0.023197918442922454,FSH
True,0.0,0.9737545976806926,0.1895738664646634,0.02668235087774249,FSH
True,0.0,0.9968585803193987,0.08526797717029984,0.015781163775194812,FSH
True,0.0,0.9773163653624592,0.2525330189516635,0.11993693056123772,FSH
True,0.0,0.9812836065162751,0.23285255567451923,0.1316154545906569,FSH
True,0.0,0.9993985816861154,0.03994187154991284,0.036423807041205965,FSH
True,0.0,0.9955001929380912,0.09940679729546624,0.036706347845877445,FSH
True,0.0,0.9997108679953824,0.024794976546645534,0.015869862863563178,FSH
False,0.7346685275366157,0.8870945870177283,0.38571280695068944,0.0805715309275174,PGF
False,1.32895460253383,0.8744646586616832,0.41528029330869304,0.09162357657970485,PGF
True,0.0,0.9592431805737389,0.22883444011990361,0.01977937230433325,FSH
True,0.0,0.9639558773909815,0.21293042116891628,0.023775468450330666,FSH
True,0.0,0.9787032015905607,0.24472452481956133,0.14394981151954006,FSH
True,0.0,0.9543930213053045,0.24458319962654373,0.0235140127074881,FSH
True,0.0,0.975919032983997,0.2678664353192992,0.1426993506365214,FSH
True,0.0,0.9998740182806228,0.016941030328606107,0.016220103181373187,FSH
False,6.637309028523165,0.8086392885610678,0.5576297542700215,0.11755019460408091,PGF
True,0.0,0.9850890808885133,0.18910065450263697,0.07911554270022046,FSH
True,0.0,0.9961183027090461,0.09520708479009396,0.04588017658047778,FSH
True,0.0,0.9912124518962258,0.11400419529684679,0.014824356341005186,FSH
True,0.0,0.9954200745396655,0.10698406424554929,0.0509699122138578,FSH
True,0.0,0.9999000905601511,0.015343985832644435,0.005542827347535879,FSH
False,4.456389166513478,0.8301757986368317,0.5111016145488584,0.11361364199971626,PGF
True,0.0,0.9849147435334903,0.17560434401917827,0.06453898331757676,FSH
True,0.0,0.9981684981171852,0.07005918706188805,0.041995108122257534,FSH
True,0.0,0.9785121973202948,0.24590982670531547,0.13360160492897968,FSH
True,0.0,0.9935546264781928,0.1109511209832992,0.028500460176482036,FSH
True,0.0,0.9993836267780619,0.044909065652950386,0.026986871306246944,FSH
True,0.0,0.9969987362647207,0.07680574693246044,0.030601436215793622,FSH
True,0.0,0.9863352396024955,0.12800681613259035,0.026562300577804423,FSH
True,0.0,0.976237490881955,0.2563188072742408,0.11891375249827305,FSH
True,0.0,0.9956257176268053,0.087815054727109,0.013845619804605087,FSH
True,0.0,0.9989030554132959,0.0406567072742291,0.00895452267790565,FSH
True,0.0,0.9878314487599725,0.18730144233477572,0.10720202650342846,FSH
True,0.0,0.9933219720389931,0.09285238474271029,0.019676755116628475,FSH
False,0.21014834048161465,0.9055034108941513,0.3458419393657832,0.03699479488022756,PGF
False,1.6060378198666225,0.868859523449341,0.4267295474570403,0.07104012002394623,PGF
True,0.0,0.9839343673668304,0.20414331556012275,0.10774475096980228,FSH
True,0.0,0.9814092649891167,0.2112748326074252,0.09097268294300627,FSH
True,0.0,0.9902384658367882,0.13020419587679682,0.03776049863472158,FSH
True,0.0,0.9666395291224757,0.20391592947558793,0.027186534925010875,FSH
True,0.0,0.9964340385925121,0.06893321105934683,0.015114584324906014,FSH
True,0.0,0.9995906681874306,0.03722848082525614,0.02828890876346229,FSH
True,0.0,0.992935754351329,0.12635837468703168,0.055123066577287556,FSH
True,0.0,0.9729971283958407,0.19091010565463956,0.015927366268524538,FSH
False,0.13332200585490567,0.9092153529743724,0.33651328605520264,0.04489224371090765,PGF
True,0.0,0.9505018035990208,0.24216864563711704,0.033306344432145016,FSH
True,0.0,0.9831818655919161,0.22679682597320905,0.12844813671829042,FSH
True,0.0,0.9939771377496338,0.11031571674294355,0.04801734110651716,FSH
True,0.0,0.9757553681201053,0.1811191813157488,0.01592350331779016,FSH
True,0.0,0.9846015625786099,0.2009840922836498,0.1103417207585741,FSH
False,3.395288336245022,0.8433290460813511,0.48426308193029394,0.10279824795238103,PGF
False,2.443042185830374,0.8542603597759035,0.4563023411798548,0.08573731409643542,PGF
True,0.0,0.9803308844299361,0.17986409147881824,0.05190110547020199,FSH
False,0.05957558850986593,0.961681821452273,0.32440811105142425,0.10327061094258322,PGF
True,0.0,0.9822351630301462,0.24069900916036646,0.14787739834200167,FSH
True,0.0,0.9940599137342687,0.10567235514789851,0.03645593097791799,FSH
True,0.0,0.9904044336640844,0.1295435390016542,0.027182727220361122,FSH
True,0.0,0.9932054551223786,0.11446918064454663,0.05110222794167906,FSH
True,0.0,0.9733486738907917,0.2752311670814116,0.1243812604216751,FSH
False,3.9084680718083487,0.835702003855536,0.49769845906856097,0.09379239415018079,PGF
True,0.0,0.999346658302888,0.03555515454614677,0.015294427461262805,FSH
False,3.3512831756301624,0.8437711195133641,0.48306510250810125,0.11537786601741394,PGF
False,0.024514396910908533,0.9705682935537436,0.3156570740915755,0.17081849114724548,PGF
True,0.0,0.9761167769365591,0.26938990335517676,0.1437409350113501,FSH
True,0.0,0.9781173171283503,0.182311364512696,0.039972196479157444,FSH
True,0.0,0.9620197179795098,0.22463431227611697,0.017913106110736994,FSH
True,0.0,0.9994488046797799,0.030004891413196625,0.0171096436491355,FSH
True,0.0,0.9987017083607888,0.04800727180561571,0.023598501688590817,FSH
True,0.0,0.9738624240187196,0.29304217765436313,0.17882076448607936,FSH
True,0.0,0.9716889964965111,0.20089021960928924,0.014588450186948137,FSH
True,0.0,0.9816711919653792,0.2006551109056929,0.05739627553418799,FSH
False,1.6312574203758474,0.8689704249915745,0.4277206882370999,0.05420854658983679,PGF
True,0.0,0.99950949114648,0.028905438592607455,0.008390097963207159,FSH
True,0.0,0.9997131762029444,0.02476254774381078,0.009691025462339862,FSH
True,0.0,0.981550277603905,0.16532899376371082,0.026575053136679593,FSH
True,0.0,0.9994897421202515,0.04425371650813261,0.03297702644526585,FSH
True,0.0,0.9998698390263412,0.017358031687786525,0.01716961138308487,FSH
False,1.7052253949690062,0.866889706487225,0.4305842791062158,0.08051160194673103,PGF
False,0.006696308640314523,0.9712584367997935,0.3081830976044005,0.15322531397581407,PGF
True,0.0,0.9877126747148597,0.16724511894251273,0.07918183887348418,FSH
True,0.0,0.9953594493288733,0.08878105570681466,0.008890938731453232,FSH
True,0.0,0.9999167299162979,0.01177049779609465,0.0075189729333402875,FSH
True,0.0,0.9726366010750926,0.2975414035826041,0.15603099817477928,FSH
False,6.4830440593026895,0.8105723357571655,0.5546182251784559,0.12439698398849694,PGF
True,0.0,0.9822226809959153,0.21088467501284722,0.10656815150623138,FSH
True,0.0,0.9996136646969531,0.03460536933565552,0.024986088508337972,FSH
True,0.0,0.9864244144997975,0.13560767422720368,0.011049229104420343,FSH
False,4.998622836345912,0.8223790346183252,0.5235760013137795,0.10703038032709858,PGF
True,0.0,0.9613330517569038,0.2290286503689758,0.023757142355582524,FSH
True,0.0,0.9825156060899036,0.15857879925304455,0.017512099798759295,FSH
True,0.0,0.9835423521920461,0.1546586929930352,0.035183206475122956,FSH
True,0.0,0.9820917699165098,0.2137262592969021,0.11453289266870224,FSH
True,0.0,0.9974273664737268,0.0635032678320333,0.012857505310958068,FSH
True,0.0,0.9946032829070376,0.11244847996262455,0.055253208899550606,FSH
True,0.0,0.9840386138945352,0.13772802862327438,0.02526125619057963,FSH
True,0.0,0.9780162738635261,0.1699827092108232,0.0200813765679779,FSH
True,0.0,0.9971062677013208,0.06005591765082417,0.02334117881401945,FSH
True,0.0,0.9894403335636084,0.16304768954498058,0.08354884913990199,FSH
False,0.1701643422482801,0.905667666543255,0.3412509808669176,0.04979192021749524,PGF
True,0.0,0.9719121330344471,0.27164720104758955,0.09104255401995347,FSH
True,0.0,0.9976273868367111,0.08287579727833103,0.04601743238313842,FSH
True,0.0,0.9817887208131457,0.2111016714525532,0.09054431834006052,FSH
True,0.0,0.995182096307768,0.1007403692790479,0.03843764334333246,FSH
True,0.0,0.9738622750269825,0.27555132969631885,0.11318441653925773,FSH
True,0.0,0.9990285173723009,0.04219821644719007,0.0077790276573635395,FSH
False,0.009300744729258814,0.9275530603168033,0.3096440368773967,0.046024822676727056,PGF
True,0.0,0.9986200918310016,0.04645704706823587,0.012739673041884631,FSH
True,0.0,0.9884860356949243,0.12969788163041387,0.0156531422109132,FSH
False,0.08847916591745147,0.9657365199269441,0.3297454477050609,0.1268758913064066,PGF
True,0.0,0.9383969563054356,0.26474904491850276,0.04304238222072761,FSH
True,0.0,0.9935378768298717,0.10950805309162752,0.03433944367424995,FSH
True,0.0,0.980176976471189,0.2261178055441914,0.11658418093026411,FSH
False,2.107230947933173,0.8619361118747703,0.44516304446838983,0.09661774148211646,PGF
False,0.0011191747002180354,0.9241977490462094,0.3033454068515175,0.02706244661557792,PGF
True,0.0,0.980578932825747,0.16624639398201504,0.016045886910276936,FSH
False,3.994752433194395,0.8346335896140266,0.49986876777511774,0.09636473388085978,PGF
True,0.0,0.9301189150357078,0.2980227509921729,0.03068096697578941,FSH
False,0.8234639404099557,0.8832344026493999,0.39074491392964983,0.052617000846384335,PGF
True,0.0,0.9991937312254119,0.03687284508360652,0.009429557295411542,FSH
False,2.656822052330521,0.8491913758372338,0.4629976089496567,0.08533669558843503,PGF
True,0.0,0.9986667044412999,0.05927744421292275,0.028147125325332513,FSH
True,0.0,0.9793502294287898,0.2310115015419274,0.12244803164006249,FSH
True,0.0,0.9870748158500778,0.17280752160527443,0.04267865810676298,FSH
True,0.0,0.9760970802928504,0.26121317033333197,0.1264559451762243,FSH
True,0.0,0.993634943234068,0.11408729514108165,0.05109994826736822,FSH
True,0.0,0.9659223666976889,0.20085724642671557,0.030788947674333336,FSH
True,0.0,0.9998316761715736,0.01746938805858759,0.006149657635062326,FSH
True,0.0,0.9868523091035818,0.12893743341902222,0.01844979919093451,FSH
True,0.0,0.9855996970035974,0.13444865802578002,0.01861638052096352,FSH
True,0.0,0.9729733951278048,0.28686895597190937,0.14297259075456484,FSH
False,3.8126653382012443,0.8972293555369324,0.47147958842234916,0.0739062155072882,PGF
True,0.0,0.9998713729949299,0.01434454356875592,0.011286218475062691,FSH
True,0.0,0.9882111333878052,0.1362440290527084,0.039097640514196924,FSH
False,3.0084129183949817,0.8464264024870664,0.4734477707667349,0.08799881445547753,PGF
True,0.0,0.9980072435152546,0.06958870385318969,0.03355056970580063,FSH
False,0.05730617782609168,0.9667254955322082,0.3239387087843291,0.1311180696612374,PGF
True,0.0,0.9986593106154475,0.059198775758606575,0.033083791266001535,FSH
True,0.0,0.9983955379508106,0.06113851726950916,0.031761662457810334,FSH
True,0.0,0.9825863852356295,0.21423324665979232,0.12347137281960283,FSH
False,0.3218425219380489,0.9036768268631101,0.35673116620853557,0.05933057790159485,PGF
True,0.0,0.9751630108324725,0.2586103812365427,0.13031692881841495,FSH
True,0.0,0.9855343601638746,0.14888371990026827,0.014225995660469996,FSH
False,4.805445051422386,0.8256446587156528,0.5192132535095081,0.09265365546241139,PGF
False,0.08660903179261109,0.9599334779648727,0.32942941246314833,0.15995865483159785,PGF
True,0.0,0.9882694055393189,0.17356782044917457,0.08546475108218042,FSH
False,1.3282122332463537,0.8710951225080035,0.4152480903636305,0.09608161491283247,PGF
True,0.0,0.9961168045045529,0.09351382567195732,0.046416508286792064,FSH
False,2.532486009709252,0.8539138516281849,0.45913786506388893,0.08301277122040271,PGF
True,0.0,0.9996911101857326,0.025240791771070095,0.01665817996962033,FSH
False,0.09951698219345813,0.9134479711498261,0.33154631233495574,0.026007837719831024,PGF
True,0.0,0.9705695382384527,0.19086082573955104,0.022935039866315232,FSH
True,0.0,0.956984372299255,0.24040005010104248,0.017331958927951523,FSH
True,0.0,0.9683091516244904,0.2903974162524723,0.08762733216653078,FSH
False,4.288584111414394,0.8322420145177652,0.5070889690788574,0.0931412345622534,PGF
True,0.0,0.9916856813368462,0.1353673373987661,0.06605961771232148,FSH
True,0.0,0.9373217754985915,0.2690886852755129,0.03967852082418201,FSH
True,0.0,0.9987713856413379,0.044099214066566375,0.01722974260461901,FSH
True,0.0,0.977406669113386,0.1668103502189048,0.02434034094390203,FSH
True,0.0,0.9885053845575357,0.1606197660589943,0.06017044102557023,FSH
False,4.758326896567764,0.8266991017907269,0.5181358956377369,0.07993860041698335,PGF
False,0.0853893067542953,0.9612816399490821,0.329221448758454,0.1422662770798322,PGF
True,0.0,0.9955327099268451,0.08079607405049088,0.014295669634096087,FSH
False,0.12238913952890809,0.9100216123540739,0.33498415920511854,0.03399721620945932,PGF
True,0.0,0.999756952802069,0.021404596345971784,0.01039780801571715,FSH
True,0.0,0.9719984766971543,0.29339115645555874,0.15983311582821522,FSH
True,0.0,0.9928923299852223,0.1211594338655352,0.057341770316747524,FSH
False,2.270538459469872,0.8560984822442902,0.4506830600787584,0.07443465104440235,PGF
True,0.0,0.9968149993738246,0.09252729314044407,0.05423868697433645,FSH
True,0.0,0.9879451120390783,0.17087278940736314,0.07614715256633169,FSH
False,0.011336299484073876,0.9231736599760585,0.31064720596404233,0.027253736323000738,PGF
False,3.004285073471695,0.8470963491648382,0.4733287360327679,0.0906701699514127,PGF
True,0.0,0.9770367485450371,0.25971242120596016,0.14303888824713415,FSH
True,0.0,0.9990581237680545,0.058589156446446196,0.03298041449155905,FSH
True,0.0,0.9910615364707391,0.14706388961687233,0.07791842673613103,FSH
True,0.0,0.9969879499260182,0.068358371909181,0.028851845734992,FSH
True,0.0,0.9680403857040683,0.20329995920075888,0.0290403405974253,FSH
True,0.0,0.9998173993161816,0.023861874752814986,0.02041692504962588,FSH
True,0.0,0.9998233860698735,0.01785748109340404,0.00548725826814808,FSH
True,0.0,0.9972271319622708,0.08619602060841643,0.04661294880512869,FSH
True,0.0,0.9798382818422255,0.21222555293958292,0.0686022208749054,FSH
True,0.0,0.9874183045309487,0.12954704530644717,0.016474874082262,FSH
True,0.0,0.998716858059106,0.03985032564550977,0.015543596230327188,FSH
True,0.0,0.9472546481294396,0.2655205379337813,0.032331147068248876,FSH
True,0.0,0.9532302315127387,0.24915893530313704,0.01801332132687545,FSH
True,0.0,0.9873020257337115,0.17284532786640844,0.05677790108170576,FSH
True,0.0,0.971847074594465,0.19103722804592585,0.029164277726134266,FSH
False,0.604916168084116,0.8887562933331196,0.3777763568241735,0.05319961747269403,PGF
True,0.0,0.9439129836051797,0.2683758473697475,0.022118026104197913,FSH
True,0.0,0.9745981184230309,0.18871299566851357,0.015778674349950342,FSH
False,3.3038508930294577,0.843781896052174,0.48176498268449447,0.069883661878015,PGF
True,0.0,0.988394482505758,0.15602995115530785,0.05279178656312954,FSH
True,0.0,0.9987361962808073,0.06231113947124173,0.03330650647694207,FSH
True,0.0,0.9881938787746318,0.13921827247680535,0.032909766967086126,FSH
True,0.0,0.9962370669121041,0.09730818291119626,0.03916194129779078,FSH
False,0.42820678485163716,0.8959682082593035,0.36543751102018146,0.0950482546272686,PGF
True,0.0,0.9937558064120353,0.11119011229271825,0.02733631102727978,FSH
True,0.0,0.9520654950337565,0.24885576948686117,0.02691280209346504,FSH
False,0.5069401726202517,0.8968274292417346,0.37119973122282496,0.035596410007514956,PGF
True,0.0,0.9651219476377005,0.20437250616747685,0.03066661162554148,FSH
True,0.0,0.9976450545983929,0.07545176443954653,0.029947713218735485,FSH
True,0.0,0.9896881197816747,0.11338498156551521,0.02372095127986031,FSH
True,0.0,0.9877882829926998,0.16077427910297487,0.049582763558687466,FSH
False,3.0461786128751704,0.8479936757610449,0.474533051680052,0.06154735893475069,PGF
True,0.0,0.9976510055902211,0.07558847635372344,0.03372045351911199,FSH
False,0.06049755461244893,0.9131799257011305,0.3245962506517658,0.041730051118395346,PGF
True,0.0,0.9702464357836408,0.2937803181450781,0.10965519868414257,FSH
True,0.0,0.999898628891515,0.021226760374003534,0.011549508838376901,FSH
True,0.0,0.9982530741023873,0.060157057330255254,0.014759514904509552,FSH
True,0.0,0.9990567222808813,0.04511479849468933,0.023653592221018746,FSH
False,5.311444190750928,0.8200270008205027,0.5304657065758576,0.12205550616562379,PGF
True,0.0,0.9846673952490321,0.18300665022969229,0.06796777573073526,FSH
True,0.0,0.9949456386429125,0.10084518943752127,0.05034420631291364,FSH
True,0.0,0.9935464930350278,0.09249725216431633,0.014080467486405698,FSH
True,0.0,0.9997474553289807,0.01960341126516476,0.010201504575499211,FSH
True,0.0,0.9894301590081819,0.11389957497978892,0.026484088621763647,FSH
False,0.4944095829287191,0.8936428272405825,0.37031426476389545,0.08498738727046015,PGF
True,0.0,0.9972002261890126,0.07723816120883203,0.03721005131582563,FSH
True,0.0,0.9729005247768319,0.27457261463232413,0.10802643764664521,FSH
False,0.012681365668343917,0.9700466877642426,0.31126115698689255,0.14054990612861132,PGF
True,0.0,0.979463149519549,0.23957439612608994,0.13982619664732118,FSH
False,0.0001687188075681188,0.9330523857831137,0.30129891804040176,0.023819260754256496,PGF
True,0.0,0.9869815553883902,0.1708476048536334,0.07555654644981583,FSH
False,0.27603280982764156,0.9663124920857766,0.352538824675438,0.18927883894198286,PGF
False,0.08676149471843275,0.9668903746496639,0.32945530422834446,0.1259907444794845,PGF
False,0.06977377195184908,0.9142565565481944,0.3264147254295495,0.031094251621928935,PGF
True,0.0,0.9998353169732762,0.01678048149715976,0.007764480131033423,FSH
True,0.0,0.9848195773974403,0.138588480780221,0.017290900096657284,FSH
True,0.0,0.9880855275804754,0.17740270433559527,0.09614159490833513,FSH
False,3.197426558883708,0.844626019099673,0.4788134938667579,0.10220563445509799,PGF
False,0.5682585030060668,0.889186857406229,0.37538292266860357,0.06312126114776358,PGF
True,0.0,0.9997845281977517,0.024046630851335567,0.010835093511940633,FSH
True,0.0,0.9782027699779781,0.17130235169406396,0.028108327142653138,FSH
True,0.0,0.9959849448497512,0.08708400212997797,0.03031701188518121,FSH
False,0.03561684402111389,0.9709397485732969,0.3188724253929149,0.19482654093198204,PGF
True,0.0,0.9994104677736816,0.03535736557043093,0.0279838742868559,FSH
True,0.0,0.9975097346816489,0.07432636918017264,0.014521090882793781,FSH
False,0.02736876073745544,0.9451097662800095,0.31654350650178353,0.07455593006420079,PGF
False,0.15974561149697764,0.9080891678274484,0.33996818878770685,0.037963049879012355,PGF
True,0.0,0.9602670091849411,0.2154255974352363,0.02661883208240779,FSH
True,0.0,0.9379181374881506,0.2780281554636786,0.023606067156726387,FSH
True,0.0,0.9830447410943783,0.21001770122512006,0.10525098632610759,FSH
True,0.0,0.9971967521775694,0.06503479023519433,0.017403142974805195,FSH
False,1.8992229059429075,0.8623359754697154,0.4378122964739688,0.08537459321182024,PGF
True,0.0,0.9785345052196697,0.2523073549478584,0.14226106678863132,FSH
True,0.0,0.9702544383410597,0.2963440357356868,0.12368054740967811,FSH
False,0.20552663393237827,0.9049378578003935,0.34533504537688015,0.060161750930634306,PGF
True,0.0,0.99918877075975,0.034345777962666656,0.010628990229752418,FSH
True,0.0,0.9788004097583165,0.23783133770154957,0.11341903612580079,FSH
False,0.47726244546178925,0.8964966389259704,0.3690841838239252,0.049187486262011706,PGF
True,0.0,0.9807386014490566,0.22744282406063063,0.12499869241250995,FSH
True,0.0,0.9931164120200966,0.11354637375389136,0.025402286530998387,FSH
True,0.0,0.9761123478843667,0.26110468664806513,0.14679572959900247,FSH
True,0.0,0.9914035471154347,0.14962373171376298,0.07752533087374394,FSH
True,0.0,0.9977665648475514,0.06780560699815225,0.023054159322981355,FSH
True,0.0,0.9583685323333103,0.22347206700106717,0.033356724046188224,FSH
True,0.0,0.9955417476158074,0.08933846898913915,0.010749218183147616,FSH
True,0.0,0.9955472492766754,0.09260255043023102,0.026349036917344894,FSH
True,0.0,0.9847536562973824,0.19916864586110058,0.0971624872259596,FSH
False,0.015209075520861969,0.9480955396073297,0.31233250806643237,0.07376309008216958,PGF
True,0.0,0.9938303871129125,0.11011891868665995,0.03425480838208361,FSH
True,0.0,0.9946683239347417,0.08935571245611804,0.023628465934837597,FSH
True,0.0,0.9571041764182708,0.23352826536014357,0.03245634822788502,FSH
False,0.8996462192361236,0.8832608663920167,0.39484968208887805,0.10504646850658707,PGF
True,0.0,0.998914011761429,0.0456795324023777,0.019184173542722425,FSH
True,0.0,0.9997157635676437,0.019604495993640725,0.010798949438871904,FSH
True,0.0,0.9914811105710485,0.15962666423338434,0.08752993226321945,FSH
True,0.0,0.9872789230990572,0.16721195895022967,0.04960265953147145,FSH
True,0.0,0.9966763656283419,0.0742888236364074,0.02946868008113102,FSH
True,0.0,0.9916746596191232,0.1486887952528686,0.08087220096269218,FSH
True,0.0,0.9969249273263298,0.07966005803838093,0.040089728521666375,FSH
True,0.0,0.9992534823736764,0.03933378792459903,0.01769369905253801,FSH
True,0.0,0.9813997669194467,0.1603765299514351,0.019524740570309968,FSH
True,0.0,0.9334401341333973,0.29827292657275456,0.027256040477517507,FSH
True,0.0,0.9983301176238351,0.05840497480304258,0.030061112478592805,FSH
False,0.00018051326201923775,0.9716123576671771,0.3013435522394728,0.15619293991702685,PGF
False,0.1385288036442003,0.9678197615814035,0.33721945776663065,0.162612246970856,PGF
True,0.0,0.9902096583751666,0.11480395255761326,0.024054751569337916,FSH
True,0.0,0.9869402311212584,0.17171768279515537,0.07204104539862681,FSH
True,0.0,0.988659536777061,0.16167284822953495,0.06301311323089427,FSH
True,0.0,0.990288000912594,0.14608366063517844,0.06211815932211411,FSH
False,0.07387537292913514,0.9681003843295787,0.3271800244534723,0.14626941800299872,PGF
True,0.0,0.9719374958294799,0.29919616324285514,0.16273682141610749,FSH
True,0.0,0.9886590978298184,0.12539859598886924,0.012111628026293208,FSH
True,0.0,0.9998910580592087,0.017748434817350556,0.014983910256524027,FSH
False,0.19868680109842465,0.9601828062466327,0.34457429764992653,0.18965064505999435,PGF
True,0.0,0.9540452095488219,0.23839889907226414,0.01994516268409167,FSH
True,0.0,0.9872179523817435,0.1370605247392462,0.031508483594400664,FSH
False,0.013598390668826857,0.9250457382386648,0.311661213774229,0.02176809102468633,PGF
True,0.0,0.9823443157288635,0.15004266730820914,0.02322447900290371,FSH
False,5.847974911401886,0.8159714461858257,0.5418258652708987,0.11065492537650211,PGF
False,5.843191239659304,0.8184166030006782,0.5417269376726414,0.1285158646784092,PGF
True,0.0,0.9852001663977268,0.14027512314467783,0.0173546685989826,FSH
True,0.0,0.9969864784679324,0.06858082269305402,0.009837494704209656,FSH
True,0.0,0.9785689633427823,0.1813978278128761,0.03507526659686536,FSH
False,0.04675855381751142,0.9185212766623847,0.32162372627867625,0.04560525796721699,PGF
True,0.0,0.968215876387349,0.1997361698401614,0.031324891300003606,FSH
True,0.0,0.9875050331717159,0.17348893878275035,0.0828543015797637,FSH
True,0.0,0.9924795878937884,0.12015765793182519,0.028334504598196645,FSH
True,0.0,0.9974032696446306,0.06482430984959174,0.024176276887455824,FSH
True,0.0,0.9856359544838523,0.14638543026599513,0.03564559644705853,FSH
True,0.0,0.9894301898545762,0.132724108708068,0.028981057883915508,FSH
True,0.0,0.9825195045632302,0.19261449302542658,0.06552751504394042,FSH
False,2.9397726033416487,0.847818636136404,0.4714576508453807,0.08869735988966004,PGF
False,10.52153877431567,0.7788013064462109,0.6228069946111768,0.12117824868361157,PGF
True,0.0,0.9691396671413204,0.19873893573901882,0.022146101629090236,FSH
True,0.0,0.9397517146255437,0.277310992915606,0.025255094198255668,FSH
True,0.0,0.9651585303163683,0.19891872718404577,0.03393309491209026,FSH
True,0.0,0.948891384793565,0.2592902220737144,0.027381061292610937,FSH
True,0.0,0.9969882530397444,0.0654179137721749,0.019260247543136273,FSH
False,0.2349054776126891,0.9336573195394785,0.344196383278892,0.13450856003736883,PGF
True,0.0,0.9907278989197335,0.13659578178692705,0.05016976453968103,FSH
True,0.0,0.9849392147348384,0.18906186959768267,0.07806766220564822,FSH
True,0.0,0.9607488057451582,0.2237482458177149,0.025224891767301392,FSH
True,0.0,0.9949329659825203,0.0974177363146186,0.03294323659693643,FSH
True,0.0,0.9976939708838766,0.07081266678710947,0.03228416171000766,FSH
True,0.0,0.989886095225788,0.15358607886709427,0.07672254724834296,FSH
False,3.6515866131046355,0.8398543365421793,0.4910912507966975,0.06980305524544331,PGF
True,0.0,0.9731499704350648,0.2872260989655818,0.13999494440215016,FSH
True,0.0,0.996440282177062,0.10043623694223203,0.056070247180623416,FSH
True,0.0,0.9779612420081188,0.1775731110779486,0.02060268972658363,FSH
True,0.0,0.9812954019125497,0.22635544733118199,0.12062803679297529,FSH
True,0.0,0.9903608701780682,0.14485684406585578,0.07314583079681442,FSH
True,0.0,0.987763038406495,0.1633693531208047,0.061782456286391924,FSH
False,0.34184537623514877,0.9012753696485194,0.358467544521311,0.046030057592800766,PGF
True,0.0,0.9996228947452254,0.02286820999304614,0.021514307497865336,FSH
True,0.0,0.992076914447157,0.10248265182164362,0.018163174275038135,FSH
False,0.3642912864018001,0.9007002846344917,0.36035654781395304,0.06527622804713143,PGF
True,0.0,0.9869041201515119,0.15493778948759337,0.044555500445156916,FSH
True,0.0,0.9974799248910022,0.09077418906428693,0.05367462660172503,FSH
True,0.0,0.992396625875702,0.11675444131935002,0.03822540573932253,FSH
False,0.05022712335649318,0.9432045587830726,0.3224114085582529,0.040913994897217865,PGF
True,0.0,0.9839826284523427,0.20605940949316068,0.11060323912043356,FSH
False,0.19945596293571513,0.9653095165560878,0.3446604929367909,0.19052401481573403,PGF
True,0.0,0.9995936298562484,0.0313045438557017,0.00876778517319544,FSH
True,0.0,0.9912408170423117,0.13712983130766715,0.06734764023502772,FSH
True,0.0,0.9961617347535001,0.08705154801958868,0.0373019371839158,FSH
True,0.0,0.9997309569933385,0.0223397858906148,0.012350115400905057,FSH
True,0.0,0.9927461162653957,0.10681604054438847,0.01805803180094375,FSH
True,0.0,0.9995485378569545,0.032005856065011794,0.023487620272689216,FSH
True,0.0,0.9950162217231145,0.0924712230898557,0.011417584310053597,FSH
False,0.037040259030178005,0.9216595184470083,0.319245846053156,0.026658955552963343,PGF
True,0.0,0.9602310775439673,0.22330800910602724,0.02450836686779479,FSH
True,0.0,0.9795031329248945,0.17186840325757238,0.027349348808908807,FSH
True,0.0,0.9995569917768352,0.0274706980295011,0.013489692598552155,FSH
True,0.0,0.9812437658200951,0.21848767380511872,0.09014395560281645,FSH
True,0.0,0.9677447724230777,0.20128235409817494,0.027847176476079042,FSH
True,0.0,0.9329628450530394,0.29533925472057687,0.03420001500672109,FSH
False,4.635655529359514,0.8965849539137417,0.4773100687327537,0.05203266641508685,PGF
True,0.0,0.9943208757401283,0.10068017742680531,0.03428903059985974,FSH
True,0.0,0.9947041738422729,0.09152386200236569,0.02064161750494557,FSH
True,0.0,0.9716124945130092,0.28224284909064246,0.1109743574012408,FSH
True,0.0,0.9947888945810628,0.0774597422137313,0.020397401852414253,FSH
True,0.0,0.979699502552298,0.2505426620655783,0.13852206735054573,FSH
True,0.0,0.997732084176107,0.05200683435701749,0.014661832516315077,FSH
True,0.0,0.9954239546241954,0.0874480813577415,0.016139242449126904,FSH
True,0.0,0.9934472243209516,0.09166842513399462,0.011563733401350664,FSH
True,0.0,0.9716805563037143,0.2989895491375352,0.1555634038232288,FSH
False,0.2535851285124197,0.8999371592735961,0.35035723667085195,0.06753542695271751,PGF
False,0.0679767743419901,0.9198543190311247,0.3260723559238497,0.02165027170591584,PGF
True,0.0,0.9850121038271928,0.17849783112260176,0.06187765474284057,FSH
True,0.0,0.9920125928398215,0.12120537526293698,0.016247822653437438,FSH
True,0.0,0.9989827547476706,0.05470154550106975,0.029154219000718726,FSH
True,0.0,0.9992669134968009,0.05093148187152768,0.029994362586632548,FSH
False,0.40105890605962957,0.8984746091972792,0.363329211747789,0.06443282843083645,PGF
True,0.0,0.996629156917976,0.08676684820724363,0.02622383837791586,FSH
True,0.0,0.94435251192486,0.27187229828171927,0.028926034120569898,FSH
False,0.6998550941850206,0.9242876434531556,0.3760860927415667,0.03854842080659398,PGF
True,0.0,0.9985524330150927,0.05193367650719744,0.02316189562741054,FSH
True,0.0,0.9773069285505123,0.25425512893158614,0.1343002699399048,FSH
True,0.0,0.9975971979145893,0.059526901981122614,0.014493460248734739,FSH
True,0.0,0.9992479870963052,0.04005235357554312,0.018949157880869295,FSH
True,0.0,0.9927217285737201,0.1037298548785357,0.017580487104878213,FSH
True,0.0,0.9997123094743836,0.021785386381659746,0.008132588395966344,FSH
False,1.8214673612699313,0.8624181993050672,0.4349617487019908,0.07325561415251969,PGF
False,0.09836965517851214,0.966956550398112,0.33136393712187806,0.13939686150016067,PGF
True,0.0,0.9344869717745071,0.28744815556581654,0.026046359541503552,FSH
True,0.0,0.9995174847408581,0.04002962592301424,0.024872273961427792,FSH
False,0.20052120250839928,0.9057160794173775,0.3447795938467958,0.0732617502020538,PGF
True,0.0,0.9939753493862693,0.09376014883350912,0.014872086184751384,FSH
True,0.0,0.9728671070252398,0.28307289581450856,0.13056874699039936,FSH
True,0.0,0.989445869718863,0.15535810269435557,0.07828413204213691,FSH
True,0.0,0.9807738739270365,0.23909622440022782,0.1403445097194925,FSH
True,0.0,0.9763269391674553,0.26351441906801193,0.12812733348190608,FSH
True,0.0,0.9957078473557079,0.08937549291829215,0.02811115895405698,FSH
True,0.0,0.9972183209702454,0.06444117004725294,0.018402461631641113,FSH
True,0.0,0.994932058475862,0.1042716467070262,0.04753902293416701,FSH
False,0.0007619204541662728,0.9703066953791643,0.30276029066253224,0.13814826320524892,PGF
True,0.0,0.9817541809962279,0.2261293087494366,0.11150041609761414,FSH
True,0.0,0.9356243596846561,0.2823089000184245,0.02538716608322064,FSH
False,0.001927615355883091,0.971158886361168,0.3043904616566861,0.15824142379992095,PGF
True,0.0,0.9917565750985169,0.11158289650205969,0.0075067169700234046,FSH
True,0.0,0.9987917091139269,0.04719245824147611,0.01196426191878228,FSH
False,1.0335696279268536,0.8780382857261865,0.4016646264895934,0.10357934156867933,PGF
True,0.0,0.9929481822710396,0.09214724580839517,0.017797874157143845,FSH
True,0.0,0.9997948055423521,0.021612635206270506,0.010891347216868729,FSH
True,0.0,0.9966569923896916,0.07696647511810208,0.009538800649190441,FSH
True,0.0,0.9912975390806575,0.1351747237158217,0.04279338315739522,FSH
False,1.318549218120622,0.8721786877338327,0.41482809839584656,0.07695204490432007,PGF
True,0.0,0.9855227740920682,0.1766532311375268,0.07291172021003442,FSH
True,0.0,0.9982777971266223,0.050891908502888834,0.013731480039186715,FSH
True,0.0,0.9989771291822487,0.04183990689783085,0.018659368697274654,FSH
True,0.0,0.9842957514196569,0.1424380949011856,0.019385469611439,FSH
True,0.0,0.9996646119701141,0.021164661579732746,0.01252319325630099,FSH
False,0.10167651787455667,0.9123526665317445,0.33188675553808455,0.03391434059989625,PGF
True,0.0,0.9906811459356405,0.1332845266840532,0.027342004667925177,FSH
True,0.0,0.9977269911507602,0.07937568239955242,0.0406000597282349,FSH
True,0.0,0.9755873625506607,0.17472919397688605,0.023473075048075828,FSH
True,0.0,0.973496726891174,0.2791246811362144,0.14520521651986598,FSH
True,0.0,0.9881658018740956,0.12525186611267822,0.02063629447367907,FSH
True,0.0,0.9956703793578857,0.077555557711326,0.013141625371336719,FSH
True,0.0,0.999120881257265,0.04203169778850116,0.019464104268524924,FSH
True,0.0,0.9970054914320065,0.08271125103598331,0.023419093969171002,FSH
True,0.0,0.9941915570758463,0.11052750459425803,0.05197522521914845,FSH
True,0.0,0.9862126473673588,0.17429215237112405,0.09203266409197525,FSH
False,0.2878477937982902,0.9076051543754686,0.3536514486102929,0.027652757929420634,PGF
False,4.228496351713715,0.8334867190025214,0.5056330798221365,0.07398579601016655,PGF
True,0.0,0.9838689032790162,0.22825228541113543,0.13722302400867886,FSH
True,0.0,0.9958881204134609,0.1009646260454281,0.05848580107920554,FSH
True,0.0,0.9993452045370733,0.034192282486439525,0.03208062490717964,FSH
False,1.0185499660370987,0.8803160187273021,0.40092323647392103,0.07773048278686433,PGF
True,0.0,0.9517807049124691,0.24913819998959955,0.02526814295827322,FSH
True,0.0,0.999753979616802,0.020319252529569964,0.006375114002489376,FSH
True,0.0,0.9998379379600991,0.01657493167530355,0.0071480019499420315,FSH
True,0.0,0.9806441581472519,0.21318603308757775,0.08443292220921901,FSH
True,0.0,0.9846178224910063,0.18989277437305555,0.08971136687457909,FSH
True,0.0,0.9627153951595606,0.21612598063614596,0.01806901879416664,FSH
True,0.0,0.9977852999148026,0.05791330175384112,0.014823211163344823,FSH
False,4.782036924597854,0.8267195579080999,0.5186786895103831,0.10564584708706468,PGF
True,0.0,0.9896662696708459,0.12284153942289802,0.029122515275141227,FSH
True,0.0,0.9845187708853891,0.19982954071448059,0.10550733459274524,FSH
True,0.0,0.9357957182262047,0.27660402881441015,0.03652228812965351,FSH
True,0.0,0.975455526727372,0.2618522208931217,0.11688377403761573,FSH
True,0.0,0.9838730984647797,0.20365693833763926,0.08882447781317213,FSH
False,2.443190700587377e-05,0.9273540444310462,0.3004942864251208,0.03113630296951819,PGF
True,0.0,0.998215981652324,0.0629010247324681,0.024919116409876558,FSH
True,0.0,0.938932524346469,0.28029605743576347,0.019268057501946823,FSH
True,0.0,0.9935343830732529,0.09122417387893042,0.02072434217266107,FSH
True,0.0,0.9937405210382296,0.09483746063294762,0.018038104108748492,FSH
True,0.0,0.9871786099657576,0.17503747970060812,0.08017312343238542,FSH
False,0.013993877223307956,0.9685880556548949,0.31182957193786315,0.1304559455431418,PGF
True,0.0,0.9979677085612096,0.05854336880856212,0.009056373541447695,FSH
True,0.0,0.9905097000196375,0.14639424665933734,0.042069607762640834,FSH
True,0.0,0.9421763957238302,0.25639183665676446,0.03418922782836731,FSH
True,0.0,0.972442408725825,0.18289973658945927,0.02063790291951123,FSH
True,0.0,0.9986578575838106,0.04801109180576985,0.012196536371783924,FSH
True,0.0,0.9987403692777725,0.051382589540768374,0.023852286958632247,FSH
False,0.07162355988500432,0.9670368158836912,0.3267625783296386,0.15051785761080883,PGF
True,0.0,0.9310504053924927,0.29689347358552254,0.03039918250419621,FSH
True,0.0,0.9906226582413984,0.1137864426846312,0.01760947455476086,FSH
True,0.0,0.9990992498208311,0.053011541442566305,0.028096513368545618,FSH
True,0.0,0.9990864165598898,0.04072781154453132,0.01424099242973045,FSH
True,0.0,0.9910368244823786,0.13746248221330132,0.0505403832796848,FSH
False,0.01037450516573632,0.9232841797645299,0.31018553148624867,0.026171624013354173,PGF
True,0.0,0.9977920278236876,0.07063362837643189,0.00843062436466262,FSH
True,0.0,0.9965839083087519,0.06386042036576199,0.022742230037524166,FSH
False,0.649796586803031,0.8892334629491514,0.38060996134492503,0.08523345021170849,PGF
True,0.0,0.9972101609351409,0.08054219109132303,0.027300206286129145,FSH
True,0.0,0.9983926784713328,0.04880726990564349,0.015220514832390468,FSH
True,0.0,0.9976733288436584,0.05160459981690089,0.02435956280706733,FSH
True,0.0,0.9984305238299135,0.07318928514093788,0.039824212724695295,FSH
True,0.0,0.9957850626696773,0.09244833737985171,0.03721867284392953,FSH
True,0.0,0.9988120405989277,0.045915359006268176,0.016759832913949616,FSH
True,0.0,0.9947829212801192,0.09512685251117398,0.015013337924242955,FSH
True,0.0,0.995728889949126,0.07216244438844788,0.01690609420956148,FSH
True,0.0,0.9926675758614073,0.1296326886345985,0.04762500010589074,FSH
True,0.0,0.9916084270708734,0.13756482322993194,0.07284869001202202,FSH
False,0.1821599083264357,0.9360653059621347,0.34077075033605786,0.12071981271446207,PGF
True,0.0,0.9911270188602838,0.13290616104484146,0.04572813697707245,FSH
True,0.0,0.9996562097781926,0.024461383964044424,0.007059126904651325,FSH
False,0.08493138848581558,0.9694066984095706,0.32914299032114164,0.18363914652420435,PGF
True,0.0,0.9997720104250886,0.023213624089856954,0.012132115542671598,FSH
True,0.0,0.9795778763179703,0.23483805499071092,0.12587752453387996,FSH
False,0.30067956233817966,0.8983124705913854,0.35483425592986373,0.053655010518832084,PGF
True,0.0,0.994952068401973,0.07981442568843244,0.009637294396817079,FSH
True,0.0,0.9954610073481382,0.0834858590173285,0.012211031654118482,FSH
True,0.0,0.9924594311538257,0.13305917965530056,0.06190202527152551,FSH
True,0.0,0.9896253962654329,0.12414189407885796,0.03254871500783171,FSH
True,0.0,0.982022650246585,0.22752129164129675,0.13444514534331362,FSH
False,0.5074859185695864,0.8885575238073716,0.3712380459143558,0.06187253652833799,PGF
True,0.0,0.9500757796266014,0.25727697435614644,0.018549770676428094,FSH
True,0.0,0.9861255889959674,0.18133679845894562,0.09363351255901907,FSH
True,0.0,0.9578376296721061,0.23347144205074122,0.0341950990122384,FSH
False,1.836579705927897,0.8624736996684788,0.43552046730763205,0.11373838455878656,PGF
True,0.0,0.9981168309226417,0.05177638957098235,0.014867437137121218,FSH
True,0.0,0.9912159774187627,0.11173687007849781,0.013352760377067289,FSH
False,2.3431336770872844,0.8564445388933114,0.45307297857843115,0.09047073791428314,PGF
False,0.18857290566748725,0.963582815652191,0.3434249819421364,0.1427754307552296,PGF
False,0.08983983653354274,0.9150463423287614,0.32997329420226323,0.029388369633050734,PGF
True,0.0,0.985927247310436,0.203927514850861,0.12290761193814931,FSH
True,0.0,0.9790233744405057,0.23690320950990498,0.11889259109427912,FSH
True,0.0,0.9799763326609413,0.17071001968848712,0.02179009849591874,FSH
True,0.0,0.9994295607902766,0.034930821619319034,0.012400374316003092,FSH
False,0.7325424709239325,0.88863001560505,0.38558869498502313,0.06330992608539229,PGF
True,0.0,0.9757876101330701,0.18128754038159925,0.031037639230517347,FSH
True,0.0,0.9981419826087041,0.05452244901544986,0.019950707809753502,FSH
True,0.0,0.9781177935412664,0.17719768709667616,0.026258151507622833,FSH
True,0.0,0.9753253232238173,0.2710629091111909,0.14837254640769942,FSH
True,0.0,0.9453044481529149,0.2676379900581485,0.02485990494830499,FSH
True,0.0,0.9844952011233848,0.18653459081496881,0.08869544069302697,FSH
True,0.0,0.995116625348736,0.11369168424693485,0.0630552126701248,FSH
True,0.0,0.9769684632467047,0.18291666117535643,0.03768196752875942,FSH
False,0.08999303539338857,0.9162377943636332,0.3299988392097742,0.02120995734415984,PGF
True,0.0,0.9768862684244414,0.2905299561838506,0.18453656730473492,FSH
True,0.0,0.9984111986179853,0.04672341704307667,0.014087049582203913,FSH
True,0.0,0.9945948593529446,0.11618094483619222,0.06320630577482865,FSH
True,0.0,0.9999416128998975,0.011996680417325864,0.0063527610775447815,FSH
True,0.0,0.968520098713208,0.1976617893907337,0.02777512859357393,FSH
False,0.13670319893300992,0.9678751471019317,0.3369733956965018,0.16107407247487665,PGF
False,0.001104725158407492,0.9523808033959611,0.30332374060120143,0.07404664409515462,PGF
True,0.0,0.9777575988436492,0.2526423932414091,0.14193315132206405,FSH
True,0.0,0.9900959408355188,0.1515816458556945,0.08024378607386194,FSH
True,0.0,0.9919932512712448,0.11122500394591188,0.013179373168131702,FSH
False,0.07076171730302318,0.9625265779744758,0.3266010746593109,0.1473007311747447,PGF
True,0.0,0.9956589857350368,0.08198314684651004,0.0242164303394972,FSH
True,0.0,0.9938330786419607,0.12435763296615013,0.06170790795309666,FSH
True,0.0,0.9841340579706039,0.20319216260366463,0.1126366803897452,FSH
True,0.0,0.9646859090439199,0.21796329037599757,0.019670176365675033,FSH
True,0.0,0.9930971408923008,0.12914906050932082,0.06503813568930153,FSH
True,0.0,0.982569923556695,0.20509304688434074,0.09611364654892192,FSH
True,0.0,0.9981215469347635,0.06802147873058347,0.03624678153572097,FSH
True,0.0,0.9723642154881413,0.28969542151606337,0.14293325561038023,FSH
True,0.0,0.9999194839604074,0.0131709961729122,0.006783796283725779,FSH
True,0.0,0.9896628332545941,0.1536674099981473,0.0712854070604791,FSH
True,0.0,0.9940302041871092,0.11594942926945163,0.05086594507867206,FSH
True,0.0,0.9957261183456027,0.08418572202191371,0.027457660129306227,FSH
True,0.0,0.9961457602390961,0.07678092647028614,0.012185057114662775,FSH
False,0.9601890332456114,0.879324104875555,0.3979892357989188,0.056456682112591666,PGF
True,0.0,0.9854224560881809,0.21445851167592803,0.1190946335956919,FSH
False,0.002767098091427983,0.9255112900075155,0.305260321369867,0.0299856241229636,PGF
True,0.0,0.9399992239013651,0.2746962525911013,0.037647746756735455,FSH
True,0.0,0.9975150540975652,0.055442501463334855,0.015147874263290166,FSH
True,0.0,0.9821203553112018,0.21987449253827954,0.12003747497312299,FSH
True,0.0,0.9999537534872684,0.020217793666780438,0.01609981021847961,FSH
True,0.0,0.9963064498048966,0.08078917998380265,0.026845269889959278,FSH
True,0.0,0.995375915188232,0.1023916799143063,0.03170801233641964,FSH
True,0.0,0.9795394371877871,0.2362485359861953,0.12470476150264566,FSH
True,0.0,0.9754282675705376,0.25886385104248677,0.1295302504887648,FSH
False,0.35308540470895833,0.8959733305458913,0.35942098995379984,0.05698729103089644,PGF
True,0.0,0.998836740143864,0.05522429780307244,0.013365388954076945,FSH
True,0.0,0.9713786881565488,0.2819732762691185,0.10367880271268934,FSH
False,0.015413634812258284,0.9709188165800318,0.3124151660529605,0.17770131828702576,PGF
True,0.0,0.9967883916310516,0.0695627537533928,0.013212848888652075,FSH
True,0.0,0.9995729051465049,0.03252665130702673,0.019970276108642812,FSH
True,0.0,0.9950184592812376,0.12042118852167046,0.06406322494597069,FSH
True,0.0,0.9998217580060842,0.014761108934881258,0.00702213680298609,FSH
True,0.0,0.9864922143028151,0.14090247155221655,0.02942722954888747,FSH
True,0.0,0.9872722461875585,0.16688353698735936,0.07006248018490766,FSH
True,0.0,0.997521826747794,0.06325284823462997,0.02188407375340537,FSH
True,0.0,0.9858255576834659,0.1880384814756377,0.08808173915031804,FSH
False,3.130683919022178,0.8472129471930071,0.4769373877681644,0.11813971612690716,PGF
True,0.0,0.9885677687782034,0.15916752454088162,0.07213638400533132,FSH
True,0.0,0.9995986347457139,0.03826098829166402,0.03198044929214413,FSH
True,0.0,0.9941664391021572,0.10830062621740563,0.04774702892600129,FSH
True,0.0,0.9660755186230557,0.22131616503028537,0.006468328219899777,FSH
True,0.0,0.9562556828390045,0.24904481802845432,0.032941874071325844,FSH
True,0.0,0.997322793980353,0.06713259730535709,0.02403449037364087,FSH
True,0.0,0.9600199158057524,0.2178431825074423,0.030355990953634164,FSH
True,0.0,0.9990316532435485,0.036063924394645626,0.015035876307594087,FSH
False,0.3523119222336227,0.9524537597051871,0.35935586931665836,0.18506230732989046,PGF
True,0.0,0.9566337169759144,0.24113768766613258,0.018275621105167995,FSH
True,0.0,0.9882217195943861,0.13013842561803346,0.01872688309434413,FSH
True,0.0,0.9889483013199177,0.12632420893757357,0.020226300059341742,FSH
True,0.0,0.980155314769196,0.2188942870222189,0.06323940967563137,FSH
True,0.0,0.927488832892585,0.29555665497846645,0.043875150505072714,FSH
True,0.0,0.9960904480599055,0.10791354772217765,0.05810536547238887,FSH
True,0.0,0.9723958543724465,0.2902082661669759,0.13247568167479776,FSH
False,0.04808582571905972,0.9698155612130461,0.32192848050345935,0.17241654668337855,PGF
False,12.227760352884147,0.7696244458597952,0.6477828426798202,0.13513472145215516,PGF
False,0.10197027345563453,0.968747273407314,0.33193278463517306,0.17385776476665815,PGF
False,8.416544626790592e-05,0.9697331753675068,0.30091741727838484,0.1281115641956697,PGF
False,0.349029331003107,0.8996784121472783,0.35907870436994255,0.06462536524998169,PGF
True,0.0,0.981099401938018,0.22716575098321765,0.11339782154475427,FSH
False,0.7235357953664594,0.8847560980043218,0.38506090731743103,0.07378469023534383,PGF
True,0.0,0.9886247616335195,0.15563609901309491,0.06892338103733278,FSH
True,0.0,0.9856442777693685,0.19135353403862737,0.10425346532253169,FSH
True,0.0,0.9920831857543271,0.1276258514393585,0.05211472433613509,FSH
False,3.4867915634723947,0.8415326512934113,0.4867295253427372,0.08910264461076813,PGF
False,0.8996288120891417,0.8871867177081865,0.39484876446686806,0.03544229238536649,PGF
True,0.0,0.9979874566086923,0.0682293655296665,0.026498030132904974,FSH
False,0.7540061944602363,0.8841463724289408,0.3868335300710639,0.06857815938520848,PGF
True,0.0,0.9816167247360313,0.22263933318033885,0.09755351056991622,FSH
True,0.0,0.9623765254514514,0.23281171207692755,0.03201162525934827,FSH
True,0.0,0.9632520953890947,0.21869536404151962,0.022330719477455244,FSH
True,0.0,0.9758970534493777,0.26439006055061565,0.13626652035417003,FSH
True,0.0,0.9943494595283536,0.10161245474263067,0.04514444464186907,FSH
True,0.0,0.9998277927037301,0.01772729532343962,0.012508618361318757,FSH
True,0.0,0.9951549493972975,0.09873083199857746,0.014611070318863998,FSH
True,0.0,0.9904293616984701,0.150233463974562,0.08142065506909767,FSH
True,0.0,0.9900859086981214,0.1192820650920194,0.022710595025913875,FSH
True,0.0,0.9989405082786775,0.03545834562214171,0.01699227994510908,FSH
True,0.0,0.9988491381164039,0.03896525586762762,0.0126267130591236,FSH
True,0.0,0.9766725955208994,0.2633201966819959,0.14058210500655952,FSH
True,0.0,0.9953548429142187,0.10078138716097322,0.037525589627915676,FSH
True,0.0,0.9990178629535251,0.05445962026018805,0.03372261464177904,FSH
True,0.0,0.9647830197935041,0.19816562404415775,0.036266423996273875,FSH
True,0.0,0.9809251990410803,0.22327955640025487,0.09760906510307168,FSH
True,0.0,0.9578647259355064,0.25351463677856184,0.047715875005139165,FSH
True,0.0,0.9759572676111509,0.28042811814015084,0.17067212695731585,FSH
True,0.0,0.9956742618976935,0.08376789712295712,0.004115147666673416,FSH
True,0.0,0.964692032940559,0.2114808079140209,0.03432491782200375,FSH
False,0.4710247201862816,0.8965511863006007,0.36863124071341574,0.03174288885362316,PGF
True,0.0,0.9929177595181752,0.12872300326588584,0.06820664724809221,FSH
False,4.68593943680021,0.8285763524443291,0.5164703082826883,0.09297369803298726,PGF
True,0.0,0.9376179343582836,0.27105442034427507,0.03284598364239909,FSH
False,0.06516521914866245,0.9157318549540876,0.32552747914476915,0.06311009725128476,PGF
True,0.0,0.9425925734532045,0.2699311088530736,0.03375941280366629,FSH
True,0.0,0.981615956024159,0.21984217973916476,0.10577057172454715,FSH
True,0.0,0.9941158318451083,0.09848267259005476,0.027505707851440644,FSH
True,0.0,0.9670483149387197,0.2077391724229565,0.02125894153205362,FSH
False,0.42701447556617916,0.90224659784865,0.3653463446235655,0.05195487624777344,PGF
False,0.032722066945259386,0.952079029582042,0.3180892418153054,0.06768854167738443,PGF
True,0.0,0.9850444436044251,0.17904989371287255,0.0655271452459877,FSH
True,0.0,0.9878190677735819,0.1628537075070772,0.04080951916417031,FSH
True,0.0,0.9933169702816268,0.09940542455585162,0.02432262245126627,FSH
False,0.5806376871914741,0.8947937771090531,0.3761995857725929,0.06530868073721295,PGF
True,0.0,0.993001496379217,0.11350806273410684,0.037322204783063834,FSH
True,0.0,0.9998993116404323,0.01765881175962351,0.01407165681999763,FSH
False,7.6774683753346284,0.7982584478855964,0.577082449378062,0.11240261397247213,PGF
False,0.19886704671136998,0.9632861527882959,0.3445945116254646,0.176406666980388,PGF
False,0.10216077079770948,0.9147482928427465,0.33196259857985727,0.023975131085550213,PGF
True,0.0,0.9995285176326623,0.031062150344301993,0.01846219357190625,FSH
True,0.0,0.992404858241199,0.12445144474292216,0.04729091704915188,FSH
True,0.0,0.9991081645357432,0.04732138483555754,0.02855421788816456,FSH
True,0.0,0.9852551911444524,0.14847319572498222,0.03285906883849591,FSH
True,0.0,0.9911592361415391,0.127466582728892,0.01684080326812293,FSH
True,0.0,0.9842774260661418,0.19720104524465035,0.09627209581991188,FSH
True,0.0,0.9864531226926954,0.21046675854988273,0.12661108829869486,FSH
True,0.0,0.9332445409883356,0.29007202175622654,0.03216901201113794,FSH
True,0.0,0.9953359544622693,0.1129916820292128,0.05812963676758972,FSH
False,2.1548913228628637,0.8569588771051337,0.44679548095438304,0.0805644443671485,PGF
True,0.0,0.9861784241935376,0.13978579904711239,0.019541903862057976,FSH
False,0.7474174281289171,0.8902481228218175,0.3864533069424714,0.03583918867976289,PGF
True,0.0,0.9972786015352183,0.06920235240959231,0.022850523602973155,FSH
True,0.0,0.9599064849146981,0.2330960981216589,0.019395140603394093,FSH
False,0.6553411384951974,0.8876569450779274,0.3809531431443645,0.07726407734746019,PGF
True,0.0,0.9999649779254176,0.012852303526692052,0.007355282705978684,FSH
True,0.0,0.997091058065608,0.06758988629769226,0.016990410810670886,FSH
True,0.0,0.996977731288235,0.07094399777991095,0.011049124188227677,FSH
False,0.639375560992455,0.8951287469751394,0.3799609630377508,0.07926052326827351,PGF
True,0.0,0.9974254391025922,0.06552980880481284,0.024301346256436093,FSH
True,0.0,0.9814631646442423,0.23116436279271987,0.13148580043393546,FSH
True,0.0,0.999409551155827,0.02997092068312835,0.013322216751800113,FSH
True,0.0,0.9800070936532578,0.16884546959799798,0.031246817969526115,FSH
False,0.020225537618186927,0.9587703972989461,0.3142216516685605,0.09876297630591838,PGF
False,0.7496721422076511,0.8880128283824428,0.3865836094308646,0.085069606523127,PGF
True,0.0,0.9868399950132041,0.17793742750717612,0.08968819307104783,FSH
True,0.0,0.9984110989040288,0.04821263302059084,0.01356778521199251,FSH
True,0.0,0.9634655732948973,0.21795144780941958,0.01393611943128015,FSH
True,0.0,0.9868982478321735,0.18077146350761053,0.1001388976992001,FSH
True,0.0,0.9947275749102898,0.08878158304339644,0.018084750599436674,FSH
True,0.0,0.9744488860995266,0.2826193734692885,0.15623222620104252,FSH
True,0.0,0.9784942786118545,0.23928477241199558,0.1258137654539091,FSH
False,0.16336921260126078,0.9642960466174414,0.3404189575077414,0.20088087128226378,PGF
True,0.0,0.9879658243146857,0.12953012400570188,0.009402992612685101,FSH
True,0.0,0.9790157562605301,0.23246291779171424,0.10110688018045771,FSH
True,0.0,0.9711401351917501,0.2911691054430415,0.11797470092768303,FSH
False,0.17837288028006662,0.9660471174981019,0.34223421365197493,0.19019619419900524,PGF
True,0.0,0.9748700726478399,0.18236479545822623,0.017399653607528855,FSH
True,0.0,0.9713787186363415,0.280922231416094,0.10957435006437537,FSH
True,0.0,0.9869583974685507,0.1401798119673494,0.033662628791645346,FSH
True,0.0,0.999973505016626,0.012224794171085724,0.010500349675762789,FSH
False,0.13701173134851702,0.9064605734506345,0.3370150957513981,0.04677072929276127,PGF
True,0.0,0.9730181512072105,0.2943280093406926,0.1505681447749193,FSH
True,0.0,0.9806073105056827,0.2135677272526945,0.09784031011457547,FSH
True,0.0,0.9971705042307091,0.08342437898385072,0.043569794920887875,FSH
True,0.0,0.9979205790586628,0.054626401042157,0.011809654249437957,FSH
True,0.0,0.9967168759979821,0.08084809280896693,0.017399867011054445,FSH
True,0.0,0.9878885200861367,0.1690526916407704,0.06027888214297373,FSH
False,0.11353545104150241,0.9673582907074919,0.3336950220420617,0.15434346351175124,PGF
True,0.0,0.9998671903493673,0.019368354442060712,0.015262485564120864,FSH
True,0.0,0.9974745044738372,0.06357861195170351,0.019041477874411756,FSH
True,0.0,0.9787744076406835,0.25156566876000536,0.1430959854712764,FSH
True,0.0,0.9815674106648768,0.23831471273654195,0.13263552130383358,FSH
False,2.4809712639475943,0.8570090613147514,0.4575109921226958,0.0944538647737539,PGF
True,0.0,0.9954071969263122,0.09439584938976558,0.04379672475804355,FSH
True,0.0,0.9950508256423898,0.08734140612414161,0.012862660832399965,FSH
True,0.0,0.9309434298628266,0.2831643431114145,0.03635070416162547,FSH
True,0.0,0.982630664394211,0.208862351454933,0.11331442294506477,FSH
True,0.0,0.9745520277548215,0.2660390460580456,0.10150725079874444,FSH
True,0.0,0.9998490770338657,0.017906833874072086,0.009765764788522029,FSH
True,0.0,0.9698136871642353,0.1951937085544312,0.02734178726878396,FSH
True,0.0,0.9806707467582709,0.21465176968328725,0.09841444699566083,FSH
True,0.0,0.996368649733773,0.07551909555417242,0.01519990092629497,FSH
False,0.36593724344800777,0.8990595246923778,0.36049274695763184,0.03158594807215996,PGF
True,0.0,0.9994291509971795,0.028583951371190172,0.009854759732030888,FSH
True,0.0,0.9905066804492427,0.13802989345032424,0.056315593661315784,FSH
True,0.0,0.9775934201424639,0.26662125913679136,0.1600916414865737,FSH
True,0.0,0.9862206274704685,0.16844310220462366,0.053264369625644105,FSH
True,0.0,0.9272047696453719,0.29923535336252,0.0325811631743085,FSH
True,0.0,0.9999691244910296,0.00999743904671985,0.007191452336004739,FSH
True,0.0,0.9319159844420124,0.286632029786398,0.02705308848559611,FSH
True,0.0,0.9671081460193277,0.20830795502214958,0.02693027646124537,FSH
True,0.0,0.9749926941661436,0.27333944053570797,0.1307666908407636,FSH
True,0.0,0.9869609805025001,0.12856576948327963,0.014460038925956055,FSH
True,0.0,0.9621275093223659,0.2267079662574484,0.02551282240613096,FSH
False,6.245572524798107,0.8118151196945526,0.5499114348083758,0.11660434872090944,PGF
True,0.0,0.980011327157632,0.1684873620204362,0.012773337982989498,FSH
True,0.0,0.9985639957625823,0.0518432500540589,0.024860064537433436,FSH
True,0.0,0.9801941669059445,0.1598175705876598,0.026896895980246676,FSH
True,0.0,0.9978301042909908,0.057261408392114535,0.019960807433577345,FSH
True,0.0,0.9976636785826606,0.0773991137203145,0.03782550009299906,FSH
True,0.0,0.9898323993065451,0.16352636700015125,0.09240380941204827,FSH
True,0.0,0.9969873564144405,0.07294060971815901,0.019858451999663965,FSH
True,0.0,0.9805607079948316,0.24744456771163373,0.15179706928154132,FSH
False,0.33606284283422133,0.8951845801770868,0.35797092744076303,0.05542534811402541,PGF
True,0.0,0.9867941638719856,0.18163559237303206,0.08283048758907399,FSH
False,1.4169321725461081,0.8682635875156391,0.4190349600977002,0.10844561527753781,PGF
True,0.0,0.9743611718057587,0.2550633278385857,0.0857115617181598,FSH
True,0.0,0.9741644519091277,0.2647011325617491,0.11532297423157607,FSH
True,0.0,0.997944739062271,0.06350784317659375,0.015078276622930509,FSH
True,0.0,0.993141661428866,0.11576444834469687,0.055903058803684576,FSH
True,0.0,0.9470510331633437,0.24908072578635662,0.035817799167784416,FSH
True,0.0,0.9995149541276983,0.03559884228579105,0.015918586666283086,FSH
True,0.0,0.9982638080169489,0.06107056826234216,0.02490432675232145,FSH
False,0.18270879165066073,0.9130225499415108,0.34274444895546796,0.024384876892019975,PGF
False,0.369204990373481,0.8984078839850496,0.3607622407728254,0.04960233542260453,PGF
False,1.3297576604416532,0.8772854299779516,0.41531511871570237,0.03307989899702757,PGF
True,0.0,0.9573542567389949,0.2349401227255543,0.019724630404072248,FSH
False,0.3248728168126865,0.8993916230479894,0.3569976154600073,0.05613064631917458,PGF
False,0.12078592317577821,0.9394865525870973,0.3347205068804035,0.13409853267595404,PGF
True,0.0,0.9597474605830959,0.22460567132035414,0.016402664652494996,FSH
True,0.0,0.9853928113150294,0.15055648453454737,0.03698439029302127,FSH
True,0.0,0.9774272312371671,0.2503960824286206,0.11792209743327484,FSH
True,0.0,0.9945134546430584,0.10386152446388248,0.045853836232305795,FSH
True,0.0,0.9964018986480843,0.08602441512389941,0.027056048173305057,FSH
True,0.0,0.9769047245591436,0.25308207800635524,0.12767346956647777,FSH
True,0.0,0.9990742104795522,0.038965658540955635,0.01064027207931752,FSH
True,0.0,0.9733025729897848,0.2771893062280408,0.13507020412561835,FSH
True,0.0,0.9880579932966733,0.16887614879813595,0.08234384461118228,FSH
True,0.0,0.9993826460876881,0.03204343224967952,0.0056163562201654565,FSH
True,0.0,0.9881973557644019,0.15711279640987252,0.06593195412047971,FSH
False,1.1502395268498957,0.8783316458272368,0.40724922036312877,0.06547390233157672,PGF
True,0.0,0.9892763178981288,0.1749146004341055,0.09879903812924778,FSH
False,7.726045710286128e-07,0.9706287505119259,0.3000878979277929,0.14503864757881305,PGF
True,0.0,0.9771969806324782,0.26366731540051025,0.13788908280664053,FSH
True,0.0,0.9967565963288838,0.08172852958383424,0.029749017733237276,FSH
True,0.0,0.9454522185015796,0.2559362372733524,0.030459282980530605,FSH
True,0.0,0.9856564630251392,0.17893599331266252,0.06796680248298001,FSH
True,0.0,0.9893287506186679,0.12189184240265402,0.026931014631889627,FSH
True,0.0,0.9572415828820506,0.2321239673617244,0.02069865189221398,FSH
True,0.0,0.9962867648699628,0.08386305082375664,0.02899886550961478,FSH
True,0.0,0.9701038762425066,0.1983696852376186,0.020089994073521637,FSH
True,0.0,0.9993923005456581,0.04387334534706735,0.03709535977389969,FSH
True,0.0,0.9906846450120594,0.1386714093699794,0.05289982154293195,FSH
True,0.0,0.9976845238195428,0.06036638637378994,0.013495182268184776,FSH
True,0.0,0.9984621685931364,0.05371548561018771,0.018111584046115774,FSH
False,0.028055546931919223,0.9553528271840237,0.3167497901276163,0.10739678098938565,PGF
True,0.0,0.9905148560753266,0.14376010777558557,0.04479481416783874,FSH
False,6.57114271794819,0.8109775994322634,0.5555240981167676,0.07477170706286106,PGF
False,0.23153097381996982,0.9066344166118611,0.3481176655522657,0.04929747472213336,PGF
True,0.0,0.9969942154162544,0.07140550624216989,0.02712404022480824,FSH
True,0.0,0.9849557673136297,0.19132144081064897,0.05939664998294386,FSH
False,4.534150414064348,0.8297934257171364,0.5129354459469899,0.12156312597842532,PGF
True,0.0,0.9907357618610718,0.1627370101247837,0.0905294020637674,FSH
False,0.1485890240082628,0.9106021686586996,0.33854724685477067,0.05716455808197617,PGF
False,0.03348420835180505,0.920222256454519,0.3182986907596705,0.05229979168519204,PGF
True,0.0,0.9759232526941414,0.1797709572936069,0.01109971497953947,FSH
True,0.0,0.9998847715458155,0.016694683823142608,0.007050134766039202,FSH
True,0.0,0.9984492102270608,0.05347308415261962,0.022451044974234245,FSH
True,0.0,0.9735049782270284,0.29421316538592857,0.15942646631546648,FSH
True,0.0,0.9939997799947663,0.09729817208841415,0.03204469153550794,FSH
True,0.0,0.9991358480228874,0.03986359186707893,0.03938727609549822,FSH
True,0.0,0.983900324323098,0.2052336031037272,0.09208983072030316,FSH
True,0.0,0.9927879044643958,0.09001345968387871,0.029430775116595274,FSH
True,0.0,0.9835201357793723,0.15954601793268108,0.041582949421048315,FSH
True,0.0,0.9987861584667718,0.04324222896465971,0.016670033362606897,FSH
True,0.0,0.9813201312884253,0.21777411088752568,0.11418570407330474,FSH
True,0.0,0.9987128188473272,0.05858706934914096,0.02976496850353988,FSH
True,0.0,0.9997486783217543,0.035932081208613645,0.02426376840945484,FSH
True,0.0,0.9995266865043423,0.025434664291563713,0.007293712458533422,FSH
False,0.7900625079626358,0.8872272628930304,0.3888854604512254,0.08726195216119545,PGF
True,0.0,0.983688383458004,0.20342847678313367,0.11030113832073316,FSH
True,0.0,0.9427197047709872,0.26174926425371375,0.030239679699484566,FSH
True,0.0,0.9969030024168896,0.07186531771898186,0.018295985260692416,FSH
False,2.761063802592394,0.8512186384661125,0.4661644908695114,0.08247196478414028,PGF
True,0.0,0.9980558557307592,0.08073019145050636,0.04521273354753078,FSH
False,1.766619508677232,0.8648821688070724,0.4329142395937031,0.055891449750325166,PGF
True,0.0,0.9773532495746344,0.2598453002523671,0.1284862347247832,FSH
True,0.0,0.9461319977248864,0.2533212204438085,0.024348614650783185,FSH
True,0.0,0.9930969461389536,0.11612791475875918,0.05548269750787628,FSH
True,0.0,0.993155711980294,0.11736255278176022,0.038976211964115375,FSH
True,0.0,0.9981226697932923,0.06583136119910273,0.028120806927645924,FSH
True,0.0,0.959441369975705,0.22839390981471192,0.017338503253699934,FSH
True,0.0,0.9845499219699166,0.18979430451467244,0.07643793664072261,FSH
True,0.0,0.9999033402011425,0.017913752171712493,0.011497987130236182,FSH
True,0.0,0.997007827137782,0.06931345512234954,0.008590781568078765,FSH
True,0.0,0.9969338548767331,0.0834321522262758,0.04414318520190058,FSH
True,0.0,0.9271194572152434,0.2940806657341066,0.030845514161600203,FSH
True,0.0,0.999869153145668,0.018206166454015914,0.009294045045599345,FSH
False,9.019741296492413,0.7902826589558134,0.5965487635104167,0.08200269589658382,PGF
True,0.0,0.9952688578032931,0.08760279078631078,0.03227305074360713,FSH
True,0.0,0.9988796154157724,0.07157337250983745,0.043798625763608226,FSH
True,0.0,0.9767925677502758,0.2599256202141432,0.13392962243991657,FSH
True,0.0,0.9863541366633504,0.13792820008878723,0.016425433198307735,FSH
True,0.0,0.9772369683854366,0.2742324057826035,0.16837845840383364,FSH
True,0.0,0.9325674669106342,0.2887037367442375,0.032025440250885565,FSH
True,0.0,0.9945604402451188,0.09303890467654458,0.01556124477573757,FSH
False,0.763772979994055,0.8839324567958781,0.38739410620825954,0.08648041956162567,PGF
True,0.0,0.9618922200855075,0.21656770356951793,0.02562019401942123,FSH
False,0.040581196494066316,0.9453928348395362,0.32014477512757744,0.09074215761807031,PGF
False,0.32120924915366267,0.904204624563827,0.3566753252442068,0.02648181314403441,PGF
True,0.0,0.9797973139140305,0.2190679042309353,0.08474799768659676,FSH
True,0.0,0.9989129579916309,0.04598774248573829,0.019831325655472784,FSH
False,0.12188863532190046,0.9099106446010925,0.3349125529461683,0.03155394903265193,PGF
True,0.0,0.9995410535122483,0.03442320691291424,0.028099450601275923,FSH
True,0.0,0.9997569212193228,0.025547206241350977,0.01659836808725933,FSH
False,5.590525605719346,0.817532349106694,0.5364429234660946,0.09511399286033755,PGF
True,0.0,0.9915807441246686,0.11122592231928306,0.016923084812623466,FSH
False,5.725009475724843,0.8191740539700043,0.5392699202934803,0.14388783978307096,PGF
True,0.0,0.9432185687066865,0.26514218174173937,0.03404142465325488,FSH
True,0.0,0.9999668539020228,0.011156233776970682,0.008159086415167063,FSH
True,0.0,0.9815496395426008,0.21135142331285456,0.10260713002485197,FSH
True,0.0,0.9353459539771362,0.2833742020186619,0.0322653322877567,FSH
True,0.0,0.9356251362727909,0.27913997564282167,0.030464265106977566,FSH
True,0.0,0.999918789549766,0.011673819876387097,0.004376075197382876,FSH
True,0.0,0.9845523069281383,0.20678686572077268,0.12045729421824154,FSH
False,9.484899585115922,0.7859431310389716,0.6068780066601336,0.1160275657193986,PGF
True,0.0,0.9902000375908062,0.15473911432048612,0.0793975390988171,FSH
False,1.004948111993353,0.9131187900008269,0.37912160608984785,0.033783640065871805,PGF
True,0.0,0.9996167954569074,0.027962516409450192,0.011507789040806009,FSH
True,0.0,0.9728377191889939,0.2813967604576187,0.12757474972155802,FSH
False,0.06267538297209246,0.9131362498862421,0.3250350520215342,0.034586506046128236,PGF
False,1.9407003975758188,0.8666788453896307,0.43930902331061755,0.11809786468384091,PGF
True,0.0,0.9997586336351965,0.020566668147689465,0.006970831565239245,FSH
True,0.0,0.9976610896311116,0.07761009596099437,0.04359302187205944,FSH
True,0.0,0.9924163003277625,0.09993694374112837,0.021206570588775998,FSH
True,0.0,0.9882494815008217,0.15049139574720258,0.044330735615048425,FSH
True,0.0,0.974503236163355,0.2700335624497347,0.1376942834765981,FSH
True,0.0,0.9999657500136349,0.008181197182023111,0.006812159434011085,FSH
True,0.0,0.9822324655295993,0.2063259110437276,0.09337670813655896,FSH
True,0.0,0.9971322217835774,0.07690979633585218,0.0092435161035326,FSH
True,0.0,0.9638403562081115,0.21421121843089438,0.009670703002945698,FSH
False,0.013936939843424692,0.9457362686939847,0.31180548171123257,0.08459044617105616,PGF
True,0.0,0.9844182062888079,0.2071384203246018,0.10504979691097631,FSH
False,3.8292170641180614,0.8373802851988706,0.4956838538080764,0.09959609465082593,PGF
True,0.0,0.9770074755758323,0.25041155958329686,0.12299593440939895,FSH
False,0.004877203951563747,0.9698744944443376,0.30698369812603876,0.1373997990536098,PGF
True,0.0,0.999855748623289,0.022244976222042107,0.01772678515855578,FSH
False,0.5036058481502257,0.8926040797987289,0.37096519204160766,0.039558349832913065,PGF
True,0.0,0.9945214543692305,0.10636605545267268,0.011788886861758219,FSH
True,0.0,0.9976810380287182,0.07582255534989699,0.04148653096109379,FSH
True,0.0,0.9327407982469367,0.2913399981928765,0.03191065902957243,FSH
True,0.0,0.9746684364987485,0.2652868172993761,0.1299114507167126,FSH
True,0.0,0.9934213422586406,0.12093889149546568,0.03612079258043417,FSH
True,0.0,0.9891696858253256,0.13874714176641792,0.03837764035485908,FSH
True,0.0,0.9960847131961695,0.08187206282569097,0.0263775287942618,FSH
True,0.0,0.9781749976942478,0.24878524590923468,0.120852166063959,FSH
True,0.0,0.982134589389534,0.22812057185671508,0.1329464189084199,FSH
True,0.0,0.9675663591854174,0.20748619238188862,0.026785865955725092,FSH
True,0.0,0.9998856982981805,0.01694833760465371,0.010433007042471822,FSH
True,0.0,0.9723539762218139,0.2831300378042425,0.13212793000741666,FSH
True,0.0,0.98131487321305,0.214575101923001,0.09352849464168053,FSH
True,0.0,0.9515778669267002,0.24830620059631245,0.027363877446524843,FSH
False,6.285003458667654,0.8100195338311167,0.5506990917149014,0.10076727188561112,PGF
True,0.0,0.9999771284763999,0.010437187536884444,0.007894464089311017,FSH
True,0.0,0.9862349104734933,0.1773855764018131,0.06816821051942439,FSH
True,0.0,0.9954975494125505,0.10131948800244217,0.04982723349421459,FSH
True,0.0,0.995189482329534,0.07982521581629243,0.012954781025879703,FSH
True,0.0,0.9849858472028268,0.19221818254036435,0.08106390443993025,FSH
True,0.0,0.9437773720975028,0.2574349313997262,0.029707641548752682,FSH
False,0.02112873363142162,0.9245240287436498,0.3145357262052577,0.0433020056782296,PGF
True,0.0,0.9768800701906037,0.264138611376026,0.1586362906694622,FSH
True,0.0,0.9965764277569976,0.07518876916125461,0.011471637079050403,FSH
False,0.2151588982492087,0.9654372518034742,0.34638522375166564,0.1902243749591437,PGF
True,0.0,0.9863092237461792,0.2030841527505699,0.11696894946387815,FSH
False,0.4311642146773036,0.9211911142047354,0.34660472236688805,0.10292927717746882,PGF
True,0.0,0.9790633329300042,0.2367834152343496,0.10618460936149392,FSH
False,0.03269057022225642,0.9711395935643302,0.31808053379252293,0.17982858073224717,PGF
True,0.0,0.9952955015910536,0.0866592610379254,0.015288743078641628,FSH
True,0.0,0.9999261113370259,0.018376402060523156,0.01647560293602769,FSH
False,0.059917323552997545,0.9698002867430537,0.3244780153511263,0.17913370583952284,PGF
True,0.0,0.9978614750360605,0.06897904001202623,0.00860420029738875,FSH
False,0.22929139918060154,0.9063562223559715,0.34788438150175915,0.06494848926862754,PGF
False,1.5377101131763613,0.8702134324284418,0.42400443996794474,0.08119886479936497,PGF
True,0.0,0.9911072832399552,0.11079390653585519,0.01797168704431277,FSH
True,0.0,0.9923076274777436,0.1335633988469007,0.06734560080507417,FSH
True,0.0,0.999590021506841,0.043737074998278336,0.02851327151642337,FSH
False,1.21761876302047,0.8780734601136999,0.41034576398849526,0.08908162211738198,PGF
True,0.0,0.960348078183491,0.22425561945113923,0.019606090982884017,FSH
True,0.0,0.9960299887759365,0.0751627750235396,0.00832060153102794,FSH
True,0.0,0.9995281539453972,0.03070121973264497,0.013279607192883614,FSH
True,0.0,0.9934762445642014,0.08936343397330129,0.018611801508703046,FSH
False,0.022601970612724745,0.955229616949829,0.3150339517801291,0.07986839239793496,PGF
False,2.6424429803433838,0.8511277549927899,0.46255592823220515,0.08732732106772832,PGF
True,0.0,0.9894328045597315,0.12587162921782902,0.013460358507595865,FSH
True,0.0,0.9895394226311364,0.1543469271612262,0.0734846837804661,FSH
True,0.0,0.9991149632331119,0.04850444724286618,0.027855107109127707,FSH
True,0.0,0.9435544660951215,0.25987416467982405,0.03856015863334987,FSH
True,0.0,0.9958168348433565,0.07251798021322199,0.015478458409555368,FSH
True,0.0,0.9554061961123361,0.23347138521393407,0.033350153375617454,FSH
True,0.0,0.9860319274780888,0.20564699294666722,0.11960555237219907,FSH
True,0.0,0.9701329675696829,0.27115091409134556,0.06884230911545058,FSH
True,0.0,0.9980169146157681,0.05818262257189771,0.013485804225491645,FSH
True,0.0,0.9903347538084315,0.1533404065831817,0.08023266415284332,FSH
True,0.0,0.9562728500917638,0.23545929162583384,0.023897746587530126,FSH
False,0.24524715792112883,0.9048636334023694,0.34952243510987,0.0724652311519597,PGF
True,0.0,0.9988491506927978,0.0373799780207504,0.014797083267059963,FSH
False,0.07693362706661226,0.9695483823382676,0.3277369117002258,0.18236271010937438,PGF
True,0.0,0.9964310863455973,0.07419636164714867,0.019394683312710825,FSH
True,0.0,0.982041480793858,0.23434009809206915,0.13688474123847072,FSH
True,0.0,0.9987319252156066,0.040947995338162735,0.007958623911656674,FSH
True,0.0,0.9500954618679317,0.2650141732587025,0.02705995005930037,FSH
False,0.1313912681219266,0.9363959414238345,0.3339394381108038,0.12221705825433224,PGF
True,0.0,0.9871202930353943,0.1915321992100819,0.11297457946806587,FSH
True,0.0,0.986131271875801,0.19105771983285558,0.10135862775969443,FSH
True,0.0,0.9996056843807793,0.03339817917228735,0.020621863969340022,FSH
False,4.062106324172273,0.8350935871218358,0.5015466775755004,0.09471295723696402,PGF
True,0.0,0.9832446927018332,0.1556561763768942,0.02432218932545815,FSH
True,0.0,0.9765769748516051,0.17094414377379374,0.019767055207803384,FSH
False,0.18269371541784238,0.9065983498716389,0.3427426853880102,0.03884694839936655,PGF
True,0.0,0.9884216603980639,0.15969828979756615,0.0419215976854649,FSH
True,0.0,0.9817117138494372,0.2133037891823756,0.09773172287755107,FSH
False,0.40922225242034715,0.8944419005368794,0.3639704816630567,0.08303531193360943,PGF
False,0.6996621698576291,0.8912569348184296,0.3836458110043551,0.028637116462896,PGF
False,0.0842114028983071,0.957157719963014,0.3290192010397094,0.13172688354183903,PGF
True,0.0,0.9986301667395239,0.051303201322519906,0.008155938343854852,FSH
True,0.0,0.9999428008631718,0.011061205591410054,0.007235958537798769,FSH
False,0.0005530862030924991,0.9251550897921316,0.3023517784825372,0.03634588307855604,PGF
False,0.11151482606043661,0.9646612881493951,0.3333938356677451,0.16135506175778144,PGF
True,0.0,0.9948783049487236,0.09129235292262461,0.0175100411694319,FSH
True,0.0,0.9790032495022225,0.2469622622050517,0.13924199580075616,FSH
True,0.0,0.9996858909410513,0.02407278339869539,0.005572459725651871,FSH
True,0.0,0.991856588421508,0.11796806560293094,0.00926154363531339,FSH
True,0.0,0.9966954644996227,0.07650801475183806,0.025591515757928524,FSH
True,0.0,0.999971550000631,0.013700862547718427,0.013701724755997409,FSH
True,0.0,0.9989061920605762,0.044847984697893264,0.03275720736608219,FSH
True,0.0,0.9830268661046127,0.22545388673331754,0.12334167152933628,FSH
True,0.0,0.9979175929618022,0.05100819297054286,0.016128465178827003,FSH
True,0.0,0.9978816561563126,0.061354097947378415,0.017671486485418157,FSH
True,0.0,0.9742760006074099,0.28401175827745256,0.17227328841013284,FSH
True,0.0,0.9972380157298647,0.06585375614491651,0.01271249681227515,FSH
True,0.0,0.9989679810830352,0.036742945636109546,0.0185113883803191,FSH
True,0.0,0.9961501947857346,0.07901405129704035,0.020273406380465365,FSH
True,0.0,0.9852417455135208,0.18786991399720548,0.0670644576572705,FSH
True,0.0,0.9504580991170254,0.25987680284769077,0.012176990138692188,FSH
True,0.0,0.9810724131363159,0.22293728018508105,0.1100161193270687,FSH
False,0.05077507042948045,0.9685115738801006,0.32253332430634246,0.15120238983346806,PGF
True,0.0,0.9990747590016367,0.03423951578588091,0.005338298074879471,FSH
True,0.0,0.9979161144029737,0.050941796274937445,0.017370747006588454,FSH
True,0.0,0.991163589620917,0.14033256125631421,0.06266934454261061,FSH
True,0.0,0.9953815432018707,0.07915686267954096,0.014278467303336487,FSH
True,0.0,0.9877791554871412,0.17350079925215245,0.07680601059160994,FSH
False,1.056439489904542,0.8814352941526601,0.40278324230654244,0.06448192105639568,PGF
True,0.0,0.9747426225569176,0.1835810383768285,0.02535344479080349,FSH
True,0.0,0.9917382176860525,0.11182099171017625,0.022982760017642486,FSH
False,1.7854229608797394,0.8629104802294175,0.4336197201344075,0.0834734094429259,PGF
True,0.0,0.9898214707169226,0.15137605798427256,0.0733888907217999,FSH
True,0.0,0.9840692854635005,0.20020208114946791,0.1102252446861194,FSH
True,0.0,0.9993596881635964,0.03259614081176564,0.013674764521798386,FSH
True,0.0,0.9683561900528516,0.191199298484381,0.02561339583725847,FSH
True,0.0,0.9560154564074411,0.23625292675786877,0.02067714745071026,FSH
True,0.0,0.9976894832100777,0.05893680117453329,0.014853980265863978,FSH
True,0.0,0.9980610996103826,0.06585981436444431,0.0323387888899357,FSH
True,0.0,0.9986568107994306,0.06350242173173304,0.0331132336919968,FSH
True,0.0,0.9771935383641496,0.2409161706447777,0.10429379736235864,FSH
True,0.0,0.9915254258352282,0.11531430708958328,0.03306320689209844,FSH
True,0.0,0.9926170600041971,0.10218807957526595,0.01897827869279285,FSH
True,0.0,0.9621974342335224,0.22131634051307825,0.017389955861540417,FSH
True,0.0,0.9675476783736532,0.20361822032455285,0.02253851536181462,FSH
False,3.2917236275678787,0.8452355929602422,0.4814310785826915,0.13420261385445048,PGF
True,0.0,0.9791010431416217,0.23428886758396933,0.10119820689328664,FSH
True,0.0,0.9958789318922757,0.08496979063965061,0.0044304125906921305,FSH
False,0.42773553424946265,0.8994186633755847,0.3654014934270971,0.07620272874824979,PGF
True,0.0,0.9918694561781026,0.10051316055656527,0.013938798907035666,FSH
False,0.011054718715607734,0.9707121373664894,0.31051414224537965,0.15752749436802543,PGF
False,0.03624115738857078,0.9687877221964656,0.31903711043949967,0.1408722328052773,PGF
True,0.0,0.9610915545334648,0.2193866659974897,0.016677659559584498,FSH
True,0.0,0.987315434578918,0.14109992326818319,0.015376015468811979,FSH
True,0.0,0.996806559851637,0.07069793319229457,0.007575213762888685,FSH
False,2.6545015226955617,0.8511170348760884,0.4629264104648341,0.07117608890826028,PGF
True,0.0,0.9753646979835534,0.2613413833244407,0.1217669443236833,FSH
True,0.0,0.9973650809935072,0.08621366404695581,0.04567362012058301,FSH
False,7.025779473402438,0.8051910772271635,0.5650618696342882,0.13117465529268732,PGF
True,0.0,0.9954239221025011,0.10480051426879566,0.049104937942346584,FSH
True,0.0,0.9788889110917862,0.16157886121895115,0.017199823321981653,FSH
True,0.0,0.9959523266425607,0.07703262929871603,0.01726428449920784,FSH
True,0.0,0.9776153684873431,0.15515464673119403,0.03348266547815521,FSH
False,0.028273277913788985,0.9679592212606624,0.3168146596497785,0.12013009430542862,PGF
False,0.00011764921462104481,0.96976083984046,0.30108466222678326,0.12934627924360662,PGF
False,0.8816757585636856,0.8867010626952534,0.3938975909469293,0.06446340859652641,PGF
True,0.0,0.9724055722493502,0.1807106098073862,0.025773251655869273,FSH
True,0.0,0.9967374365920579,0.08933450961724411,0.045021905460409864,FSH
False,2.831348529200777,0.8502201740678675,0.4682661145091541,0.09067250729866133,PGF
True,0.0,0.9768769328527375,0.24273299859813458,0.08639127128446353,FSH
True,0.0,0.9727031172472336,0.18982951640584966,0.014506246282980518,FSH
False,0.6155430646374656,0.8910076764409681,0.3784565526031743,0.07374630342842792,PGF
True,0.0,0.9946620042502617,0.1094186765379755,0.028682995217113542,FSH
True,0.0,0.9395094284170055,0.2788380697849112,0.02786343860671337,FSH
True,0.0,0.9729065513509648,0.2933760847905647,0.15611197350220155,FSH
True,0.0,0.9830198691205552,0.2185730285455494,0.11613398437920845,FSH
True,0.0,0.9866651051558742,0.13427051349357094,0.020398153557045703,FSH
True,0.0,0.9479509627430277,0.2564544096763247,0.027584141216081083,FSH
False,2.0314356287457853,0.8596691895467885,0.4425284402758195,0.07255658938163535,PGF
False,4.0895258066549784,0.8380864771523635,0.5022257601458078,0.04896789426567005,PGF
False,9.5961229589186,0.7849563532333693,0.609220781458087,0.11975490257236311,PGF
True,0.0,0.9998131980598491,0.019479102191055666,0.014477260249179844,FSH
True,0.0,0.9970538385750539,0.07774120323885739,0.02330712857237935,FSH
True,0.0,0.9403683955838356,0.2735107104506142,0.034617690374068213,FSH
True,0.0,0.980783943660484,0.2227885903420733,0.11132114548357111,FSH
True,0.0,0.9910014384007609,0.14018026876637532,0.060941512516864256,FSH
True,0.0,0.9873040442615076,0.14443151586787933,0.033563918417469155,FSH
False,3.2632918770643156,0.8428568864070684,0.48064583795549554,0.0827747278276315,PGF
True,0.0,0.9903923718795248,0.14409536464504308,0.05439514984438319,FSH
True,0.0,0.9962268720283302,0.07969553216899092,0.023766494630901663,FSH
True,0.0,0.985276970361636,0.14002717645148977,0.015604111421128842,FSH
True,0.0,0.9998263020072631,0.030819656712975072,0.025684717162424785,FSH
True,0.0,0.9912523604055515,0.14250699117626342,0.06223195912898295,FSH
False,1.302029249788652,0.8769133807921781,0.4141064963001078,0.056139348090081184,PGF
True,0.0,0.9995008109128044,0.03892850952843596,0.013714256308405507,FSH
True,0.0,0.941856046235845,0.2831168445163843,0.027038283015896485,FSH
True,0.0,0.9996357005886177,0.035784341690947366,0.024574005051967426,FSH
True,0.0,0.9807922459937163,0.22121803068485804,0.11520564145335072,FSH
True,0.0,0.9810883985260329,0.21722629835386428,0.08663388191663556,FSH
True,0.0,0.9925936468990367,0.09704226504952092,0.01663994546948134,FSH
True,0.0,0.9981580284928001,0.07283946638484898,0.03410556983720872,FSH
True,0.0,0.9894533964062969,0.12059972749129165,0.027805895052071067,FSH
True,0.0,0.9984375574858566,0.06823263981932419,0.03484267148418809,FSH
True,0.0,0.9950718727803398,0.08488567202629574,0.009244500721595838,FSH
True,0.0,0.9845284423451722,0.19076488663668079,0.10066474733529038,FSH
True,0.0,0.9828196923979768,0.1560113246522509,0.008448477640262256,FSH
True,0.0,0.9994480027286506,0.03735946390437785,0.014720895465428098,FSH
True,0.0,0.9929404905948055,0.10287416428761167,0.02422733454311576,FSH
True,0.0,0.9928594464642436,0.12154013403912674,0.04040377552562218,FSH
False,0.03231036212152028,0.9694704904555684,0.31797508334376234,0.15665705595685805,PGF
True,0.0,0.9836062583729904,0.2010311297898873,0.08286634142476694,FSH
True,0.0,0.9759713818183469,0.2740516032393552,0.15828422201324868,FSH
True,0.0,0.9847560162739474,0.1511804834878081,0.03457032406204532,FSH
True,0.0,0.9994154210306999,0.03872690738758836,0.02435643927692951,FSH
True,0.0,0.992018396623755,0.1250152434749022,0.052622523205075884,FSH
True,0.0,0.9990968512172824,0.04165787785480299,0.00862614582115949,FSH
False,2.0342561296108057,0.8617056076470836,0.4426273511501495,0.11034687935055014,PGF
True,0.0,0.9977824305227819,0.06523163107813201,0.028361875762626144,FSH
True,0.0,0.9779864295646603,0.23966511584739092,0.10944591071544772,FSH
True,0.0,0.9976321449781745,0.05246396818718996,0.01859876906408889,FSH
False,0.00020913619804517207,0.971621896537426,0.3014461542035522,0.15235253445130634,PGF
True,0.0,0.9987223313945146,0.04360203467110916,0.006012319650966233,FSH
False,0.20088973026423962,0.9660493450401285,0.34482072403076947,0.18610465987777436,PGF
False,0.6028860966174548,0.8865920000289057,0.3776457401676006,0.054379741273678235,PGF
False,0.18134409684392802,0.9658814931960344,0.34258451559474734,0.15054785412721017,PGF
True,0.0,0.993530988638197,0.11451540378695237,0.04314353397635501,FSH
True,0.0,0.9811089493067454,0.24449412261047215,0.1506143673655873,FSH
True,0.0,0.9919436155766481,0.12805728871141525,0.03799826982516934,FSH
True,0.0,0.9964397545614735,0.08893633257444064,0.016232013245043427,FSH
True,0.0,0.9886273728815657,0.1622703449585547,0.06662448514538362,FSH
True,0.0,0.9818473704704526,0.21155714790462327,0.1054395071498959,FSH
True,0.0,0.9938100807836161,0.11159710485733591,0.04940265996933066,FSH
True,0.0,0.9971907652065566,0.06597724117107942,0.018929623686857765,FSH
True,0.0,0.9710344551119294,0.28880087452346065,0.11763723944705208,FSH
True,0.0,0.9457401119103418,0.26609025519839646,0.020014059101293006,FSH
True,0.0,0.9953970347659916,0.081354165642846,0.017771934194556555,FSH
True,0.0,0.9998658723120569,0.01505939976114858,0.014166199942759455,FSH
True,0.0,0.9327013680379657,0.28898418551944327,0.026184796797471297,FSH
True,0.0,0.9963086694914157,0.11415076996007245,0.06408028277425526,FSH
True,0.0,0.9866496587245374,0.18428853333712045,0.08668853875250657,FSH
True,0.0,0.9806129854297269,0.16897691202265483,0.03699467471437808,FSH
True,0.0,0.9800207780648609,0.22624866767563548,0.10282412673962656,FSH
False,0.13545209641133293,0.963052789197871,0.3368038172492111,0.12762388654873888,PGF
True,0.0,0.9866449438093711,0.17340444135718316,0.07646107069694119,FSH
True,0.0,0.9986187111730787,0.056724012967098086,0.027153545996867378,FSH
True,0.0,0.9992979464276116,0.03631319029823284,0.01246901525055699,FSH
True,0.0,0.9874961943858435,0.12556205646895907,0.02003030557986661,FSH
False,2.1873375317812394,0.8585620626850452,0.44789650204725057,0.11078996415324431,PGF
True,0.0,0.9990008485389543,0.04067536024639274,0.01996732135055475,FSH
True,0.0,0.9900997824719306,0.15825265162534133,0.0822817804681001,FSH
True,0.0,0.9930930180415457,0.09027248637943071,0.0233843319802127,FSH
True,0.0,0.9960468993136363,0.07138390943397462,0.015061399994372397,FSH
True,0.0,0.9891887559440764,0.15584329302911384,0.07696407937390881,FSH
True,0.0,0.9965570718821655,0.07642645213307436,0.022910069254095385,FSH
False,0.4633411011155574,0.8970980641419071,0.36806916343804713,0.029020961041353988,PGF
True,0.0,0.9994645929626528,0.03500771933047084,0.011988334114019715,FSH
True,0.0,0.9933107676883021,0.1139566214950988,0.04233127703665506,FSH
False,3.015373764527501,0.8487237980098602,0.47364831598744345,0.05780762623116124,PGF
True,0.0,0.9997371333984965,0.024892824341306068,0.016354846547090716,FSH
False,0.00377010680986933,0.9686546722052414,0.30614011955084697,0.10254146333424714,PGF
True,0.0,0.9781959760991195,0.17323580567593266,0.013050651578245297,FSH
True,0.0,0.9957959895824113,0.08468622631118511,0.00910430126038557,FSH
True,0.0,0.9741168426094939,0.2634681890246866,0.11504378941669172,FSH
True,0.0,0.9798131549786075,0.2136691898266727,0.0796899593632281,FSH
True,0.0,0.9723866041020229,0.29788241101900453,0.17033441241526603,FSH
True,0.0,0.9949370766878337,0.09530291034413506,0.043923670036181126,FSH
True,0.0,0.9891989941009027,0.13533005156683442,0.04100257653229649,FSH
True,0.0,0.991289283430792,0.14737103287188968,0.07610276728324263,FSH
True,0.0,0.9845929985365656,0.14468157745978585,0.01987072443853206,FSH
True,0.0,0.9829537515647176,0.19766211013867474,0.051108754774667926,FSH
True,0.0,0.9804347296223793,0.2430377368121897,0.14167423427218817,FSH
True,0.0,0.9969975175360415,0.07210578318631952,0.029759407585996062,FSH
True,0.0,0.993673179847992,0.09326017390790561,0.02128596052808665,FSH
True,0.0,0.9872378079495857,0.16833357306242847,0.051543135582800784,FSH
True,0.0,0.9936344938064133,0.11072268522632404,0.03271655594720708,FSH
False,0.14832839526356295,0.9437634356127447,0.3385134256154348,0.09668026228557096,PGF
True,0.0,0.9829758137277936,0.14820345396772638,0.018777818103039426,FSH
True,0.0,0.993141192537181,0.11848737742963743,0.043747904369490574,FSH
False,0.7417285595330627,0.8852948270736185,0.3861236645488952,0.07674635217322888,PGF
True,0.0,0.9727143496473513,0.19371513166081888,0.027793168308463,FSH
True,0.0,0.993206943971723,0.12449112326964937,0.040411053628191564,FSH
True,0.0,0.9997525754290458,0.025998571414216545,0.02082977657856146,FSH
True,0.0,0.9998577085104451,0.015658522821882095,0.007331024385364145,FSH
True,0.0,0.9998986455153576,0.014126732629903854,0.011024775842157254,FSH
True,0.0,0.9725976485331689,0.29439752618026227,0.14311862540226886,FSH
False,0.7460780057487064,0.8858536205522373,0.38637580713074154,0.06412248686731398,PGF
False,0.058654343078236436,0.9691565278548536,0.3242186587321091,0.16774806439141296,PGF
True,0.0,0.9738852347760388,0.2777902473332877,0.13425107533264552,FSH
False,0.07261415058456777,0.9175267084015113,0.32694701292992745,0.032480222494459914,PGF
True,0.0,0.95879112210319,0.22704310358302984,0.026374817861124653,FSH
True,0.0,0.9993302412439871,0.04289012541534901,0.022408532004060504,FSH
False,1.1518763857387142,0.8743744022384798,0.4073255042261025,0.08711224333389384,PGF
False,0.40048388965833115,0.9642757253594072,0.36328379647732356,0.1794403372116828,PGF
True,0.0,0.9792273883685385,0.16626349176147953,0.028046031618511293,FSH
False,11.60151505405522,0.7733220419353629,0.6387781737109886,0.13021731896430197,PGF
True,0.0,0.9349995190714744,0.2951706307924845,0.029942907910101013,FSH
True,0.0,0.9833029909544152,0.15185616251417422,0.015511280033793543,FSH
True,0.0,0.9784505436379306,0.16234521002320967,0.024924163534158317,FSH
True,0.0,0.9811099331524445,0.23679329709278443,0.14035616407372253,FSH
True,0.0,0.9881595092808061,0.15737545815000797,0.07875524190815082,FSH
True,0.0,0.9911437332952755,0.15065857183250744,0.06675542336342441,FSH
True,0.0,0.9937399466041245,0.12492649874176837,0.05928157486400935,FSH
True,0.0,0.9996942467077896,0.02925077150462515,0.02327920242378662,FSH
False,3.304433873615797,0.8919576267350671,0.4467712926070902,0.036995004494846155,PGF
True,0.0,0.9843705452277712,0.2013765491394707,0.11261098836751175,FSH
True,0.0,0.9749230448612067,0.2903716216139124,0.1784782350119108,FSH
True,0.0,0.9819186631247816,0.21176394354516284,0.11100980214010749,FSH
True,0.0,0.997286474416427,0.06637060241451255,0.015340745264651278,FSH
True,0.0,0.9977278800280321,0.076563119702137,0.03758481025493424,FSH
True,0.0,0.9754998549567941,0.19181070085680685,0.025146892671000863,FSH
False,3.4194447549771807,0.8434960321905351,0.48491740737359423,0.11573867193163336,PGF
True,0.0,0.9934809647480927,0.10462802033509305,0.026629443896817487,FSH
False,4.888266218509451,0.8278228440604269,0.5210942382449043,0.0700491379749301,PGF
True,0.0,0.9567970788692662,0.24053020880210357,0.011878112768368417,FSH
True,0.0,0.9992349970545352,0.036463545289568154,0.007950432584420965,FSH
True,0.0,0.9932506809881791,0.10345212552865028,0.023456422667637596,FSH
False,0.02710063108901181,0.9690476994958352,0.31646226931167504,0.1513842349021003,PGF
True,0.0,0.9817522938942606,0.172767377027029,0.04624199301431696,FSH
True,0.0,0.9839212060529168,0.17295212712409747,0.06059623050474371,FSH
True,0.0,0.9960705042526299,0.08205368770336939,0.02339322188136676,FSH
True,0.0,0.9468572577127444,0.2557839611975506,0.027386254519373793,FSH
False,3.775668359494752,0.8375399871134941,0.49431079124677435,0.0775896422056937,PGF
True,0.0,0.976210149147546,0.24841630468427012,0.13541413906268712,FSH
