parameter,day,biomarker,single_biomarker_mi_proxy,rank_within_parameter
blood_to_liver_glucose_threshold,65,ALL_OBSERVABLES,0.07923317930518022,1
blood_to_liver_glucose_threshold,87,ALL_OBSERVABLES,0.07675860267779361,2
blood_to_liver_glucose_threshold,68,ALL_OBSERVABLES,0.06803803486205842,3
blood_to_liver_glucose_threshold,66,ALL_OBSERVABLES,0.06770068463526016,4
blood_to_liver_glucose_threshold,64,ALL_OBSERVABLES,0.06599817250896398,5
blood_to_liver_glucose_threshold,67,ALL_OBSERVABLES,0.0647900388228095,6
blood_to_liver_glucose_threshold,88,ALL_OBSERVABLES,0.06405245596219869,7
blood_to_liver_glucose_threshold,72,ALL_OBSERVABLES,0.06342271047651646,8
blood_to_liver_glucose_threshold,74,ALL_OBSERVABLES,0.06328029735311344,9
blood_to_liver_glucose_threshold,89,ALL_OBSERVABLES,0.06254961991682978,10
blood_to_liver_glucose_threshold,63,ALL_OBSERVABLES,0.06164476594329534,11
blood_to_liver_glucose_threshold,69,ALL_OBSERVABLES,0.061405438854149966,12
blood_to_liver_glucose_threshold,73,ALL_OBSERVABLES,0.06101804395560468,13
blood_to_liver_glucose_threshold,85,ALL_OBSERVABLES,0.06014922792820344,14
blood_to_liver_glucose_threshold,86,ALL_OBSERVABLES,0.060057240913847544,15
blood_to_liver_glucose_threshold,62,ALL_OBSERVABLES,0.059429303037577624,16
blood_to_liver_glucose_threshold,84,ALL_OBSERVABLES,0.058527865908573125,17
blood_to_liver_glucose_threshold,70,ALL_OBSERVABLES,0.05849247062665003,18
blood_to_liver_glucose_threshold,71,ALL_OBSERVABLES,0.058333418006773476,19
blood_to_liver_glucose_threshold,75,ALL_OBSERVABLES,0.057811576325048186,20
blood_to_liver_glucose_threshold,61,ALL_OBSERVABLES,0.057672898110980426,21
blood_to_liver_glucose_threshold,82,ALL_OBSERVABLES,0.056692989475087434,22
blood_to_liver_glucose_threshold,80,ALL_OBSERVABLES,0.05666701421071359,23
blood_to_liver_glucose_threshold,60,ALL_OBSERVABLES,0.056632484292210565,24
blood_to_liver_glucose_threshold,79,ALL_OBSERVABLES,0.05625933215245131,25
blood_to_liver_glucose_threshold,54,ALL_OBSERVABLES,0.05617546395320986,26
blood_to_liver_glucose_threshold,59,ALL_OBSERVABLES,0.055829807535155776,27
blood_to_liver_glucose_threshold,56,ALL_OBSERVABLES,0.055759902514026655,28
blood_to_liver_glucose_threshold,78,ALL_OBSERVABLES,0.05556335213733916,29
blood_to_liver_glucose_threshold,76,ALL_OBSERVABLES,0.05524006499865637,30
blood_to_liver_glucose_threshold,81,ALL_OBSERVABLES,0.05504664864661063,31
blood_to_liver_glucose_threshold,58,ALL_OBSERVABLES,0.054930218280558225,32
blood_to_liver_glucose_threshold,55,ALL_OBSERVABLES,0.0548993855005651,33
blood_to_liver_glucose_threshold,77,ALL_OBSERVABLES,0.05488109740703044,34
blood_to_liver_glucose_threshold,83,ALL_OBSERVABLES,0.05478460747314952,35
blood_to_liver_glucose_threshold,57,ALL_OBSERVABLES,0.05437984396725616,36
blood_to_liver_glucose_threshold,54,Glucose,0.03591892627184024,37
blood_to_liver_glucose_threshold,55,Glucose,0.03591892627184024,38
blood_to_liver_glucose_threshold,56,Glucose,0.03591892627184024,39
blood_to_liver_glucose_threshold,57,Glucose,0.03591892627184024,40
blood_to_liver_glucose_threshold,58,Glucose,0.03591892627184024,41
blood_to_liver_glucose_threshold,59,Glucose,0.03591892627184024,42
blood_to_liver_glucose_threshold,60,Glucose,0.03591892627184024,43
blood_to_liver_glucose_threshold,61,Glucose,0.03591892627184024,44
blood_to_liver_glucose_threshold,62,Glucose,0.03591892627184024,45
blood_to_liver_glucose_threshold,63,Glucose,0.03591892627184024,46
blood_to_liver_glucose_threshold,64,Glucose,0.03591892627184024,47
blood_to_liver_glucose_threshold,65,Glucose,0.03591892627184024,48
blood_to_liver_glucose_threshold,66,Glucose,0.03591892627184024,49
blood_to_liver_glucose_threshold,67,Glucose,0.03591892627184024,50
blood_to_liver_glucose_threshold,68,Glucose,0.03591892627184024,51
blood_to_liver_glucose_threshold,69,Glucose,0.03591892627184024,52
blood_to_liver_glucose_threshold,70,Glucose,0.03591892627184024,53
blood_to_liver_glucose_threshold,71,Glucose,0.03591892627184024,54
blood_to_liver_glucose_threshold,72,Glucose,0.03591892627184024,55
blood_to_liver_glucose_threshold,73,Glucose,0.03591892627184024,56
blood_to_liver_glucose_threshold,74,Glucose,0.03591892627184024,57
blood_to_liver_glucose_threshold,75,Glucose,0.03591892627184024,58
blood_to_liver_glucose_threshold,76,Glucose,0.03591892627184024,59
blood_to_liver_glucose_threshold,77,Glucose,0.03591892627184024,60
blood_to_liver_glucose_threshold,78,Glucose,0.03591892627184024,61
blood_to_liver_glucose_threshold,79,Glucose,0.03591892627184024,62
blood_to_liver_glucose_threshold,80,Glucose,0.03591892627184024,63
blood_to_liver_glucose_threshold,81,Glucose,0.03591892627184024,64
blood_to_liver_glucose_threshold,82,Glucose,0.03591892627184024,65
blood_to_liver_glucose_threshold,83,Glucose,0.03591892627184024,66
blood_to_liver_glucose_threshold,84,Glucose,0.03591892627184024,67
blood_to_liver_glucose_threshold,85,Glucose,0.03591892627184024,68
blood_to_liver_glucose_threshold,86,Glucose,0.03591892627184024,69
blood_to_liver_glucose_threshold,87,Glucose,0.03591892627184024,70
blood_to_liver_glucose_threshold,88,Glucose,0.03591892627184024,71
blood_to_liver_glucose_threshold,89,Glucose,0.03591892627184024,72
blood_to_liver_glucose_threshold,54,Glucagon,0.015307475810805618,73
blood_to_liver_glucose_threshold,55,Glucagon,0.015307475810805618,74
blood_to_liver_glucose_threshold,56,Glucagon,0.015307475810805618,75
blood_to_liver_glucose_threshold,57,Glucagon,0.015307475810805618,76
blood_to_liver_glucose_threshold,58,Glucagon,0.015307475810805618,77
blood_to_liver_glucose_threshold,59,Glucagon,0.015307475810805618,78
blood_to_liver_glucose_threshold,60,Glucagon,0.015307475810805618,79
blood_to_liver_glucose_threshold,61,Glucagon,0.015307475810805618,80
blood_to_liver_glucose_threshold,62,Glucagon,0.015307475810805618,81
blood_to_liver_glucose_threshold,63,Glucagon,0.015307475810805618,82
blood_to_liver_glucose_threshold,64,Glucagon,0.015307475810805618,83
blood_to_liver_glucose_threshold,65,Glucagon,0.015307475810805618,84
blood_to_liver_glucose_threshold,66,Glucagon,0.015307475810805618,85
blood_to_liver_glucose_threshold,67,Glucagon,0.015307475810805618,86
blood_to_liver_glucose_threshold,68,Glucagon,0.015307475810805618,87
blood_to_liver_glucose_threshold,69,Glucagon,0.015307475810805618,88
blood_to_liver_glucose_threshold,70,Glucagon,0.015307475810805618,89
blood_to_liver_glucose_threshold,71,Glucagon,0.015307475810805618,90
blood_to_liver_glucose_threshold,72,Glucagon,0.015307475810805618,91
blood_to_liver_glucose_threshold,73,Glucagon,0.015307475810805618,92
blood_to_liver_glucose_threshold,74,Glucagon,0.015307475810805618,93
blood_to_liver_glucose_threshold,75,Glucagon,0.015307475810805618,94
blood_to_liver_glucose_threshold,76,Glucagon,0.015307475810805618,95
blood_to_liver_glucose_threshold,77,Glucagon,0.015307475810805618,96
blood_to_liver_glucose_threshold,78,Glucagon,0.015307475810805618,97
blood_to_liver_glucose_threshold,79,Glucagon,0.015307475810805618,98
blood_to_liver_glucose_threshold,80,Glucagon,0.015307475810805618,99
blood_to_liver_glucose_threshold,81,Glucagon,0.015307475810805618,100
blood_to_liver_glucose_threshold,82,Glucagon,0.015307475810805618,101
blood_to_liver_glucose_threshold,83,Glucagon,0.015307475810805618,102
blood_to_liver_glucose_threshold,84,Glucagon,0.015307475810805618,103
blood_to_liver_glucose_threshold,85,Glucagon,0.015307475810805618,104
blood_to_liver_glucose_threshold,86,Glucagon,0.015307475810805618,105
blood_to_liver_glucose_threshold,87,Glucagon,0.015307475810805618,106
blood_to_liver_glucose_threshold,88,Glucagon,0.015307475810805618,107
blood_to_liver_glucose_threshold,89,Glucagon,0.015307475810805618,108
blood_to_liver_glucose_threshold,87,INH,0.014120511607947793,109
blood_to_liver_glucose_threshold,65,INH,0.013026660401745948,110
blood_to_liver_glucose_threshold,68,FSH,0.00745883784268236,111
blood_to_liver_glucose_threshold,88,INH,0.006221422038655135,112
blood_to_liver_glucose_threshold,66,INH,0.006157305382464974,113
blood_to_liver_glucose_threshold,65,E2,0.006039920932612533,114
blood_to_liver_glucose_threshold,66,IGF1,0.00588636800589112,115
blood_to_liver_glucose_threshold,89,INH,0.0051847563862833955,116
blood_to_liver_glucose_threshold,87,IGF1,0.00514470677965909,117
blood_to_liver_glucose_threshold,85,IGF1,0.005125389750754871,118
blood_to_liver_glucose_threshold,65,IGF1,0.00511271498053175,119
blood_to_liver_glucose_threshold,86,IGF1,0.005104119141052298,120
blood_to_liver_glucose_threshold,64,IGF1,0.005029615094943316,121
blood_to_liver_glucose_threshold,67,INH,0.00474183151396458,122
blood_to_liver_glucose_threshold,63,IGF1,0.004697150523354655,123
blood_to_liver_glucose_threshold,67,IGF1,0.004450795797904558,124
blood_to_liver_glucose_threshold,72,INH,0.004418032043330298,125
blood_to_liver_glucose_threshold,84,IGF1,0.0038804877888826503,126
blood_to_liver_glucose_threshold,75,FSH,0.0035813150583620585,127
blood_to_liver_glucose_threshold,87,E2,0.003551301745945998,128
blood_to_liver_glucose_threshold,68,INH,0.0033727901970574637,129
blood_to_liver_glucose_threshold,69,FSH,0.003241939597058547,130
blood_to_liver_glucose_threshold,74,FSH,0.0031039232534322415,131
blood_to_liver_glucose_threshold,68,IGF1,0.0030845433125383575,132
blood_to_liver_glucose_threshold,73,E2,0.0030695531317509136,133
blood_to_liver_glucose_threshold,73,INH,0.00297149412313576,134
blood_to_liver_glucose_threshold,64,INH,0.002874130005208762,135
blood_to_liver_glucose_threshold,74,E2,0.0027355793853876256,136
blood_to_liver_glucose_threshold,82,FSH,0.00254635107934244,137
blood_to_liver_glucose_threshold,72,E2,0.0025300784617958913,138
blood_to_liver_glucose_threshold,64,E2,0.0024304754704275043,139
blood_to_liver_glucose_threshold,72,FSH,0.002309874770369761,140
blood_to_liver_glucose_threshold,74,INH,0.002269327179455825,141
blood_to_liver_glucose_threshold,69,INH,0.002154302380956345,142
blood_to_liver_glucose_threshold,70,FSH,0.002141038016568658,143
blood_to_liver_glucose_threshold,69,IGF1,0.002137627365112622,144
blood_to_liver_glucose_threshold,88,IGF1,0.0021088156766187706,145
blood_to_liver_glucose_threshold,62,IGF1,0.0020360594388047363,146
blood_to_liver_glucose_threshold,64,FSH,0.0019964990935752696,147
blood_to_liver_glucose_threshold,54,FSH,0.0019673580904250565,148
blood_to_liver_glucose_threshold,88,E2,0.0019081459772936358,149
blood_to_liver_glucose_threshold,54,Insulin,0.0019027230460704956,150
blood_to_liver_glucose_threshold,55,Insulin,0.0019027230460704956,151
blood_to_liver_glucose_threshold,56,Insulin,0.0019027230460704956,152
blood_to_liver_glucose_threshold,57,Insulin,0.0019027230460704956,153
blood_to_liver_glucose_threshold,58,Insulin,0.0019027230460704956,154
blood_to_liver_glucose_threshold,59,Insulin,0.0019027230460704956,155
blood_to_liver_glucose_threshold,60,Insulin,0.0019027230460704956,156
blood_to_liver_glucose_threshold,61,Insulin,0.0019027230460704956,157
blood_to_liver_glucose_threshold,62,Insulin,0.0019027230460704956,158
blood_to_liver_glucose_threshold,63,Insulin,0.0019027230460704956,159
blood_to_liver_glucose_threshold,64,Insulin,0.0019027230460704956,160
blood_to_liver_glucose_threshold,65,Insulin,0.0019027230460704956,161
blood_to_liver_glucose_threshold,66,Insulin,0.0019027230460704956,162
blood_to_liver_glucose_threshold,67,Insulin,0.0019027230460704956,163
blood_to_liver_glucose_threshold,68,Insulin,0.0019027230460704956,164
blood_to_liver_glucose_threshold,69,Insulin,0.0019027230460704956,165
blood_to_liver_glucose_threshold,70,Insulin,0.0019027230460704956,166
blood_to_liver_glucose_threshold,71,Insulin,0.0019027230460704956,167
blood_to_liver_glucose_threshold,72,Insulin,0.0019027230460704956,168
blood_to_liver_glucose_threshold,73,Insulin,0.0019027230460704956,169
blood_to_liver_glucose_threshold,74,Insulin,0.0019027230460704956,170
blood_to_liver_glucose_threshold,75,Insulin,0.0019027230460704956,171
blood_to_liver_glucose_threshold,76,Insulin,0.0019027230460704956,172
blood_to_liver_glucose_threshold,77,Insulin,0.0019027230460704956,173
blood_to_liver_glucose_threshold,78,Insulin,0.0019027230460704956,174
blood_to_liver_glucose_threshold,79,Insulin,0.0019027230460704956,175
blood_to_liver_glucose_threshold,80,Insulin,0.0019027230460704956,176
blood_to_liver_glucose_threshold,81,Insulin,0.0019027230460704956,177
blood_to_liver_glucose_threshold,82,Insulin,0.0019027230460704956,178
blood_to_liver_glucose_threshold,83,Insulin,0.0019027230460704956,179
blood_to_liver_glucose_threshold,84,Insulin,0.0019027230460704956,180
blood_to_liver_glucose_threshold,85,Insulin,0.0019027230460704956,181
blood_to_liver_glucose_threshold,86,Insulin,0.0019027230460704956,182
blood_to_liver_glucose_threshold,87,Insulin,0.0019027230460704956,183
blood_to_liver_glucose_threshold,88,Insulin,0.0019027230460704956,184
blood_to_liver_glucose_threshold,89,Insulin,0.0019027230460704956,185
blood_to_liver_glucose_threshold,62,INH,0.0018325364512033855,186
blood_to_liver_glucose_threshold,71,FSH,0.0018201004866684343,187
blood_to_liver_glucose_threshold,89,E2,0.001762687124665502,188
blood_to_liver_glucose_threshold,56,INH,0.0017577836319131168,189
blood_to_liver_glucose_threshold,71,E2,0.0016008816586722545,190
blood_to_liver_glucose_threshold,65,FSH,0.0015742170549497628,191
blood_to_liver_glucose_threshold,63,E2,0.0015583622704160342,192
blood_to_liver_glucose_threshold,74,PGF,0.0015525930142179806,193
blood_to_liver_glucose_threshold,89,IGF1,0.001543545505069696,194
blood_to_liver_glucose_threshold,70,IGF1,0.001508063177954172,195
blood_to_liver_glucose_threshold,80,E2,0.0014800328283621747,196
blood_to_liver_glucose_threshold,58,PGF,0.0013409442544970443,197
blood_to_liver_glucose_threshold,59,E2,0.0013401981851551145,198
blood_to_liver_glucose_threshold,66,FSH,0.0012915137936895828,199
blood_to_liver_glucose_threshold,61,INH,0.0012847856451479456,200
blood_to_liver_glucose_threshold,62,P4,0.0012722539843534346,201
blood_to_liver_glucose_threshold,67,FSH,0.0012249436049673835,202
blood_to_liver_glucose_threshold,63,INH,0.0012129537829375565,203
blood_to_liver_glucose_threshold,73,FSH,0.0011860521012860593,204
blood_to_liver_glucose_threshold,70,INH,0.0011658841724617854,205
blood_to_liver_glucose_threshold,79,INH,0.0011401536142470303,206
blood_to_liver_glucose_threshold,80,INH,0.0010818271811711404,207
blood_to_liver_glucose_threshold,71,IGF1,0.0010705022155772428,208
blood_to_liver_glucose_threshold,61,P4,0.0010679774752877652,209
blood_to_liver_glucose_threshold,62,FSH,0.0010415099920194906,210
blood_to_liver_glucose_threshold,61,FSH,0.0010324979583980467,211
blood_to_liver_glucose_threshold,63,P4,0.0009990412330688025,212
blood_to_liver_glucose_threshold,61,E2,0.00098482736636385,213
blood_to_liver_glucose_threshold,81,FSH,0.000915534629723812,214
blood_to_liver_glucose_threshold,85,FSH,0.0008652475794126833,215
blood_to_liver_glucose_threshold,60,E2,0.0008503836893393375,216
blood_to_liver_glucose_threshold,78,INH,0.0008454635435018524,217
blood_to_liver_glucose_threshold,76,E2,0.000793141660170477,218
blood_to_liver_glucose_threshold,60,INH,0.0007878867556456429,219
blood_to_liver_glucose_threshold,60,FSH,0.000774620162336538,220
blood_to_liver_glucose_threshold,89,PGF,0.0007730495065766483,221
blood_to_liver_glucose_threshold,72,IGF1,0.0007726474821048783,222
blood_to_liver_glucose_threshold,83,IGF1,0.0007670393375512452,223
blood_to_liver_glucose_threshold,55,INH,0.0007160215723493056,224
blood_to_liver_glucose_threshold,66,E2,0.000697475454565322,225
blood_to_liver_glucose_threshold,79,PGF,0.0006911491523305455,226
blood_to_liver_glucose_threshold,85,PGF,0.0006891769141032004,227
blood_to_liver_glucose_threshold,86,PGF,0.0006867808438344187,228
blood_to_liver_glucose_threshold,60,P4,0.0006747665447246743,229
blood_to_liver_glucose_threshold,79,E2,0.0006687783952147935,230
blood_to_liver_glucose_threshold,78,PGF,0.0006667135359852885,231
blood_to_liver_glucose_threshold,87,PGF,0.0006651331514518014,232
blood_to_liver_glucose_threshold,84,PGF,0.0006592555556263938,233
blood_to_liver_glucose_threshold,77,E2,0.0006516420214554123,234
blood_to_liver_glucose_threshold,67,E2,0.0006419487596378957,235
blood_to_liver_glucose_threshold,88,PGF,0.0006346249518686802,236
blood_to_liver_glucose_threshold,77,PGF,0.0006299085415751935,237
blood_to_liver_glucose_threshold,75,E2,0.0006048615684026547,238
blood_to_liver_glucose_threshold,83,PGF,0.0006036111872025807,239
blood_to_liver_glucose_threshold,59,PGF,0.0005945542417411276,240
blood_to_liver_glucose_threshold,73,IGF1,0.0005800087585203738,241
blood_to_liver_glucose_threshold,67,P4,0.0005757629766273341,242
blood_to_liver_glucose_threshold,84,INH,0.0005664071305602026,243
blood_to_liver_glucose_threshold,80,FSH,0.0005533912300039054,244
blood_to_liver_glucose_threshold,66,P4,0.0005375101050549185,245
blood_to_liver_glucose_threshold,64,P4,0.000529115142516005,246
blood_to_liver_glucose_threshold,59,INH,0.00048630658952502877,247
blood_to_liver_glucose_threshold,68,E2,0.0004847748955700374,248
blood_to_liver_glucose_threshold,76,FSH,0.0004837418440484206,249
blood_to_liver_glucose_threshold,82,PGF,0.0004560352055481169,250
blood_to_liver_glucose_threshold,74,IGF1,0.0004546868819982045,251
blood_to_liver_glucose_threshold,78,FSH,0.00044174892345110784,252
blood_to_liver_glucose_threshold,57,FSH,0.00042548645146633636,253
blood_to_liver_glucose_threshold,82,IGF1,0.00042219983204698784,254
blood_to_liver_glucose_threshold,81,INH,0.00042078444592360284,255
blood_to_liver_glucose_threshold,71,INH,0.0004122952986888494,256
blood_to_liver_glucose_threshold,76,PGF,0.000404025872222483,257
blood_to_liver_glucose_threshold,86,INH,0.0003961691991556122,258
blood_to_liver_glucose_threshold,75,IGF1,0.00037875947342503387,259
blood_to_liver_glucose_threshold,54,IGF1,0.0003746058478848693,260
blood_to_liver_glucose_threshold,79,FSH,0.0003626944204120395,261
blood_to_liver_glucose_threshold,68,P4,0.00035814360091320673,262
blood_to_liver_glucose_threshold,65,P4,0.0003500313950309841,263
blood_to_liver_glucose_threshold,57,PGF,0.00034886173371729553,264
blood_to_liver_glucose_threshold,76,IGF1,0.00033136185473338874,265
blood_to_liver_glucose_threshold,69,E2,0.0003298817781900557,266
blood_to_liver_glucose_threshold,55,IGF1,0.00032860320190271445,267
blood_to_liver_glucose_threshold,56,PGF,0.0003283192968708606,268
blood_to_liver_glucose_threshold,55,PGF,0.0003065613880840332,269
blood_to_liver_glucose_threshold,77,IGF1,0.0003001254353938133,270
blood_to_liver_glucose_threshold,56,IGF1,0.0002988673709761603,271
blood_to_liver_glucose_threshold,55,FSH,0.00029749163171970355,272
blood_to_liver_glucose_threshold,54,PGF,0.0002936372995779877,273
blood_to_liver_glucose_threshold,60,PGF,0.0002920927430573759,274
blood_to_liver_glucose_threshold,86,P4,0.0002854291464464411,275
blood_to_liver_glucose_threshold,86,E2,0.00028473207105077274,276
blood_to_liver_glucose_threshold,78,IGF1,0.00028012238347217074,277
blood_to_liver_glucose_threshold,57,IGF1,0.00027886337133196866,278
blood_to_liver_glucose_threshold,54,INH,0.00027475898687506935,279
blood_to_liver_glucose_threshold,79,IGF1,0.00026638010522439076,280
blood_to_liver_glucose_threshold,58,IGF1,0.0002658624360851442,281
blood_to_liver_glucose_threshold,59,IGF1,0.00025734568358757914,282
blood_to_liver_glucose_threshold,80,IGF1,0.00025733544046334714,283
blood_to_liver_glucose_threshold,81,IGF1,0.0002514692174323628,284
blood_to_liver_glucose_threshold,69,P4,0.0002437226330403966,285
blood_to_liver_glucose_threshold,85,P4,0.0002253304913375565,286
blood_to_liver_glucose_threshold,83,INH,0.0002063252577289877,287
blood_to_liver_glucose_threshold,84,E2,0.00020437725006876623,288
blood_to_liver_glucose_threshold,70,E2,0.00020060505308201214,289
blood_to_liver_glucose_threshold,78,E2,0.00020015781722042527,290
blood_to_liver_glucose_threshold,81,PGF,0.00018524709978800727,291
blood_to_liver_glucose_threshold,70,P4,0.0001771514132389111,292
blood_to_liver_glucose_threshold,72,PGF,0.00017391214301804733,293
blood_to_liver_glucose_threshold,71,PGF,0.00017203503856132619,294
blood_to_liver_glucose_threshold,86,FSH,0.00017088538359164487,295
blood_to_liver_glucose_threshold,70,PGF,0.00017060366462813475,296
blood_to_liver_glucose_threshold,69,PGF,0.00016883997107563776,297
blood_to_liver_glucose_threshold,77,FSH,0.00016810639046419224,298
blood_to_liver_glucose_threshold,80,PGF,0.00016130212185311809,299
blood_to_liver_glucose_threshold,61,PGF,0.0001584160400517651,300
blood_to_liver_glucose_threshold,68,PGF,0.00014981988458064317,301
blood_to_liver_glucose_threshold,81,E2,0.00014051352200475302,302
blood_to_liver_glucose_threshold,56,FSH,0.0001364689883007459,303
blood_to_liver_glucose_threshold,54,P4,0.00013165854907165565,304
blood_to_liver_glucose_threshold,71,P4,0.00012847817988901328,305
blood_to_liver_glucose_threshold,57,INH,0.00012365642837450623,306
blood_to_liver_glucose_threshold,60,IGF1,0.000123609268390643,307
blood_to_liver_glucose_threshold,89,FSH,0.00011258159592624097,308
blood_to_liver_glucose_threshold,55,P4,9.802120095251978e-05,309
blood_to_liver_glucose_threshold,76,INH,9.088232237351932e-05,310
blood_to_liver_glucose_threshold,72,P4,8.90404471812225e-05,311
blood_to_liver_glucose_threshold,62,PGF,8.307942961519115e-05,312
blood_to_liver_glucose_threshold,75,PGF,8.268993839076527e-05,313
blood_to_liver_glucose_threshold,87,P4,8.177269592671243e-05,314
blood_to_liver_glucose_threshold,85,E2,8.15489001111914e-05,315
blood_to_liver_glucose_threshold,83,FSH,7.816782176691927e-05,316
blood_to_liver_glucose_threshold,58,E2,7.318209191910844e-05,317
blood_to_liver_glucose_threshold,82,P4,7.152827667008942e-05,318
blood_to_liver_glucose_threshold,56,P4,7.076850897094312e-05,319
blood_to_liver_glucose_threshold,82,INH,6.663334277686661e-05,320
blood_to_liver_glucose_threshold,58,FSH,6.6595013014509e-05,321
blood_to_liver_glucose_threshold,87,FSH,6.605156814586057e-05,322
blood_to_liver_glucose_threshold,84,P4,6.0007720953247416e-05,323
blood_to_liver_glucose_threshold,73,P4,5.8460113012257185e-05,324
blood_to_liver_glucose_threshold,57,P4,4.950572456689464e-05,325
blood_to_liver_glucose_threshold,89,P4,4.3874669591934735e-05,326
blood_to_liver_glucose_threshold,56,E2,3.856958827846807e-05,327
blood_to_liver_glucose_threshold,74,P4,3.5062509905206604e-05,328
blood_to_liver_glucose_threshold,62,E2,3.4738612865025e-05,329
blood_to_liver_glucose_threshold,63,PGF,3.448008470898589e-05,330
blood_to_liver_glucose_threshold,58,P4,3.3749994186578614e-05,331
blood_to_liver_glucose_threshold,85,INH,3.340916376758272e-05,332
blood_to_liver_glucose_threshold,84,FSH,2.8205333765507262e-05,333
blood_to_liver_glucose_threshold,88,P4,2.6375577857741015e-05,334
blood_to_liver_glucose_threshold,67,PGF,2.5631040991385544e-05,335
blood_to_liver_glucose_threshold,57,E2,2.434512908280788e-05,336
blood_to_liver_glucose_threshold,88,FSH,2.394661118837036e-05,337
blood_to_liver_glucose_threshold,55,E2,2.356137684046449e-05,338
blood_to_liver_glucose_threshold,73,PGF,2.3350599182955935e-05,339
blood_to_liver_glucose_threshold,59,P4,2.2054660169114517e-05,340
blood_to_liver_glucose_threshold,58,INH,2.0759362139478526e-05,341
blood_to_liver_glucose_threshold,75,P4,1.837148760942618e-05,342
blood_to_liver_glucose_threshold,75,INH,1.6453670141895392e-05,343
blood_to_liver_glucose_threshold,61,IGF1,1.5268497014697292e-05,344
blood_to_liver_glucose_threshold,63,FSH,1.3652920092946978e-05,345
blood_to_liver_glucose_threshold,64,PGF,9.212573576760976e-06,346
blood_to_liver_glucose_threshold,76,P4,7.786316391723408e-06,347
blood_to_liver_glucose_threshold,54,E2,4.320050658860906e-06,348
blood_to_liver_glucose_threshold,80,P4,4.000280143548829e-06,349
blood_to_liver_glucose_threshold,81,P4,3.974603021734185e-06,350
blood_to_liver_glucose_threshold,77,P4,1.934194009469603e-06,351
blood_to_liver_glucose_threshold,66,PGF,1.3867648778913916e-06,352
blood_to_liver_glucose_threshold,82,E2,1.1166099865759877e-06,353
blood_to_liver_glucose_threshold,79,P4,1.051336306156163e-06,354
blood_to_liver_glucose_threshold,65,PGF,5.094115928806022e-07,355
blood_to_liver_glucose_threshold,83,E2,2.6070556478093247e-07,356
blood_to_liver_glucose_threshold,77,INH,2.5569541600269895e-07,357
blood_to_liver_glucose_threshold,59,FSH,2.2304626145406008e-07,358
blood_to_liver_glucose_threshold,83,P4,7.803461864870038e-08,359
blood_to_liver_glucose_threshold,78,P4,2.0804991955994402e-08,360
feed_direct_blood_fraction,64,ALL_OBSERVABLES,0.008270959271335025,1
feed_direct_blood_fraction,86,ALL_OBSERVABLES,0.007499659928597685,2
feed_direct_blood_fraction,63,ALL_OBSERVABLES,0.006860984473509615,3
feed_direct_blood_fraction,64,P4,0.005902952335252183,4
feed_direct_blood_fraction,86,P4,0.005832190608472871,5
feed_direct_blood_fraction,71,ALL_OBSERVABLES,0.005559332093561416,6
feed_direct_blood_fraction,65,ALL_OBSERVABLES,0.005543571499656727,7
feed_direct_blood_fraction,85,ALL_OBSERVABLES,0.005539140393991431,8
feed_direct_blood_fraction,68,ALL_OBSERVABLES,0.005032139438749735,9
feed_direct_blood_fraction,70,ALL_OBSERVABLES,0.004974461502191356,10
feed_direct_blood_fraction,69,ALL_OBSERVABLES,0.004753895557415528,11
feed_direct_blood_fraction,67,ALL_OBSERVABLES,0.004699230412615454,12
feed_direct_blood_fraction,62,ALL_OBSERVABLES,0.004571725637811128,13
feed_direct_blood_fraction,63,P4,0.004384427301047586,14
feed_direct_blood_fraction,87,ALL_OBSERVABLES,0.004128719348629606,15
feed_direct_blood_fraction,85,P4,0.004058516552331076,16
feed_direct_blood_fraction,66,ALL_OBSERVABLES,0.003487998782565231,17
feed_direct_blood_fraction,89,ALL_OBSERVABLES,0.0033184828647927623,18
feed_direct_blood_fraction,65,INH,0.0030273730111181683,19
feed_direct_blood_fraction,84,ALL_OBSERVABLES,0.0029762253646160868,20
feed_direct_blood_fraction,71,E2,0.002955658481023762,21
feed_direct_blood_fraction,73,ALL_OBSERVABLES,0.0027247832565956004,22
feed_direct_blood_fraction,88,ALL_OBSERVABLES,0.002630750426806805,23
feed_direct_blood_fraction,56,ALL_OBSERVABLES,0.0025645716339944787,24
feed_direct_blood_fraction,87,INH,0.00252228635391721,25
feed_direct_blood_fraction,74,ALL_OBSERVABLES,0.002400471820043616,26
feed_direct_blood_fraction,59,ALL_OBSERVABLES,0.002395662443906986,27
feed_direct_blood_fraction,70,E2,0.0021280245568852086,28
feed_direct_blood_fraction,79,ALL_OBSERVABLES,0.00211783887816067,29
feed_direct_blood_fraction,57,ALL_OBSERVABLES,0.0021153497765373287,30
feed_direct_blood_fraction,72,ALL_OBSERVABLES,0.00207600860254795,31
feed_direct_blood_fraction,61,ALL_OBSERVABLES,0.0019852932087892103,32
feed_direct_blood_fraction,78,ALL_OBSERVABLES,0.0019348395640039864,33
feed_direct_blood_fraction,80,ALL_OBSERVABLES,0.001908718480053736,34
feed_direct_blood_fraction,62,P4,0.0017970236788977015,35
feed_direct_blood_fraction,62,E2,0.0017776082386902871,36
feed_direct_blood_fraction,81,ALL_OBSERVABLES,0.0017108738239658382,37
feed_direct_blood_fraction,55,ALL_OBSERVABLES,0.001675480127440933,38
feed_direct_blood_fraction,69,E2,0.0016455509034345162,39
feed_direct_blood_fraction,56,E2,0.0015004204709981673,40
feed_direct_blood_fraction,58,ALL_OBSERVABLES,0.0014313113673886475,41
feed_direct_blood_fraction,77,ALL_OBSERVABLES,0.0014105660208706865,42
feed_direct_blood_fraction,54,ALL_OBSERVABLES,0.001351983810608062,43
feed_direct_blood_fraction,83,ALL_OBSERVABLES,0.001350877094083382,44
feed_direct_blood_fraction,74,E2,0.0012815405283951966,45
feed_direct_blood_fraction,75,ALL_OBSERVABLES,0.0012732134048832181,46
feed_direct_blood_fraction,84,P4,0.0012538629236313094,47
feed_direct_blood_fraction,60,ALL_OBSERVABLES,0.0012475316332918448,48
feed_direct_blood_fraction,82,ALL_OBSERVABLES,0.0011800389897222993,49
feed_direct_blood_fraction,76,ALL_OBSERVABLES,0.0011469097608922808,50
feed_direct_blood_fraction,68,E2,0.001146285266437752,51
feed_direct_blood_fraction,89,PGF,0.0011423040118622328,52
feed_direct_blood_fraction,67,IGF1,0.0010996122533333676,53
feed_direct_blood_fraction,59,E2,0.0010804133615258356,54
feed_direct_blood_fraction,72,PGF,0.0010172514388873037,55
feed_direct_blood_fraction,71,PGF,0.0010142805617816603,56
feed_direct_blood_fraction,70,PGF,0.0010063948877002177,57
feed_direct_blood_fraction,88,PGF,0.0010027840464207145,58
feed_direct_blood_fraction,68,PGF,0.0009995345838136078,59
feed_direct_blood_fraction,69,PGF,0.0009977823043594526,60
feed_direct_blood_fraction,57,FSH,0.0009712680718171598,61
feed_direct_blood_fraction,67,PGF,0.0009453447611281774,62
feed_direct_blood_fraction,87,PGF,0.0009314823449783521,63
feed_direct_blood_fraction,73,FSH,0.0008910944156927972,64
feed_direct_blood_fraction,79,FSH,0.0008872210999161485,65
feed_direct_blood_fraction,68,IGF1,0.0008545062549051894,66
feed_direct_blood_fraction,86,PGF,0.0008297067080161922,67
feed_direct_blood_fraction,66,PGF,0.0008274176692111321,68
feed_direct_blood_fraction,63,INH,0.0007925312148793688,69
feed_direct_blood_fraction,61,E2,0.0007896257014208656,70
feed_direct_blood_fraction,55,E2,0.0007662108283884794,71
feed_direct_blood_fraction,65,PGF,0.0007647639647034385,72
feed_direct_blood_fraction,73,PGF,0.0007254024922730865,73
feed_direct_blood_fraction,85,PGF,0.0006934747501721906,74
feed_direct_blood_fraction,67,E2,0.0006771497476143483,75
feed_direct_blood_fraction,64,PGF,0.0006635691008212512,76
feed_direct_blood_fraction,68,FSH,0.0006632093606068453,77
feed_direct_blood_fraction,71,INH,0.0006586482516848362,78
feed_direct_blood_fraction,70,INH,0.0006562803375164966,79
feed_direct_blood_fraction,69,INH,0.0006553145719229699,80
feed_direct_blood_fraction,68,INH,0.0006394303642463842,81
feed_direct_blood_fraction,66,INH,0.0006384437215123021,82
feed_direct_blood_fraction,64,INH,0.0006310381200518406,83
feed_direct_blood_fraction,78,E2,0.0006226389562940024,84
feed_direct_blood_fraction,67,INH,0.0006182131030298736,85
feed_direct_blood_fraction,89,INH,0.0005825156294912647,86
feed_direct_blood_fraction,88,INH,0.000579629728127906,87
feed_direct_blood_fraction,66,P4,0.0005695346649166358,88
feed_direct_blood_fraction,80,P4,0.0005660747742191699,89
feed_direct_blood_fraction,60,E2,0.0005627558660866871,90
feed_direct_blood_fraction,84,E2,0.0005588586010835677,91
feed_direct_blood_fraction,59,P4,0.0005555948991806316,92
feed_direct_blood_fraction,89,IGF1,0.0005469301589504165,93
feed_direct_blood_fraction,84,PGF,0.0005330877324284384,94
feed_direct_blood_fraction,69,IGF1,0.0005321191171754082,95
feed_direct_blood_fraction,65,P4,0.0005293855170708895,96
feed_direct_blood_fraction,63,PGF,0.000522996195809504,97
feed_direct_blood_fraction,67,P4,0.000491311518783524,98
feed_direct_blood_fraction,80,E2,0.00048358402251913305,99
feed_direct_blood_fraction,79,P4,0.00047313168343927095,100
feed_direct_blood_fraction,58,P4,0.00046537891745271657,101
feed_direct_blood_fraction,65,E2,0.00044580331840528986,102
feed_direct_blood_fraction,63,FSH,0.0004375124469674278,103
feed_direct_blood_fraction,81,E2,0.0004179478870993094,104
feed_direct_blood_fraction,54,E2,0.0004158732028223689,105
feed_direct_blood_fraction,61,P4,0.000400701581037023,106
feed_direct_blood_fraction,78,P4,0.0003807309519945353,107
feed_direct_blood_fraction,57,P4,0.00037649374806924456,108
feed_direct_blood_fraction,66,IGF1,0.0003756234554471564,109
feed_direct_blood_fraction,73,E2,0.00037036058736937273,110
feed_direct_blood_fraction,83,PGF,0.00036167217036612323,111
feed_direct_blood_fraction,81,P4,0.00035223040904176794,112
feed_direct_blood_fraction,62,PGF,0.00034710337150621395,113
feed_direct_blood_fraction,70,IGF1,0.00033841563414553356,114
feed_direct_blood_fraction,64,E2,0.0003376892585174212,115
feed_direct_blood_fraction,54,Insulin,0.00032258133393314904,116
feed_direct_blood_fraction,55,Insulin,0.00032258133393314904,117
feed_direct_blood_fraction,56,Insulin,0.00032258133393314904,118
feed_direct_blood_fraction,57,Insulin,0.00032258133393314904,119
feed_direct_blood_fraction,58,Insulin,0.00032258133393314904,120
feed_direct_blood_fraction,59,Insulin,0.00032258133393314904,121
feed_direct_blood_fraction,60,Insulin,0.00032258133393314904,122
feed_direct_blood_fraction,61,Insulin,0.00032258133393314904,123
feed_direct_blood_fraction,62,Insulin,0.00032258133393314904,124
feed_direct_blood_fraction,63,Insulin,0.00032258133393314904,125
feed_direct_blood_fraction,64,Insulin,0.00032258133393314904,126
feed_direct_blood_fraction,65,Insulin,0.00032258133393314904,127
feed_direct_blood_fraction,66,Insulin,0.00032258133393314904,128
feed_direct_blood_fraction,67,Insulin,0.00032258133393314904,129
feed_direct_blood_fraction,68,Insulin,0.00032258133393314904,130
feed_direct_blood_fraction,69,Insulin,0.00032258133393314904,131
feed_direct_blood_fraction,70,Insulin,0.00032258133393314904,132
feed_direct_blood_fraction,71,Insulin,0.00032258133393314904,133
feed_direct_blood_fraction,72,Insulin,0.00032258133393314904,134
feed_direct_blood_fraction,73,Insulin,0.00032258133393314904,135
feed_direct_blood_fraction,74,Insulin,0.00032258133393314904,136
feed_direct_blood_fraction,75,Insulin,0.00032258133393314904,137
feed_direct_blood_fraction,76,Insulin,0.00032258133393314904,138
feed_direct_blood_fraction,77,Insulin,0.00032258133393314904,139
feed_direct_blood_fraction,78,Insulin,0.00032258133393314904,140
feed_direct_blood_fraction,79,Insulin,0.00032258133393314904,141
feed_direct_blood_fraction,80,Insulin,0.00032258133393314904,142
feed_direct_blood_fraction,81,Insulin,0.00032258133393314904,143
feed_direct_blood_fraction,82,Insulin,0.00032258133393314904,144
feed_direct_blood_fraction,83,Insulin,0.00032258133393314904,145
feed_direct_blood_fraction,84,Insulin,0.00032258133393314904,146
feed_direct_blood_fraction,85,Insulin,0.00032258133393314904,147
feed_direct_blood_fraction,86,Insulin,0.00032258133393314904,148
feed_direct_blood_fraction,87,Insulin,0.00032258133393314904,149
feed_direct_blood_fraction,88,Insulin,0.00032258133393314904,150
feed_direct_blood_fraction,89,Insulin,0.00032258133393314904,151
feed_direct_blood_fraction,67,FSH,0.0003121328397149343,152
feed_direct_blood_fraction,78,INH,0.0003101396360402461,153
feed_direct_blood_fraction,69,FSH,0.0003066480510437798,154
feed_direct_blood_fraction,77,P4,0.000293276290098389,155
feed_direct_blood_fraction,56,P4,0.0002909093161762321,156
feed_direct_blood_fraction,66,E2,0.0002871562004374036,157
feed_direct_blood_fraction,72,E2,0.00028712443108237334,158
feed_direct_blood_fraction,70,FSH,0.0002743754906802196,159
feed_direct_blood_fraction,74,FSH,0.0002661065071117685,160
feed_direct_blood_fraction,83,E2,0.0002581805676583967,161
feed_direct_blood_fraction,76,INH,0.0002558200464447512,162
feed_direct_blood_fraction,75,INH,0.0002531945840388872,163
feed_direct_blood_fraction,88,IGF1,0.0002444777308987566,164
feed_direct_blood_fraction,77,INH,0.00023789350024572644,165
feed_direct_blood_fraction,66,FSH,0.00023435688202937086,166
feed_direct_blood_fraction,81,PGF,0.00022498363909890932,167
feed_direct_blood_fraction,71,IGF1,0.00022064918592045032,168
feed_direct_blood_fraction,89,E2,0.00021622216282317006,169
feed_direct_blood_fraction,54,Glucagon,0.00021317058916050843,170
feed_direct_blood_fraction,55,Glucagon,0.00021317058916050843,171
feed_direct_blood_fraction,56,Glucagon,0.00021317058916050843,172
feed_direct_blood_fraction,57,Glucagon,0.00021317058916050843,173
feed_direct_blood_fraction,58,Glucagon,0.00021317058916050843,174
feed_direct_blood_fraction,59,Glucagon,0.00021317058916050843,175
feed_direct_blood_fraction,60,Glucagon,0.00021317058916050843,176
feed_direct_blood_fraction,61,Glucagon,0.00021317058916050843,177
feed_direct_blood_fraction,62,Glucagon,0.00021317058916050843,178
feed_direct_blood_fraction,63,Glucagon,0.00021317058916050843,179
feed_direct_blood_fraction,64,Glucagon,0.00021317058916050843,180
feed_direct_blood_fraction,65,Glucagon,0.00021317058916050843,181
feed_direct_blood_fraction,66,Glucagon,0.00021317058916050843,182
feed_direct_blood_fraction,67,Glucagon,0.00021317058916050843,183
feed_direct_blood_fraction,68,Glucagon,0.00021317058916050843,184
feed_direct_blood_fraction,69,Glucagon,0.00021317058916050843,185
feed_direct_blood_fraction,70,Glucagon,0.00021317058916050843,186
feed_direct_blood_fraction,71,Glucagon,0.00021317058916050843,187
feed_direct_blood_fraction,72,Glucagon,0.00021317058916050843,188
feed_direct_blood_fraction,73,Glucagon,0.00021317058916050843,189
feed_direct_blood_fraction,74,Glucagon,0.00021317058916050843,190
feed_direct_blood_fraction,75,Glucagon,0.00021317058916050843,191
feed_direct_blood_fraction,76,Glucagon,0.00021317058916050843,192
feed_direct_blood_fraction,77,Glucagon,0.00021317058916050843,193
feed_direct_blood_fraction,78,Glucagon,0.00021317058916050843,194
feed_direct_blood_fraction,79,Glucagon,0.00021317058916050843,195
feed_direct_blood_fraction,80,Glucagon,0.00021317058916050843,196
feed_direct_blood_fraction,81,Glucagon,0.00021317058916050843,197
feed_direct_blood_fraction,82,Glucagon,0.00021317058916050843,198
feed_direct_blood_fraction,83,Glucagon,0.00021317058916050843,199
feed_direct_blood_fraction,84,Glucagon,0.00021317058916050843,200
feed_direct_blood_fraction,85,Glucagon,0.00021317058916050843,201
feed_direct_blood_fraction,86,Glucagon,0.00021317058916050843,202
feed_direct_blood_fraction,87,Glucagon,0.00021317058916050843,203
feed_direct_blood_fraction,88,Glucagon,0.00021317058916050843,204
feed_direct_blood_fraction,89,Glucagon,0.00021317058916050843,205
feed_direct_blood_fraction,77,E2,0.00021178291957536845,206
feed_direct_blood_fraction,76,P4,0.00021160012674034683,207
feed_direct_blood_fraction,55,P4,0.00021091303487385184,208
feed_direct_blood_fraction,65,FSH,0.0002096431999165962,209
feed_direct_blood_fraction,82,PGF,0.00020580611613173444,210
feed_direct_blood_fraction,86,INH,0.0001915351755632532,211
feed_direct_blood_fraction,75,FSH,0.0001871325589371079,212
feed_direct_blood_fraction,58,E2,0.00018456742516112835,213
feed_direct_blood_fraction,61,PGF,0.00017483921425748926,214
feed_direct_blood_fraction,68,P4,0.00017370741972872608,215
feed_direct_blood_fraction,64,FSH,0.0001708629524804893,216
feed_direct_blood_fraction,89,P4,0.0001683815438444279,217
feed_direct_blood_fraction,63,E2,0.00016333047646109461,218
feed_direct_blood_fraction,88,P4,0.0001552624162690026,219
feed_direct_blood_fraction,71,FSH,0.00015430095284279234,220
feed_direct_blood_fraction,72,IGF1,0.0001491325387203988,221
feed_direct_blood_fraction,57,INH,0.00014358759153133407,222
feed_direct_blood_fraction,82,E2,0.00014321641425133112,223
feed_direct_blood_fraction,75,P4,0.00013952192970793692,224
feed_direct_blood_fraction,85,INH,0.0001394362193375003,225
feed_direct_blood_fraction,54,P4,0.00013818550344296205,226
feed_direct_blood_fraction,74,PGF,0.00013201264166592082,227
feed_direct_blood_fraction,80,FSH,0.00013037840764685698,228
feed_direct_blood_fraction,83,P4,0.00012836884941350594,229
feed_direct_blood_fraction,79,E2,0.00012632736688555663,230
feed_direct_blood_fraction,58,INH,0.00012144888397841408,231
feed_direct_blood_fraction,80,PGF,0.00011870708717088892,232
feed_direct_blood_fraction,82,FSH,0.00011452359347352922,233
feed_direct_blood_fraction,56,INH,0.0001095791431631189,234
feed_direct_blood_fraction,89,FSH,0.0001066631688100203,235
feed_direct_blood_fraction,82,IGF1,0.00010613731073279342,236
feed_direct_blood_fraction,73,IGF1,0.00010609079061511889,237
feed_direct_blood_fraction,54,INH,9.989116918638584e-05,238
feed_direct_blood_fraction,59,INH,9.860801844035749e-05,239
feed_direct_blood_fraction,62,FSH,9.150389719038586e-05,240
feed_direct_blood_fraction,74,IGF1,8.29965886360524e-05,241
feed_direct_blood_fraction,55,INH,8.036690260955548e-05,242
feed_direct_blood_fraction,74,P4,7.942157251536423e-05,243
feed_direct_blood_fraction,54,FSH,7.655776286331304e-05,244
feed_direct_blood_fraction,60,IGF1,7.149393532651223e-05,245
feed_direct_blood_fraction,75,IGF1,6.961978443792691e-05,246
feed_direct_blood_fraction,85,FSH,6.602937838423589e-05,247
feed_direct_blood_fraction,54,IGF1,6.569946499525672e-05,248
feed_direct_blood_fraction,84,INH,6.322091453926006e-05,249
feed_direct_blood_fraction,76,IGF1,6.196651185296e-05,250
feed_direct_blood_fraction,86,E2,6.130638367020831e-05,251
feed_direct_blood_fraction,69,P4,6.101442046817195e-05,252
feed_direct_blood_fraction,76,E2,6.093160323781579e-05,253
feed_direct_blood_fraction,55,IGF1,5.9668741938569954e-05,254
feed_direct_blood_fraction,88,E2,5.95646761482632e-05,255
feed_direct_blood_fraction,87,P4,5.763751541937344e-05,256
feed_direct_blood_fraction,77,IGF1,5.7299942637086885e-05,257
feed_direct_blood_fraction,56,IGF1,5.6167277279263704e-05,258
feed_direct_blood_fraction,78,IGF1,5.4641321188416305e-05,259
feed_direct_blood_fraction,57,IGF1,5.441086871831989e-05,260
feed_direct_blood_fraction,81,INH,5.4229377797233044e-05,261
feed_direct_blood_fraction,81,FSH,5.388143793790416e-05,262
feed_direct_blood_fraction,79,IGF1,5.338237998477591e-05,263
feed_direct_blood_fraction,59,PGF,5.304431089419364e-05,264
feed_direct_blood_fraction,58,IGF1,5.3023204403340334e-05,265
feed_direct_blood_fraction,80,IGF1,5.240835595453967e-05,266
feed_direct_blood_fraction,59,IGF1,5.23812288395314e-05,267
feed_direct_blood_fraction,81,IGF1,5.213488397948427e-05,268
feed_direct_blood_fraction,56,FSH,5.1978145199858325e-05,269
feed_direct_blood_fraction,77,FSH,5.0911077246153593e-05,270
feed_direct_blood_fraction,61,FSH,4.753887787833715e-05,271
feed_direct_blood_fraction,75,E2,4.7404397206966024e-05,272
feed_direct_blood_fraction,82,INH,4.632815036970509e-05,273
feed_direct_blood_fraction,73,INH,4.203135372257149e-05,274
feed_direct_blood_fraction,60,PGF,3.944639676450533e-05,275
feed_direct_blood_fraction,58,FSH,3.6079353696604866e-05,276
feed_direct_blood_fraction,83,INH,3.5822245353168626e-05,277
feed_direct_blood_fraction,73,P4,3.433742791142376e-05,278
feed_direct_blood_fraction,88,FSH,3.35656399309325e-05,279
feed_direct_blood_fraction,72,INH,3.0620381613148506e-05,280
feed_direct_blood_fraction,72,FSH,2.917380949692054e-05,281
feed_direct_blood_fraction,87,FSH,2.4441708528963675e-05,282
feed_direct_blood_fraction,87,E2,2.185552407012399e-05,283
feed_direct_blood_fraction,79,PGF,2.1751868017243622e-05,284
feed_direct_blood_fraction,75,PGF,2.087396154316317e-05,285
feed_direct_blood_fraction,54,Glucose,1.9714265917572445e-05,286
feed_direct_blood_fraction,55,Glucose,1.9714265917572445e-05,287
feed_direct_blood_fraction,56,Glucose,1.9714265917572445e-05,288
feed_direct_blood_fraction,57,Glucose,1.9714265917572445e-05,289
feed_direct_blood_fraction,58,Glucose,1.9714265917572445e-05,290
feed_direct_blood_fraction,59,Glucose,1.9714265917572445e-05,291
feed_direct_blood_fraction,60,Glucose,1.9714265917572445e-05,292
feed_direct_blood_fraction,61,Glucose,1.9714265917572445e-05,293
feed_direct_blood_fraction,62,Glucose,1.9714265917572445e-05,294
feed_direct_blood_fraction,63,Glucose,1.9714265917572445e-05,295
feed_direct_blood_fraction,64,Glucose,1.9714265917572445e-05,296
feed_direct_blood_fraction,65,Glucose,1.9714265917572445e-05,297
feed_direct_blood_fraction,66,Glucose,1.9714265917572445e-05,298
feed_direct_blood_fraction,67,Glucose,1.9714265917572445e-05,299
feed_direct_blood_fraction,68,Glucose,1.9714265917572445e-05,300
feed_direct_blood_fraction,69,Glucose,1.9714265917572445e-05,301
feed_direct_blood_fraction,70,Glucose,1.9714265917572445e-05,302
feed_direct_blood_fraction,71,Glucose,1.9714265917572445e-05,303
feed_direct_blood_fraction,72,Glucose,1.9714265917572445e-05,304
feed_direct_blood_fraction,73,Glucose,1.9714265917572445e-05,305
feed_direct_blood_fraction,74,Glucose,1.9714265917572445e-05,306
feed_direct_blood_fraction,75,Glucose,1.9714265917572445e-05,307
feed_direct_blood_fraction,76,Glucose,1.9714265917572445e-05,308
feed_direct_blood_fraction,77,Glucose,1.9714265917572445e-05,309
feed_direct_blood_fraction,78,Glucose,1.9714265917572445e-05,310
feed_direct_blood_fraction,79,Glucose,1.9714265917572445e-05,311
feed_direct_blood_fraction,80,Glucose,1.9714265917572445e-05,312
feed_direct_blood_fraction,81,Glucose,1.9714265917572445e-05,313
feed_direct_blood_fraction,82,Glucose,1.9714265917572445e-05,314
feed_direct_blood_fraction,83,Glucose,1.9714265917572445e-05,315
feed_direct_blood_fraction,84,Glucose,1.9714265917572445e-05,316
feed_direct_blood_fraction,85,Glucose,1.9714265917572445e-05,317
feed_direct_blood_fraction,86,Glucose,1.9714265917572445e-05,318
feed_direct_blood_fraction,87,Glucose,1.9714265917572445e-05,319
feed_direct_blood_fraction,88,Glucose,1.9714265917572445e-05,320
feed_direct_blood_fraction,89,Glucose,1.9714265917572445e-05,321
feed_direct_blood_fraction,86,FSH,1.8785740219371225e-05,322
feed_direct_blood_fraction,60,P4,1.7307021868749754e-05,323
feed_direct_blood_fraction,61,IGF1,1.662817220600816e-05,324
feed_direct_blood_fraction,87,IGF1,1.554971270435299e-05,325
feed_direct_blood_fraction,70,P4,1.5504406252449818e-05,326
feed_direct_blood_fraction,58,PGF,1.534739368521321e-05,327
feed_direct_blood_fraction,85,E2,1.5156563096463817e-05,328
feed_direct_blood_fraction,57,E2,1.2664295259204724e-05,329
feed_direct_blood_fraction,83,IGF1,1.1351530106455526e-05,330
feed_direct_blood_fraction,78,PGF,1.1154928031490077e-05,331
feed_direct_blood_fraction,65,IGF1,1.113629943111511e-05,332
feed_direct_blood_fraction,85,IGF1,1.1060741658735098e-05,333
feed_direct_blood_fraction,86,IGF1,1.0669123644560188e-05,334
feed_direct_blood_fraction,64,IGF1,9.381315200609871e-06,335
feed_direct_blood_fraction,82,P4,8.561215751975987e-06,336
feed_direct_blood_fraction,84,IGF1,7.32539806196559e-06,337
feed_direct_blood_fraction,72,P4,7.239813736575192e-06,338
feed_direct_blood_fraction,63,IGF1,4.720649333404228e-06,339
feed_direct_blood_fraction,84,FSH,4.403605860315495e-06,340
feed_direct_blood_fraction,77,PGF,3.936102056732042e-06,341
feed_direct_blood_fraction,62,IGF1,3.0073842901009377e-06,342
feed_direct_blood_fraction,74,INH,2.927792708083183e-06,343
feed_direct_blood_fraction,55,PGF,2.4526624141186944e-06,344
feed_direct_blood_fraction,80,INH,2.099643531917545e-06,345
feed_direct_blood_fraction,57,PGF,1.4590121308356614e-06,346
feed_direct_blood_fraction,60,INH,1.0524003270835218e-06,347
feed_direct_blood_fraction,76,FSH,7.728433279479529e-07,348
feed_direct_blood_fraction,79,INH,5.582909064444318e-07,349
feed_direct_blood_fraction,61,INH,4.934729782572337e-07,350
feed_direct_blood_fraction,55,FSH,4.017682051275006e-07,351
feed_direct_blood_fraction,76,PGF,3.524402772290867e-07,352
feed_direct_blood_fraction,71,P4,3.2847129668537493e-07,353
feed_direct_blood_fraction,54,PGF,3.105182865453292e-07,354
feed_direct_blood_fraction,59,FSH,1.5443601520605429e-07,355
feed_direct_blood_fraction,78,FSH,6.758144406599124e-08,356
feed_direct_blood_fraction,56,PGF,5.109216660821449e-08,357
feed_direct_blood_fraction,83,FSH,1.554217450208963e-08,358
feed_direct_blood_fraction,62,INH,1.2878225209481927e-08,359
feed_direct_blood_fraction,60,FSH,9.823907076923528e-09,360
gnrh_clearance,62,ALL_OBSERVABLES,0.010180268889491405,1
gnrh_clearance,55,ALL_OBSERVABLES,0.009473610611450778,2
gnrh_clearance,64,ALL_OBSERVABLES,0.009104277874074149,3
gnrh_clearance,56,ALL_OBSERVABLES,0.008868245486124901,4
gnrh_clearance,84,ALL_OBSERVABLES,0.008841799000462896,5
gnrh_clearance,61,ALL_OBSERVABLES,0.008548322480549386,6
gnrh_clearance,54,ALL_OBSERVABLES,0.008417458650497414,7
gnrh_clearance,65,ALL_OBSERVABLES,0.008252627849359024,8
gnrh_clearance,79,ALL_OBSERVABLES,0.00806563478536992,9
gnrh_clearance,85,ALL_OBSERVABLES,0.008028520180777344,10
gnrh_clearance,78,ALL_OBSERVABLES,0.007991706088199737,11
gnrh_clearance,86,ALL_OBSERVABLES,0.007942459869526894,12
gnrh_clearance,57,ALL_OBSERVABLES,0.007653857527178131,13
gnrh_clearance,63,ALL_OBSERVABLES,0.007462981608252497,14
gnrh_clearance,83,ALL_OBSERVABLES,0.007430070515563759,15
gnrh_clearance,60,ALL_OBSERVABLES,0.007427185427773369,16
gnrh_clearance,87,ALL_OBSERVABLES,0.007389507230431244,17
gnrh_clearance,77,ALL_OBSERVABLES,0.007354316573510697,18
gnrh_clearance,66,ALL_OBSERVABLES,0.007220616511799177,19
gnrh_clearance,76,ALL_OBSERVABLES,0.007140310133044578,20
gnrh_clearance,59,ALL_OBSERVABLES,0.006898328070467471,21
gnrh_clearance,75,ALL_OBSERVABLES,0.006738012288018145,22
gnrh_clearance,72,ALL_OBSERVABLES,0.006692978257115117,23
gnrh_clearance,81,ALL_OBSERVABLES,0.006515927309073651,24
gnrh_clearance,70,ALL_OBSERVABLES,0.00640865482412609,25
gnrh_clearance,82,ALL_OBSERVABLES,0.006382788663135018,26
gnrh_clearance,58,ALL_OBSERVABLES,0.006216082889874688,27
gnrh_clearance,73,ALL_OBSERVABLES,0.00615697046987327,28
gnrh_clearance,71,ALL_OBSERVABLES,0.006118605274701239,29
gnrh_clearance,67,ALL_OBSERVABLES,0.006082077869230677,30
gnrh_clearance,88,ALL_OBSERVABLES,0.006079609810476296,31
gnrh_clearance,69,ALL_OBSERVABLES,0.00601593424817511,32
gnrh_clearance,74,ALL_OBSERVABLES,0.005689249506125538,33
gnrh_clearance,68,ALL_OBSERVABLES,0.005603094054402964,34
gnrh_clearance,89,ALL_OBSERVABLES,0.005542740410292384,35
gnrh_clearance,80,ALL_OBSERVABLES,0.005240478976144945,36
gnrh_clearance,54,Insulin,0.0037105590114165977,37
gnrh_clearance,55,Insulin,0.0037105590114165977,38
gnrh_clearance,56,Insulin,0.0037105590114165977,39
gnrh_clearance,57,Insulin,0.0037105590114165977,40
gnrh_clearance,58,Insulin,0.0037105590114165977,41
gnrh_clearance,59,Insulin,0.0037105590114165977,42
gnrh_clearance,60,Insulin,0.0037105590114165977,43
gnrh_clearance,61,Insulin,0.0037105590114165977,44
gnrh_clearance,62,Insulin,0.0037105590114165977,45
gnrh_clearance,63,Insulin,0.0037105590114165977,46
gnrh_clearance,64,Insulin,0.0037105590114165977,47
gnrh_clearance,65,Insulin,0.0037105590114165977,48
gnrh_clearance,66,Insulin,0.0037105590114165977,49
gnrh_clearance,67,Insulin,0.0037105590114165977,50
gnrh_clearance,68,Insulin,0.0037105590114165977,51
gnrh_clearance,69,Insulin,0.0037105590114165977,52
gnrh_clearance,70,Insulin,0.0037105590114165977,53
gnrh_clearance,71,Insulin,0.0037105590114165977,54
gnrh_clearance,72,Insulin,0.0037105590114165977,55
gnrh_clearance,73,Insulin,0.0037105590114165977,56
gnrh_clearance,74,Insulin,0.0037105590114165977,57
gnrh_clearance,75,Insulin,0.0037105590114165977,58
gnrh_clearance,76,Insulin,0.0037105590114165977,59
gnrh_clearance,77,Insulin,0.0037105590114165977,60
gnrh_clearance,78,Insulin,0.0037105590114165977,61
gnrh_clearance,79,Insulin,0.0037105590114165977,62
gnrh_clearance,80,Insulin,0.0037105590114165977,63
gnrh_clearance,81,Insulin,0.0037105590114165977,64
gnrh_clearance,82,Insulin,0.0037105590114165977,65
gnrh_clearance,83,Insulin,0.0037105590114165977,66
gnrh_clearance,84,Insulin,0.0037105590114165977,67
gnrh_clearance,85,Insulin,0.0037105590114165977,68
gnrh_clearance,86,Insulin,0.0037105590114165977,69
gnrh_clearance,87,Insulin,0.0037105590114165977,70
gnrh_clearance,88,Insulin,0.0037105590114165977,71
gnrh_clearance,89,Insulin,0.0037105590114165977,72
gnrh_clearance,56,INH,0.00288409312730158,73
gnrh_clearance,79,FSH,0.0024131345089018572,74
gnrh_clearance,78,INH,0.002401225721876779,75
gnrh_clearance,55,INH,0.0020722637526063856,76
gnrh_clearance,63,IGF1,0.0020037595485001333,77
gnrh_clearance,85,IGF1,0.001984585135203632,78
gnrh_clearance,87,IGF1,0.0019745491892462887,79
gnrh_clearance,64,IGF1,0.0019323433633864214,80
gnrh_clearance,86,IGF1,0.0019298036483919188,81
gnrh_clearance,65,IGF1,0.0019278502853672498,82
gnrh_clearance,62,IGF1,0.0018831588170536064,83
gnrh_clearance,84,IGF1,0.0018462077430373956,84
gnrh_clearance,62,INH,0.001836844489824794,85
gnrh_clearance,54,INH,0.0017410727780610197,86
gnrh_clearance,66,IGF1,0.001690999476301794,87
gnrh_clearance,57,FSH,0.0016671059310058892,88
gnrh_clearance,84,INH,0.0015322341550248085,89
gnrh_clearance,61,INH,0.0015090149088317652,90
gnrh_clearance,60,INH,0.0013178581589678036,91
gnrh_clearance,61,E2,0.0012492687585267401,92
gnrh_clearance,58,FSH,0.001195838888166194,93
gnrh_clearance,55,E2,0.001194465300585484,94
gnrh_clearance,62,E2,0.001179443784638141,95
gnrh_clearance,64,FSH,0.001172075880666026,96
gnrh_clearance,72,INH,0.0011545378732979914,97
gnrh_clearance,77,INH,0.001124690504942454,98
gnrh_clearance,73,FSH,0.0011155784616862785,99
gnrh_clearance,75,INH,0.0010991565793871077,100
gnrh_clearance,71,INH,0.001047278950912019,101
gnrh_clearance,83,INH,0.0010342529533455018,102
gnrh_clearance,81,INH,0.0010029451004909663,103
gnrh_clearance,60,E2,0.000932665429789389,104
gnrh_clearance,85,FSH,0.0009237283303999538,105
gnrh_clearance,55,PGF,0.0009050650647372538,106
gnrh_clearance,82,INH,0.0009032942738200747,107
gnrh_clearance,88,IGF1,0.0008877960580222254,108
gnrh_clearance,56,PGF,0.0008863054204410691,109
gnrh_clearance,54,Glucose,0.0008841406368327109,110
gnrh_clearance,55,Glucose,0.0008841406368327109,111
gnrh_clearance,56,Glucose,0.0008841406368327109,112
gnrh_clearance,57,Glucose,0.0008841406368327109,113
gnrh_clearance,58,Glucose,0.0008841406368327109,114
gnrh_clearance,59,Glucose,0.0008841406368327109,115
gnrh_clearance,60,Glucose,0.0008841406368327109,116
gnrh_clearance,61,Glucose,0.0008841406368327109,117
gnrh_clearance,62,Glucose,0.0008841406368327109,118
gnrh_clearance,63,Glucose,0.0008841406368327109,119
gnrh_clearance,64,Glucose,0.0008841406368327109,120
gnrh_clearance,65,Glucose,0.0008841406368327109,121
gnrh_clearance,66,Glucose,0.0008841406368327109,122
gnrh_clearance,67,Glucose,0.0008841406368327109,123
gnrh_clearance,68,Glucose,0.0008841406368327109,124
gnrh_clearance,69,Glucose,0.0008841406368327109,125
gnrh_clearance,70,Glucose,0.0008841406368327109,126
gnrh_clearance,71,Glucose,0.0008841406368327109,127
gnrh_clearance,72,Glucose,0.0008841406368327109,128
gnrh_clearance,73,Glucose,0.0008841406368327109,129
gnrh_clearance,74,Glucose,0.0008841406368327109,130
gnrh_clearance,75,Glucose,0.0008841406368327109,131
gnrh_clearance,76,Glucose,0.0008841406368327109,132
gnrh_clearance,77,Glucose,0.0008841406368327109,133
gnrh_clearance,78,Glucose,0.0008841406368327109,134
gnrh_clearance,79,Glucose,0.0008841406368327109,135
gnrh_clearance,80,Glucose,0.0008841406368327109,136
gnrh_clearance,81,Glucose,0.0008841406368327109,137
gnrh_clearance,82,Glucose,0.0008841406368327109,138
gnrh_clearance,83,Glucose,0.0008841406368327109,139
gnrh_clearance,84,Glucose,0.0008841406368327109,140
gnrh_clearance,85,Glucose,0.0008841406368327109,141
gnrh_clearance,86,Glucose,0.0008841406368327109,142
gnrh_clearance,87,Glucose,0.0008841406368327109,143
gnrh_clearance,88,Glucose,0.0008841406368327109,144
gnrh_clearance,89,Glucose,0.0008841406368327109,145
gnrh_clearance,76,INH,0.0008824416015689452,146
gnrh_clearance,76,PGF,0.0008810617530445165,147
gnrh_clearance,54,PGF,0.0008760978140567701,148
gnrh_clearance,57,PGF,0.0008621131979375824,149
gnrh_clearance,54,E2,0.000850236084995648,150
gnrh_clearance,77,PGF,0.0007859868605797145,151
gnrh_clearance,59,E2,0.000783192790387473,152
gnrh_clearance,78,PGF,0.0007656573063515718,153
gnrh_clearance,79,PGF,0.0007433190311670641,154
gnrh_clearance,65,FSH,0.0007212533951508589,155
gnrh_clearance,59,INH,0.0007065228315479206,156
gnrh_clearance,64,E2,0.0006830972299943417,157
gnrh_clearance,70,E2,0.0006794803731735755,158
gnrh_clearance,70,INH,0.0006626390022648356,159
gnrh_clearance,83,E2,0.0006320920029847558,160
gnrh_clearance,66,FSH,0.0006166016002916678,161
gnrh_clearance,59,FSH,0.0006115909947529644,162
gnrh_clearance,86,FSH,0.0006050543413918043,163
gnrh_clearance,72,FSH,0.0005729207036386547,164
gnrh_clearance,65,P4,0.000562047863767335,165
gnrh_clearance,67,FSH,0.0005514175806305182,166
gnrh_clearance,75,PGF,0.0005506999803406735,167
gnrh_clearance,83,IGF1,0.0005460706164596977,168
gnrh_clearance,64,INH,0.0005421087195439779,169
gnrh_clearance,81,E2,0.0005199600227197575,170
gnrh_clearance,69,E2,0.000497401424348663,171
gnrh_clearance,63,E2,0.00047655332486374404,172
gnrh_clearance,55,FSH,0.0004748839315775287,173
gnrh_clearance,77,E2,0.00045816100431309974,174
gnrh_clearance,61,FSH,0.0004534616247519857,175
gnrh_clearance,82,E2,0.00044878512146706123,176
gnrh_clearance,61,IGF1,0.00044637266909364394,177
gnrh_clearance,62,FSH,0.00043604293387739917,178
gnrh_clearance,69,INH,0.0003971981160604085,179
gnrh_clearance,84,E2,0.0003765648679347105,180
gnrh_clearance,74,E2,0.00037088512473381637,181
gnrh_clearance,80,FSH,0.00036750697651493025,182
gnrh_clearance,87,FSH,0.0003358590576395798,183
gnrh_clearance,86,E2,0.0003247014198616559,184
gnrh_clearance,68,E2,0.0003168017843065901,185
gnrh_clearance,74,INH,0.000315769879661352,186
gnrh_clearance,68,P4,0.00029520674732822535,187
gnrh_clearance,76,E2,0.0002812684020822193,188
gnrh_clearance,83,FSH,0.00027464529905778224,189
gnrh_clearance,88,FSH,0.0002741094597832078,190
gnrh_clearance,89,P4,0.00027138657423380225,191
gnrh_clearance,57,E2,0.0002672410410783416,192
gnrh_clearance,89,FSH,0.0002618297256953076,193
gnrh_clearance,67,P4,0.0002581535589517678,194
gnrh_clearance,69,P4,0.0002545076126340535,195
gnrh_clearance,76,FSH,0.0002479869931860303,196
gnrh_clearance,86,INH,0.00024092267798356078,197
gnrh_clearance,67,IGF1,0.00022670757137422366,198
gnrh_clearance,65,INH,0.00022261788021863077,199
gnrh_clearance,75,E2,0.00022128333329435537,200
gnrh_clearance,85,E2,0.00022052677612385813,201
gnrh_clearance,70,P4,0.00021525729647574427,202
gnrh_clearance,87,P4,0.00020842347952772523,203
gnrh_clearance,68,INH,0.00019729103565079947,204
gnrh_clearance,71,P4,0.00018079489181402578,205
gnrh_clearance,82,P4,0.00017420079389504097,206
gnrh_clearance,84,FSH,0.00016826812641287044,207
gnrh_clearance,54,Glucagon,0.00016769767535227103,208
gnrh_clearance,55,Glucagon,0.00016769767535227103,209
gnrh_clearance,56,Glucagon,0.00016769767535227103,210
gnrh_clearance,57,Glucagon,0.00016769767535227103,211
gnrh_clearance,58,Glucagon,0.00016769767535227103,212
gnrh_clearance,59,Glucagon,0.00016769767535227103,213
gnrh_clearance,60,Glucagon,0.00016769767535227103,214
gnrh_clearance,61,Glucagon,0.00016769767535227103,215
gnrh_clearance,62,Glucagon,0.00016769767535227103,216
gnrh_clearance,63,Glucagon,0.00016769767535227103,217
gnrh_clearance,64,Glucagon,0.00016769767535227103,218
gnrh_clearance,65,Glucagon,0.00016769767535227103,219
gnrh_clearance,66,Glucagon,0.00016769767535227103,220
gnrh_clearance,67,Glucagon,0.00016769767535227103,221
gnrh_clearance,68,Glucagon,0.00016769767535227103,222
gnrh_clearance,69,Glucagon,0.00016769767535227103,223
gnrh_clearance,70,Glucagon,0.00016769767535227103,224
gnrh_clearance,71,Glucagon,0.00016769767535227103,225
gnrh_clearance,72,Glucagon,0.00016769767535227103,226
gnrh_clearance,73,Glucagon,0.00016769767535227103,227
gnrh_clearance,74,Glucagon,0.00016769767535227103,228
gnrh_clearance,75,Glucagon,0.00016769767535227103,229
gnrh_clearance,76,Glucagon,0.00016769767535227103,230
gnrh_clearance,77,Glucagon,0.00016769767535227103,231
gnrh_clearance,78,Glucagon,0.00016769767535227103,232
gnrh_clearance,79,Glucagon,0.00016769767535227103,233
gnrh_clearance,80,Glucagon,0.00016769767535227103,234
gnrh_clearance,81,Glucagon,0.00016769767535227103,235
gnrh_clearance,82,Glucagon,0.00016769767535227103,236
gnrh_clearance,83,Glucagon,0.00016769767535227103,237
gnrh_clearance,84,Glucagon,0.00016769767535227103,238
gnrh_clearance,85,Glucagon,0.00016769767535227103,239
gnrh_clearance,86,Glucagon,0.00016769767535227103,240
gnrh_clearance,87,Glucagon,0.00016769767535227103,241
gnrh_clearance,88,Glucagon,0.00016769767535227103,242
gnrh_clearance,89,Glucagon,0.00016769767535227103,243
gnrh_clearance,83,P4,0.00016612937922935627,244
gnrh_clearance,67,E2,0.00016545234663829455,245
gnrh_clearance,60,FSH,0.00015774195315277132,246
gnrh_clearance,63,FSH,0.00015210885724669393,247
gnrh_clearance,72,P4,0.00015031246574176603,248
gnrh_clearance,77,FSH,0.00015029566763352553,249
gnrh_clearance,81,FSH,0.00014866787513108615,250
gnrh_clearance,56,E2,0.00014588878426469507,251
gnrh_clearance,58,PGF,0.00013648943032466213,252
gnrh_clearance,56,FSH,0.00013515962875261482,253
gnrh_clearance,73,P4,0.00012584958045913416,254
gnrh_clearance,84,P4,0.0001214436095992174,255
gnrh_clearance,60,PGF,0.00011754092365068007,256
gnrh_clearance,60,P4,0.00011583918514199852,257
gnrh_clearance,61,P4,0.00011377746196198019,258
gnrh_clearance,88,PGF,0.00011306738335248212,259
gnrh_clearance,54,FSH,0.00011045314741803585,260
gnrh_clearance,89,PGF,0.00010859178878272816,261
gnrh_clearance,74,P4,0.00010462882762600994,262
gnrh_clearance,73,INH,0.00010285904262828987,263
gnrh_clearance,87,PGF,9.848566918099373e-05,264
gnrh_clearance,82,IGF1,9.33024655180362e-05,265
gnrh_clearance,75,P4,8.629127626566606e-05,266
gnrh_clearance,66,E2,8.437040905267935e-05,267
gnrh_clearance,58,E2,8.231973340211115e-05,268
gnrh_clearance,62,P4,8.139764715618408e-05,269
gnrh_clearance,71,E2,8.093511109635803e-05,270
gnrh_clearance,86,PGF,7.945062408151527e-05,271
gnrh_clearance,67,INH,7.431648828212618e-05,272
gnrh_clearance,69,FSH,7.359681514466367e-05,273
gnrh_clearance,76,P4,7.17947607048861e-05,274
gnrh_clearance,89,IGF1,6.923149380520689e-05,275
gnrh_clearance,74,PGF,6.44644803226116e-05,276
gnrh_clearance,74,FSH,6.301431818752548e-05,277
gnrh_clearance,54,P4,6.247758844717177e-05,278
gnrh_clearance,77,P4,5.8373749215298185e-05,279
gnrh_clearance,85,PGF,5.8140813615045964e-05,280
gnrh_clearance,81,PGF,5.262103293832759e-05,281
gnrh_clearance,89,E2,5.190102605227203e-05,282
gnrh_clearance,57,INH,4.90680519947734e-05,283
gnrh_clearance,55,P4,4.891530834901445e-05,284
gnrh_clearance,70,FSH,4.858541697392242e-05,285
gnrh_clearance,72,PGF,4.813687587948912e-05,286
gnrh_clearance,79,INH,4.761603825570663e-05,287
gnrh_clearance,85,INH,4.747538648140348e-05,288
gnrh_clearance,78,P4,4.7094925820791396e-05,289
gnrh_clearance,80,INH,4.589960271781848e-05,290
gnrh_clearance,79,E2,4.5670990403865204e-05,291
gnrh_clearance,63,INH,4.526887772977175e-05,292
gnrh_clearance,67,PGF,4.3632999752167606e-05,293
gnrh_clearance,71,PGF,4.2098648501270576e-05,294
gnrh_clearance,73,PGF,3.972139651772739e-05,295
gnrh_clearance,56,P4,3.849669471998516e-05,296
gnrh_clearance,79,P4,3.810241023778002e-05,297
gnrh_clearance,66,PGF,3.715993145345098e-05,298
gnrh_clearance,70,PGF,3.5331754896835435e-05,299
gnrh_clearance,84,PGF,3.468317485231519e-05,300
gnrh_clearance,65,E2,3.1822879117967016e-05,301
gnrh_clearance,85,P4,3.166641535187172e-05,302
gnrh_clearance,80,P4,3.0503380703000086e-05,303
gnrh_clearance,57,P4,2.9916545404658637e-05,304
gnrh_clearance,69,PGF,2.7817444312852587e-05,305
gnrh_clearance,88,P4,2.6410960301621713e-05,306
gnrh_clearance,65,PGF,2.4638222135404987e-05,307
gnrh_clearance,68,PGF,2.325681177969876e-05,308
gnrh_clearance,60,IGF1,2.3142453469146703e-05,309
gnrh_clearance,58,P4,2.2889909776555656e-05,310
gnrh_clearance,66,INH,2.1988927311197187e-05,311
gnrh_clearance,63,P4,2.0782625027450334e-05,312
gnrh_clearance,80,PGF,1.8257832952088567e-05,313
gnrh_clearance,89,INH,1.7402478121487545e-05,314
gnrh_clearance,59,P4,1.7180277108880847e-05,315
gnrh_clearance,57,IGF1,1.6015436155306453e-05,316
gnrh_clearance,56,IGF1,1.5904507043378857e-05,317
gnrh_clearance,58,IGF1,1.589139305116016e-05,318
gnrh_clearance,59,IGF1,1.5707982482149226e-05,319
gnrh_clearance,55,IGF1,1.5619929993531482e-05,320
gnrh_clearance,81,IGF1,1.5407596498715812e-05,321
gnrh_clearance,79,IGF1,1.5394482802068438e-05,322
gnrh_clearance,80,IGF1,1.5391349640248366e-05,323
gnrh_clearance,78,IGF1,1.5176880145965766e-05,324
gnrh_clearance,54,IGF1,1.4723913917190803e-05,325
gnrh_clearance,88,E2,1.4681687589820254e-05,326
gnrh_clearance,83,PGF,1.4482940885085881e-05,327
gnrh_clearance,77,IGF1,1.4411463225025478e-05,328
gnrh_clearance,61,PGF,1.402973378169259e-05,329
gnrh_clearance,81,P4,1.3928357693217904e-05,330
gnrh_clearance,76,IGF1,1.33592988564014e-05,331
gnrh_clearance,64,PGF,1.1862214821029112e-05,332
gnrh_clearance,75,IGF1,1.1207266528837257e-05,333
gnrh_clearance,74,IGF1,8.08955199264312e-06,334
gnrh_clearance,66,P4,7.098843786808133e-06,335
gnrh_clearance,75,FSH,6.976528599924535e-06,336
gnrh_clearance,73,E2,6.684841015389296e-06,337
gnrh_clearance,68,IGF1,6.5467506948561545e-06,338
gnrh_clearance,87,E2,5.2092185164329235e-06,339
gnrh_clearance,70,IGF1,4.963656739597869e-06,340
gnrh_clearance,87,INH,4.583292718645757e-06,341
gnrh_clearance,72,E2,4.249793488931327e-06,342
gnrh_clearance,71,FSH,4.163473444609961e-06,343
gnrh_clearance,73,IGF1,3.879823964871004e-06,344
gnrh_clearance,69,IGF1,3.015512072889709e-06,345
gnrh_clearance,63,PGF,2.111051283123711e-06,346
gnrh_clearance,59,PGF,1.7358705865033e-06,347
gnrh_clearance,68,FSH,1.5936010412150508e-06,348
gnrh_clearance,88,INH,1.1469378253598235e-06,349
gnrh_clearance,62,PGF,9.83893339700014e-07,350
gnrh_clearance,71,IGF1,9.3687533137658e-07,351
gnrh_clearance,82,FSH,8.017327269008354e-07,352
gnrh_clearance,80,E2,5.22510015279512e-07,353
gnrh_clearance,72,IGF1,4.232214667053746e-07,354
gnrh_clearance,64,P4,3.931420607739991e-07,355
gnrh_clearance,58,INH,2.562115524262152e-07,356
gnrh_clearance,78,E2,1.5022454752705475e-07,357
gnrh_clearance,86,P4,1.2983421486111818e-07,358
gnrh_clearance,82,PGF,6.9521063241817426e-09,359
gnrh_clearance,78,FSH,3.7058555234931587e-09,360
hp_iof_threshold,69,ALL_OBSERVABLES,0.007698774680289186,1
hp_iof_threshold,68,ALL_OBSERVABLES,0.0075490147429173645,2
hp_iof_threshold,70,ALL_OBSERVABLES,0.007544062384441467,3
hp_iof_threshold,71,ALL_OBSERVABLES,0.006478918627082698,4
hp_iof_threshold,67,ALL_OBSERVABLES,0.006194910479934478,5
hp_iof_threshold,89,ALL_OBSERVABLES,0.00606297137069072,6
hp_iof_threshold,72,ALL_OBSERVABLES,0.005762684757106718,7
hp_iof_threshold,73,ALL_OBSERVABLES,0.005258582179836586,8
hp_iof_threshold,75,ALL_OBSERVABLES,0.005198968065595197,9
hp_iof_threshold,74,ALL_OBSERVABLES,0.005062626502172588,10
hp_iof_threshold,76,ALL_OBSERVABLES,0.0045191867962031985,11
hp_iof_threshold,54,ALL_OBSERVABLES,0.004488757450417981,12
hp_iof_threshold,77,ALL_OBSERVABLES,0.004320220664037353,13
hp_iof_threshold,55,ALL_OBSERVABLES,0.004273855689609499,14
hp_iof_threshold,56,ALL_OBSERVABLES,0.0041943745999503705,15
hp_iof_threshold,78,ALL_OBSERVABLES,0.003992449222888024,16
hp_iof_threshold,57,ALL_OBSERVABLES,0.003986579173724069,17
hp_iof_threshold,60,ALL_OBSERVABLES,0.003942187407133307,18
hp_iof_threshold,81,ALL_OBSERVABLES,0.00387180785565346,19
hp_iof_threshold,79,ALL_OBSERVABLES,0.0038555099161265228,20
hp_iof_threshold,58,ALL_OBSERVABLES,0.003782873499972284,21
hp_iof_threshold,59,ALL_OBSERVABLES,0.0037233429189439627,22
hp_iof_threshold,80,ALL_OBSERVABLES,0.0036331336724128235,23
hp_iof_threshold,88,ALL_OBSERVABLES,0.0029697336570814773,24
hp_iof_threshold,66,ALL_OBSERVABLES,0.002889679400626819,25
hp_iof_threshold,68,P4,0.0028189261366441823,26
hp_iof_threshold,64,ALL_OBSERVABLES,0.00267826241874977,27
hp_iof_threshold,69,P4,0.0026772105177468785,28
hp_iof_threshold,82,ALL_OBSERVABLES,0.0026312840380246813,29
hp_iof_threshold,63,ALL_OBSERVABLES,0.0025616343301395244,30
hp_iof_threshold,62,ALL_OBSERVABLES,0.0025564489884972183,31
hp_iof_threshold,65,ALL_OBSERVABLES,0.002543993845476022,32
hp_iof_threshold,67,P4,0.0025319218923030317,33
hp_iof_threshold,89,P4,0.0025019226933034877,34
hp_iof_threshold,70,P4,0.002455971740179208,35
hp_iof_threshold,86,ALL_OBSERVABLES,0.0024120966981220713,36
hp_iof_threshold,61,ALL_OBSERVABLES,0.002348522723074626,37
hp_iof_threshold,85,ALL_OBSERVABLES,0.002294070793549625,38
hp_iof_threshold,84,ALL_OBSERVABLES,0.0022891034950467577,39
hp_iof_threshold,71,P4,0.002211654047298496,40
hp_iof_threshold,69,IGF1,0.002104809856090781,41
hp_iof_threshold,83,ALL_OBSERVABLES,0.002073857343072181,42
hp_iof_threshold,87,ALL_OBSERVABLES,0.0020475820117259996,43
hp_iof_threshold,70,IGF1,0.0020201399616210304,44
hp_iof_threshold,72,P4,0.0019659889628414915,45
hp_iof_threshold,68,IGF1,0.0019460516320908298,46
hp_iof_threshold,71,IGF1,0.0018463965259928137,47
hp_iof_threshold,73,P4,0.0017301277925346361,48
hp_iof_threshold,72,IGF1,0.0016716224282280303,49
hp_iof_threshold,73,IGF1,0.0015168174563955504,50
hp_iof_threshold,74,P4,0.0015107918361673186,51
hp_iof_threshold,74,IGF1,0.001403268556628953,52
hp_iof_threshold,75,IGF1,0.0013256815863993624,53
hp_iof_threshold,60,IGF1,0.0013164099105854442,54
hp_iof_threshold,75,P4,0.0013047433773011592,55
hp_iof_threshold,76,IGF1,0.0012743225278961919,56
hp_iof_threshold,54,IGF1,0.001272369933058488,57
hp_iof_threshold,89,IGF1,0.0012465355519016975,58
hp_iof_threshold,77,IGF1,0.0012388362539407492,59
hp_iof_threshold,55,IGF1,0.0012377721092715135,60
hp_iof_threshold,78,IGF1,0.0012161199014810748,61
hp_iof_threshold,56,IGF1,0.0012152089412579474,62
hp_iof_threshold,79,IGF1,0.0012018062287898284,63
hp_iof_threshold,57,IGF1,0.0012012731718959275,64
hp_iof_threshold,80,IGF1,0.0011934744391137282,65
hp_iof_threshold,58,IGF1,0.0011927561346222583,66
hp_iof_threshold,81,IGF1,0.0011891740877149,67
hp_iof_threshold,59,IGF1,0.001188193375558005,68
hp_iof_threshold,76,P4,0.00111755159103266,69
hp_iof_threshold,67,IGF1,0.001112757439136557,70
hp_iof_threshold,54,P4,0.0010888145458068704,71
hp_iof_threshold,54,Glucagon,0.001043213443918877,72
hp_iof_threshold,55,Glucagon,0.001043213443918877,73
hp_iof_threshold,56,Glucagon,0.001043213443918877,74
hp_iof_threshold,57,Glucagon,0.001043213443918877,75
hp_iof_threshold,58,Glucagon,0.001043213443918877,76
hp_iof_threshold,59,Glucagon,0.001043213443918877,77
hp_iof_threshold,60,Glucagon,0.001043213443918877,78
hp_iof_threshold,61,Glucagon,0.001043213443918877,79
hp_iof_threshold,62,Glucagon,0.001043213443918877,80
hp_iof_threshold,63,Glucagon,0.001043213443918877,81
hp_iof_threshold,64,Glucagon,0.001043213443918877,82
hp_iof_threshold,65,Glucagon,0.001043213443918877,83
hp_iof_threshold,66,Glucagon,0.001043213443918877,84
hp_iof_threshold,67,Glucagon,0.001043213443918877,85
hp_iof_threshold,68,Glucagon,0.001043213443918877,86
hp_iof_threshold,69,Glucagon,0.001043213443918877,87
hp_iof_threshold,70,Glucagon,0.001043213443918877,88
hp_iof_threshold,71,Glucagon,0.001043213443918877,89
hp_iof_threshold,72,Glucagon,0.001043213443918877,90
hp_iof_threshold,73,Glucagon,0.001043213443918877,91
hp_iof_threshold,74,Glucagon,0.001043213443918877,92
hp_iof_threshold,75,Glucagon,0.001043213443918877,93
hp_iof_threshold,76,Glucagon,0.001043213443918877,94
hp_iof_threshold,77,Glucagon,0.001043213443918877,95
hp_iof_threshold,78,Glucagon,0.001043213443918877,96
hp_iof_threshold,79,Glucagon,0.001043213443918877,97
hp_iof_threshold,80,Glucagon,0.001043213443918877,98
hp_iof_threshold,81,Glucagon,0.001043213443918877,99
hp_iof_threshold,82,Glucagon,0.001043213443918877,100
hp_iof_threshold,83,Glucagon,0.001043213443918877,101
hp_iof_threshold,84,Glucagon,0.001043213443918877,102
hp_iof_threshold,85,Glucagon,0.001043213443918877,103
hp_iof_threshold,86,Glucagon,0.001043213443918877,104
hp_iof_threshold,87,Glucagon,0.001043213443918877,105
hp_iof_threshold,88,Glucagon,0.001043213443918877,106
hp_iof_threshold,89,Glucagon,0.001043213443918877,107
hp_iof_threshold,77,P4,0.0009498648878521642,108
hp_iof_threshold,55,P4,0.0009225112170385877,109
hp_iof_threshold,70,E2,0.0008947512770224749,110
hp_iof_threshold,78,P4,0.0007989518512327726,111
hp_iof_threshold,56,P4,0.00077523691676587,112
hp_iof_threshold,69,E2,0.0007004028983292377,113
hp_iof_threshold,60,PGF,0.0006899690975547441,114
hp_iof_threshold,79,P4,0.0006679918610551537,115
hp_iof_threshold,81,P4,0.0006603553550623361,116
hp_iof_threshold,57,P4,0.0006441679495538891,117
hp_iof_threshold,88,P4,0.0006367021722112796,118
hp_iof_threshold,75,PGF,0.000630056811033686,119
hp_iof_threshold,82,IGF1,0.0006033587468034001,120
hp_iof_threshold,80,P4,0.0005528370029536833,121
hp_iof_threshold,58,P4,0.0005306145492142756,122
hp_iof_threshold,61,PGF,0.0005222644137459985,123
hp_iof_threshold,62,PGF,0.0005147984584506483,124
hp_iof_threshold,68,E2,0.0004922220301739749,125
hp_iof_threshold,54,Glucose,0.00049070141904262,126
hp_iof_threshold,55,Glucose,0.00049070141904262,127
hp_iof_threshold,56,Glucose,0.00049070141904262,128
hp_iof_threshold,57,Glucose,0.00049070141904262,129
hp_iof_threshold,58,Glucose,0.00049070141904262,130
hp_iof_threshold,59,Glucose,0.00049070141904262,131
hp_iof_threshold,60,Glucose,0.00049070141904262,132
hp_iof_threshold,61,Glucose,0.00049070141904262,133
hp_iof_threshold,62,Glucose,0.00049070141904262,134
hp_iof_threshold,63,Glucose,0.00049070141904262,135
hp_iof_threshold,64,Glucose,0.00049070141904262,136
hp_iof_threshold,65,Glucose,0.00049070141904262,137
hp_iof_threshold,66,Glucose,0.00049070141904262,138
hp_iof_threshold,67,Glucose,0.00049070141904262,139
hp_iof_threshold,68,Glucose,0.00049070141904262,140
hp_iof_threshold,69,Glucose,0.00049070141904262,141
hp_iof_threshold,70,Glucose,0.00049070141904262,142
hp_iof_threshold,71,Glucose,0.00049070141904262,143
hp_iof_threshold,72,Glucose,0.00049070141904262,144
hp_iof_threshold,73,Glucose,0.00049070141904262,145
hp_iof_threshold,74,Glucose,0.00049070141904262,146
hp_iof_threshold,75,Glucose,0.00049070141904262,147
hp_iof_threshold,76,Glucose,0.00049070141904262,148
hp_iof_threshold,77,Glucose,0.00049070141904262,149
hp_iof_threshold,78,Glucose,0.00049070141904262,150
hp_iof_threshold,79,Glucose,0.00049070141904262,151
hp_iof_threshold,80,Glucose,0.00049070141904262,152
hp_iof_threshold,81,Glucose,0.00049070141904262,153
hp_iof_threshold,82,Glucose,0.00049070141904262,154
hp_iof_threshold,83,Glucose,0.00049070141904262,155
hp_iof_threshold,84,Glucose,0.00049070141904262,156
hp_iof_threshold,85,Glucose,0.00049070141904262,157
hp_iof_threshold,86,Glucose,0.00049070141904262,158
hp_iof_threshold,87,Glucose,0.00049070141904262,159
hp_iof_threshold,88,Glucose,0.00049070141904262,160
hp_iof_threshold,89,Glucose,0.00049070141904262,161
hp_iof_threshold,63,PGF,0.0004889964213227232,162
hp_iof_threshold,64,PGF,0.0004576842516385523,163
hp_iof_threshold,86,P4,0.00045451104585690193,164
hp_iof_threshold,68,PGF,0.0004450687686358921,165
hp_iof_threshold,66,P4,0.00043525650643856504,166
hp_iof_threshold,59,P4,0.00043364343223777996,167
hp_iof_threshold,65,PGF,0.00042710306119090864,168
hp_iof_threshold,64,P4,0.0004256832900816978,169
hp_iof_threshold,69,PGF,0.00041666366280279936,170
hp_iof_threshold,67,PGF,0.00040942692993434926,171
hp_iof_threshold,66,PGF,0.0004003942883573693,172
hp_iof_threshold,70,PGF,0.00038988901284616324,173
hp_iof_threshold,71,PGF,0.0003695483153949692,174
hp_iof_threshold,72,PGF,0.0003511163685031283,175
hp_iof_threshold,85,P4,0.0003450547520243179,176
hp_iof_threshold,74,PGF,0.0002944013668374048,177
hp_iof_threshold,67,E2,0.0002913174557387614,178
hp_iof_threshold,71,E2,0.00028517471559561756,179
hp_iof_threshold,54,PGF,0.00027642206017159884,180
hp_iof_threshold,89,E2,0.0002755295931929541,181
hp_iof_threshold,63,P4,0.0002604640055637877,182
hp_iof_threshold,84,E2,0.0002450976515035884,183
hp_iof_threshold,57,PGF,0.0002373919367264493,184
hp_iof_threshold,76,PGF,0.00023181193801425582,185
hp_iof_threshold,56,PGF,0.00022492751915156135,186
hp_iof_threshold,62,E2,0.00022284247521757572,187
hp_iof_threshold,73,PGF,0.00022027746079954179,188
hp_iof_threshold,55,PGF,0.00021563688054331243,189
hp_iof_threshold,54,Insulin,0.00021344947980376575,190
hp_iof_threshold,55,Insulin,0.00021344947980376575,191
hp_iof_threshold,56,Insulin,0.00021344947980376575,192
hp_iof_threshold,57,Insulin,0.00021344947980376575,193
hp_iof_threshold,58,Insulin,0.00021344947980376575,194
hp_iof_threshold,59,Insulin,0.00021344947980376575,195
hp_iof_threshold,60,Insulin,0.00021344947980376575,196
hp_iof_threshold,61,Insulin,0.00021344947980376575,197
hp_iof_threshold,62,Insulin,0.00021344947980376575,198
hp_iof_threshold,63,Insulin,0.00021344947980376575,199
hp_iof_threshold,64,Insulin,0.00021344947980376575,200
hp_iof_threshold,65,Insulin,0.00021344947980376575,201
hp_iof_threshold,66,Insulin,0.00021344947980376575,202
hp_iof_threshold,67,Insulin,0.00021344947980376575,203
hp_iof_threshold,68,Insulin,0.00021344947980376575,204
hp_iof_threshold,69,Insulin,0.00021344947980376575,205
hp_iof_threshold,70,Insulin,0.00021344947980376575,206
hp_iof_threshold,71,Insulin,0.00021344947980376575,207
hp_iof_threshold,72,Insulin,0.00021344947980376575,208
hp_iof_threshold,73,Insulin,0.00021344947980376575,209
hp_iof_threshold,74,Insulin,0.00021344947980376575,210
hp_iof_threshold,75,Insulin,0.00021344947980376575,211
hp_iof_threshold,76,Insulin,0.00021344947980376575,212
hp_iof_threshold,77,Insulin,0.00021344947980376575,213
hp_iof_threshold,78,Insulin,0.00021344947980376575,214
hp_iof_threshold,79,Insulin,0.00021344947980376575,215
hp_iof_threshold,80,Insulin,0.00021344947980376575,216
hp_iof_threshold,81,Insulin,0.00021344947980376575,217
hp_iof_threshold,82,Insulin,0.00021344947980376575,218
hp_iof_threshold,83,Insulin,0.00021344947980376575,219
hp_iof_threshold,84,Insulin,0.00021344947980376575,220
hp_iof_threshold,85,Insulin,0.00021344947980376575,221
hp_iof_threshold,86,Insulin,0.00021344947980376575,222
hp_iof_threshold,87,Insulin,0.00021344947980376575,223
hp_iof_threshold,88,Insulin,0.00021344947980376575,224
hp_iof_threshold,89,Insulin,0.00021344947980376575,225
hp_iof_threshold,89,PGF,0.00021081483017416352,226
hp_iof_threshold,56,E2,0.00020246320041035262,227
hp_iof_threshold,77,E2,0.0002003824191963936,228
hp_iof_threshold,79,PGF,0.00018992415533414199,229
hp_iof_threshold,59,E2,0.00018717685662566837,230
hp_iof_threshold,88,IGF1,0.00017897234238208867,231
hp_iof_threshold,78,PGF,0.0001784939386829568,232
hp_iof_threshold,88,PGF,0.00017447023741748875,233
hp_iof_threshold,77,PGF,0.00017006041261464529,234
hp_iof_threshold,87,PGF,0.0001678378074026863,235
hp_iof_threshold,86,PGF,0.0001608925975262297,236
hp_iof_threshold,88,E2,0.00015373085122577884,237
hp_iof_threshold,65,E2,0.00015234927690388077,238
hp_iof_threshold,85,PGF,0.00015117118449942436,239
hp_iof_threshold,55,E2,0.00014716188684755984,240
hp_iof_threshold,84,P4,0.00014588354925903604,241
hp_iof_threshold,58,E2,0.00014105711720053022,242
hp_iof_threshold,84,PGF,0.00014034303968487718,243
hp_iof_threshold,65,P4,0.00013986601448529897,244
hp_iof_threshold,75,E2,0.00013774527329223746,245
hp_iof_threshold,82,PGF,0.0001375152940213417,246
hp_iof_threshold,57,FSH,0.00013245061673274196,247
hp_iof_threshold,81,E2,0.000126797760341309,248
hp_iof_threshold,83,PGF,0.0001266636130431835,249
hp_iof_threshold,76,E2,0.00012562894092040203,250
hp_iof_threshold,66,E2,0.00012308113199822532,251
hp_iof_threshold,83,E2,0.00011778567452028395,252
hp_iof_threshold,60,FSH,0.00011301819874768371,253
hp_iof_threshold,59,INH,0.00010498778338107664,254
hp_iof_threshold,81,PGF,0.00010439219701147162,255
hp_iof_threshold,58,PGF,0.00010121685655718135,256
hp_iof_threshold,66,IGF1,9.853089887211627e-05,257
hp_iof_threshold,82,E2,8.460014758430716e-05,258
hp_iof_threshold,54,E2,7.922093581411826e-05,259
hp_iof_threshold,74,E2,7.906836957272519e-05,260
hp_iof_threshold,88,INH,7.753549745772734e-05,261
hp_iof_threshold,87,E2,7.654760906732808e-05,262
hp_iof_threshold,89,INH,7.395161591011957e-05,263
hp_iof_threshold,80,PGF,6.997092773585938e-05,264
hp_iof_threshold,58,INH,6.971622916504296e-05,265
hp_iof_threshold,62,P4,6.662632945518532e-05,266
hp_iof_threshold,61,E2,6.564175671579672e-05,267
hp_iof_threshold,66,INH,6.408800215888952e-05,268
hp_iof_threshold,65,INH,6.278094255335553e-05,269
hp_iof_threshold,67,INH,5.8569786701192e-05,270
hp_iof_threshold,63,FSH,5.5079710851981735e-05,271
hp_iof_threshold,75,INH,5.31311216293534e-05,272
hp_iof_threshold,68,FSH,5.0685115445941015e-05,273
hp_iof_threshold,68,INH,4.8696717161281664e-05,274
hp_iof_threshold,80,E2,4.7481833554368895e-05,275
hp_iof_threshold,60,E2,4.6058817806956315e-05,276
hp_iof_threshold,79,FSH,4.58317114236471e-05,277
hp_iof_threshold,67,FSH,4.355263335532436e-05,278
hp_iof_threshold,81,INH,4.324463898888507e-05,279
hp_iof_threshold,73,FSH,4.2976634507276964e-05,280
hp_iof_threshold,83,P4,4.187621110094296e-05,281
hp_iof_threshold,59,PGF,4.024988962180599e-05,282
hp_iof_threshold,87,INH,3.860216881209709e-05,283
hp_iof_threshold,86,FSH,3.7424369170864125e-05,284
hp_iof_threshold,69,INH,3.606074279459363e-05,285
hp_iof_threshold,82,INH,3.1406420976603726e-05,286
hp_iof_threshold,85,FSH,3.0351478589610347e-05,287
hp_iof_threshold,56,FSH,2.9068353623719723e-05,288
hp_iof_threshold,78,INH,2.5771598016059908e-05,289
hp_iof_threshold,70,INH,2.518308809883028e-05,290
hp_iof_threshold,78,E2,2.4557716014198008e-05,291
hp_iof_threshold,76,INH,2.2245414537510653e-05,292
hp_iof_threshold,59,FSH,2.172723875436378e-05,293
hp_iof_threshold,66,FSH,2.096423003639078e-05,294
hp_iof_threshold,60,INH,1.9789189633590582e-05,295
hp_iof_threshold,54,FSH,1.879422060760013e-05,296
hp_iof_threshold,82,FSH,1.7731378800595797e-05,297
hp_iof_threshold,83,INH,1.700612762048939e-05,298
hp_iof_threshold,69,FSH,1.6262659759633662e-05,299
hp_iof_threshold,71,INH,1.585806117590199e-05,300
hp_iof_threshold,64,FSH,1.5140272244638438e-05,301
hp_iof_threshold,57,E2,1.4481825804835622e-05,302
hp_iof_threshold,83,IGF1,1.4276468386485373e-05,303
hp_iof_threshold,74,FSH,1.4232244578851245e-05,304
hp_iof_threshold,80,FSH,1.372367851311234e-05,305
hp_iof_threshold,74,INH,1.3499785622072521e-05,306
hp_iof_threshold,87,IGF1,1.339854876439372e-05,307
hp_iof_threshold,72,E2,1.314527586448918e-05,308
hp_iof_threshold,65,IGF1,1.2307939268490765e-05,309
hp_iof_threshold,72,FSH,1.1724674155300208e-05,310
hp_iof_threshold,64,IGF1,1.1704647306763429e-05,311
hp_iof_threshold,86,IGF1,1.1630957593130452e-05,312
hp_iof_threshold,64,E2,1.1294751124321541e-05,313
hp_iof_threshold,77,INH,1.0842871715762195e-05,314
hp_iof_threshold,70,FSH,1.076296190849893e-05,315
hp_iof_threshold,60,P4,9.577850039624906e-06,316
hp_iof_threshold,57,INH,9.44933024496282e-06,317
hp_iof_threshold,64,INH,9.390863588533593e-06,318
hp_iof_threshold,84,INH,9.343447228129433e-06,319
hp_iof_threshold,82,P4,9.307707073169984e-06,320
hp_iof_threshold,63,IGF1,9.270388016404313e-06,321
hp_iof_threshold,83,FSH,8.884905635532817e-06,322
hp_iof_threshold,80,INH,8.281447776809178e-06,323
hp_iof_threshold,85,IGF1,7.834039493159509e-06,324
hp_iof_threshold,89,FSH,6.852743443034468e-06,325
hp_iof_threshold,85,INH,6.401063770996681e-06,326
hp_iof_threshold,85,E2,5.8939324068533565e-06,327
hp_iof_threshold,54,INH,5.77141219404238e-06,328
hp_iof_threshold,61,INH,4.72733572520868e-06,329
hp_iof_threshold,61,IGF1,3.99380997410723e-06,330
hp_iof_threshold,55,FSH,3.2561325264966346e-06,331
hp_iof_threshold,71,FSH,2.9226188596370714e-06,332
hp_iof_threshold,77,FSH,2.8694759523758266e-06,333
hp_iof_threshold,61,FSH,2.7838337893211818e-06,334
hp_iof_threshold,79,INH,2.413902236860608e-06,335
hp_iof_threshold,65,FSH,2.2222683088248374e-06,336
hp_iof_threshold,62,IGF1,1.957360394615832e-06,337
hp_iof_threshold,87,P4,1.9472583459359498e-06,338
hp_iof_threshold,87,FSH,1.884276568295355e-06,339
hp_iof_threshold,61,P4,1.747230358930691e-06,340
hp_iof_threshold,72,INH,1.7227047490162923e-06,341
hp_iof_threshold,62,INH,1.5076066433363304e-06,342
hp_iof_threshold,62,FSH,1.3524155705943932e-06,343
hp_iof_threshold,78,FSH,1.1898746956996776e-06,344
hp_iof_threshold,84,FSH,1.064406795662445e-06,345
hp_iof_threshold,73,INH,9.883409874222153e-07,346
hp_iof_threshold,88,FSH,9.582136218516183e-07,347
hp_iof_threshold,81,FSH,4.794737692951081e-07,348
hp_iof_threshold,63,INH,3.255526256435964e-07,349
hp_iof_threshold,76,FSH,2.620410369154064e-07,350
hp_iof_threshold,75,FSH,2.455531741356306e-07,351
hp_iof_threshold,86,E2,1.8655879183436298e-07,352
hp_iof_threshold,79,E2,1.7771452162815056e-07,353
hp_iof_threshold,55,INH,1.5312061676554438e-07,354
hp_iof_threshold,58,FSH,1.4827044773239185e-07,355
hp_iof_threshold,63,E2,1.339089937212087e-07,356
hp_iof_threshold,56,INH,1.0532597565686293e-07,357
hp_iof_threshold,86,INH,8.682641784817295e-08,358
hp_iof_threshold,73,E2,3.0151846896256005e-08,359
hp_iof_threshold,84,IGF1,7.057810201732662e-09,360
hp_p4_follicle_scale,65,ALL_OBSERVABLES,0.4304886118895313,1
hp_p4_follicle_scale,64,ALL_OBSERVABLES,0.3839632008807687,2
hp_p4_follicle_scale,74,ALL_OBSERVABLES,0.3525673843997389,3
hp_p4_follicle_scale,61,ALL_OBSERVABLES,0.323353567374899,4
hp_p4_follicle_scale,62,ALL_OBSERVABLES,0.300171306927797,5
hp_p4_follicle_scale,54,ALL_OBSERVABLES,0.2773089971845294,6
hp_p4_follicle_scale,59,ALL_OBSERVABLES,0.2666243756423436,7
hp_p4_follicle_scale,87,ALL_OBSERVABLES,0.26169798431892644,8
hp_p4_follicle_scale,60,ALL_OBSERVABLES,0.2596331965897874,9
hp_p4_follicle_scale,63,ALL_OBSERVABLES,0.25014118294953563,10
hp_p4_follicle_scale,81,ALL_OBSERVABLES,0.24145235434704554,11
hp_p4_follicle_scale,86,ALL_OBSERVABLES,0.24036970800438848,12
hp_p4_follicle_scale,66,ALL_OBSERVABLES,0.23746515380447172,13
hp_p4_follicle_scale,75,ALL_OBSERVABLES,0.23739956053369998,14
hp_p4_follicle_scale,72,ALL_OBSERVABLES,0.23664305459828158,15
hp_p4_follicle_scale,84,ALL_OBSERVABLES,0.2353396359089431,16
hp_p4_follicle_scale,82,ALL_OBSERVABLES,0.23282308256432907,17
hp_p4_follicle_scale,83,ALL_OBSERVABLES,0.22786727077064203,18
hp_p4_follicle_scale,56,ALL_OBSERVABLES,0.20253511226716894,19
hp_p4_follicle_scale,76,ALL_OBSERVABLES,0.20054249848369704,20
hp_p4_follicle_scale,85,ALL_OBSERVABLES,0.19514645697677363,21
hp_p4_follicle_scale,73,ALL_OBSERVABLES,0.19415530303354717,22
hp_p4_follicle_scale,55,ALL_OBSERVABLES,0.18448062024898074,23
hp_p4_follicle_scale,67,ALL_OBSERVABLES,0.18260131612288222,24
hp_p4_follicle_scale,68,ALL_OBSERVABLES,0.17624962479072037,25
hp_p4_follicle_scale,88,ALL_OBSERVABLES,0.16320313859786484,26
hp_p4_follicle_scale,78,ALL_OBSERVABLES,0.1594879849237952,27
hp_p4_follicle_scale,79,ALL_OBSERVABLES,0.15521357085257534,28
hp_p4_follicle_scale,89,ALL_OBSERVABLES,0.1498041862545158,29
hp_p4_follicle_scale,57,ALL_OBSERVABLES,0.14707123342597034,30
hp_p4_follicle_scale,77,ALL_OBSERVABLES,0.13235513307204255,31
hp_p4_follicle_scale,71,ALL_OBSERVABLES,0.12904129076497856,32
hp_p4_follicle_scale,80,ALL_OBSERVABLES,0.12471180102041075,33
hp_p4_follicle_scale,65,INH,0.12435585753450011,34
hp_p4_follicle_scale,69,ALL_OBSERVABLES,0.12285270533374192,35
hp_p4_follicle_scale,58,ALL_OBSERVABLES,0.11729296791520662,36
hp_p4_follicle_scale,70,ALL_OBSERVABLES,0.11706063777044746,37
hp_p4_follicle_scale,54,FSH,0.11374709936572595,38
hp_p4_follicle_scale,81,INH,0.10458603285235621,39
hp_p4_follicle_scale,59,INH,0.10045343590317958,40
hp_p4_follicle_scale,62,INH,0.1003186992650036,41
hp_p4_follicle_scale,74,INH,0.0973056296643706,42
hp_p4_follicle_scale,61,INH,0.09507307785857742,43
hp_p4_follicle_scale,60,INH,0.09382231167709881,44
hp_p4_follicle_scale,54,Insulin,0.09326991635322496,45
hp_p4_follicle_scale,55,Insulin,0.09326991635322496,46
hp_p4_follicle_scale,56,Insulin,0.09326991635322496,47
hp_p4_follicle_scale,57,Insulin,0.09326991635322496,48
hp_p4_follicle_scale,58,Insulin,0.09326991635322496,49
hp_p4_follicle_scale,59,Insulin,0.09326991635322496,50
hp_p4_follicle_scale,60,Insulin,0.09326991635322496,51
hp_p4_follicle_scale,61,Insulin,0.09326991635322496,52
hp_p4_follicle_scale,62,Insulin,0.09326991635322496,53
hp_p4_follicle_scale,63,Insulin,0.09326991635322496,54
hp_p4_follicle_scale,64,Insulin,0.09326991635322496,55
hp_p4_follicle_scale,65,Insulin,0.09326991635322496,56
hp_p4_follicle_scale,66,Insulin,0.09326991635322496,57
hp_p4_follicle_scale,67,Insulin,0.09326991635322496,58
hp_p4_follicle_scale,68,Insulin,0.09326991635322496,59
hp_p4_follicle_scale,69,Insulin,0.09326991635322496,60
hp_p4_follicle_scale,70,Insulin,0.09326991635322496,61
hp_p4_follicle_scale,71,Insulin,0.09326991635322496,62
hp_p4_follicle_scale,72,Insulin,0.09326991635322496,63
hp_p4_follicle_scale,73,Insulin,0.09326991635322496,64
hp_p4_follicle_scale,74,Insulin,0.09326991635322496,65
hp_p4_follicle_scale,75,Insulin,0.09326991635322496,66
hp_p4_follicle_scale,76,Insulin,0.09326991635322496,67
hp_p4_follicle_scale,77,Insulin,0.09326991635322496,68
hp_p4_follicle_scale,78,Insulin,0.09326991635322496,69
hp_p4_follicle_scale,79,Insulin,0.09326991635322496,70
hp_p4_follicle_scale,80,Insulin,0.09326991635322496,71
hp_p4_follicle_scale,81,Insulin,0.09326991635322496,72
hp_p4_follicle_scale,82,Insulin,0.09326991635322496,73
hp_p4_follicle_scale,83,Insulin,0.09326991635322496,74
hp_p4_follicle_scale,84,Insulin,0.09326991635322496,75
hp_p4_follicle_scale,85,Insulin,0.09326991635322496,76
hp_p4_follicle_scale,86,Insulin,0.09326991635322496,77
hp_p4_follicle_scale,87,Insulin,0.09326991635322496,78
hp_p4_follicle_scale,88,Insulin,0.09326991635322496,79
hp_p4_follicle_scale,89,Insulin,0.09326991635322496,80
hp_p4_follicle_scale,64,E2,0.08810528075536339,81
hp_p4_follicle_scale,64,FSH,0.08195762642151778,82
hp_p4_follicle_scale,74,E2,0.0808983766617544,83
hp_p4_follicle_scale,64,INH,0.07924160593902481,84
hp_p4_follicle_scale,61,FSH,0.07881708866292225,85
hp_p4_follicle_scale,87,INH,0.07368776292113388,86
hp_p4_follicle_scale,65,FSH,0.07264966500617749,87
hp_p4_follicle_scale,63,E2,0.07077684574327868,88
hp_p4_follicle_scale,76,FSH,0.06900000668265292,89
hp_p4_follicle_scale,84,INH,0.06769018813066012,90
hp_p4_follicle_scale,68,FSH,0.0676264731163167,91
hp_p4_follicle_scale,66,FSH,0.06576705356713639,92
hp_p4_follicle_scale,59,E2,0.06476364584429109,93
hp_p4_follicle_scale,65,E2,0.06454649431993588,94
hp_p4_follicle_scale,62,FSH,0.06422704741099275,95
hp_p4_follicle_scale,56,INH,0.06370565500572181,96
hp_p4_follicle_scale,72,INH,0.062025124384190444,97
hp_p4_follicle_scale,67,FSH,0.06158723993767725,98
hp_p4_follicle_scale,66,IGF1,0.05810761130058,99
hp_p4_follicle_scale,83,INH,0.05675220207223845,100
hp_p4_follicle_scale,82,INH,0.05658933076977616,101
hp_p4_follicle_scale,82,FSH,0.053978935253734706,102
hp_p4_follicle_scale,73,INH,0.05207603887681628,103
hp_p4_follicle_scale,55,INH,0.05064909049353706,104
hp_p4_follicle_scale,72,FSH,0.05001389832291929,105
hp_p4_follicle_scale,75,FSH,0.04938657584391361,106
hp_p4_follicle_scale,54,INH,0.049258642672245806,107
hp_p4_follicle_scale,61,E2,0.04608112904121699,108
hp_p4_follicle_scale,75,INH,0.045693457622360587,109
hp_p4_follicle_scale,79,FSH,0.04564199928413632,110
hp_p4_follicle_scale,60,E2,0.04496645679545209,111
hp_p4_follicle_scale,78,INH,0.04415025030647177,112
hp_p4_follicle_scale,83,FSH,0.042222484099205405,113
hp_p4_follicle_scale,87,IGF1,0.04126411112518664,114
hp_p4_follicle_scale,85,IGF1,0.0411042539339572,115
hp_p4_follicle_scale,75,PGF,0.04096850463672223,116
hp_p4_follicle_scale,74,PGF,0.040718008966991265,117
hp_p4_follicle_scale,63,INH,0.04024496465497649,118
hp_p4_follicle_scale,63,IGF1,0.03995136850278954,119
hp_p4_follicle_scale,84,IGF1,0.03935077588382204,120
hp_p4_follicle_scale,65,IGF1,0.03918123719239829,121
hp_p4_follicle_scale,86,IGF1,0.039041410734476145,122
hp_p4_follicle_scale,73,E2,0.03890544335139238,123
hp_p4_follicle_scale,64,IGF1,0.03881810545509244,124
hp_p4_follicle_scale,86,FSH,0.03768192855528322,125
hp_p4_follicle_scale,86,E2,0.0372542497354353,126
hp_p4_follicle_scale,65,P4,0.03562316630731064,127
hp_p4_follicle_scale,81,E2,0.033916402641651314,128
hp_p4_follicle_scale,62,IGF1,0.03241770420063545,129
hp_p4_follicle_scale,74,FSH,0.032215714825938775,130
hp_p4_follicle_scale,86,INH,0.031771865490138426,131
hp_p4_follicle_scale,57,FSH,0.03091548978788057,132
hp_p4_follicle_scale,89,FSH,0.030875536537744976,133
hp_p4_follicle_scale,87,FSH,0.030593650779822675,134
hp_p4_follicle_scale,85,E2,0.029583562692241896,135
hp_p4_follicle_scale,84,FSH,0.028266375140236322,136
hp_p4_follicle_scale,88,FSH,0.026674808285951007,137
hp_p4_follicle_scale,88,IGF1,0.026242750246076644,138
hp_p4_follicle_scale,55,FSH,0.024595342121702096,139
hp_p4_follicle_scale,72,E2,0.023024752800567632,140
hp_p4_follicle_scale,56,E2,0.022769957779558578,141
hp_p4_follicle_scale,77,INH,0.019181065772809622,142
hp_p4_follicle_scale,85,INH,0.018431414714862183,143
hp_p4_follicle_scale,71,FSH,0.018125609524409673,144
hp_p4_follicle_scale,69,FSH,0.017682500480615586,145
hp_p4_follicle_scale,76,INH,0.017330488358742586,146
hp_p4_follicle_scale,67,IGF1,0.01662946998488353,147
hp_p4_follicle_scale,60,FSH,0.0160703203275776,148
hp_p4_follicle_scale,58,FSH,0.01578026639553788,149
hp_p4_follicle_scale,83,E2,0.015360358599354248,150
hp_p4_follicle_scale,83,IGF1,0.01533123468677488,151
hp_p4_follicle_scale,82,E2,0.015216405479659223,152
hp_p4_follicle_scale,54,PGF,0.014590360342662586,153
hp_p4_follicle_scale,80,INH,0.014404454140224596,154
hp_p4_follicle_scale,88,INH,0.014121616217847657,155
hp_p4_follicle_scale,70,FSH,0.013821234388957465,156
hp_p4_follicle_scale,87,E2,0.013805933555439576,157
hp_p4_follicle_scale,85,FSH,0.012080985853156095,158
hp_p4_follicle_scale,89,INH,0.01184745668806957,159
hp_p4_follicle_scale,76,PGF,0.011763492265359344,160
hp_p4_follicle_scale,66,INH,0.011672409348113172,161
hp_p4_follicle_scale,55,PGF,0.009878470604399319,162
hp_p4_follicle_scale,56,PGF,0.009602961132194804,163
hp_p4_follicle_scale,80,E2,0.009594171080534317,164
hp_p4_follicle_scale,57,PGF,0.009432274970009116,165
hp_p4_follicle_scale,71,E2,0.009310811605523404,166
hp_p4_follicle_scale,67,INH,0.008799033472528148,167
hp_p4_follicle_scale,78,E2,0.00873754930551349,168
hp_p4_follicle_scale,87,P4,0.00834721110680842,169
hp_p4_follicle_scale,57,E2,0.008234707410412661,170
hp_p4_follicle_scale,66,P4,0.008102970506451744,171
hp_p4_follicle_scale,56,FSH,0.007965308720692513,172
hp_p4_follicle_scale,69,P4,0.007549746235198388,173
hp_p4_follicle_scale,70,P4,0.007487751201042964,174
hp_p4_follicle_scale,82,IGF1,0.007404289448095796,175
hp_p4_follicle_scale,60,PGF,0.007248826892426774,176
hp_p4_follicle_scale,71,P4,0.007177024455767871,177
hp_p4_follicle_scale,62,E2,0.00708741982374267,178
hp_p4_follicle_scale,72,P4,0.0067929335442308844,179
hp_p4_follicle_scale,68,P4,0.006559542563937975,180
hp_p4_follicle_scale,77,PGF,0.006525086523586947,181
hp_p4_follicle_scale,73,P4,0.00638958081803328,182
hp_p4_follicle_scale,78,PGF,0.006289841842869899,183
hp_p4_follicle_scale,82,P4,0.006241298199487332,184
hp_p4_follicle_scale,61,IGF1,0.0062157909952755335,185
hp_p4_follicle_scale,79,PGF,0.006169383651444973,186
hp_p4_follicle_scale,89,P4,0.006122398068927383,187
hp_p4_follicle_scale,74,P4,0.0059779165879591005,188
hp_p4_follicle_scale,68,INH,0.005777981637197804,189
hp_p4_follicle_scale,75,P4,0.005572556204077506,190
hp_p4_follicle_scale,76,P4,0.005177244492369871,191
hp_p4_follicle_scale,77,P4,0.004785212783324179,192
hp_p4_follicle_scale,83,P4,0.004428180373356137,193
hp_p4_follicle_scale,78,P4,0.004413381560315734,194
hp_p4_follicle_scale,81,PGF,0.004337136920389691,195
hp_p4_follicle_scale,77,FSH,0.004313481118838204,196
hp_p4_follicle_scale,84,E2,0.004158874061712116,197
hp_p4_follicle_scale,79,P4,0.004060469299112615,198
hp_p4_follicle_scale,89,IGF1,0.003799483972802631,199
hp_p4_follicle_scale,80,P4,0.0037246593105554663,200
hp_p4_follicle_scale,61,PGF,0.0036102843608121493,201
hp_p4_follicle_scale,79,INH,0.0034419481058087877,202
hp_p4_follicle_scale,63,FSH,0.003405025455432159,203
hp_p4_follicle_scale,60,IGF1,0.0033932524613061593,204
hp_p4_follicle_scale,59,FSH,0.003250415179101444,205
hp_p4_follicle_scale,58,INH,0.003244088856098691,206
hp_p4_follicle_scale,69,INH,0.003197307449960679,207
hp_p4_follicle_scale,54,P4,0.003072244828069159,208
hp_p4_follicle_scale,89,E2,0.002852420215901817,209
hp_p4_follicle_scale,62,PGF,0.002842954005437916,210
hp_p4_follicle_scale,55,P4,0.002788451584206741,211
hp_p4_follicle_scale,68,IGF1,0.0027396738311232147,212
hp_p4_follicle_scale,56,IGF1,0.002689010506793904,213
hp_p4_follicle_scale,55,IGF1,0.002688718761715521,214
hp_p4_follicle_scale,57,IGF1,0.0026815793062913815,215
hp_p4_follicle_scale,54,IGF1,0.00267756011288826,216
hp_p4_follicle_scale,58,IGF1,0.0026709974469423274,217
hp_p4_follicle_scale,59,IGF1,0.00266217255998295,218
hp_p4_follicle_scale,81,IGF1,0.0026273348992924273,219
hp_p4_follicle_scale,80,IGF1,0.0026218291325960574,220
hp_p4_follicle_scale,79,IGF1,0.00261218179922805,221
hp_p4_follicle_scale,78,IGF1,0.002591108302741667,222
hp_p4_follicle_scale,77,IGF1,0.0025514301758702085,223
hp_p4_follicle_scale,56,P4,0.0025247836717794216,224
hp_p4_follicle_scale,76,IGF1,0.002483324134822907,225
hp_p4_follicle_scale,75,IGF1,0.0023652923144074373,226
hp_p4_follicle_scale,57,P4,0.002281984638119445,227
hp_p4_follicle_scale,74,IGF1,0.002174302242296849,228
hp_p4_follicle_scale,81,P4,0.002161466996366361,229
hp_p4_follicle_scale,88,E2,0.0021401595711199564,230
hp_p4_follicle_scale,58,P4,0.002056731597880024,231
hp_p4_follicle_scale,63,PGF,0.0020319878809449445,232
hp_p4_follicle_scale,84,P4,0.0020199193993584454,233
hp_p4_follicle_scale,67,P4,0.0019990554993273377,234
hp_p4_follicle_scale,73,IGF1,0.0018846234149670629,235
hp_p4_follicle_scale,59,P4,0.0018543041208334324,236
hp_p4_follicle_scale,77,E2,0.0017214212471854922,237
hp_p4_follicle_scale,76,E2,0.001510507099321477,238
hp_p4_follicle_scale,72,IGF1,0.001483443201116913,239
hp_p4_follicle_scale,64,PGF,0.001345446499175502,240
hp_p4_follicle_scale,70,INH,0.0013237862775202253,241
hp_p4_follicle_scale,64,P4,0.0012177003601668139,242
hp_p4_follicle_scale,73,FSH,0.0010993485879979272,243
hp_p4_follicle_scale,71,IGF1,0.0010370161247424394,244
hp_p4_follicle_scale,89,PGF,0.0010294553206415123,245
hp_p4_follicle_scale,65,PGF,0.0008547560787809679,246
hp_p4_follicle_scale,60,P4,0.0008545929854980527,247
hp_p4_follicle_scale,69,IGF1,0.0007710793852605534,248
hp_p4_follicle_scale,88,PGF,0.0007463337497909746,249
hp_p4_follicle_scale,80,FSH,0.0007356917984191529,250
hp_p4_follicle_scale,87,PGF,0.0007218793801073345,251
hp_p4_follicle_scale,70,IGF1,0.0006996057634462113,252
hp_p4_follicle_scale,86,PGF,0.0006883648782750969,253
hp_p4_follicle_scale,54,E2,0.0006856544125097082,254
hp_p4_follicle_scale,86,P4,0.0006544531603524064,255
hp_p4_follicle_scale,85,PGF,0.0006402698786743852,256
hp_p4_follicle_scale,55,E2,0.0006031112329920901,257
hp_p4_follicle_scale,84,PGF,0.0005760678427261543,258
hp_p4_follicle_scale,81,FSH,0.0005465445865616315,259
hp_p4_follicle_scale,66,PGF,0.0005302538902541536,260
hp_p4_follicle_scale,73,PGF,0.0005228325339123361,261
hp_p4_follicle_scale,83,PGF,0.0004953754892850047,262
hp_p4_follicle_scale,63,P4,0.00045355526168589443,263
hp_p4_follicle_scale,70,E2,0.00044511716667014787,264
hp_p4_follicle_scale,69,E2,0.0003742110881092717,265
hp_p4_follicle_scale,59,PGF,0.0003629665845272112,266
hp_p4_follicle_scale,80,PGF,0.00035356010765324076,267
hp_p4_follicle_scale,61,P4,0.00027876100566674207,268
hp_p4_follicle_scale,68,E2,0.00026255919718620496,269
hp_p4_follicle_scale,57,INH,0.0002477618628292402,270
hp_p4_follicle_scale,58,E2,0.00021350660417846474,271
hp_p4_follicle_scale,67,PGF,0.00019841423459113433,272
hp_p4_follicle_scale,75,E2,0.00013573846179068714,273
hp_p4_follicle_scale,82,PGF,0.00011538796314794992,274
hp_p4_follicle_scale,67,E2,0.0001106675434468874,275
hp_p4_follicle_scale,71,INH,9.863331376107866e-05,276
hp_p4_follicle_scale,58,PGF,4.9941564141303023e-05,277
hp_p4_follicle_scale,85,P4,2.853445345396641e-05,278
hp_p4_follicle_scale,78,FSH,2.841815545474113e-05,279
hp_p4_follicle_scale,72,PGF,2.5466894828527312e-05,280
hp_p4_follicle_scale,71,PGF,1.4760290346187095e-05,281
hp_p4_follicle_scale,79,E2,1.015326241667846e-05,282
hp_p4_follicle_scale,66,E2,7.419741508353461e-06,283
hp_p4_follicle_scale,54,Glucose,6.756579426530567e-06,284
hp_p4_follicle_scale,55,Glucose,6.756579426530567e-06,285
hp_p4_follicle_scale,56,Glucose,6.756579426530567e-06,286
hp_p4_follicle_scale,57,Glucose,6.756579426530567e-06,287
hp_p4_follicle_scale,58,Glucose,6.756579426530567e-06,288
hp_p4_follicle_scale,59,Glucose,6.756579426530567e-06,289
hp_p4_follicle_scale,60,Glucose,6.756579426530567e-06,290
hp_p4_follicle_scale,61,Glucose,6.756579426530567e-06,291
hp_p4_follicle_scale,62,Glucose,6.756579426530567e-06,292
hp_p4_follicle_scale,63,Glucose,6.756579426530567e-06,293
hp_p4_follicle_scale,64,Glucose,6.756579426530567e-06,294
hp_p4_follicle_scale,65,Glucose,6.756579426530567e-06,295
hp_p4_follicle_scale,66,Glucose,6.756579426530567e-06,296
hp_p4_follicle_scale,67,Glucose,6.756579426530567e-06,297
hp_p4_follicle_scale,68,Glucose,6.756579426530567e-06,298
hp_p4_follicle_scale,69,Glucose,6.756579426530567e-06,299
hp_p4_follicle_scale,70,Glucose,6.756579426530567e-06,300
hp_p4_follicle_scale,71,Glucose,6.756579426530567e-06,301
hp_p4_follicle_scale,72,Glucose,6.756579426530567e-06,302
hp_p4_follicle_scale,73,Glucose,6.756579426530567e-06,303
hp_p4_follicle_scale,74,Glucose,6.756579426530567e-06,304
hp_p4_follicle_scale,75,Glucose,6.756579426530567e-06,305
hp_p4_follicle_scale,76,Glucose,6.756579426530567e-06,306
hp_p4_follicle_scale,77,Glucose,6.756579426530567e-06,307
hp_p4_follicle_scale,78,Glucose,6.756579426530567e-06,308
hp_p4_follicle_scale,79,Glucose,6.756579426530567e-06,309
hp_p4_follicle_scale,80,Glucose,6.756579426530567e-06,310
hp_p4_follicle_scale,81,Glucose,6.756579426530567e-06,311
hp_p4_follicle_scale,82,Glucose,6.756579426530567e-06,312
hp_p4_follicle_scale,83,Glucose,6.756579426530567e-06,313
hp_p4_follicle_scale,84,Glucose,6.756579426530567e-06,314
hp_p4_follicle_scale,85,Glucose,6.756579426530567e-06,315
hp_p4_follicle_scale,86,Glucose,6.756579426530567e-06,316
hp_p4_follicle_scale,87,Glucose,6.756579426530567e-06,317
hp_p4_follicle_scale,88,Glucose,6.756579426530567e-06,318
hp_p4_follicle_scale,89,Glucose,6.756579426530567e-06,319
hp_p4_follicle_scale,68,PGF,5.958994530564011e-06,320
hp_p4_follicle_scale,70,PGF,5.707522382529571e-06,321
hp_p4_follicle_scale,54,Glucagon,7.625177764301295e-07,322
hp_p4_follicle_scale,55,Glucagon,7.625177764301295e-07,323
hp_p4_follicle_scale,56,Glucagon,7.625177764301295e-07,324
hp_p4_follicle_scale,57,Glucagon,7.625177764301295e-07,325
hp_p4_follicle_scale,58,Glucagon,7.625177764301295e-07,326
hp_p4_follicle_scale,59,Glucagon,7.625177764301295e-07,327
hp_p4_follicle_scale,60,Glucagon,7.625177764301295e-07,328
hp_p4_follicle_scale,61,Glucagon,7.625177764301295e-07,329
hp_p4_follicle_scale,62,Glucagon,7.625177764301295e-07,330
hp_p4_follicle_scale,63,Glucagon,7.625177764301295e-07,331
hp_p4_follicle_scale,64,Glucagon,7.625177764301295e-07,332
hp_p4_follicle_scale,65,Glucagon,7.625177764301295e-07,333
hp_p4_follicle_scale,66,Glucagon,7.625177764301295e-07,334
hp_p4_follicle_scale,67,Glucagon,7.625177764301295e-07,335
hp_p4_follicle_scale,68,Glucagon,7.625177764301295e-07,336
hp_p4_follicle_scale,69,Glucagon,7.625177764301295e-07,337
hp_p4_follicle_scale,70,Glucagon,7.625177764301295e-07,338
hp_p4_follicle_scale,71,Glucagon,7.625177764301295e-07,339
hp_p4_follicle_scale,72,Glucagon,7.625177764301295e-07,340
hp_p4_follicle_scale,73,Glucagon,7.625177764301295e-07,341
hp_p4_follicle_scale,74,Glucagon,7.625177764301295e-07,342
hp_p4_follicle_scale,75,Glucagon,7.625177764301295e-07,343
hp_p4_follicle_scale,76,Glucagon,7.625177764301295e-07,344
hp_p4_follicle_scale,77,Glucagon,7.625177764301295e-07,345
hp_p4_follicle_scale,78,Glucagon,7.625177764301295e-07,346
hp_p4_follicle_scale,79,Glucagon,7.625177764301295e-07,347
hp_p4_follicle_scale,80,Glucagon,7.625177764301295e-07,348
hp_p4_follicle_scale,81,Glucagon,7.625177764301295e-07,349
hp_p4_follicle_scale,82,Glucagon,7.625177764301295e-07,350
hp_p4_follicle_scale,83,Glucagon,7.625177764301295e-07,351
hp_p4_follicle_scale,84,Glucagon,7.625177764301295e-07,352
hp_p4_follicle_scale,85,Glucagon,7.625177764301295e-07,353
hp_p4_follicle_scale,86,Glucagon,7.625177764301295e-07,354
hp_p4_follicle_scale,87,Glucagon,7.625177764301295e-07,355
hp_p4_follicle_scale,88,Glucagon,7.625177764301295e-07,356
hp_p4_follicle_scale,89,Glucagon,7.625177764301295e-07,357
hp_p4_follicle_scale,69,PGF,4.2524416952611694e-07,358
hp_p4_follicle_scale,62,P4,4.677155667033086e-08,359
hp_p4_follicle_scale,88,P4,3.5076650682618933e-08,360
inhibin_clearance,65,ALL_OBSERVABLES,0.5758207552361383,1
inhibin_clearance,64,ALL_OBSERVABLES,0.4883112750669469,2
inhibin_clearance,87,ALL_OBSERVABLES,0.4752458337470006,3
inhibin_clearance,56,ALL_OBSERVABLES,0.444187973209519,4
inhibin_clearance,72,ALL_OBSERVABLES,0.43830843028170463,5
inhibin_clearance,62,ALL_OBSERVABLES,0.43060143322138983,6
inhibin_clearance,84,ALL_OBSERVABLES,0.4092089849807444,7
inhibin_clearance,66,ALL_OBSERVABLES,0.39319547859062826,8
inhibin_clearance,85,ALL_OBSERVABLES,0.38523088492976815,9
inhibin_clearance,63,ALL_OBSERVABLES,0.38303350569518524,10
inhibin_clearance,78,ALL_OBSERVABLES,0.37840829257641806,11
inhibin_clearance,79,ALL_OBSERVABLES,0.37372381701131896,12
inhibin_clearance,86,ALL_OBSERVABLES,0.36607410187734746,13
inhibin_clearance,74,ALL_OBSERVABLES,0.36268063146592033,14
inhibin_clearance,68,ALL_OBSERVABLES,0.36066302172120257,15
inhibin_clearance,61,ALL_OBSERVABLES,0.3604317800429425,16
inhibin_clearance,55,ALL_OBSERVABLES,0.3591766539494171,17
inhibin_clearance,88,ALL_OBSERVABLES,0.35034950444617474,18
inhibin_clearance,57,ALL_OBSERVABLES,0.34335530886249277,19
inhibin_clearance,89,ALL_OBSERVABLES,0.33838042929585943,20
inhibin_clearance,67,ALL_OBSERVABLES,0.33475064240834035,21
inhibin_clearance,54,ALL_OBSERVABLES,0.33362594856422795,22
inhibin_clearance,75,ALL_OBSERVABLES,0.3279559066404447,23
inhibin_clearance,59,ALL_OBSERVABLES,0.3212192375393053,24
inhibin_clearance,73,ALL_OBSERVABLES,0.3178185625552179,25
inhibin_clearance,60,ALL_OBSERVABLES,0.3136468206120331,26
inhibin_clearance,83,ALL_OBSERVABLES,0.30983194521625457,27
inhibin_clearance,81,ALL_OBSERVABLES,0.30967797180869555,28
inhibin_clearance,76,ALL_OBSERVABLES,0.2958590069050072,29
inhibin_clearance,82,ALL_OBSERVABLES,0.29458558446641736,30
inhibin_clearance,77,ALL_OBSERVABLES,0.2923022320444041,31
inhibin_clearance,69,ALL_OBSERVABLES,0.29017151151188847,32
inhibin_clearance,58,ALL_OBSERVABLES,0.28946507126516036,33
inhibin_clearance,80,ALL_OBSERVABLES,0.28150048549069656,34
inhibin_clearance,70,ALL_OBSERVABLES,0.2779488489734774,35
inhibin_clearance,71,ALL_OBSERVABLES,0.2773569107002558,36
inhibin_clearance,54,Insulin,0.2299488987294046,37
inhibin_clearance,55,Insulin,0.2299488987294046,38
inhibin_clearance,56,Insulin,0.2299488987294046,39
inhibin_clearance,57,Insulin,0.2299488987294046,40
inhibin_clearance,58,Insulin,0.2299488987294046,41
inhibin_clearance,59,Insulin,0.2299488987294046,42
inhibin_clearance,60,Insulin,0.2299488987294046,43
inhibin_clearance,61,Insulin,0.2299488987294046,44
inhibin_clearance,62,Insulin,0.2299488987294046,45
inhibin_clearance,63,Insulin,0.2299488987294046,46
inhibin_clearance,64,Insulin,0.2299488987294046,47
inhibin_clearance,65,Insulin,0.2299488987294046,48
inhibin_clearance,66,Insulin,0.2299488987294046,49
inhibin_clearance,67,Insulin,0.2299488987294046,50
inhibin_clearance,68,Insulin,0.2299488987294046,51
inhibin_clearance,69,Insulin,0.2299488987294046,52
inhibin_clearance,70,Insulin,0.2299488987294046,53
inhibin_clearance,71,Insulin,0.2299488987294046,54
inhibin_clearance,72,Insulin,0.2299488987294046,55
inhibin_clearance,73,Insulin,0.2299488987294046,56
inhibin_clearance,74,Insulin,0.2299488987294046,57
inhibin_clearance,75,Insulin,0.2299488987294046,58
inhibin_clearance,76,Insulin,0.2299488987294046,59
inhibin_clearance,77,Insulin,0.2299488987294046,60
inhibin_clearance,78,Insulin,0.2299488987294046,61
inhibin_clearance,79,Insulin,0.2299488987294046,62
inhibin_clearance,80,Insulin,0.2299488987294046,63
inhibin_clearance,81,Insulin,0.2299488987294046,64
inhibin_clearance,82,Insulin,0.2299488987294046,65
inhibin_clearance,83,Insulin,0.2299488987294046,66
inhibin_clearance,84,Insulin,0.2299488987294046,67
inhibin_clearance,85,Insulin,0.2299488987294046,68
inhibin_clearance,86,Insulin,0.2299488987294046,69
inhibin_clearance,87,Insulin,0.2299488987294046,70
inhibin_clearance,88,Insulin,0.2299488987294046,71
inhibin_clearance,89,Insulin,0.2299488987294046,72
inhibin_clearance,56,INH,0.15060427226384576,73
inhibin_clearance,72,INH,0.11787926807215818,74
inhibin_clearance,65,INH,0.11014262038503976,75
inhibin_clearance,78,INH,0.10744592200922182,76
inhibin_clearance,62,INH,0.1016978728388781,77
inhibin_clearance,79,FSH,0.09895202581042362,78
inhibin_clearance,85,IGF1,0.09785558723579685,79
inhibin_clearance,86,IGF1,0.09402427150466287,80
inhibin_clearance,65,IGF1,0.09325601723485201,81
inhibin_clearance,64,IGF1,0.09309194999674245,82
inhibin_clearance,87,IGF1,0.09306275636833491,83
inhibin_clearance,63,IGF1,0.09291603469022451,84
inhibin_clearance,87,INH,0.09159910408280142,85
inhibin_clearance,84,IGF1,0.08699207422832475,86
inhibin_clearance,65,E2,0.08353453196694467,87
inhibin_clearance,68,FSH,0.08287742876635232,88
inhibin_clearance,55,INH,0.08170867008218646,89
inhibin_clearance,61,INH,0.07354548419123393,90
inhibin_clearance,57,FSH,0.07200801583809412,91
inhibin_clearance,64,FSH,0.06792872787195284,92
inhibin_clearance,66,IGF1,0.06454510342523065,93
inhibin_clearance,62,IGF1,0.06278989263450478,94
inhibin_clearance,84,INH,0.06203588451074613,95
inhibin_clearance,60,INH,0.05563728139819847,96
inhibin_clearance,54,INH,0.054414400819225966,97
inhibin_clearance,72,FSH,0.052775733924156035,98
inhibin_clearance,64,E2,0.049454616686428456,99
inhibin_clearance,65,FSH,0.04939619208304463,100
inhibin_clearance,88,INH,0.04676873284096089,101
inhibin_clearance,74,INH,0.04626754567534595,102
inhibin_clearance,81,INH,0.04544328927351264,103
inhibin_clearance,87,E2,0.044750603135263294,104
inhibin_clearance,64,INH,0.04341243279501918,105
inhibin_clearance,85,FSH,0.04337443188812533,106
inhibin_clearance,63,E2,0.04221875970746031,107
inhibin_clearance,66,FSH,0.04209860645307622,108
inhibin_clearance,66,INH,0.0411831038432789,109
inhibin_clearance,59,INH,0.04066568275979531,110
inhibin_clearance,67,FSH,0.03847548554653446,111
inhibin_clearance,58,FSH,0.03582529987391463,112
inhibin_clearance,73,INH,0.03552353402624355,113
inhibin_clearance,83,INH,0.0329335995772324,114
inhibin_clearance,62,FSH,0.032334109260981424,115
inhibin_clearance,89,P4,0.031562976754625674,116
inhibin_clearance,89,E2,0.031072695434012823,117
inhibin_clearance,89,INH,0.03105905223980538,118
inhibin_clearance,61,FSH,0.031045958551535687,119
inhibin_clearance,56,E2,0.030660100939941533,120
inhibin_clearance,88,E2,0.029090786177169498,121
inhibin_clearance,75,PGF,0.02832641748762206,122
inhibin_clearance,83,IGF1,0.02613960539735787,123
inhibin_clearance,74,PGF,0.025941555833064282,124
inhibin_clearance,74,P4,0.024914565400330775,125
inhibin_clearance,73,P4,0.024872531442448408,126
inhibin_clearance,75,P4,0.024836886132838226,127
inhibin_clearance,72,P4,0.024700778973877274,128
inhibin_clearance,76,P4,0.024623031344077877,129
inhibin_clearance,71,P4,0.024381668385468958,130
inhibin_clearance,77,P4,0.02431386675574842,131
inhibin_clearance,78,P4,0.023920371364526283,132
inhibin_clearance,70,P4,0.023897340213649452,133
inhibin_clearance,82,INH,0.023727427194030672,134
inhibin_clearance,77,INH,0.023709223298198683,135
inhibin_clearance,79,P4,0.02346075577361902,136
inhibin_clearance,69,P4,0.023237576334302252,137
inhibin_clearance,80,P4,0.022941352185177087,138
inhibin_clearance,67,INH,0.022354194160575047,139
inhibin_clearance,74,E2,0.022059600262836376,140
inhibin_clearance,68,P4,0.022043189811917677,141
inhibin_clearance,69,FSH,0.020502486532990628,142
inhibin_clearance,75,INH,0.020378220461234164,143
inhibin_clearance,55,FSH,0.020347450105405195,144
inhibin_clearance,54,FSH,0.019594812544416095,145
inhibin_clearance,73,E2,0.0185447452272053,146
inhibin_clearance,86,FSH,0.018274309339976806,147
inhibin_clearance,60,E2,0.017978741859585857,148
inhibin_clearance,61,E2,0.01790734842786443,149
inhibin_clearance,67,P4,0.01780412683584546,150
inhibin_clearance,75,FSH,0.017037198227709206,151
inhibin_clearance,84,E2,0.01701034668731741,152
inhibin_clearance,67,E2,0.016882150297031603,153
inhibin_clearance,68,E2,0.016676044774652093,154
inhibin_clearance,88,P4,0.016661690488617886,155
inhibin_clearance,82,FSH,0.016345701568021256,156
inhibin_clearance,59,E2,0.016041525399801502,157
inhibin_clearance,54,P4,0.015849612627647516,158
inhibin_clearance,81,P4,0.01579630038658668,159
inhibin_clearance,80,INH,0.015755133648028875,160
inhibin_clearance,55,P4,0.015722958348452786,161
inhibin_clearance,56,P4,0.01554055949584754,162
inhibin_clearance,88,IGF1,0.015450151897443566,163
inhibin_clearance,57,P4,0.015311847250297944,164
inhibin_clearance,69,E2,0.015306406521906143,165
inhibin_clearance,58,P4,0.015054713197952435,166
inhibin_clearance,59,P4,0.014770508835596477,167
inhibin_clearance,79,INH,0.014172321957659733,168
inhibin_clearance,59,FSH,0.014145203134275875,169
inhibin_clearance,66,E2,0.01405320649652174,170
inhibin_clearance,70,E2,0.013595028464446624,171
inhibin_clearance,71,INH,0.013023041131090323,172
inhibin_clearance,76,FSH,0.012677267579155797,173
inhibin_clearance,76,INH,0.012104403477723149,174
inhibin_clearance,82,IGF1,0.011859681434282903,175
inhibin_clearance,57,E2,0.01166636941773717,176
inhibin_clearance,72,E2,0.010835028722160764,177
inhibin_clearance,74,FSH,0.010314503802461492,178
inhibin_clearance,81,PGF,0.010034623395465063,179
inhibin_clearance,63,INH,0.009924454181766863,180
inhibin_clearance,87,FSH,0.009667609992977319,181
inhibin_clearance,89,FSH,0.009630238978043092,182
inhibin_clearance,83,FSH,0.0094872081603324,183
inhibin_clearance,65,P4,0.009245428062105755,184
inhibin_clearance,67,IGF1,0.009221122249095416,185
inhibin_clearance,86,E2,0.009071478814964583,186
inhibin_clearance,54,PGF,0.00855627204706783,187
inhibin_clearance,71,FSH,0.008217613093605068,188
inhibin_clearance,70,FSH,0.008157254467182773,189
inhibin_clearance,82,P4,0.007866773537388108,190
inhibin_clearance,68,INH,0.007842432123786427,191
inhibin_clearance,78,E2,0.007444809291923082,192
inhibin_clearance,88,FSH,0.007081265843436624,193
inhibin_clearance,77,E2,0.007033189222993528,194
inhibin_clearance,85,E2,0.006976038180634696,195
inhibin_clearance,56,FSH,0.006769987763054377,196
inhibin_clearance,86,INH,0.006693922451206775,197
inhibin_clearance,76,PGF,0.006513614213319723,198
inhibin_clearance,55,PGF,0.006483613438920325,199
inhibin_clearance,73,FSH,0.006273164685306018,200
inhibin_clearance,84,PGF,0.006243279849025334,201
inhibin_clearance,56,PGF,0.006236933722418079,202
inhibin_clearance,85,PGF,0.006219409271480456,203
inhibin_clearance,76,E2,0.006068414897309784,204
inhibin_clearance,57,PGF,0.006045154307135788,205
inhibin_clearance,83,PGF,0.0060357341678981425,206
inhibin_clearance,86,PGF,0.006007692002979006,207
inhibin_clearance,87,PGF,0.0056920513775844655,208
inhibin_clearance,84,FSH,0.00545056953684968,209
inhibin_clearance,60,PGF,0.005413915083491963,210
inhibin_clearance,80,E2,0.005326700573578798,211
inhibin_clearance,88,PGF,0.0053053497870456596,212
inhibin_clearance,89,PGF,0.005047961392474284,213
inhibin_clearance,61,IGF1,0.004780323828842345,214
inhibin_clearance,83,P4,0.004758088391814432,215
inhibin_clearance,60,IGF1,0.004423971495261619,216
inhibin_clearance,59,IGF1,0.004415457086303462,217
inhibin_clearance,58,IGF1,0.0044131060637395865,218
inhibin_clearance,57,IGF1,0.00440376255231316,219
inhibin_clearance,56,IGF1,0.004384591612911128,220
inhibin_clearance,55,IGF1,0.0043512074614708235,221
inhibin_clearance,81,IGF1,0.004343822517862082,222
inhibin_clearance,80,IGF1,0.0043088780001735785,223
inhibin_clearance,54,IGF1,0.004290451791824664,224
inhibin_clearance,79,IGF1,0.0042576610024211755,225
inhibin_clearance,78,IGF1,0.004181153185410709,226
inhibin_clearance,82,PGF,0.00417799784185407,227
inhibin_clearance,77,IGF1,0.004061637626011829,228
inhibin_clearance,57,INH,0.003928632085414006,229
inhibin_clearance,64,P4,0.003907671731539231,230
inhibin_clearance,76,IGF1,0.003880747981920298,231
inhibin_clearance,75,E2,0.0037818003726307957,232
inhibin_clearance,81,E2,0.0037530806749200406,233
inhibin_clearance,75,IGF1,0.00360385654690968,234
inhibin_clearance,63,FSH,0.003526701226619964,235
inhibin_clearance,63,P4,0.0034884918337583573,236
inhibin_clearance,74,IGF1,0.003191333080380799,237
inhibin_clearance,78,FSH,0.0029408461693780927,238
inhibin_clearance,77,PGF,0.0026793609414528363,239
inhibin_clearance,73,IGF1,0.002612210261108871,240
inhibin_clearance,58,E2,0.002514937119015028,241
inhibin_clearance,78,PGF,0.002483663144457463,242
inhibin_clearance,79,PGF,0.0023791030381056406,243
inhibin_clearance,61,PGF,0.002307300734480423,244
inhibin_clearance,80,PGF,0.0022564312208406775,245
inhibin_clearance,62,P4,0.0020856656163360703,246
inhibin_clearance,86,P4,0.0020109003520567717,247
inhibin_clearance,72,IGF1,0.0018731176695509046,248
inhibin_clearance,62,PGF,0.0015869626594120897,249
inhibin_clearance,70,INH,0.001583077739069693,250
inhibin_clearance,84,P4,0.0014853027569804841,251
inhibin_clearance,66,P4,0.0012187999752474186,252
inhibin_clearance,59,PGF,0.0011893329120321006,253
inhibin_clearance,68,IGF1,0.001169755936874074,254
inhibin_clearance,71,IGF1,0.0011097706570199443,255
inhibin_clearance,58,PGF,0.0009882219706438768,256
inhibin_clearance,63,PGF,0.000967536643854622,257
inhibin_clearance,54,E2,0.0009288713225452186,258
inhibin_clearance,80,FSH,0.000920462451396936,259
inhibin_clearance,61,P4,0.0008538368974850692,260
inhibin_clearance,85,INH,0.0007246951868853334,261
inhibin_clearance,58,INH,0.0006772656283941836,262
inhibin_clearance,82,E2,0.0006164754793397683,263
inhibin_clearance,69,INH,0.0006154448629085873,264
inhibin_clearance,55,E2,0.000571227101480902,265
inhibin_clearance,70,IGF1,0.0005415003054012372,266
inhibin_clearance,64,PGF,0.0005243485737641465,267
inhibin_clearance,77,FSH,0.0005134267884981767,268
inhibin_clearance,79,E2,0.0005104220175891303,269
inhibin_clearance,83,E2,0.00048618211011871654,270
inhibin_clearance,87,P4,0.0004821813785385684,271
inhibin_clearance,71,E2,0.0004136739865784281,272
inhibin_clearance,69,IGF1,0.0003762665897893305,273
inhibin_clearance,81,FSH,0.0003153281488484436,274
inhibin_clearance,65,PGF,0.0002544380926508234,275
inhibin_clearance,72,PGF,0.00025297550830086034,276
inhibin_clearance,71,PGF,0.00021961603499250242,277
inhibin_clearance,70,PGF,0.00018312037222699865,278
inhibin_clearance,60,P4,0.0001746674220532554,279
inhibin_clearance,69,PGF,0.00014180325849094287,280
inhibin_clearance,62,E2,0.00011540279977674338,281
inhibin_clearance,66,PGF,0.0001051309857727094,282
inhibin_clearance,85,P4,8.919575534490926e-05,283
inhibin_clearance,68,PGF,6.26428961193758e-05,284
inhibin_clearance,54,Glucose,3.942734124359862e-05,285
inhibin_clearance,55,Glucose,3.942734124359862e-05,286
inhibin_clearance,56,Glucose,3.942734124359862e-05,287
inhibin_clearance,57,Glucose,3.942734124359862e-05,288
inhibin_clearance,58,Glucose,3.942734124359862e-05,289
inhibin_clearance,59,Glucose,3.942734124359862e-05,290
inhibin_clearance,60,Glucose,3.942734124359862e-05,291
inhibin_clearance,61,Glucose,3.942734124359862e-05,292
inhibin_clearance,62,Glucose,3.942734124359862e-05,293
inhibin_clearance,63,Glucose,3.942734124359862e-05,294
inhibin_clearance,64,Glucose,3.942734124359862e-05,295
inhibin_clearance,65,Glucose,3.942734124359862e-05,296
inhibin_clearance,66,Glucose,3.942734124359862e-05,297
inhibin_clearance,67,Glucose,3.942734124359862e-05,298
inhibin_clearance,68,Glucose,3.942734124359862e-05,299
inhibin_clearance,69,Glucose,3.942734124359862e-05,300
inhibin_clearance,70,Glucose,3.942734124359862e-05,301
inhibin_clearance,71,Glucose,3.942734124359862e-05,302
inhibin_clearance,72,Glucose,3.942734124359862e-05,303
inhibin_clearance,73,Glucose,3.942734124359862e-05,304
inhibin_clearance,74,Glucose,3.942734124359862e-05,305
inhibin_clearance,75,Glucose,3.942734124359862e-05,306
inhibin_clearance,76,Glucose,3.942734124359862e-05,307
inhibin_clearance,77,Glucose,3.942734124359862e-05,308
inhibin_clearance,78,Glucose,3.942734124359862e-05,309
inhibin_clearance,79,Glucose,3.942734124359862e-05,310
inhibin_clearance,80,Glucose,3.942734124359862e-05,311
inhibin_clearance,81,Glucose,3.942734124359862e-05,312
inhibin_clearance,82,Glucose,3.942734124359862e-05,313
inhibin_clearance,83,Glucose,3.942734124359862e-05,314
inhibin_clearance,84,Glucose,3.942734124359862e-05,315
inhibin_clearance,85,Glucose,3.942734124359862e-05,316
inhibin_clearance,86,Glucose,3.942734124359862e-05,317
inhibin_clearance,87,Glucose,3.942734124359862e-05,318
inhibin_clearance,88,Glucose,3.942734124359862e-05,319
inhibin_clearance,89,Glucose,3.942734124359862e-05,320
inhibin_clearance,60,FSH,2.6715941941287218e-05,321
inhibin_clearance,67,PGF,2.2035907757763355e-05,322
inhibin_clearance,89,IGF1,1.5977085397568194e-05,323
inhibin_clearance,54,Glucagon,3.2013408524253547e-06,324
inhibin_clearance,55,Glucagon,3.2013408524253547e-06,325
inhibin_clearance,56,Glucagon,3.2013408524253547e-06,326
inhibin_clearance,57,Glucagon,3.2013408524253547e-06,327
inhibin_clearance,58,Glucagon,3.2013408524253547e-06,328
inhibin_clearance,59,Glucagon,3.2013408524253547e-06,329
inhibin_clearance,60,Glucagon,3.2013408524253547e-06,330
inhibin_clearance,61,Glucagon,3.2013408524253547e-06,331
inhibin_clearance,62,Glucagon,3.2013408524253547e-06,332
inhibin_clearance,63,Glucagon,3.2013408524253547e-06,333
inhibin_clearance,64,Glucagon,3.2013408524253547e-06,334
inhibin_clearance,65,Glucagon,3.2013408524253547e-06,335
inhibin_clearance,66,Glucagon,3.2013408524253547e-06,336
inhibin_clearance,67,Glucagon,3.2013408524253547e-06,337
inhibin_clearance,68,Glucagon,3.2013408524253547e-06,338
inhibin_clearance,69,Glucagon,3.2013408524253547e-06,339
inhibin_clearance,70,Glucagon,3.2013408524253547e-06,340
inhibin_clearance,71,Glucagon,3.2013408524253547e-06,341
inhibin_clearance,72,Glucagon,3.2013408524253547e-06,342
inhibin_clearance,73,Glucagon,3.2013408524253547e-06,343
inhibin_clearance,74,Glucagon,3.2013408524253547e-06,344
inhibin_clearance,75,Glucagon,3.2013408524253547e-06,345
inhibin_clearance,76,Glucagon,3.2013408524253547e-06,346
inhibin_clearance,77,Glucagon,3.2013408524253547e-06,347
inhibin_clearance,78,Glucagon,3.2013408524253547e-06,348
inhibin_clearance,79,Glucagon,3.2013408524253547e-06,349
inhibin_clearance,80,Glucagon,3.2013408524253547e-06,350
inhibin_clearance,81,Glucagon,3.2013408524253547e-06,351
inhibin_clearance,82,Glucagon,3.2013408524253547e-06,352
inhibin_clearance,83,Glucagon,3.2013408524253547e-06,353
inhibin_clearance,84,Glucagon,3.2013408524253547e-06,354
inhibin_clearance,85,Glucagon,3.2013408524253547e-06,355
inhibin_clearance,86,Glucagon,3.2013408524253547e-06,356
inhibin_clearance,87,Glucagon,3.2013408524253547e-06,357
inhibin_clearance,88,Glucagon,3.2013408524253547e-06,358
inhibin_clearance,89,Glucagon,3.2013408524253547e-06,359
inhibin_clearance,73,PGF,8.495014051613493e-07,360
insulin_glucose_threshold,65,ALL_OBSERVABLES,0.6205741506308775,1
insulin_glucose_threshold,74,ALL_OBSERVABLES,0.5951182373585511,2
insulin_glucose_threshold,72,ALL_OBSERVABLES,0.5888151833054882,3
insulin_glucose_threshold,64,ALL_OBSERVABLES,0.5824049135770354,4
insulin_glucose_threshold,87,ALL_OBSERVABLES,0.5711144331315389,5
insulin_glucose_threshold,84,ALL_OBSERVABLES,0.5654915199176207,6
insulin_glucose_threshold,62,ALL_OBSERVABLES,0.5603561520319439,7
insulin_glucose_threshold,85,ALL_OBSERVABLES,0.5396682255420918,8
insulin_glucose_threshold,63,ALL_OBSERVABLES,0.5317237551358366,9
insulin_glucose_threshold,79,ALL_OBSERVABLES,0.5295943211123889,10
insulin_glucose_threshold,75,ALL_OBSERVABLES,0.5293494252112569,11
insulin_glucose_threshold,66,ALL_OBSERVABLES,0.5288619800152313,12
insulin_glucose_threshold,56,ALL_OBSERVABLES,0.526246657887408,13
insulin_glucose_threshold,68,ALL_OBSERVABLES,0.5200031401649603,14
insulin_glucose_threshold,61,ALL_OBSERVABLES,0.5162002933179081,15
insulin_glucose_threshold,54,ALL_OBSERVABLES,0.5147471859104983,16
insulin_glucose_threshold,73,ALL_OBSERVABLES,0.5132760434366181,17
insulin_glucose_threshold,86,ALL_OBSERVABLES,0.5129398779245651,18
insulin_glucose_threshold,89,ALL_OBSERVABLES,0.5126966561081243,19
insulin_glucose_threshold,57,ALL_OBSERVABLES,0.5107614832821576,20
insulin_glucose_threshold,82,ALL_OBSERVABLES,0.5107305616542428,21
insulin_glucose_threshold,88,ALL_OBSERVABLES,0.5095615582453158,22
insulin_glucose_threshold,59,ALL_OBSERVABLES,0.5048955038621985,23
insulin_glucose_threshold,67,ALL_OBSERVABLES,0.5043002292955483,24
insulin_glucose_threshold,81,ALL_OBSERVABLES,0.5029378675842429,25
insulin_glucose_threshold,83,ALL_OBSERVABLES,0.4988363587045501,26
insulin_glucose_threshold,60,ALL_OBSERVABLES,0.48734072648784593,27
insulin_glucose_threshold,76,ALL_OBSERVABLES,0.48228374203714935,28
insulin_glucose_threshold,55,ALL_OBSERVABLES,0.481719078158943,29
insulin_glucose_threshold,78,ALL_OBSERVABLES,0.4808469384723758,30
insulin_glucose_threshold,69,ALL_OBSERVABLES,0.4781724430220797,31
insulin_glucose_threshold,80,ALL_OBSERVABLES,0.4747895505469272,32
insulin_glucose_threshold,70,ALL_OBSERVABLES,0.4673024023026646,33
insulin_glucose_threshold,77,ALL_OBSERVABLES,0.4577155174394288,34
insulin_glucose_threshold,71,ALL_OBSERVABLES,0.45278430009001674,35
insulin_glucose_threshold,58,ALL_OBSERVABLES,0.4474479273322403,36
insulin_glucose_threshold,54,Insulin,0.20885690652185232,37
insulin_glucose_threshold,55,Insulin,0.20885690652185232,38
insulin_glucose_threshold,56,Insulin,0.20885690652185232,39
insulin_glucose_threshold,57,Insulin,0.20885690652185232,40
insulin_glucose_threshold,58,Insulin,0.20885690652185232,41
insulin_glucose_threshold,59,Insulin,0.20885690652185232,42
insulin_glucose_threshold,60,Insulin,0.20885690652185232,43
insulin_glucose_threshold,61,Insulin,0.20885690652185232,44
insulin_glucose_threshold,62,Insulin,0.20885690652185232,45
insulin_glucose_threshold,63,Insulin,0.20885690652185232,46
insulin_glucose_threshold,64,Insulin,0.20885690652185232,47
insulin_glucose_threshold,65,Insulin,0.20885690652185232,48
insulin_glucose_threshold,66,Insulin,0.20885690652185232,49
insulin_glucose_threshold,67,Insulin,0.20885690652185232,50
insulin_glucose_threshold,68,Insulin,0.20885690652185232,51
insulin_glucose_threshold,69,Insulin,0.20885690652185232,52
insulin_glucose_threshold,70,Insulin,0.20885690652185232,53
insulin_glucose_threshold,71,Insulin,0.20885690652185232,54
insulin_glucose_threshold,72,Insulin,0.20885690652185232,55
insulin_glucose_threshold,73,Insulin,0.20885690652185232,56
insulin_glucose_threshold,74,Insulin,0.20885690652185232,57
insulin_glucose_threshold,75,Insulin,0.20885690652185232,58
insulin_glucose_threshold,76,Insulin,0.20885690652185232,59
insulin_glucose_threshold,77,Insulin,0.20885690652185232,60
insulin_glucose_threshold,78,Insulin,0.20885690652185232,61
insulin_glucose_threshold,79,Insulin,0.20885690652185232,62
insulin_glucose_threshold,80,Insulin,0.20885690652185232,63
insulin_glucose_threshold,81,Insulin,0.20885690652185232,64
insulin_glucose_threshold,82,Insulin,0.20885690652185232,65
insulin_glucose_threshold,83,Insulin,0.20885690652185232,66
insulin_glucose_threshold,84,Insulin,0.20885690652185232,67
insulin_glucose_threshold,85,Insulin,0.20885690652185232,68
insulin_glucose_threshold,86,Insulin,0.20885690652185232,69
insulin_glucose_threshold,87,Insulin,0.20885690652185232,70
insulin_glucose_threshold,88,Insulin,0.20885690652185232,71
insulin_glucose_threshold,89,Insulin,0.20885690652185232,72
insulin_glucose_threshold,54,Glucose,0.20752054975542653,73
insulin_glucose_threshold,55,Glucose,0.20752054975542653,74
insulin_glucose_threshold,56,Glucose,0.20752054975542653,75
insulin_glucose_threshold,57,Glucose,0.20752054975542653,76
insulin_glucose_threshold,58,Glucose,0.20752054975542653,77
insulin_glucose_threshold,59,Glucose,0.20752054975542653,78
insulin_glucose_threshold,60,Glucose,0.20752054975542653,79
insulin_glucose_threshold,61,Glucose,0.20752054975542653,80
insulin_glucose_threshold,62,Glucose,0.20752054975542653,81
insulin_glucose_threshold,63,Glucose,0.20752054975542653,82
insulin_glucose_threshold,64,Glucose,0.20752054975542653,83
insulin_glucose_threshold,65,Glucose,0.20752054975542653,84
insulin_glucose_threshold,66,Glucose,0.20752054975542653,85
insulin_glucose_threshold,67,Glucose,0.20752054975542653,86
insulin_glucose_threshold,68,Glucose,0.20752054975542653,87
insulin_glucose_threshold,69,Glucose,0.20752054975542653,88
insulin_glucose_threshold,70,Glucose,0.20752054975542653,89
insulin_glucose_threshold,71,Glucose,0.20752054975542653,90
insulin_glucose_threshold,72,Glucose,0.20752054975542653,91
insulin_glucose_threshold,73,Glucose,0.20752054975542653,92
insulin_glucose_threshold,74,Glucose,0.20752054975542653,93
insulin_glucose_threshold,75,Glucose,0.20752054975542653,94
insulin_glucose_threshold,76,Glucose,0.20752054975542653,95
insulin_glucose_threshold,77,Glucose,0.20752054975542653,96
insulin_glucose_threshold,78,Glucose,0.20752054975542653,97
insulin_glucose_threshold,79,Glucose,0.20752054975542653,98
insulin_glucose_threshold,80,Glucose,0.20752054975542653,99
insulin_glucose_threshold,81,Glucose,0.20752054975542653,100
insulin_glucose_threshold,82,Glucose,0.20752054975542653,101
insulin_glucose_threshold,83,Glucose,0.20752054975542653,102
insulin_glucose_threshold,84,Glucose,0.20752054975542653,103
insulin_glucose_threshold,85,Glucose,0.20752054975542653,104
insulin_glucose_threshold,86,Glucose,0.20752054975542653,105
insulin_glucose_threshold,87,Glucose,0.20752054975542653,106
insulin_glucose_threshold,88,Glucose,0.20752054975542653,107
insulin_glucose_threshold,89,Glucose,0.20752054975542653,108
insulin_glucose_threshold,79,FSH,0.0796844124690936,109
insulin_glucose_threshold,72,INH,0.07425018451112236,110
insulin_glucose_threshold,57,FSH,0.07285752006999074,111
insulin_glucose_threshold,85,IGF1,0.07187277814317847,112
insulin_glucose_threshold,84,IGF1,0.07171784221384335,113
insulin_glucose_threshold,74,INH,0.07017132864303864,114
insulin_glucose_threshold,63,IGF1,0.06950296677463474,115
insulin_glucose_threshold,86,IGF1,0.06745670219215076,116
insulin_glucose_threshold,64,IGF1,0.06702049716402368,117
insulin_glucose_threshold,65,IGF1,0.06657384760228248,118
insulin_glucose_threshold,87,IGF1,0.065956384650215,119
insulin_glucose_threshold,59,INH,0.06535634888353747,120
insulin_glucose_threshold,72,FSH,0.05913054901059767,121
insulin_glucose_threshold,81,INH,0.05835404266989446,122
insulin_glucose_threshold,62,IGF1,0.05756133673127311,123
insulin_glucose_threshold,65,E2,0.053596675921006344,124
insulin_glucose_threshold,56,INH,0.053515963392512515,125
insulin_glucose_threshold,62,INH,0.05342481558268427,126
insulin_glucose_threshold,68,FSH,0.05017361774077311,127
insulin_glucose_threshold,54,FSH,0.0500974057101633,128
insulin_glucose_threshold,73,INH,0.04770957585899026,129
insulin_glucose_threshold,61,INH,0.044781249737034234,130
insulin_glucose_threshold,82,FSH,0.04271283979339963,131
insulin_glucose_threshold,60,INH,0.04229165863631032,132
insulin_glucose_threshold,64,FSH,0.042264431001139774,133
insulin_glucose_threshold,65,INH,0.0419442487455193,134
insulin_glucose_threshold,56,E2,0.04162733932557606,135
insulin_glucose_threshold,66,IGF1,0.039189257586320816,136
insulin_glucose_threshold,87,INH,0.03786603726684479,137
insulin_glucose_threshold,75,FSH,0.036282106479507865,138
insulin_glucose_threshold,78,INH,0.03564844019823096,139
insulin_glucose_threshold,74,PGF,0.03541403521051012,140
insulin_glucose_threshold,55,INH,0.03422870738795156,141
insulin_glucose_threshold,85,FSH,0.0340966427893336,142
insulin_glucose_threshold,87,E2,0.033703904552734684,143
insulin_glucose_threshold,61,FSH,0.03357909454749985,144
insulin_glucose_threshold,65,FSH,0.031465603859443254,145
insulin_glucose_threshold,75,PGF,0.030474359551005893,146
insulin_glucose_threshold,89,P4,0.03042141232677378,147
insulin_glucose_threshold,84,INH,0.030385600744820565,148
insulin_glucose_threshold,83,IGF1,0.0298031116784827,149
insulin_glucose_threshold,64,E2,0.029588513863044716,150
insulin_glucose_threshold,74,E2,0.02911980313236482,151
insulin_glucose_threshold,88,INH,0.028680475274812073,152
insulin_glucose_threshold,80,INH,0.028616409864112805,153
insulin_glucose_threshold,73,E2,0.028272285678406943,154
insulin_glucose_threshold,54,INH,0.02821785896940455,155
insulin_glucose_threshold,66,FSH,0.028193197930625073,156
insulin_glucose_threshold,63,E2,0.028037166323499892,157
insulin_glucose_threshold,89,E2,0.02708876007318968,158
insulin_glucose_threshold,76,FSH,0.026628701302301643,159
insulin_glucose_threshold,67,FSH,0.02641797397037848,160
insulin_glucose_threshold,84,E2,0.024744576468953745,161
insulin_glucose_threshold,74,FSH,0.024455964144982405,162
insulin_glucose_threshold,88,E2,0.024350788701028293,163
insulin_glucose_threshold,62,FSH,0.023797461581816115,164
insulin_glucose_threshold,66,INH,0.023037142723055768,165
insulin_glucose_threshold,89,INH,0.022633536620190308,166
insulin_glucose_threshold,64,INH,0.022219292151764863,167
insulin_glucose_threshold,68,P4,0.021506135657478328,168
insulin_glucose_threshold,67,P4,0.020755307692023443,169
insulin_glucose_threshold,69,P4,0.02027836491604396,170
insulin_glucose_threshold,83,INH,0.019146136345162358,171
insulin_glucose_threshold,70,P4,0.018964320149858997,172
insulin_glucose_threshold,68,E2,0.01830169809788671,173
insulin_glucose_threshold,75,INH,0.0182404595915589,174
insulin_glucose_threshold,69,E2,0.01797108720617974,175
insulin_glucose_threshold,88,P4,0.017801975583297165,176
insulin_glucose_threshold,71,P4,0.017663900474547863,177
insulin_glucose_threshold,82,INH,0.01762101453573323,178
insulin_glucose_threshold,67,E2,0.01737427981708822,179
insulin_glucose_threshold,72,E2,0.017222558763078655,180
insulin_glucose_threshold,70,E2,0.017028377415948866,181
insulin_glucose_threshold,77,E2,0.016713795445999394,182
insulin_glucose_threshold,72,P4,0.01635856411493233,183
insulin_glucose_threshold,79,INH,0.016196582780784972,184
insulin_glucose_threshold,67,INH,0.015995496686516966,185
insulin_glucose_threshold,69,FSH,0.015219071379161564,186
insulin_glucose_threshold,73,P4,0.015055529094731911,187
insulin_glucose_threshold,76,E2,0.01416311367448285,188
insulin_glucose_threshold,74,P4,0.01377836132433664,189
insulin_glucose_threshold,66,E2,0.013726926340742759,190
insulin_glucose_threshold,55,FSH,0.013318954266033065,191
insulin_glucose_threshold,71,FSH,0.013204040555307805,192
insulin_glucose_threshold,60,FSH,0.013148094595395536,193
insulin_glucose_threshold,59,E2,0.01284085548336452,194
insulin_glucose_threshold,75,P4,0.012552090538979635,195
insulin_glucose_threshold,82,P4,0.012143080563474176,196
insulin_glucose_threshold,80,E2,0.011839244765269225,197
insulin_glucose_threshold,76,P4,0.011374314476366042,198
insulin_glucose_threshold,81,PGF,0.011275729009674402,199
insulin_glucose_threshold,82,IGF1,0.011183900396358684,200
insulin_glucose_threshold,86,FSH,0.010971193000984201,201
insulin_glucose_threshold,83,FSH,0.010953579972991921,202
insulin_glucose_threshold,61,IGF1,0.010886973946058694,203
insulin_glucose_threshold,77,P4,0.010261196466589401,204
insulin_glucose_threshold,83,P4,0.01021948696862131,205
insulin_glucose_threshold,58,FSH,0.01007326782772682,206
insulin_glucose_threshold,58,INH,0.00998766577532608,207
insulin_glucose_threshold,70,FSH,0.00952651676227952,208
insulin_glucose_threshold,75,E2,0.009408932418268732,209
insulin_glucose_threshold,78,P4,0.009213099650315124,210
insulin_glucose_threshold,68,INH,0.008800099094200688,211
insulin_glucose_threshold,63,INH,0.008534236502312385,212
insulin_glucose_threshold,79,P4,0.008245871002490619,213
insulin_glucose_threshold,88,IGF1,0.00779375479681823,214
insulin_glucose_threshold,83,PGF,0.007608312129240632,215
insulin_glucose_threshold,77,INH,0.007473090104560982,216
insulin_glucose_threshold,84,PGF,0.007441807290484338,217
insulin_glucose_threshold,78,E2,0.007350980406352971,218
insulin_glucose_threshold,80,P4,0.007350074062462776,219
insulin_glucose_threshold,85,PGF,0.007027107703757025,220
insulin_glucose_threshold,54,P4,0.006705793868168268,221
insulin_glucose_threshold,86,PGF,0.00646992874514504,222
insulin_glucose_threshold,89,FSH,0.006459102532327353,223
insulin_glucose_threshold,84,P4,0.006336412940439225,224
insulin_glucose_threshold,60,E2,0.006248351885461912,225
insulin_glucose_threshold,82,PGF,0.006099727702033597,226
insulin_glucose_threshold,65,P4,0.0060473612712046146,227
insulin_glucose_threshold,87,FSH,0.0060023679454989645,228
insulin_glucose_threshold,57,INH,0.005908986275284411,229
insulin_glucose_threshold,55,P4,0.005899173572454037,230
insulin_glucose_threshold,87,PGF,0.005857173105316234,231
insulin_glucose_threshold,78,FSH,0.005521790148842897,232
insulin_glucose_threshold,81,FSH,0.005306805136240692,233
insulin_glucose_threshold,88,PGF,0.005264559714029581,234
insulin_glucose_threshold,61,E2,0.005241417348223179,235
insulin_glucose_threshold,56,P4,0.005164303721319286,236
insulin_glucose_threshold,86,E2,0.004806418966031808,237
insulin_glucose_threshold,88,FSH,0.00474056139965893,238
insulin_glucose_threshold,89,PGF,0.004724335984045639,239
insulin_glucose_threshold,63,FSH,0.004696385241280951,240
insulin_glucose_threshold,76,INH,0.004664350916173847,241
insulin_glucose_threshold,54,PGF,0.0046180287051570635,242
insulin_glucose_threshold,54,Glucagon,0.004551986498392612,243
insulin_glucose_threshold,55,Glucagon,0.004551986498392612,244
insulin_glucose_threshold,56,Glucagon,0.004551986498392612,245
insulin_glucose_threshold,57,Glucagon,0.004551986498392612,246
insulin_glucose_threshold,58,Glucagon,0.004551986498392612,247
insulin_glucose_threshold,59,Glucagon,0.004551986498392612,248
insulin_glucose_threshold,60,Glucagon,0.004551986498392612,249
insulin_glucose_threshold,61,Glucagon,0.004551986498392612,250
insulin_glucose_threshold,62,Glucagon,0.004551986498392612,251
insulin_glucose_threshold,63,Glucagon,0.004551986498392612,252
insulin_glucose_threshold,64,Glucagon,0.004551986498392612,253
insulin_glucose_threshold,65,Glucagon,0.004551986498392612,254
insulin_glucose_threshold,66,Glucagon,0.004551986498392612,255
insulin_glucose_threshold,67,Glucagon,0.004551986498392612,256
insulin_glucose_threshold,68,Glucagon,0.004551986498392612,257
insulin_glucose_threshold,69,Glucagon,0.004551986498392612,258
insulin_glucose_threshold,70,Glucagon,0.004551986498392612,259
insulin_glucose_threshold,71,Glucagon,0.004551986498392612,260
insulin_glucose_threshold,72,Glucagon,0.004551986498392612,261
insulin_glucose_threshold,73,Glucagon,0.004551986498392612,262
insulin_glucose_threshold,74,Glucagon,0.004551986498392612,263
insulin_glucose_threshold,75,Glucagon,0.004551986498392612,264
insulin_glucose_threshold,76,Glucagon,0.004551986498392612,265
insulin_glucose_threshold,77,Glucagon,0.004551986498392612,266
insulin_glucose_threshold,78,Glucagon,0.004551986498392612,267
insulin_glucose_threshold,79,Glucagon,0.004551986498392612,268
insulin_glucose_threshold,80,Glucagon,0.004551986498392612,269
insulin_glucose_threshold,81,Glucagon,0.004551986498392612,270
insulin_glucose_threshold,82,Glucagon,0.004551986498392612,271
insulin_glucose_threshold,83,Glucagon,0.004551986498392612,272
insulin_glucose_threshold,84,Glucagon,0.004551986498392612,273
insulin_glucose_threshold,85,Glucagon,0.004551986498392612,274
insulin_glucose_threshold,86,Glucagon,0.004551986498392612,275
insulin_glucose_threshold,87,Glucagon,0.004551986498392612,276
insulin_glucose_threshold,88,Glucagon,0.004551986498392612,277
insulin_glucose_threshold,89,Glucagon,0.004551986498392612,278
insulin_glucose_threshold,57,P4,0.0044989569037008565,279
insulin_glucose_threshold,62,E2,0.00438116498241752,280
insulin_glucose_threshold,85,E2,0.004260915745484146,281
insulin_glucose_threshold,84,FSH,0.003935837483408046,282
insulin_glucose_threshold,58,P4,0.0039049723332165312,283
insulin_glucose_threshold,80,PGF,0.0038903368477731506,284
insulin_glucose_threshold,66,P4,0.003746739295477139,285
insulin_glucose_threshold,55,E2,0.003414410782519184,286
insulin_glucose_threshold,69,INH,0.003405563272548117,287
insulin_glucose_threshold,59,P4,0.0033756300946151596,288
insulin_glucose_threshold,81,P4,0.0033499223709703724,289
insulin_glucose_threshold,60,IGF1,0.0029929228008563884,290
insulin_glucose_threshold,76,PGF,0.0029279772274013504,291
insulin_glucose_threshold,57,E2,0.00286424771929613,292
insulin_glucose_threshold,67,IGF1,0.002760139237644173,293
insulin_glucose_threshold,79,E2,0.0023630586488856465,294
insulin_glucose_threshold,54,E2,0.002351744073625967,295
insulin_glucose_threshold,86,INH,0.0022647498804434928,296
insulin_glucose_threshold,55,PGF,0.0020881030986185886,297
insulin_glucose_threshold,81,E2,0.0019576856629185822,298
insulin_glucose_threshold,56,PGF,0.0019498904525384092,299
insulin_glucose_threshold,57,PGF,0.0018744956583540949,300
insulin_glucose_threshold,55,IGF1,0.001840286275695074,301
insulin_glucose_threshold,56,IGF1,0.0018381884108147415,302
insulin_glucose_threshold,57,IGF1,0.0018278338798599588,303
insulin_glucose_threshold,54,IGF1,0.0018269118083077303,304
insulin_glucose_threshold,58,IGF1,0.0018167491011638866,305
insulin_glucose_threshold,59,IGF1,0.0018049844978494005,306
insulin_glucose_threshold,81,IGF1,0.0017642399588729432,307
insulin_glucose_threshold,80,IGF1,0.0017561007333973793,308
insulin_glucose_threshold,79,IGF1,0.0017443648436649703,309
insulin_glucose_threshold,78,IGF1,0.001721099057748201,310
insulin_glucose_threshold,77,IGF1,0.0016753111086791454,311
insulin_glucose_threshold,76,IGF1,0.001595841664752189,312
insulin_glucose_threshold,75,IGF1,0.0014620338562644647,313
insulin_glucose_threshold,74,IGF1,0.0012493021276470202,314
insulin_glucose_threshold,56,FSH,0.0012215298089754668,315
insulin_glucose_threshold,85,P4,0.0010863965895378874,316
insulin_glucose_threshold,60,P4,0.0010856461663954317,317
insulin_glucose_threshold,73,IGF1,0.0009414169003288827,318
insulin_glucose_threshold,87,P4,0.0007991228352577589,319
insulin_glucose_threshold,61,P4,0.0007307468567330771,320
insulin_glucose_threshold,60,PGF,0.0006446096277548416,321
insulin_glucose_threshold,72,IGF1,0.0005509458299142924,322
insulin_glucose_threshold,59,FSH,0.0005381245282027538,323
insulin_glucose_threshold,77,PGF,0.0005348650232999028,324
insulin_glucose_threshold,70,INH,0.00048174341064415694,325
insulin_glucose_threshold,78,PGF,0.0004620862352141654,326
insulin_glucose_threshold,89,IGF1,0.00044006579592606405,327
insulin_glucose_threshold,79,PGF,0.00043058859179763784,328
insulin_glucose_threshold,71,INH,0.00042820236666085226,329
insulin_glucose_threshold,80,FSH,0.0004079414982403828,330
insulin_glucose_threshold,85,INH,0.0003949417951292723,331
insulin_glucose_threshold,64,P4,0.0003802509455253025,332
insulin_glucose_threshold,58,E2,0.0003796706177757033,333
insulin_glucose_threshold,72,PGF,0.000372938300171464,334
insulin_glucose_threshold,71,PGF,0.0003686611144631936,335
insulin_glucose_threshold,70,PGF,0.0003626616522396787,336
insulin_glucose_threshold,58,PGF,0.0003561589013598065,337
insulin_glucose_threshold,69,PGF,0.0003537108782095938,338
insulin_glucose_threshold,73,FSH,0.0003144662794887792,339
insulin_glucose_threshold,68,PGF,0.0002793704958703854,340
insulin_glucose_threshold,62,P4,0.00024433232727539856,341
insulin_glucose_threshold,71,IGF1,0.00018818264379391275,342
insulin_glucose_threshold,83,E2,0.00017628883437969113,343
insulin_glucose_threshold,77,FSH,0.0001278165146285043,344
insulin_glucose_threshold,67,PGF,6.758911622555744e-05,345
insulin_glucose_threshold,73,PGF,5.332684899990349e-05,346
insulin_glucose_threshold,61,PGF,5.1368106687608163e-05,347
insulin_glucose_threshold,59,PGF,5.011759895776022e-05,348
insulin_glucose_threshold,86,P4,4.144236413831657e-05,349
insulin_glucose_threshold,82,E2,4.055588757199178e-05,350
insulin_glucose_threshold,66,PGF,3.927336333824679e-05,351
insulin_glucose_threshold,63,P4,2.1883722749294197e-05,352
insulin_glucose_threshold,62,PGF,1.7598050806066714e-05,353
insulin_glucose_threshold,65,PGF,1.697045575014056e-05,354
insulin_glucose_threshold,69,IGF1,1.5202594265239348e-05,355
insulin_glucose_threshold,68,IGF1,1.2776303079633697e-05,356
insulin_glucose_threshold,70,IGF1,9.34013602196276e-06,357
insulin_glucose_threshold,64,PGF,2.4856758655964787e-06,358
insulin_glucose_threshold,71,E2,1.8701595716599053e-06,359
insulin_glucose_threshold,63,PGF,1.673795687808352e-06,360
insulin_igf_threshold,65,ALL_OBSERVABLES,0.024470006807370666,1
insulin_igf_threshold,64,ALL_OBSERVABLES,0.023697125218607177,2
insulin_igf_threshold,87,ALL_OBSERVABLES,0.02364120305504912,3
insulin_igf_threshold,63,ALL_OBSERVABLES,0.022915316727078257,4
insulin_igf_threshold,86,ALL_OBSERVABLES,0.02244676478317995,5
insulin_igf_threshold,85,ALL_OBSERVABLES,0.022290268333512334,6
insulin_igf_threshold,64,IGF1,0.02050058077340497,7
insulin_igf_threshold,86,IGF1,0.02044497147221757,8
insulin_igf_threshold,65,IGF1,0.020437279806024375,9
insulin_igf_threshold,87,IGF1,0.020313754003798323,10
insulin_igf_threshold,63,IGF1,0.020158372650733725,11
insulin_igf_threshold,85,IGF1,0.020047616003229282,12
insulin_igf_threshold,84,ALL_OBSERVABLES,0.016494205100616294,13
insulin_igf_threshold,62,ALL_OBSERVABLES,0.016278717040806495,14
insulin_igf_threshold,66,ALL_OBSERVABLES,0.01607116589309674,15
insulin_igf_threshold,84,IGF1,0.014311665507772619,16
insulin_igf_threshold,62,IGF1,0.013099407687601306,17
insulin_igf_threshold,66,IGF1,0.012602406576664553,18
insulin_igf_threshold,88,ALL_OBSERVABLES,0.009943526877796264,19
insulin_igf_threshold,72,ALL_OBSERVABLES,0.009050071762956056,20
insulin_igf_threshold,67,ALL_OBSERVABLES,0.008585770079635813,21
insulin_igf_threshold,73,ALL_OBSERVABLES,0.007603862572682052,22
insulin_igf_threshold,68,ALL_OBSERVABLES,0.00757199039414542,23
insulin_igf_threshold,74,ALL_OBSERVABLES,0.0071632104100460905,24
insulin_igf_threshold,89,ALL_OBSERVABLES,0.006587604068917417,25
insulin_igf_threshold,88,IGF1,0.006515450038011964,26
insulin_igf_threshold,69,ALL_OBSERVABLES,0.0061312040844817535,27
insulin_igf_threshold,70,ALL_OBSERVABLES,0.005640766822855274,28
insulin_igf_threshold,71,ALL_OBSERVABLES,0.005456979573328679,29
insulin_igf_threshold,80,ALL_OBSERVABLES,0.005045430272539847,30
insulin_igf_threshold,79,ALL_OBSERVABLES,0.004926254356257619,31
insulin_igf_threshold,57,ALL_OBSERVABLES,0.004921834613150659,32
insulin_igf_threshold,75,ALL_OBSERVABLES,0.004687508841853655,33
insulin_igf_threshold,59,ALL_OBSERVABLES,0.004454814164675754,34
insulin_igf_threshold,78,ALL_OBSERVABLES,0.004333303092408724,35
insulin_igf_threshold,54,ALL_OBSERVABLES,0.004218878931559346,36
insulin_igf_threshold,81,ALL_OBSERVABLES,0.004078152277980664,37
insulin_igf_threshold,58,ALL_OBSERVABLES,0.004020557475991235,38
insulin_igf_threshold,67,IGF1,0.003974438668342164,39
insulin_igf_threshold,76,ALL_OBSERVABLES,0.0038912700351928227,40
insulin_igf_threshold,77,ALL_OBSERVABLES,0.0038334905795860126,41
insulin_igf_threshold,56,ALL_OBSERVABLES,0.0037655685586419295,42
insulin_igf_threshold,55,ALL_OBSERVABLES,0.0035795111387730253,43
insulin_igf_threshold,83,ALL_OBSERVABLES,0.003242468874243038,44
insulin_igf_threshold,61,ALL_OBSERVABLES,0.0032005469928402,45
insulin_igf_threshold,60,ALL_OBSERVABLES,0.0031818998984583127,46
insulin_igf_threshold,82,ALL_OBSERVABLES,0.003003338448334658,47
insulin_igf_threshold,72,INH,0.0025123212475726717,48
insulin_igf_threshold,89,IGF1,0.0021347649502132192,49
insulin_igf_threshold,68,IGF1,0.0018537914663915452,50
insulin_igf_threshold,68,P4,0.0017640000010812468,51
insulin_igf_threshold,89,P4,0.0017482045544175238,52
insulin_igf_threshold,69,P4,0.0017446023457015221,53
insulin_igf_threshold,70,P4,0.0016705538246556998,54
insulin_igf_threshold,71,P4,0.0015799890644670812,55
insulin_igf_threshold,67,P4,0.0015130467230716554,56
insulin_igf_threshold,72,P4,0.001481449800259504,57
insulin_igf_threshold,74,INH,0.0014284854612010133,58
insulin_igf_threshold,83,IGF1,0.0013956649657087769,59
insulin_igf_threshold,73,P4,0.0013806333940128263,60
insulin_igf_threshold,73,INH,0.0013414137841496392,61
insulin_igf_threshold,59,INH,0.001331489746204422,62
insulin_igf_threshold,74,P4,0.0012858907428958467,63
insulin_igf_threshold,68,FSH,0.001277258158731908,64
insulin_igf_threshold,73,PGF,0.0012593234923349017,65
insulin_igf_threshold,69,IGF1,0.0012101143156763561,66
insulin_igf_threshold,75,P4,0.001192200647486738,67
insulin_igf_threshold,54,Insulin,0.0011799864504222683,68
insulin_igf_threshold,55,Insulin,0.0011799864504222683,69
insulin_igf_threshold,56,Insulin,0.0011799864504222683,70
insulin_igf_threshold,57,Insulin,0.0011799864504222683,71
insulin_igf_threshold,58,Insulin,0.0011799864504222683,72
insulin_igf_threshold,59,Insulin,0.0011799864504222683,73
insulin_igf_threshold,60,Insulin,0.0011799864504222683,74
insulin_igf_threshold,61,Insulin,0.0011799864504222683,75
insulin_igf_threshold,62,Insulin,0.0011799864504222683,76
insulin_igf_threshold,63,Insulin,0.0011799864504222683,77
insulin_igf_threshold,64,Insulin,0.0011799864504222683,78
insulin_igf_threshold,65,Insulin,0.0011799864504222683,79
insulin_igf_threshold,66,Insulin,0.0011799864504222683,80
insulin_igf_threshold,67,Insulin,0.0011799864504222683,81
insulin_igf_threshold,68,Insulin,0.0011799864504222683,82
insulin_igf_threshold,69,Insulin,0.0011799864504222683,83
insulin_igf_threshold,70,Insulin,0.0011799864504222683,84
insulin_igf_threshold,71,Insulin,0.0011799864504222683,85
insulin_igf_threshold,72,Insulin,0.0011799864504222683,86
insulin_igf_threshold,73,Insulin,0.0011799864504222683,87
insulin_igf_threshold,74,Insulin,0.0011799864504222683,88
insulin_igf_threshold,75,Insulin,0.0011799864504222683,89
insulin_igf_threshold,76,Insulin,0.0011799864504222683,90
insulin_igf_threshold,77,Insulin,0.0011799864504222683,91
insulin_igf_threshold,78,Insulin,0.0011799864504222683,92
insulin_igf_threshold,79,Insulin,0.0011799864504222683,93
insulin_igf_threshold,80,Insulin,0.0011799864504222683,94
insulin_igf_threshold,81,Insulin,0.0011799864504222683,95
insulin_igf_threshold,82,Insulin,0.0011799864504222683,96
insulin_igf_threshold,83,Insulin,0.0011799864504222683,97
insulin_igf_threshold,84,Insulin,0.0011799864504222683,98
insulin_igf_threshold,85,Insulin,0.0011799864504222683,99
insulin_igf_threshold,86,Insulin,0.0011799864504222683,100
insulin_igf_threshold,87,Insulin,0.0011799864504222683,101
insulin_igf_threshold,88,Insulin,0.0011799864504222683,102
insulin_igf_threshold,89,Insulin,0.0011799864504222683,103
insulin_igf_threshold,65,E2,0.0011122315577500176,104
insulin_igf_threshold,76,P4,0.0011013981439588981,105
insulin_igf_threshold,73,E2,0.0010566065059428634,106
insulin_igf_threshold,72,FSH,0.001056268034783035,107
insulin_igf_threshold,57,INH,0.001033579011841211,108
insulin_igf_threshold,70,IGF1,0.001017094051324256,109
insulin_igf_threshold,79,INH,0.0010170206972598943,110
insulin_igf_threshold,77,P4,0.0010147290520661674,111
insulin_igf_threshold,80,INH,0.0009859985856695698,112
insulin_igf_threshold,87,INH,0.0009697487468772984,113
insulin_igf_threshold,62,P4,0.0009601075471125117,114
insulin_igf_threshold,71,IGF1,0.0009457920425962349,115
insulin_igf_threshold,78,P4,0.0009353303429911714,116
insulin_igf_threshold,54,P4,0.0009068092296759256,117
insulin_igf_threshold,72,IGF1,0.0009041088329116457,118
insulin_igf_threshold,81,INH,0.0008869423559698042,119
insulin_igf_threshold,72,E2,0.0008727996573841897,120
insulin_igf_threshold,73,IGF1,0.000867509786897641,121
insulin_igf_threshold,79,P4,0.0008604477647459739,122
insulin_igf_threshold,63,P4,0.0008485093042536341,123
insulin_igf_threshold,55,P4,0.0008308240024779261,124
insulin_igf_threshold,74,IGF1,0.0008307371018657617,125
insulin_igf_threshold,72,PGF,0.0008280774919893463,126
insulin_igf_threshold,74,E2,0.0008237691797306806,127
insulin_igf_threshold,75,FSH,0.0008155592056695571,128
insulin_igf_threshold,75,IGF1,0.0008013591874729839,129
insulin_igf_threshold,54,IGF1,0.000797227518548392,130
insulin_igf_threshold,71,PGF,0.0007961795946958882,131
insulin_igf_threshold,80,P4,0.0007924451075185161,132
insulin_igf_threshold,57,FSH,0.0007831851959743325,133
insulin_igf_threshold,76,IGF1,0.0007778005406708005,134
insulin_igf_threshold,67,PGF,0.0007729196411386287,135
insulin_igf_threshold,55,IGF1,0.0007707586183171045,136
insulin_igf_threshold,74,FSH,0.0007687985134540635,137
insulin_igf_threshold,58,INH,0.0007653759845765711,138
insulin_igf_threshold,56,P4,0.0007599657151193121,139
insulin_igf_threshold,70,PGF,0.000756645034559196,140
insulin_igf_threshold,77,IGF1,0.0007562572512389501,141
insulin_igf_threshold,56,IGF1,0.0007515620731958652,142
insulin_igf_threshold,78,INH,0.0007465414684438022,143
insulin_igf_threshold,78,IGF1,0.0007413740499416018,144
insulin_igf_threshold,57,IGF1,0.0007367424423048635,145
insulin_igf_threshold,79,IGF1,0.000729553466542998,146
insulin_igf_threshold,58,IGF1,0.0007255074725098533,147
insulin_igf_threshold,66,PGF,0.0007215254977200141,148
insulin_igf_threshold,80,IGF1,0.0007196757999917219,149
insulin_igf_threshold,59,IGF1,0.0007175940574940064,150
insulin_igf_threshold,80,E2,0.0007157832716359828,151
insulin_igf_threshold,81,IGF1,0.0007141118220874279,152
insulin_igf_threshold,87,E2,0.0007116592018291927,153
insulin_igf_threshold,88,P4,0.0007078594108164943,154
insulin_igf_threshold,69,PGF,0.0007077296799794374,155
insulin_igf_threshold,57,P4,0.0006937256732820641,156
insulin_igf_threshold,56,INH,0.0006843791828478403,157
insulin_igf_threshold,68,PGF,0.0006739881236672851,158
insulin_igf_threshold,65,INH,0.0006680776707998063,159
insulin_igf_threshold,81,P4,0.0006670923153318486,160
insulin_igf_threshold,61,P4,0.0006637280935160461,161
insulin_igf_threshold,60,IGF1,0.0006535811583091825,162
insulin_igf_threshold,82,IGF1,0.000650635827766315,163
insulin_igf_threshold,54,FSH,0.000649704011710516,164
insulin_igf_threshold,88,INH,0.0006440731451756622,165
insulin_igf_threshold,58,P4,0.0006349815057651184,166
insulin_igf_threshold,74,PGF,0.0006304827128430615,167
insulin_igf_threshold,69,FSH,0.0006236621071133104,168
insulin_igf_threshold,64,P4,0.0006178204328495366,169
insulin_igf_threshold,65,PGF,0.0006169754272135282,170
insulin_igf_threshold,59,P4,0.0005807397599050795,171
insulin_igf_threshold,82,FSH,0.0005740709885222645,172
insulin_igf_threshold,62,INH,0.0005570669569800993,173
insulin_igf_threshold,66,INH,0.000556699657097921,174
insulin_igf_threshold,89,INH,0.0005485450983832917,175
insulin_igf_threshold,71,FSH,0.0005282925691136736,176
insulin_igf_threshold,85,P4,0.0004992336025552135,177
insulin_igf_threshold,86,P4,0.0004939370843625642,178
insulin_igf_threshold,70,FSH,0.0004866819201029333,179
insulin_igf_threshold,61,IGF1,0.00048141326879309735,180
insulin_igf_threshold,60,INH,0.00047754910855693554,181
insulin_igf_threshold,64,PGF,0.00047462290591980793,182
insulin_igf_threshold,89,E2,0.00047358811554573427,183
insulin_igf_threshold,88,E2,0.00047294188805168194,184
insulin_igf_threshold,79,E2,0.0004697202840478389,185
insulin_igf_threshold,61,INH,0.0004621578859098104,186
insulin_igf_threshold,67,INH,0.0004430865252865181,187
insulin_igf_threshold,64,FSH,0.00042845532086831976,188
insulin_igf_threshold,58,E2,0.0004168913641035555,189
insulin_igf_threshold,84,P4,0.00040199936742705287,190
insulin_igf_threshold,76,E2,0.0003673582070686127,191
insulin_igf_threshold,81,FSH,0.00036691490528683614,192
insulin_igf_threshold,77,E2,0.0003611662676708856,193
insulin_igf_threshold,67,E2,0.0003249775656296155,194
insulin_igf_threshold,66,P4,0.0003237103137458364,195
insulin_igf_threshold,60,P4,0.0003223467855336452,196
insulin_igf_threshold,79,FSH,0.00032105350610238484,197
insulin_igf_threshold,60,FSH,0.00031227800225640023,198
insulin_igf_threshold,68,INH,0.00030486204803085266,199
insulin_igf_threshold,73,FSH,0.00030332891128851595,200
insulin_igf_threshold,68,E2,0.00030304389818691836,201
insulin_igf_threshold,66,E2,0.000302738630006582,202
insulin_igf_threshold,63,PGF,0.0002983009256173708,203
insulin_igf_threshold,59,E2,0.0002920835272147341,204
insulin_igf_threshold,85,FSH,0.0002865152629766744,205
insulin_igf_threshold,55,INH,0.0002784491579344275,206
insulin_igf_threshold,80,FSH,0.0002769282776241153,207
insulin_igf_threshold,89,PGF,0.00027295625872973217,208
insulin_igf_threshold,75,E2,0.0002712907042561092,209
insulin_igf_threshold,78,FSH,0.0002699161618350022,210
insulin_igf_threshold,69,E2,0.00026749170659225873,211
insulin_igf_threshold,84,INH,0.0002536591344652228,212
insulin_igf_threshold,70,E2,0.0002298825812970485,213
insulin_igf_threshold,54,INH,0.00022189996877365254,214
insulin_igf_threshold,65,FSH,0.00021131370645181244,215
insulin_igf_threshold,88,PGF,0.0002059529928939737,216
insulin_igf_threshold,77,PGF,0.0002030267635430858,217
insulin_igf_threshold,71,E2,0.00020074587322250486,218
insulin_igf_threshold,57,E2,0.00018442906585838166,219
insulin_igf_threshold,69,INH,0.0001825572313632047,220
insulin_igf_threshold,82,PGF,0.00018108325886935386,221
insulin_igf_threshold,61,FSH,0.00017946295877053068,222
insulin_igf_threshold,66,FSH,0.00016903851980617054,223
insulin_igf_threshold,64,E2,0.00016792160411243677,224
insulin_igf_threshold,78,PGF,0.0001676491814609318,225
insulin_igf_threshold,67,FSH,0.00016225425811156692,226
insulin_igf_threshold,80,PGF,0.00015955253204427607,227
insulin_igf_threshold,83,P4,0.00015884306965546018,228
insulin_igf_threshold,55,PGF,0.00015650985543850762,229
insulin_igf_threshold,76,PGF,0.0001532411751585667,230
insulin_igf_threshold,55,E2,0.00014260568255719465,231
insulin_igf_threshold,83,INH,0.00013766902912174832,232
insulin_igf_threshold,63,E2,0.0001372985057816916,233
insulin_igf_threshold,82,INH,0.00013696135733307668,234
insulin_igf_threshold,54,E2,0.0001362832841975368,235
insulin_igf_threshold,79,PGF,0.00013341193950286426,236
insulin_igf_threshold,75,INH,0.00013286872289756656,237
insulin_igf_threshold,87,P4,0.00012923288711619185,238
insulin_igf_threshold,56,PGF,0.0001257038642741545,239
insulin_igf_threshold,62,PGF,0.000123251830039941,240
insulin_igf_threshold,59,FSH,0.00012242694676283962,241
insulin_igf_threshold,54,Glucose,0.00012227737132852198,242
insulin_igf_threshold,55,Glucose,0.00012227737132852198,243
insulin_igf_threshold,56,Glucose,0.00012227737132852198,244
insulin_igf_threshold,57,Glucose,0.00012227737132852198,245
insulin_igf_threshold,58,Glucose,0.00012227737132852198,246
insulin_igf_threshold,59,Glucose,0.00012227737132852198,247
insulin_igf_threshold,60,Glucose,0.00012227737132852198,248
insulin_igf_threshold,61,Glucose,0.00012227737132852198,249
insulin_igf_threshold,62,Glucose,0.00012227737132852198,250
insulin_igf_threshold,63,Glucose,0.00012227737132852198,251
insulin_igf_threshold,64,Glucose,0.00012227737132852198,252
insulin_igf_threshold,65,Glucose,0.00012227737132852198,253
insulin_igf_threshold,66,Glucose,0.00012227737132852198,254
insulin_igf_threshold,67,Glucose,0.00012227737132852198,255
insulin_igf_threshold,68,Glucose,0.00012227737132852198,256
insulin_igf_threshold,69,Glucose,0.00012227737132852198,257
insulin_igf_threshold,70,Glucose,0.00012227737132852198,258
insulin_igf_threshold,71,Glucose,0.00012227737132852198,259
insulin_igf_threshold,72,Glucose,0.00012227737132852198,260
insulin_igf_threshold,73,Glucose,0.00012227737132852198,261
insulin_igf_threshold,74,Glucose,0.00012227737132852198,262
insulin_igf_threshold,75,Glucose,0.00012227737132852198,263
insulin_igf_threshold,76,Glucose,0.00012227737132852198,264
insulin_igf_threshold,77,Glucose,0.00012227737132852198,265
insulin_igf_threshold,78,Glucose,0.00012227737132852198,266
insulin_igf_threshold,79,Glucose,0.00012227737132852198,267
insulin_igf_threshold,80,Glucose,0.00012227737132852198,268
insulin_igf_threshold,81,Glucose,0.00012227737132852198,269
insulin_igf_threshold,82,Glucose,0.00012227737132852198,270
insulin_igf_threshold,83,Glucose,0.00012227737132852198,271
insulin_igf_threshold,84,Glucose,0.00012227737132852198,272
insulin_igf_threshold,85,Glucose,0.00012227737132852198,273
insulin_igf_threshold,86,Glucose,0.00012227737132852198,274
insulin_igf_threshold,87,Glucose,0.00012227737132852198,275
insulin_igf_threshold,88,Glucose,0.00012227737132852198,276
insulin_igf_threshold,89,Glucose,0.00012227737132852198,277
insulin_igf_threshold,84,E2,0.0001169624083908493,278
insulin_igf_threshold,87,PGF,0.00011561406576493299,279
insulin_igf_threshold,64,INH,0.00011267748339644012,280
insulin_igf_threshold,54,PGF,0.00011190822059765898,281
insulin_igf_threshold,57,PGF,9.512652583414196e-05,282
insulin_igf_threshold,62,FSH,9.348790865811816e-05,283
insulin_igf_threshold,54,Glucagon,9.278287630487398e-05,284
insulin_igf_threshold,55,Glucagon,9.278287630487398e-05,285
insulin_igf_threshold,56,Glucagon,9.278287630487398e-05,286
insulin_igf_threshold,57,Glucagon,9.278287630487398e-05,287
insulin_igf_threshold,58,Glucagon,9.278287630487398e-05,288
insulin_igf_threshold,59,Glucagon,9.278287630487398e-05,289
insulin_igf_threshold,60,Glucagon,9.278287630487398e-05,290
insulin_igf_threshold,61,Glucagon,9.278287630487398e-05,291
insulin_igf_threshold,62,Glucagon,9.278287630487398e-05,292
insulin_igf_threshold,63,Glucagon,9.278287630487398e-05,293
insulin_igf_threshold,64,Glucagon,9.278287630487398e-05,294
insulin_igf_threshold,65,Glucagon,9.278287630487398e-05,295
insulin_igf_threshold,66,Glucagon,9.278287630487398e-05,296
insulin_igf_threshold,67,Glucagon,9.278287630487398e-05,297
insulin_igf_threshold,68,Glucagon,9.278287630487398e-05,298
insulin_igf_threshold,69,Glucagon,9.278287630487398e-05,299
insulin_igf_threshold,70,Glucagon,9.278287630487398e-05,300
insulin_igf_threshold,71,Glucagon,9.278287630487398e-05,301
insulin_igf_threshold,72,Glucagon,9.278287630487398e-05,302
insulin_igf_threshold,73,Glucagon,9.278287630487398e-05,303
insulin_igf_threshold,74,Glucagon,9.278287630487398e-05,304
insulin_igf_threshold,75,Glucagon,9.278287630487398e-05,305
insulin_igf_threshold,76,Glucagon,9.278287630487398e-05,306
insulin_igf_threshold,77,Glucagon,9.278287630487398e-05,307
insulin_igf_threshold,78,Glucagon,9.278287630487398e-05,308
insulin_igf_threshold,79,Glucagon,9.278287630487398e-05,309
insulin_igf_threshold,80,Glucagon,9.278287630487398e-05,310
insulin_igf_threshold,81,Glucagon,9.278287630487398e-05,311
insulin_igf_threshold,82,Glucagon,9.278287630487398e-05,312
insulin_igf_threshold,83,Glucagon,9.278287630487398e-05,313
insulin_igf_threshold,84,Glucagon,9.278287630487398e-05,314
insulin_igf_threshold,85,Glucagon,9.278287630487398e-05,315
insulin_igf_threshold,86,Glucagon,9.278287630487398e-05,316
insulin_igf_threshold,87,Glucagon,9.278287630487398e-05,317
insulin_igf_threshold,88,Glucagon,9.278287630487398e-05,318
insulin_igf_threshold,89,Glucagon,9.278287630487398e-05,319
insulin_igf_threshold,76,FSH,9.134218669959024e-05,320
insulin_igf_threshold,83,PGF,8.559924233740712e-05,321
insulin_igf_threshold,70,INH,8.486271286047635e-05,322
insulin_igf_threshold,77,FSH,8.4186861976951e-05,323
insulin_igf_threshold,75,PGF,7.918367601503653e-05,324
insulin_igf_threshold,78,E2,7.744518968055055e-05,325
insulin_igf_threshold,63,FSH,7.032728085889451e-05,326
insulin_igf_threshold,86,FSH,6.919462731777984e-05,327
insulin_igf_threshold,85,INH,5.9181268747697546e-05,328
insulin_igf_threshold,83,E2,5.857414080185496e-05,329
insulin_igf_threshold,62,E2,5.034841235885182e-05,330
insulin_igf_threshold,58,PGF,4.287439986955743e-05,331
insulin_igf_threshold,82,E2,4.172218232651396e-05,332
insulin_igf_threshold,86,PGF,4.139104713799885e-05,333
insulin_igf_threshold,81,PGF,4.0983954039000284e-05,334
insulin_igf_threshold,58,FSH,3.9880051110915147e-05,335
insulin_igf_threshold,65,P4,2.9081941075459908e-05,336
insulin_igf_threshold,56,FSH,2.9003012348669125e-05,337
insulin_igf_threshold,82,P4,2.3818135461469456e-05,338
insulin_igf_threshold,56,E2,1.9908012800424152e-05,339
insulin_igf_threshold,77,INH,1.9077685034308383e-05,340
insulin_igf_threshold,60,E2,1.5621834950406752e-05,341
insulin_igf_threshold,59,PGF,1.5433429039008367e-05,342
insulin_igf_threshold,89,FSH,1.4498393572252312e-05,343
insulin_igf_threshold,84,PGF,1.3996242159995323e-05,344
insulin_igf_threshold,61,PGF,1.3360811891274651e-05,345
insulin_igf_threshold,83,FSH,1.107172856212567e-05,346
insulin_igf_threshold,71,INH,1.0933731177631294e-05,347
insulin_igf_threshold,63,INH,7.461361777274193e-06,348
insulin_igf_threshold,81,E2,7.060227210083257e-06,349
insulin_igf_threshold,87,FSH,6.147451607516781e-06,350
insulin_igf_threshold,60,PGF,5.476310796078295e-06,351
insulin_igf_threshold,61,E2,5.377275903776166e-06,352
insulin_igf_threshold,55,FSH,5.317123992200331e-06,353
insulin_igf_threshold,76,INH,5.083083580690003e-06,354
insulin_igf_threshold,85,PGF,2.455670817334724e-06,355
insulin_igf_threshold,88,FSH,2.20270479082459e-06,356
insulin_igf_threshold,86,E2,1.6205621900258687e-06,357
insulin_igf_threshold,84,FSH,8.757423448860601e-07,358
insulin_igf_threshold,86,INH,6.032918983429616e-07,359
insulin_igf_threshold,85,E2,2.1982713046659077e-07,360
lh_basal_release,62,ALL_OBSERVABLES,0.008844875307142178,1
lh_basal_release,63,ALL_OBSERVABLES,0.008302870717455732,2
lh_basal_release,85,ALL_OBSERVABLES,0.008013563056257418,3
lh_basal_release,86,ALL_OBSERVABLES,0.0079310585459456,4
lh_basal_release,84,ALL_OBSERVABLES,0.007923630831037783,5
lh_basal_release,64,ALL_OBSERVABLES,0.007672168038831759,6
lh_basal_release,61,ALL_OBSERVABLES,0.006717097161176518,7
lh_basal_release,83,ALL_OBSERVABLES,0.006420099900129301,8
lh_basal_release,70,ALL_OBSERVABLES,0.005532896276097387,9
lh_basal_release,71,ALL_OBSERVABLES,0.005388291355492028,10
lh_basal_release,87,ALL_OBSERVABLES,0.0053530620845564465,11
lh_basal_release,66,ALL_OBSERVABLES,0.005335518157525065,12
lh_basal_release,67,ALL_OBSERVABLES,0.005329338561677431,13
lh_basal_release,65,ALL_OBSERVABLES,0.005273370288494044,14
lh_basal_release,69,ALL_OBSERVABLES,0.005233425207449219,15
lh_basal_release,56,ALL_OBSERVABLES,0.005197882778755681,16
lh_basal_release,89,ALL_OBSERVABLES,0.005138770852459257,17
lh_basal_release,82,ALL_OBSERVABLES,0.005119471291406661,18
lh_basal_release,88,ALL_OBSERVABLES,0.0051030039364682485,19
lh_basal_release,68,ALL_OBSERVABLES,0.005040506161095013,20
lh_basal_release,72,ALL_OBSERVABLES,0.005038282058503766,21
lh_basal_release,79,ALL_OBSERVABLES,0.004900734925548255,22
lh_basal_release,57,ALL_OBSERVABLES,0.004835320757802833,23
lh_basal_release,73,ALL_OBSERVABLES,0.004764411951162076,24
lh_basal_release,75,ALL_OBSERVABLES,0.0046563109603911,25
lh_basal_release,60,ALL_OBSERVABLES,0.004519391578193526,26
lh_basal_release,78,ALL_OBSERVABLES,0.004379985698568891,27
lh_basal_release,54,ALL_OBSERVABLES,0.004224594835061947,28
lh_basal_release,55,ALL_OBSERVABLES,0.0042214619913732085,29
lh_basal_release,59,ALL_OBSERVABLES,0.004183174061308966,30
lh_basal_release,81,ALL_OBSERVABLES,0.004157779726195521,31
lh_basal_release,74,ALL_OBSERVABLES,0.004124121094821324,32
lh_basal_release,76,ALL_OBSERVABLES,0.0039334119451787716,33
lh_basal_release,77,ALL_OBSERVABLES,0.0039016694321418496,34
lh_basal_release,58,ALL_OBSERVABLES,0.003657248937165101,35
lh_basal_release,80,ALL_OBSERVABLES,0.00344208444225271,36
lh_basal_release,86,P4,0.003150369689312171,37
lh_basal_release,85,P4,0.003133574945301254,38
lh_basal_release,64,P4,0.003104167766798292,39
lh_basal_release,63,P4,0.0030386698431647003,40
lh_basal_release,62,IGF1,0.002811666260043707,41
lh_basal_release,61,IGF1,0.002391038735114967,42
lh_basal_release,84,P4,0.0023004670542814093,43
lh_basal_release,84,IGF1,0.002246314162630077,44
lh_basal_release,62,P4,0.0021746874227986488,45
lh_basal_release,83,IGF1,0.0020738777414826015,46
lh_basal_release,63,IGF1,0.0015078263961456828,47
lh_basal_release,54,Glucagon,0.0015069285141015736,48
lh_basal_release,55,Glucagon,0.0015069285141015736,49
lh_basal_release,56,Glucagon,0.0015069285141015736,50
lh_basal_release,57,Glucagon,0.0015069285141015736,51
lh_basal_release,58,Glucagon,0.0015069285141015736,52
lh_basal_release,59,Glucagon,0.0015069285141015736,53
lh_basal_release,60,Glucagon,0.0015069285141015736,54
lh_basal_release,61,Glucagon,0.0015069285141015736,55
lh_basal_release,62,Glucagon,0.0015069285141015736,56
lh_basal_release,63,Glucagon,0.0015069285141015736,57
lh_basal_release,64,Glucagon,0.0015069285141015736,58
lh_basal_release,65,Glucagon,0.0015069285141015736,59
lh_basal_release,66,Glucagon,0.0015069285141015736,60
lh_basal_release,67,Glucagon,0.0015069285141015736,61
lh_basal_release,68,Glucagon,0.0015069285141015736,62
lh_basal_release,69,Glucagon,0.0015069285141015736,63
lh_basal_release,70,Glucagon,0.0015069285141015736,64
lh_basal_release,71,Glucagon,0.0015069285141015736,65
lh_basal_release,72,Glucagon,0.0015069285141015736,66
lh_basal_release,73,Glucagon,0.0015069285141015736,67
lh_basal_release,74,Glucagon,0.0015069285141015736,68
lh_basal_release,75,Glucagon,0.0015069285141015736,69
lh_basal_release,76,Glucagon,0.0015069285141015736,70
lh_basal_release,77,Glucagon,0.0015069285141015736,71
lh_basal_release,78,Glucagon,0.0015069285141015736,72
lh_basal_release,79,Glucagon,0.0015069285141015736,73
lh_basal_release,80,Glucagon,0.0015069285141015736,74
lh_basal_release,81,Glucagon,0.0015069285141015736,75
lh_basal_release,82,Glucagon,0.0015069285141015736,76
lh_basal_release,83,Glucagon,0.0015069285141015736,77
lh_basal_release,84,Glucagon,0.0015069285141015736,78
lh_basal_release,85,Glucagon,0.0015069285141015736,79
lh_basal_release,86,Glucagon,0.0015069285141015736,80
lh_basal_release,87,Glucagon,0.0015069285141015736,81
lh_basal_release,88,Glucagon,0.0015069285141015736,82
lh_basal_release,89,Glucagon,0.0015069285141015736,83
lh_basal_release,82,IGF1,0.0014795373862539483,84
lh_basal_release,79,FSH,0.0014635231267981286,85
lh_basal_release,70,E2,0.0013991476186162007,86
lh_basal_release,85,IGF1,0.0013988708941307568,87
lh_basal_release,83,P4,0.001290252627840656,88
lh_basal_release,57,FSH,0.0012834870739291315,89
lh_basal_release,69,E2,0.0012568775239168494,90
lh_basal_release,66,P4,0.001254398560749307,91
lh_basal_release,61,P4,0.0012381858888604374,92
lh_basal_release,64,IGF1,0.0011829546822411604,93
lh_basal_release,88,P4,0.0011827174128559417,94
lh_basal_release,67,P4,0.0011797811420758656,95
lh_basal_release,86,IGF1,0.0011633774959924226,96
lh_basal_release,65,IGF1,0.001108064046722445,97
lh_basal_release,56,E2,0.0010972378483786955,98
lh_basal_release,68,E2,0.0010771575008823133,99
lh_basal_release,71,E2,0.0010720590349411658,100
lh_basal_release,89,P4,0.0010716284033533761,101
lh_basal_release,87,IGF1,0.0010468933069093817,102
lh_basal_release,60,IGF1,0.0009655685968763654,103
lh_basal_release,54,Insulin,0.0009524003842736676,104
lh_basal_release,55,Insulin,0.0009524003842736676,105
lh_basal_release,56,Insulin,0.0009524003842736676,106
lh_basal_release,57,Insulin,0.0009524003842736676,107
lh_basal_release,58,Insulin,0.0009524003842736676,108
lh_basal_release,59,Insulin,0.0009524003842736676,109
lh_basal_release,60,Insulin,0.0009524003842736676,110
lh_basal_release,61,Insulin,0.0009524003842736676,111
lh_basal_release,62,Insulin,0.0009524003842736676,112
lh_basal_release,63,Insulin,0.0009524003842736676,113
lh_basal_release,64,Insulin,0.0009524003842736676,114
lh_basal_release,65,Insulin,0.0009524003842736676,115
lh_basal_release,66,Insulin,0.0009524003842736676,116
lh_basal_release,67,Insulin,0.0009524003842736676,117
lh_basal_release,68,Insulin,0.0009524003842736676,118
lh_basal_release,69,Insulin,0.0009524003842736676,119
lh_basal_release,70,Insulin,0.0009524003842736676,120
lh_basal_release,71,Insulin,0.0009524003842736676,121
lh_basal_release,72,Insulin,0.0009524003842736676,122
lh_basal_release,73,Insulin,0.0009524003842736676,123
lh_basal_release,74,Insulin,0.0009524003842736676,124
lh_basal_release,75,Insulin,0.0009524003842736676,125
lh_basal_release,76,Insulin,0.0009524003842736676,126
lh_basal_release,77,Insulin,0.0009524003842736676,127
lh_basal_release,78,Insulin,0.0009524003842736676,128
lh_basal_release,79,Insulin,0.0009524003842736676,129
lh_basal_release,80,Insulin,0.0009524003842736676,130
lh_basal_release,81,Insulin,0.0009524003842736676,131
lh_basal_release,82,Insulin,0.0009524003842736676,132
lh_basal_release,83,Insulin,0.0009524003842736676,133
lh_basal_release,84,Insulin,0.0009524003842736676,134
lh_basal_release,85,Insulin,0.0009524003842736676,135
lh_basal_release,86,Insulin,0.0009524003842736676,136
lh_basal_release,87,Insulin,0.0009524003842736676,137
lh_basal_release,88,Insulin,0.0009524003842736676,138
lh_basal_release,89,Insulin,0.0009524003842736676,139
lh_basal_release,75,PGF,0.0008879379409676161,140
lh_basal_release,73,PGF,0.0008871437304577625,141
lh_basal_release,67,E2,0.0008485513600015753,142
lh_basal_release,65,INH,0.0008365631238248269,143
lh_basal_release,88,PGF,0.0007919651919189429,144
lh_basal_release,62,E2,0.0007462365305989715,145
lh_basal_release,56,INH,0.000736111476854055,146
lh_basal_release,82,P4,0.0007333434146814065,147
lh_basal_release,89,PGF,0.000732647442124625,148
lh_basal_release,72,PGF,0.0007236407264188191,149
lh_basal_release,66,PGF,0.0007193599809906378,150
lh_basal_release,87,PGF,0.000713092008142893,151
lh_basal_release,71,PGF,0.0007069068932132323,152
lh_basal_release,89,E2,0.0007068228132047844,153
lh_basal_release,74,IGF1,0.0006965553511636684,154
lh_basal_release,54,IGF1,0.0006909311255327087,155
lh_basal_release,75,IGF1,0.0006884771979040337,156
lh_basal_release,73,IGF1,0.0006874844217324872,157
lh_basal_release,70,PGF,0.0006861078254864443,158
lh_basal_release,67,PGF,0.0006843639991697463,159
lh_basal_release,68,P4,0.0006772847951094845,160
lh_basal_release,76,IGF1,0.0006768378627148435,161
lh_basal_release,55,IGF1,0.000674608594525801,162
lh_basal_release,77,IGF1,0.0006639550988748139,163
lh_basal_release,65,PGF,0.0006603162628868031,164
lh_basal_release,56,IGF1,0.0006596861537506205,165
lh_basal_release,69,PGF,0.0006566747510272948,166
lh_basal_release,60,P4,0.0006534369251938358,167
lh_basal_release,78,IGF1,0.0006510076919251585,168
lh_basal_release,57,IGF1,0.0006464799205098108,169
lh_basal_release,72,IGF1,0.0006437120597369075,170
lh_basal_release,79,IGF1,0.000640168181718877,171
lh_basal_release,58,IGF1,0.000636033542798542,172
lh_basal_release,80,IGF1,0.0006314549527524106,173
lh_basal_release,59,IGF1,0.0006272641059818012,174
lh_basal_release,78,INH,0.0006250298129240406,175
lh_basal_release,81,IGF1,0.0006240458185364443,176
lh_basal_release,68,PGF,0.0006212945987275871,177
lh_basal_release,87,INH,0.0006169947013051597,178
lh_basal_release,86,PGF,0.0006083861583118537,179
lh_basal_release,72,INH,0.0005982981755725644,180
lh_basal_release,66,E2,0.0005863610927676861,181
lh_basal_release,64,PGF,0.0005702038262634863,182
lh_basal_release,63,INH,0.0005655936822638745,183
lh_basal_release,71,IGF1,0.0005442256279534688,184
lh_basal_release,88,E2,0.0005249037309788614,185
lh_basal_release,85,PGF,0.00047960967176569573,186
lh_basal_release,69,P4,0.0004718995338033399,187
lh_basal_release,55,INH,0.00046339395644319015,188
lh_basal_release,63,PGF,0.0004435463158799635,189
lh_basal_release,59,INH,0.0004386563456842542,190
lh_basal_release,54,INH,0.0004115318393308124,191
lh_basal_release,54,PGF,0.0004038472943183353,192
lh_basal_release,73,FSH,0.00040010473549138457,193
lh_basal_release,70,IGF1,0.0003839285517989132,194
lh_basal_release,59,E2,0.00038045577477782943,195
lh_basal_release,81,INH,0.000373631950509123,196
lh_basal_release,78,E2,0.00037247296691322065,197
lh_basal_release,72,FSH,0.00035524833962914654,198
lh_basal_release,70,P4,0.000352545006459385,199
lh_basal_release,84,PGF,0.0003393835199748167,200
lh_basal_release,81,PGF,0.00033893601074524906,201
lh_basal_release,77,E2,0.00033241671190402774,202
lh_basal_release,76,PGF,0.0003291752628020336,203
lh_basal_release,85,INH,0.000327115586679026,204
lh_basal_release,86,INH,0.0003252594993748811,205
lh_basal_release,62,INH,0.0003013973148374272,206
lh_basal_release,74,PGF,0.00028876665550839873,207
lh_basal_release,62,PGF,0.0002853264976912123,208
lh_basal_release,55,E2,0.0002841551716863701,209
lh_basal_release,75,INH,0.0002824808175405739,210
lh_basal_release,71,INH,0.000277570820410379,211
lh_basal_release,84,E2,0.0002765606632941952,212
lh_basal_release,81,E2,0.00027280336292169764,213
lh_basal_release,87,E2,0.00026708954891561135,214
lh_basal_release,71,P4,0.0002651383781780311,215
lh_basal_release,74,E2,0.000263614697238876,216
lh_basal_release,74,INH,0.00026063829920843374,217
lh_basal_release,84,INH,0.00023770857805075317,218
lh_basal_release,64,INH,0.00023555342206534524,219
lh_basal_release,83,E2,0.00022854596736325168,220
lh_basal_release,55,PGF,0.00022175831751385718,221
lh_basal_release,63,FSH,0.00021768925686933962,222
lh_basal_release,60,INH,0.00021427571363380522,223
lh_basal_release,61,INH,0.000212503420466973,224
lh_basal_release,76,E2,0.000212391646592036,225
lh_basal_release,61,E2,0.00020945950534542135,226
lh_basal_release,75,E2,0.0002070521135900278,227
lh_basal_release,83,PGF,0.00020280883547391866,228
lh_basal_release,69,IGF1,0.00020151842626395543,229
lh_basal_release,66,IGF1,0.00019597706066939357,230
lh_basal_release,72,P4,0.0001948723483754215,231
lh_basal_release,80,INH,0.0001938611561212686,232
lh_basal_release,58,E2,0.0001934703859185254,233
lh_basal_release,70,INH,0.00018799879124763185,234
lh_basal_release,59,PGF,0.00018488603183568352,235
lh_basal_release,77,INH,0.00018437205932139556,236
lh_basal_release,77,PGF,0.00018254331303359854,237
lh_basal_release,56,PGF,0.0001821724440979635,238
lh_basal_release,58,FSH,0.00017625937865718987,239
lh_basal_release,54,E2,0.00017486088461780684,240
lh_basal_release,82,E2,0.00017257169001089285,241
lh_basal_release,60,E2,0.00015821475106757432,242
lh_basal_release,76,INH,0.00015408541513934438,243
lh_basal_release,78,PGF,0.00015076334337634105,244
lh_basal_release,57,PGF,0.00015028090731209506,245
lh_basal_release,57,INH,0.00014998116593221213,246
lh_basal_release,79,INH,0.00014941811238608938,247
lh_basal_release,73,P4,0.00013886818868546395,248
lh_basal_release,61,PGF,0.00012799806646091093,249
lh_basal_release,69,INH,0.00012568608047212746,250
lh_basal_release,87,P4,0.00012558504236827344,251
lh_basal_release,73,INH,0.00012523715706708565,252
lh_basal_release,86,E2,0.00012233878962602512,253
lh_basal_release,79,PGF,0.00012194272289297902,254
lh_basal_release,58,INH,0.00011193466481911167,255
lh_basal_release,65,P4,0.00010320116971832821,256
lh_basal_release,89,FSH,0.00010278070952172226,257
lh_basal_release,83,INH,0.00010144367405916498,258
lh_basal_release,85,FSH,0.00010121007445440893,259
lh_basal_release,82,INH,9.956015650050819e-05,260
lh_basal_release,74,P4,9.363120354525532e-05,261
lh_basal_release,57,E2,8.44649439696224e-05,262
lh_basal_release,68,INH,7.854109672196249e-05,263
lh_basal_release,88,FSH,7.374353973532282e-05,264
lh_basal_release,82,PGF,7.310185703164157e-05,265
lh_basal_release,80,E2,6.783220818525759e-05,266
lh_basal_release,87,FSH,6.290347057556005e-05,267
lh_basal_release,54,Glucose,6.117510796432579e-05,268
lh_basal_release,55,Glucose,6.117510796432579e-05,269
lh_basal_release,56,Glucose,6.117510796432579e-05,270
lh_basal_release,57,Glucose,6.117510796432579e-05,271
lh_basal_release,58,Glucose,6.117510796432579e-05,272
lh_basal_release,59,Glucose,6.117510796432579e-05,273
lh_basal_release,60,Glucose,6.117510796432579e-05,274
lh_basal_release,61,Glucose,6.117510796432579e-05,275
lh_basal_release,62,Glucose,6.117510796432579e-05,276
lh_basal_release,63,Glucose,6.117510796432579e-05,277
lh_basal_release,64,Glucose,6.117510796432579e-05,278
lh_basal_release,65,Glucose,6.117510796432579e-05,279
lh_basal_release,66,Glucose,6.117510796432579e-05,280
lh_basal_release,67,Glucose,6.117510796432579e-05,281
lh_basal_release,68,Glucose,6.117510796432579e-05,282
lh_basal_release,69,Glucose,6.117510796432579e-05,283
lh_basal_release,70,Glucose,6.117510796432579e-05,284
lh_basal_release,71,Glucose,6.117510796432579e-05,285
lh_basal_release,72,Glucose,6.117510796432579e-05,286
lh_basal_release,73,Glucose,6.117510796432579e-05,287
lh_basal_release,74,Glucose,6.117510796432579e-05,288
lh_basal_release,75,Glucose,6.117510796432579e-05,289
lh_basal_release,76,Glucose,6.117510796432579e-05,290
lh_basal_release,77,Glucose,6.117510796432579e-05,291
lh_basal_release,78,Glucose,6.117510796432579e-05,292
lh_basal_release,79,Glucose,6.117510796432579e-05,293
lh_basal_release,80,Glucose,6.117510796432579e-05,294
lh_basal_release,81,Glucose,6.117510796432579e-05,295
lh_basal_release,82,Glucose,6.117510796432579e-05,296
lh_basal_release,83,Glucose,6.117510796432579e-05,297
lh_basal_release,84,Glucose,6.117510796432579e-05,298
lh_basal_release,85,Glucose,6.117510796432579e-05,299
lh_basal_release,86,Glucose,6.117510796432579e-05,300
lh_basal_release,87,Glucose,6.117510796432579e-05,301
lh_basal_release,88,Glucose,6.117510796432579e-05,302
lh_basal_release,89,Glucose,6.117510796432579e-05,303
lh_basal_release,68,IGF1,5.990722508576319e-05,304
lh_basal_release,75,P4,5.8975073827239735e-05,305
lh_basal_release,78,FSH,5.454233152287187e-05,306
lh_basal_release,85,E2,5.267787758671075e-05,307
lh_basal_release,64,E2,5.158772598419481e-05,308
lh_basal_release,55,FSH,4.8401708933525856e-05,309
lh_basal_release,67,FSH,4.816267290888549e-05,310
lh_basal_release,67,INH,4.453113739568593e-05,311
lh_basal_release,82,FSH,4.085278058869627e-05,312
lh_basal_release,86,FSH,4.082290698867946e-05,313
lh_basal_release,76,P4,3.363630427887441e-05,314
lh_basal_release,66,FSH,2.9780843409315243e-05,315
lh_basal_release,66,INH,2.9136612599158822e-05,316
lh_basal_release,81,P4,2.3835630930041327e-05,317
lh_basal_release,65,E2,2.2944607938325653e-05,318
lh_basal_release,54,P4,2.2254826998381872e-05,319
lh_basal_release,65,FSH,2.1777071063747824e-05,320
lh_basal_release,59,FSH,2.1229150198279185e-05,321
lh_basal_release,80,PGF,1.8145195922985243e-05,322
lh_basal_release,61,FSH,1.7407538588242338e-05,323
lh_basal_release,77,P4,1.628532953248088e-05,324
lh_basal_release,58,PGF,1.5769074028834313e-05,325
lh_basal_release,75,FSH,1.0883810222041721e-05,326
lh_basal_release,59,P4,1.017864649155195e-05,327
lh_basal_release,80,FSH,9.938334872845447e-06,328
lh_basal_release,63,E2,9.041216792605383e-06,329
lh_basal_release,88,IGF1,9.018386009122369e-06,330
lh_basal_release,55,P4,8.640235930897173e-06,331
lh_basal_release,64,FSH,7.196609139713178e-06,332
lh_basal_release,76,FSH,6.781447312073189e-06,333
lh_basal_release,68,FSH,5.816938228335734e-06,334
lh_basal_release,78,P4,5.6655455676918235e-06,335
lh_basal_release,73,E2,5.069711388324927e-06,336
lh_basal_release,62,FSH,5.057274832644124e-06,337
lh_basal_release,60,FSH,4.833085143217936e-06,338
lh_basal_release,79,E2,4.454950137645801e-06,339
lh_basal_release,81,FSH,4.022946213397747e-06,340
lh_basal_release,67,IGF1,3.444243786105465e-06,341
lh_basal_release,58,P4,3.2778846033300995e-06,342
lh_basal_release,84,FSH,2.6928464669655228e-06,343
lh_basal_release,83,FSH,2.6670475701412525e-06,344
lh_basal_release,70,FSH,2.664476149245238e-06,345
lh_basal_release,60,PGF,2.5584999391605327e-06,346
lh_basal_release,89,IGF1,2.2137078660689045e-06,347
lh_basal_release,89,INH,2.1737700491120514e-06,348
lh_basal_release,72,E2,2.0064024313402735e-06,349
lh_basal_release,71,FSH,1.8865944561840737e-06,350
lh_basal_release,77,FSH,1.592913135965694e-06,351
lh_basal_release,56,P4,1.50189183910744e-06,352
lh_basal_release,79,P4,7.238252749673624e-07,353
lh_basal_release,56,FSH,6.689574956708442e-07,354
lh_basal_release,54,FSH,6.648579243348625e-07,355
lh_basal_release,74,FSH,4.108818171249811e-07,356
lh_basal_release,80,P4,3.485880583752989e-07,357
lh_basal_release,69,FSH,2.648856260843194e-07,358
lh_basal_release,88,INH,1.5166863049027475e-07,359
lh_basal_release,57,P4,1.2273981039472675e-07,360
