biomarker,parameter,variance_screening_score,method,sampling_design,samples
FSH,gnrh_hypo_max,0.00152222588093263,equal-count-bin estimate of Var(E[AUC|parameter])/Var(AUC),ordinary independent uniform Monte Carlo; not Sobol/Saltelli,10000
FSH,gnrh_syn,0.0013905177964144333,equal-count-bin estimate of Var(E[AUC|parameter])/Var(AUC),ordinary independent uniform Monte Carlo; not Sobol/Saltelli,10000
FSH,gnrh_release_scale,0.003951042367041852,equal-count-bin estimate of Var(E[AUC|parameter])/Var(AUC),ordinary independent uniform Monte Carlo; not Sobol/Saltelli,10000
FSH,hm_e2_1_threshold,0.0017071840054885905,equal-count-bin estimate of Var(E[AUC|parameter])/Var(AUC),ordinary independent uniform Monte Carlo; not Sobol/Saltelli,10000
FSH,hm_p4_1_threshold,0.0022547430400600265,equal-count-bin estimate of Var(E[AUC|parameter])/Var(AUC),ordinary independent uniform Monte Carlo; not Sobol/Saltelli,10000
FSH,hm_p4_2_scale,0.0008183173541756432,equal-count-bin estimate of Var(E[AUC|parameter])/Var(AUC),ordinary independent uniform Monte Carlo; not Sobol/Saltelli,10000
FSH,hm_p4_2_threshold,0.0013278023461843304,equal-count-bin estimate of Var(E[AUC|parameter])/Var(AUC),ordinary independent uniform Monte Carlo; not Sobol/Saltelli,10000
FSH,hp_e2_1_scale,0.0023963146733224166,equal-count-bin estimate of Var(E[AUC|parameter])/Var(AUC),ordinary independent uniform Monte Carlo; not Sobol/Saltelli,10000
FSH,hp_e2_1_threshold,0.002464141072970845,equal-count-bin estimate of Var(E[AUC|parameter])/Var(AUC),ordinary independent uniform Monte Carlo; not Sobol/Saltelli,10000
FSH,gnrh_clearance,0.0013188343425375364,equal-count-bin estimate of Var(E[AUC|parameter])/Var(AUC),ordinary independent uniform Monte Carlo; not Sobol/Saltelli,10000
FSH,fsh_syn_scale,0.014512334564245223,equal-count-bin estimate of Var(E[AUC|parameter])/Var(AUC),ordinary independent uniform Monte Carlo; not Sobol/Saltelli,10000
FSH,hm_ih_2_threshold,0.010927778204570143,equal-count-bin estimate of Var(E[AUC|parameter])/Var(AUC),ordinary independent uniform Monte Carlo; not Sobol/Saltelli,10000
FSH,hp_p4_fsh_scale,0.0025431730846078564,equal-count-bin estimate of Var(E[AUC|parameter])/Var(AUC),ordinary independent uniform Monte Carlo; not Sobol/Saltelli,10000
FSH,hp_p4_fsh_threshold,0.0016484826973952806,equal-count-bin estimate of Var(E[AUC|parameter])/Var(AUC),ordinary independent uniform Monte Carlo; not Sobol/Saltelli,10000
FSH,hm_e2_fsh_scale,0.0019175215836595527,equal-count-bin estimate of Var(E[AUC|parameter])/Var(AUC),ordinary independent uniform Monte Carlo; not Sobol/Saltelli,10000
FSH,hm_e2_fsh_threshold,0.0016156276008812984,equal-count-bin estimate of Var(E[AUC|parameter])/Var(AUC),ordinary independent uniform Monte Carlo; not Sobol/Saltelli,10000
FSH,hp_gnrh_fsh_scale,0.002037233668430305,equal-count-bin estimate of Var(E[AUC|parameter])/Var(AUC),ordinary independent uniform Monte Carlo; not Sobol/Saltelli,10000
FSH,hp_gnrh_fsh_threshold,0.0013445832173418903,equal-count-bin estimate of Var(E[AUC|parameter])/Var(AUC),ordinary independent uniform Monte Carlo; not Sobol/Saltelli,10000
FSH,fsh_clearance,0.025251584891761443,equal-count-bin estimate of Var(E[AUC|parameter])/Var(AUC),ordinary independent uniform Monte Carlo; not Sobol/Saltelli,10000
FSH,fsh_basal_release,0.005872434900674526,equal-count-bin estimate of Var(E[AUC|parameter])/Var(AUC),ordinary independent uniform Monte Carlo; not Sobol/Saltelli,10000
FSH,hp_e2_lh_scale,0.0024528040419746133,equal-count-bin estimate of Var(E[AUC|parameter])/Var(AUC),ordinary independent uniform Monte Carlo; not Sobol/Saltelli,10000
FSH,hp_e2_lh_threshold,0.002004384193155712,equal-count-bin estimate of Var(E[AUC|parameter])/Var(AUC),ordinary independent uniform Monte Carlo; not Sobol/Saltelli,10000
FSH,hm_p4_lh_scale,0.0011809209780849488,equal-count-bin estimate of Var(E[AUC|parameter])/Var(AUC),ordinary independent uniform Monte Carlo; not Sobol/Saltelli,10000
FSH,hm_p4_lh_threshold,0.002082153672654885,equal-count-bin estimate of Var(E[AUC|parameter])/Var(AUC),ordinary independent uniform Monte Carlo; not Sobol/Saltelli,10000
FSH,hp_gnrh_lh_scale,0.001957108550647784,equal-count-bin estimate of Var(E[AUC|parameter])/Var(AUC),ordinary independent uniform Monte Carlo; not Sobol/Saltelli,10000
FSH,hp_gnrh_lh_threshold,0.002059408849226005,equal-count-bin estimate of Var(E[AUC|parameter])/Var(AUC),ordinary independent uniform Monte Carlo; not Sobol/Saltelli,10000
FSH,lh_basal_release,0.0017129145109754439,equal-count-bin estimate of Var(E[AUC|parameter])/Var(AUC),ordinary independent uniform Monte Carlo; not Sobol/Saltelli,10000
FSH,lh_clearance,0.0022933924090615524,equal-count-bin estimate of Var(E[AUC|parameter])/Var(AUC),ordinary independent uniform Monte Carlo; not Sobol/Saltelli,10000
FSH,hp_fsh_follicle_scale,0.2663373594214251,equal-count-bin estimate of Var(E[AUC|parameter])/Var(AUC),ordinary independent uniform Monte Carlo; not Sobol/Saltelli,10000
FSH,hp_fsh_follicle_threshold,0.14657649936101855,equal-count-bin estimate of Var(E[AUC|parameter])/Var(AUC),ordinary independent uniform Monte Carlo; not Sobol/Saltelli,10000
FSH,hm_follicle_threshold,0.020908692010473698,equal-count-bin estimate of Var(E[AUC|parameter])/Var(AUC),ordinary independent uniform Monte Carlo; not Sobol/Saltelli,10000
FSH,hp_p4_follicle_scale,0.08667694826304202,equal-count-bin estimate of Var(E[AUC|parameter])/Var(AUC),ordinary independent uniform Monte Carlo; not Sobol/Saltelli,10000
FSH,hp_p4_follicle_threshold,0.009865647786379562,equal-count-bin estimate of Var(E[AUC|parameter])/Var(AUC),ordinary independent uniform Monte Carlo; not Sobol/Saltelli,10000
FSH,hp_lh_follicle_scale,0.002698987421960821,equal-count-bin estimate of Var(E[AUC|parameter])/Var(AUC),ordinary independent uniform Monte Carlo; not Sobol/Saltelli,10000
FSH,hp_lh_follicle_threshold,0.002577571110182993,equal-count-bin estimate of Var(E[AUC|parameter])/Var(AUC),ordinary independent uniform Monte Carlo; not Sobol/Saltelli,10000
FSH,hp_enz_pg_scale,0.002945987204115848,equal-count-bin estimate of Var(E[AUC|parameter])/Var(AUC),ordinary independent uniform Monte Carlo; not Sobol/Saltelli,10000
FSH,hp_enz_pg_threshold,0.0007595003178285327,equal-count-bin estimate of Var(E[AUC|parameter])/Var(AUC),ordinary independent uniform Monte Carlo; not Sobol/Saltelli,10000
FSH,hp_oxt_pg_threshold,0.007663916430882214,equal-count-bin estimate of Var(E[AUC|parameter])/Var(AUC),ordinary independent uniform Monte Carlo; not Sobol/Saltelli,10000
FSH,pg_clearance,0.0018153625223572467,equal-count-bin estimate of Var(E[AUC|parameter])/Var(AUC),ordinary independent uniform Monte Carlo; not Sobol/Saltelli,10000
FSH,cl_formation_scale,0.003628093033563584,equal-count-bin estimate of Var(E[AUC|parameter])/Var(AUC),ordinary independent uniform Monte Carlo; not Sobol/Saltelli,10000
FSH,hp_cl_self_scale,0.004694075429087802,equal-count-bin estimate of Var(E[AUC|parameter])/Var(AUC),ordinary independent uniform Monte Carlo; not Sobol/Saltelli,10000
FSH,hp_cl_self_threshold,0.0011897990652329589,equal-count-bin estimate of Var(E[AUC|parameter])/Var(AUC),ordinary independent uniform Monte Carlo; not Sobol/Saltelli,10000
FSH,hp_iof_scale,0.0012336935582161034,equal-count-bin estimate of Var(E[AUC|parameter])/Var(AUC),ordinary independent uniform Monte Carlo; not Sobol/Saltelli,10000
FSH,hp_iof_threshold,0.0011456623238654574,equal-count-bin estimate of Var(E[AUC|parameter])/Var(AUC),ordinary independent uniform Monte Carlo; not Sobol/Saltelli,10000
FSH,cl_to_p4_scale,0.002814061570538609,equal-count-bin estimate of Var(E[AUC|parameter])/Var(AUC),ordinary independent uniform Monte Carlo; not Sobol/Saltelli,10000
FSH,p4_clearance,0.01765679534061276,equal-count-bin estimate of Var(E[AUC|parameter])/Var(AUC),ordinary independent uniform Monte Carlo; not Sobol/Saltelli,10000
FSH,p4_baseline,0.004049836176122934,equal-count-bin estimate of Var(E[AUC|parameter])/Var(AUC),ordinary independent uniform Monte Carlo; not Sobol/Saltelli,10000
FSH,follicle_to_e2_scale,0.003706038931251663,equal-count-bin estimate of Var(E[AUC|parameter])/Var(AUC),ordinary independent uniform Monte Carlo; not Sobol/Saltelli,10000
FSH,e2_clearance,0.0052735528744742985,equal-count-bin estimate of Var(E[AUC|parameter])/Var(AUC),ordinary independent uniform Monte Carlo; not Sobol/Saltelli,10000
FSH,follicle_to_inhibin_scale,0.011212994427656957,equal-count-bin estimate of Var(E[AUC|parameter])/Var(AUC),ordinary independent uniform Monte Carlo; not Sobol/Saltelli,10000
FSH,inhibin_clearance,0.006589652596603757,equal-count-bin estimate of Var(E[AUC|parameter])/Var(AUC),ordinary independent uniform Monte Carlo; not Sobol/Saltelli,10000
FSH,hp_p4_enz_scale,0.0017813064279593185,equal-count-bin estimate of Var(E[AUC|parameter])/Var(AUC),ordinary independent uniform Monte Carlo; not Sobol/Saltelli,10000
FSH,hp_p4_enz_threshold,0.0023750143370057926,equal-count-bin estimate of Var(E[AUC|parameter])/Var(AUC),ordinary independent uniform Monte Carlo; not Sobol/Saltelli,10000
FSH,enz_clearance,0.0019485162527605505,equal-count-bin estimate of Var(E[AUC|parameter])/Var(AUC),ordinary independent uniform Monte Carlo; not Sobol/Saltelli,10000
FSH,hp_e2_oxt_scale,0.00544278344413404,equal-count-bin estimate of Var(E[AUC|parameter])/Var(AUC),ordinary independent uniform Monte Carlo; not Sobol/Saltelli,10000
FSH,hp_e2_oxt_threshold,0.007171645423201555,equal-count-bin estimate of Var(E[AUC|parameter])/Var(AUC),ordinary independent uniform Monte Carlo; not Sobol/Saltelli,10000
FSH,oxt_clearance,0.004947474634487881,equal-count-bin estimate of Var(E[AUC|parameter])/Var(AUC),ordinary independent uniform Monte Carlo; not Sobol/Saltelli,10000
FSH,lactation_oxt_scale,0.0011737180033658129,equal-count-bin estimate of Var(E[AUC|parameter])/Var(AUC),ordinary independent uniform Monte Carlo; not Sobol/Saltelli,10000
FSH,fat_mobilization_storage_threshold,0.0011794959790687508,equal-count-bin estimate of Var(E[AUC|parameter])/Var(AUC),ordinary independent uniform Monte Carlo; not Sobol/Saltelli,10000
FSH,lactation_oxt_decay,0.0017321672865159181,equal-count-bin estimate of Var(E[AUC|parameter])/Var(AUC),ordinary independent uniform Monte Carlo; not Sobol/Saltelli,10000
FSH,hp_pg_iof_scale,0.0019127814319808724,equal-count-bin estimate of Var(E[AUC|parameter])/Var(AUC),ordinary independent uniform Monte Carlo; not Sobol/Saltelli,10000
FSH,hp_pg_iof_threshold,0.0015850259980218263,equal-count-bin estimate of Var(E[AUC|parameter])/Var(AUC),ordinary independent uniform Monte Carlo; not Sobol/Saltelli,10000
FSH,hp_cl_iof_threshold,0.001967500423592279,equal-count-bin estimate of Var(E[AUC|parameter])/Var(AUC),ordinary independent uniform Monte Carlo; not Sobol/Saltelli,10000
FSH,iof_clearance,0.002374015932656598,equal-count-bin estimate of Var(E[AUC|parameter])/Var(AUC),ordinary independent uniform Monte Carlo; not Sobol/Saltelli,10000
FSH,hm_p4_igf_scale,0.002291922648335543,equal-count-bin estimate of Var(E[AUC|parameter])/Var(AUC),ordinary independent uniform Monte Carlo; not Sobol/Saltelli,10000
FSH,hm_p4_igf_threshold,0.001885650516101106,equal-count-bin estimate of Var(E[AUC|parameter])/Var(AUC),ordinary independent uniform Monte Carlo; not Sobol/Saltelli,10000
FSH,igf_clearance,0.0029995308325853473,equal-count-bin estimate of Var(E[AUC|parameter])/Var(AUC),ordinary independent uniform Monte Carlo; not Sobol/Saltelli,10000
FSH,igf_basal_release,0.0025244007411421364,equal-count-bin estimate of Var(E[AUC|parameter])/Var(AUC),ordinary independent uniform Monte Carlo; not Sobol/Saltelli,10000
FSH,igf_lh_sensitivity_scale,0.0026146761792968476,equal-count-bin estimate of Var(E[AUC|parameter])/Var(AUC),ordinary independent uniform Monte Carlo; not Sobol/Saltelli,10000
FSH,igf_lh_sensitivity_threshold,0.003539299112347456,equal-count-bin estimate of Var(E[AUC|parameter])/Var(AUC),ordinary independent uniform Monte Carlo; not Sobol/Saltelli,10000
FSH,insulin_fsh_scale,0.011314821300426504,equal-count-bin estimate of Var(E[AUC|parameter])/Var(AUC),ordinary independent uniform Monte Carlo; not Sobol/Saltelli,10000
FSH,insulin_fsh_threshold,0.010561648879069645,equal-count-bin estimate of Var(E[AUC|parameter])/Var(AUC),ordinary independent uniform Monte Carlo; not Sobol/Saltelli,10000
FSH,insulin_lh_scale,0.0019785637049517988,equal-count-bin estimate of Var(E[AUC|parameter])/Var(AUC),ordinary independent uniform Monte Carlo; not Sobol/Saltelli,10000
FSH,insulin_lh_threshold,0.002739507130138068,equal-count-bin estimate of Var(E[AUC|parameter])/Var(AUC),ordinary independent uniform Monte Carlo; not Sobol/Saltelli,10000
FSH,insulin_igf_scale,0.003951109511644063,equal-count-bin estimate of Var(E[AUC|parameter])/Var(AUC),ordinary independent uniform Monte Carlo; not Sobol/Saltelli,10000
FSH,insulin_igf_threshold,0.002181572316298633,equal-count-bin estimate of Var(E[AUC|parameter])/Var(AUC),ordinary independent uniform Monte Carlo; not Sobol/Saltelli,10000
FSH,feed_direct_blood_fraction,0.0020858418286780448,equal-count-bin estimate of Var(E[AUC|parameter])/Var(AUC),ordinary independent uniform Monte Carlo; not Sobol/Saltelli,10000
FSH,fat_to_liver_max,0.001275279956064892,equal-count-bin estimate of Var(E[AUC|parameter])/Var(AUC),ordinary independent uniform Monte Carlo; not Sobol/Saltelli,10000
FSH,storage_to_liver_threshold,0.0010492158350610544,equal-count-bin estimate of Var(E[AUC|parameter])/Var(AUC),ordinary independent uniform Monte Carlo; not Sobol/Saltelli,10000
FSH,storage_to_liver_max,0.0018621479133103006,equal-count-bin estimate of Var(E[AUC|parameter])/Var(AUC),ordinary independent uniform Monte Carlo; not Sobol/Saltelli,10000
FSH,milk_storage_threshold,0.0019221943488680461,equal-count-bin estimate of Var(E[AUC|parameter])/Var(AUC),ordinary independent uniform Monte Carlo; not Sobol/Saltelli,10000
FSH,liver_to_storage_max,0.0019568488907985475,equal-count-bin estimate of Var(E[AUC|parameter])/Var(AUC),ordinary independent uniform Monte Carlo; not Sobol/Saltelli,10000
FSH,blood_to_liver_glucose_threshold,0.006155310352360488,equal-count-bin estimate of Var(E[AUC|parameter])/Var(AUC),ordinary independent uniform Monte Carlo; not Sobol/Saltelli,10000
FSH,glucagon_secretion_max,0.00220577752724309,equal-count-bin estimate of Var(E[AUC|parameter])/Var(AUC),ordinary independent uniform Monte Carlo; not Sobol/Saltelli,10000
FSH,glucagon_clearance,0.00192889891374244,equal-count-bin estimate of Var(E[AUC|parameter])/Var(AUC),ordinary independent uniform Monte Carlo; not Sobol/Saltelli,10000
FSH,glucagon_glucose_threshold,0.0027907560560300557,equal-count-bin estimate of Var(E[AUC|parameter])/Var(AUC),ordinary independent uniform Monte Carlo; not Sobol/Saltelli,10000
FSH,hepatic_glucose_release,0.0025366936024305642,equal-count-bin estimate of Var(E[AUC|parameter])/Var(AUC),ordinary independent uniform Monte Carlo; not Sobol/Saltelli,10000
FSH,blood_to_liver_max,0.0022082295698726308,equal-count-bin estimate of Var(E[AUC|parameter])/Var(AUC),ordinary independent uniform Monte Carlo; not Sobol/Saltelli,10000
FSH,milk_fat_threshold,0.0007900886210802693,equal-count-bin estimate of Var(E[AUC|parameter])/Var(AUC),ordinary independent uniform Monte Carlo; not Sobol/Saltelli,10000
FSH,storage_fat_threshold,0.002199227544213499,equal-count-bin estimate of Var(E[AUC|parameter])/Var(AUC),ordinary independent uniform Monte Carlo; not Sobol/Saltelli,10000
FSH,insulin_glucose_threshold,0.1505679114729996,equal-count-bin estimate of Var(E[AUC|parameter])/Var(AUC),ordinary independent uniform Monte Carlo; not Sobol/Saltelli,10000
FSH,blood_usage_glucose_threshold,0.05472872439318972,equal-count-bin estimate of Var(E[AUC|parameter])/Var(AUC),ordinary independent uniform Monte Carlo; not Sobol/Saltelli,10000
FSH,blood_usage_max,0.0037602712823961455,equal-count-bin estimate of Var(E[AUC|parameter])/Var(AUC),ordinary independent uniform Monte Carlo; not Sobol/Saltelli,10000
FSH,liver_usage_rate,0.001553229258547718,equal-count-bin estimate of Var(E[AUC|parameter])/Var(AUC),ordinary independent uniform Monte Carlo; not Sobol/Saltelli,10000
FSH,milk_glucose_requirement,0.0010907601515082758,equal-count-bin estimate of Var(E[AUC|parameter])/Var(AUC),ordinary independent uniform Monte Carlo; not Sobol/Saltelli,10000
FSH,insulin_secretion_max,0.004638339750423968,equal-count-bin estimate of Var(E[AUC|parameter])/Var(AUC),ordinary independent uniform Monte Carlo; not Sobol/Saltelli,10000
FSH,insulin_clearance,0.005346527183786109,equal-count-bin estimate of Var(E[AUC|parameter])/Var(AUC),ordinary independent uniform Monte Carlo; not Sobol/Saltelli,10000
FSH,fat_glucose_transfer_threshold,0.002086147029061181,equal-count-bin estimate of Var(E[AUC|parameter])/Var(AUC),ordinary independent uniform Monte Carlo; not Sobol/Saltelli,10000
PGF,gnrh_hypo_max,0.0014938940006865536,equal-count-bin estimate of Var(E[AUC|parameter])/Var(AUC),ordinary independent uniform Monte Carlo; not Sobol/Saltelli,10000
PGF,gnrh_syn,0.0022503943571762293,equal-count-bin estimate of Var(E[AUC|parameter])/Var(AUC),ordinary independent uniform Monte Carlo; not Sobol/Saltelli,10000
PGF,gnrh_release_scale,0.0029649124351408115,equal-count-bin estimate of Var(E[AUC|parameter])/Var(AUC),ordinary independent uniform Monte Carlo; not Sobol/Saltelli,10000
PGF,hm_e2_1_threshold,0.0013137770912366397,equal-count-bin estimate of Var(E[AUC|parameter])/Var(AUC),ordinary independent uniform Monte Carlo; not Sobol/Saltelli,10000
PGF,hm_p4_1_threshold,0.001665098040658573,equal-count-bin estimate of Var(E[AUC|parameter])/Var(AUC),ordinary independent uniform Monte Carlo; not Sobol/Saltelli,10000
PGF,hm_p4_2_scale,0.0007971180276031099,equal-count-bin estimate of Var(E[AUC|parameter])/Var(AUC),ordinary independent uniform Monte Carlo; not Sobol/Saltelli,10000
PGF,hm_p4_2_threshold,0.002350668852688459,equal-count-bin estimate of Var(E[AUC|parameter])/Var(AUC),ordinary independent uniform Monte Carlo; not Sobol/Saltelli,10000
PGF,hp_e2_1_scale,0.0019798392256759616,equal-count-bin estimate of Var(E[AUC|parameter])/Var(AUC),ordinary independent uniform Monte Carlo; not Sobol/Saltelli,10000
PGF,hp_e2_1_threshold,0.0026919985159756716,equal-count-bin estimate of Var(E[AUC|parameter])/Var(AUC),ordinary independent uniform Monte Carlo; not Sobol/Saltelli,10000
PGF,gnrh_clearance,0.0012751295730939808,equal-count-bin estimate of Var(E[AUC|parameter])/Var(AUC),ordinary independent uniform Monte Carlo; not Sobol/Saltelli,10000
PGF,fsh_syn_scale,0.002835012887724272,equal-count-bin estimate of Var(E[AUC|parameter])/Var(AUC),ordinary independent uniform Monte Carlo; not Sobol/Saltelli,10000
PGF,hm_ih_2_threshold,0.002878496159546735,equal-count-bin estimate of Var(E[AUC|parameter])/Var(AUC),ordinary independent uniform Monte Carlo; not Sobol/Saltelli,10000
PGF,hp_p4_fsh_scale,0.0016712810573776184,equal-count-bin estimate of Var(E[AUC|parameter])/Var(AUC),ordinary independent uniform Monte Carlo; not Sobol/Saltelli,10000
PGF,hp_p4_fsh_threshold,0.002280122204360576,equal-count-bin estimate of Var(E[AUC|parameter])/Var(AUC),ordinary independent uniform Monte Carlo; not Sobol/Saltelli,10000
PGF,hm_e2_fsh_scale,0.0019525907113738077,equal-count-bin estimate of Var(E[AUC|parameter])/Var(AUC),ordinary independent uniform Monte Carlo; not Sobol/Saltelli,10000
PGF,hm_e2_fsh_threshold,0.00228617979665683,equal-count-bin estimate of Var(E[AUC|parameter])/Var(AUC),ordinary independent uniform Monte Carlo; not Sobol/Saltelli,10000
PGF,hp_gnrh_fsh_scale,0.0021694560555233664,equal-count-bin estimate of Var(E[AUC|parameter])/Var(AUC),ordinary independent uniform Monte Carlo; not Sobol/Saltelli,10000
PGF,hp_gnrh_fsh_threshold,0.002408325501201519,equal-count-bin estimate of Var(E[AUC|parameter])/Var(AUC),ordinary independent uniform Monte Carlo; not Sobol/Saltelli,10000
PGF,fsh_clearance,0.007711307682667053,equal-count-bin estimate of Var(E[AUC|parameter])/Var(AUC),ordinary independent uniform Monte Carlo; not Sobol/Saltelli,10000
PGF,fsh_basal_release,0.0037938305495772,equal-count-bin estimate of Var(E[AUC|parameter])/Var(AUC),ordinary independent uniform Monte Carlo; not Sobol/Saltelli,10000
PGF,hp_e2_lh_scale,0.0010678480806452216,equal-count-bin estimate of Var(E[AUC|parameter])/Var(AUC),ordinary independent uniform Monte Carlo; not Sobol/Saltelli,10000
PGF,hp_e2_lh_threshold,0.0017826808601546945,equal-count-bin estimate of Var(E[AUC|parameter])/Var(AUC),ordinary independent uniform Monte Carlo; not Sobol/Saltelli,10000
PGF,hm_p4_lh_scale,0.002333941477554152,equal-count-bin estimate of Var(E[AUC|parameter])/Var(AUC),ordinary independent uniform Monte Carlo; not Sobol/Saltelli,10000
PGF,hm_p4_lh_threshold,0.002811633358901161,equal-count-bin estimate of Var(E[AUC|parameter])/Var(AUC),ordinary independent uniform Monte Carlo; not Sobol/Saltelli,10000
PGF,hp_gnrh_lh_scale,0.002613790945296977,equal-count-bin estimate of Var(E[AUC|parameter])/Var(AUC),ordinary independent uniform Monte Carlo; not Sobol/Saltelli,10000
PGF,hp_gnrh_lh_threshold,0.003771063203814568,equal-count-bin estimate of Var(E[AUC|parameter])/Var(AUC),ordinary independent uniform Monte Carlo; not Sobol/Saltelli,10000
PGF,lh_basal_release,0.0016769428183140101,equal-count-bin estimate of Var(E[AUC|parameter])/Var(AUC),ordinary independent uniform Monte Carlo; not Sobol/Saltelli,10000
PGF,lh_clearance,0.0011906811861404547,equal-count-bin estimate of Var(E[AUC|parameter])/Var(AUC),ordinary independent uniform Monte Carlo; not Sobol/Saltelli,10000
PGF,hp_fsh_follicle_scale,0.015260107732421093,equal-count-bin estimate of Var(E[AUC|parameter])/Var(AUC),ordinary independent uniform Monte Carlo; not Sobol/Saltelli,10000
PGF,hp_fsh_follicle_threshold,0.001821088253026389,equal-count-bin estimate of Var(E[AUC|parameter])/Var(AUC),ordinary independent uniform Monte Carlo; not Sobol/Saltelli,10000
PGF,hm_follicle_threshold,0.007544327618077741,equal-count-bin estimate of Var(E[AUC|parameter])/Var(AUC),ordinary independent uniform Monte Carlo; not Sobol/Saltelli,10000
PGF,hp_p4_follicle_scale,0.01667553347731061,equal-count-bin estimate of Var(E[AUC|parameter])/Var(AUC),ordinary independent uniform Monte Carlo; not Sobol/Saltelli,10000
PGF,hp_p4_follicle_threshold,0.0036497423026561186,equal-count-bin estimate of Var(E[AUC|parameter])/Var(AUC),ordinary independent uniform Monte Carlo; not Sobol/Saltelli,10000
PGF,hp_lh_follicle_scale,0.0017408817951180548,equal-count-bin estimate of Var(E[AUC|parameter])/Var(AUC),ordinary independent uniform Monte Carlo; not Sobol/Saltelli,10000
PGF,hp_lh_follicle_threshold,0.00217845408414853,equal-count-bin estimate of Var(E[AUC|parameter])/Var(AUC),ordinary independent uniform Monte Carlo; not Sobol/Saltelli,10000
PGF,hp_enz_pg_scale,0.001687487178206488,equal-count-bin estimate of Var(E[AUC|parameter])/Var(AUC),ordinary independent uniform Monte Carlo; not Sobol/Saltelli,10000
PGF,hp_enz_pg_threshold,0.002052678001638964,equal-count-bin estimate of Var(E[AUC|parameter])/Var(AUC),ordinary independent uniform Monte Carlo; not Sobol/Saltelli,10000
PGF,hp_oxt_pg_threshold,0.007787895434000886,equal-count-bin estimate of Var(E[AUC|parameter])/Var(AUC),ordinary independent uniform Monte Carlo; not Sobol/Saltelli,10000
PGF,pg_clearance,0.0028657019188560715,equal-count-bin estimate of Var(E[AUC|parameter])/Var(AUC),ordinary independent uniform Monte Carlo; not Sobol/Saltelli,10000
PGF,cl_formation_scale,0.0023590823814064877,equal-count-bin estimate of Var(E[AUC|parameter])/Var(AUC),ordinary independent uniform Monte Carlo; not Sobol/Saltelli,10000
PGF,hp_cl_self_scale,0.0056211147378444565,equal-count-bin estimate of Var(E[AUC|parameter])/Var(AUC),ordinary independent uniform Monte Carlo; not Sobol/Saltelli,10000
PGF,hp_cl_self_threshold,0.0028293878964385033,equal-count-bin estimate of Var(E[AUC|parameter])/Var(AUC),ordinary independent uniform Monte Carlo; not Sobol/Saltelli,10000
PGF,hp_iof_scale,0.0011621260116823117,equal-count-bin estimate of Var(E[AUC|parameter])/Var(AUC),ordinary independent uniform Monte Carlo; not Sobol/Saltelli,10000
PGF,hp_iof_threshold,0.0012927969177289472,equal-count-bin estimate of Var(E[AUC|parameter])/Var(AUC),ordinary independent uniform Monte Carlo; not Sobol/Saltelli,10000
PGF,cl_to_p4_scale,0.00431472461262879,equal-count-bin estimate of Var(E[AUC|parameter])/Var(AUC),ordinary independent uniform Monte Carlo; not Sobol/Saltelli,10000
PGF,p4_clearance,0.0023756173682188135,equal-count-bin estimate of Var(E[AUC|parameter])/Var(AUC),ordinary independent uniform Monte Carlo; not Sobol/Saltelli,10000
PGF,p4_baseline,0.002448924260377036,equal-count-bin estimate of Var(E[AUC|parameter])/Var(AUC),ordinary independent uniform Monte Carlo; not Sobol/Saltelli,10000
PGF,follicle_to_e2_scale,0.0017634255638380447,equal-count-bin estimate of Var(E[AUC|parameter])/Var(AUC),ordinary independent uniform Monte Carlo; not Sobol/Saltelli,10000
PGF,e2_clearance,0.002680212064732495,equal-count-bin estimate of Var(E[AUC|parameter])/Var(AUC),ordinary independent uniform Monte Carlo; not Sobol/Saltelli,10000
PGF,follicle_to_inhibin_scale,0.0025559969229038693,equal-count-bin estimate of Var(E[AUC|parameter])/Var(AUC),ordinary independent uniform Monte Carlo; not Sobol/Saltelli,10000
PGF,inhibin_clearance,0.006646483107870665,equal-count-bin estimate of Var(E[AUC|parameter])/Var(AUC),ordinary independent uniform Monte Carlo; not Sobol/Saltelli,10000
PGF,hp_p4_enz_scale,0.0018782930509784865,equal-count-bin estimate of Var(E[AUC|parameter])/Var(AUC),ordinary independent uniform Monte Carlo; not Sobol/Saltelli,10000
PGF,hp_p4_enz_threshold,0.0009078386860629716,equal-count-bin estimate of Var(E[AUC|parameter])/Var(AUC),ordinary independent uniform Monte Carlo; not Sobol/Saltelli,10000
PGF,enz_clearance,0.0014635030684383838,equal-count-bin estimate of Var(E[AUC|parameter])/Var(AUC),ordinary independent uniform Monte Carlo; not Sobol/Saltelli,10000
PGF,hp_e2_oxt_scale,0.008106130681916712,equal-count-bin estimate of Var(E[AUC|parameter])/Var(AUC),ordinary independent uniform Monte Carlo; not Sobol/Saltelli,10000
PGF,hp_e2_oxt_threshold,0.00672746323775409,equal-count-bin estimate of Var(E[AUC|parameter])/Var(AUC),ordinary independent uniform Monte Carlo; not Sobol/Saltelli,10000
PGF,oxt_clearance,0.004381342276762423,equal-count-bin estimate of Var(E[AUC|parameter])/Var(AUC),ordinary independent uniform Monte Carlo; not Sobol/Saltelli,10000
PGF,lactation_oxt_scale,0.0014101424071750548,equal-count-bin estimate of Var(E[AUC|parameter])/Var(AUC),ordinary independent uniform Monte Carlo; not Sobol/Saltelli,10000
PGF,fat_mobilization_storage_threshold,0.0014589957978996583,equal-count-bin estimate of Var(E[AUC|parameter])/Var(AUC),ordinary independent uniform Monte Carlo; not Sobol/Saltelli,10000
PGF,lactation_oxt_decay,0.0008358740110082141,equal-count-bin estimate of Var(E[AUC|parameter])/Var(AUC),ordinary independent uniform Monte Carlo; not Sobol/Saltelli,10000
PGF,hp_pg_iof_scale,0.0014990736987878076,equal-count-bin estimate of Var(E[AUC|parameter])/Var(AUC),ordinary independent uniform Monte Carlo; not Sobol/Saltelli,10000
PGF,hp_pg_iof_threshold,0.0022394735130203867,equal-count-bin estimate of Var(E[AUC|parameter])/Var(AUC),ordinary independent uniform Monte Carlo; not Sobol/Saltelli,10000
PGF,hp_cl_iof_threshold,0.0020395376873615393,equal-count-bin estimate of Var(E[AUC|parameter])/Var(AUC),ordinary independent uniform Monte Carlo; not Sobol/Saltelli,10000
PGF,iof_clearance,0.0014765276842154628,equal-count-bin estimate of Var(E[AUC|parameter])/Var(AUC),ordinary independent uniform Monte Carlo; not Sobol/Saltelli,10000
PGF,hm_p4_igf_scale,0.0031012695926217683,equal-count-bin estimate of Var(E[AUC|parameter])/Var(AUC),ordinary independent uniform Monte Carlo; not Sobol/Saltelli,10000
PGF,hm_p4_igf_threshold,0.0017931937086782801,equal-count-bin estimate of Var(E[AUC|parameter])/Var(AUC),ordinary independent uniform Monte Carlo; not Sobol/Saltelli,10000
PGF,igf_clearance,0.0016280112596429334,equal-count-bin estimate of Var(E[AUC|parameter])/Var(AUC),ordinary independent uniform Monte Carlo; not Sobol/Saltelli,10000
PGF,igf_basal_release,0.001318053217373344,equal-count-bin estimate of Var(E[AUC|parameter])/Var(AUC),ordinary independent uniform Monte Carlo; not Sobol/Saltelli,10000
PGF,igf_lh_sensitivity_scale,0.0023960358156359784,equal-count-bin estimate of Var(E[AUC|parameter])/Var(AUC),ordinary independent uniform Monte Carlo; not Sobol/Saltelli,10000
PGF,igf_lh_sensitivity_threshold,0.0012685692717736262,equal-count-bin estimate of Var(E[AUC|parameter])/Var(AUC),ordinary independent uniform Monte Carlo; not Sobol/Saltelli,10000
PGF,insulin_fsh_scale,0.003924928065897117,equal-count-bin estimate of Var(E[AUC|parameter])/Var(AUC),ordinary independent uniform Monte Carlo; not Sobol/Saltelli,10000
PGF,insulin_fsh_threshold,0.0015846423608081772,equal-count-bin estimate of Var(E[AUC|parameter])/Var(AUC),ordinary independent uniform Monte Carlo; not Sobol/Saltelli,10000
PGF,insulin_lh_scale,0.0014804341429320738,equal-count-bin estimate of Var(E[AUC|parameter])/Var(AUC),ordinary independent uniform Monte Carlo; not Sobol/Saltelli,10000
PGF,insulin_lh_threshold,0.002328010575350948,equal-count-bin estimate of Var(E[AUC|parameter])/Var(AUC),ordinary independent uniform Monte Carlo; not Sobol/Saltelli,10000
PGF,insulin_igf_scale,0.0018771281541680497,equal-count-bin estimate of Var(E[AUC|parameter])/Var(AUC),ordinary independent uniform Monte Carlo; not Sobol/Saltelli,10000
PGF,insulin_igf_threshold,0.001580470222691615,equal-count-bin estimate of Var(E[AUC|parameter])/Var(AUC),ordinary independent uniform Monte Carlo; not Sobol/Saltelli,10000
PGF,feed_direct_blood_fraction,0.0016156351778192817,equal-count-bin estimate of Var(E[AUC|parameter])/Var(AUC),ordinary independent uniform Monte Carlo; not Sobol/Saltelli,10000
PGF,fat_to_liver_max,0.0014902694842068073,equal-count-bin estimate of Var(E[AUC|parameter])/Var(AUC),ordinary independent uniform Monte Carlo; not Sobol/Saltelli,10000
PGF,storage_to_liver_threshold,0.0009443232625365581,equal-count-bin estimate of Var(E[AUC|parameter])/Var(AUC),ordinary independent uniform Monte Carlo; not Sobol/Saltelli,10000
PGF,storage_to_liver_max,0.0009285526714573311,equal-count-bin estimate of Var(E[AUC|parameter])/Var(AUC),ordinary independent uniform Monte Carlo; not Sobol/Saltelli,10000
PGF,milk_storage_threshold,0.0013022602567907108,equal-count-bin estimate of Var(E[AUC|parameter])/Var(AUC),ordinary independent uniform Monte Carlo; not Sobol/Saltelli,10000
PGF,liver_to_storage_max,0.001970476745980498,equal-count-bin estimate of Var(E[AUC|parameter])/Var(AUC),ordinary independent uniform Monte Carlo; not Sobol/Saltelli,10000
PGF,blood_to_liver_glucose_threshold,0.0012646382142172425,equal-count-bin estimate of Var(E[AUC|parameter])/Var(AUC),ordinary independent uniform Monte Carlo; not Sobol/Saltelli,10000
PGF,glucagon_secretion_max,0.0012644211572633358,equal-count-bin estimate of Var(E[AUC|parameter])/Var(AUC),ordinary independent uniform Monte Carlo; not Sobol/Saltelli,10000
PGF,glucagon_clearance,0.0015694159085934353,equal-count-bin estimate of Var(E[AUC|parameter])/Var(AUC),ordinary independent uniform Monte Carlo; not Sobol/Saltelli,10000
PGF,glucagon_glucose_threshold,0.0026644399323074914,equal-count-bin estimate of Var(E[AUC|parameter])/Var(AUC),ordinary independent uniform Monte Carlo; not Sobol/Saltelli,10000
PGF,hepatic_glucose_release,0.001786148698122652,equal-count-bin estimate of Var(E[AUC|parameter])/Var(AUC),ordinary independent uniform Monte Carlo; not Sobol/Saltelli,10000
PGF,blood_to_liver_max,0.0008543895098138372,equal-count-bin estimate of Var(E[AUC|parameter])/Var(AUC),ordinary independent uniform Monte Carlo; not Sobol/Saltelli,10000
PGF,milk_fat_threshold,0.0015761675397587183,equal-count-bin estimate of Var(E[AUC|parameter])/Var(AUC),ordinary independent uniform Monte Carlo; not Sobol/Saltelli,10000
PGF,storage_fat_threshold,0.0018238499490509479,equal-count-bin estimate of Var(E[AUC|parameter])/Var(AUC),ordinary independent uniform Monte Carlo; not Sobol/Saltelli,10000
PGF,insulin_glucose_threshold,0.082218151505382,equal-count-bin estimate of Var(E[AUC|parameter])/Var(AUC),ordinary independent uniform Monte Carlo; not Sobol/Saltelli,10000
PGF,blood_usage_glucose_threshold,0.017561885477221487,equal-count-bin estimate of Var(E[AUC|parameter])/Var(AUC),ordinary independent uniform Monte Carlo; not Sobol/Saltelli,10000
PGF,blood_usage_max,0.002539256949563844,equal-count-bin estimate of Var(E[AUC|parameter])/Var(AUC),ordinary independent uniform Monte Carlo; not Sobol/Saltelli,10000
PGF,liver_usage_rate,0.0017216193389531676,equal-count-bin estimate of Var(E[AUC|parameter])/Var(AUC),ordinary independent uniform Monte Carlo; not Sobol/Saltelli,10000
PGF,milk_glucose_requirement,0.0021230114403831954,equal-count-bin estimate of Var(E[AUC|parameter])/Var(AUC),ordinary independent uniform Monte Carlo; not Sobol/Saltelli,10000
PGF,insulin_secretion_max,0.0022947871342458475,equal-count-bin estimate of Var(E[AUC|parameter])/Var(AUC),ordinary independent uniform Monte Carlo; not Sobol/Saltelli,10000
PGF,insulin_clearance,0.0013865861988370557,equal-count-bin estimate of Var(E[AUC|parameter])/Var(AUC),ordinary independent uniform Monte Carlo; not Sobol/Saltelli,10000
PGF,fat_glucose_transfer_threshold,0.0023584630625143183,equal-count-bin estimate of Var(E[AUC|parameter])/Var(AUC),ordinary independent uniform Monte Carlo; not Sobol/Saltelli,10000
P4,gnrh_hypo_max,0.002947370212817216,equal-count-bin estimate of Var(E[AUC|parameter])/Var(AUC),ordinary independent uniform Monte Carlo; not Sobol/Saltelli,10000
P4,gnrh_syn,0.005852779895083531,equal-count-bin estimate of Var(E[AUC|parameter])/Var(AUC),ordinary independent uniform Monte Carlo; not Sobol/Saltelli,10000
P4,gnrh_release_scale,0.001709077582629643,equal-count-bin estimate of Var(E[AUC|parameter])/Var(AUC),ordinary independent uniform Monte Carlo; not Sobol/Saltelli,10000
P4,hm_e2_1_threshold,0.00286770224099165,equal-count-bin estimate of Var(E[AUC|parameter])/Var(AUC),ordinary independent uniform Monte Carlo; not Sobol/Saltelli,10000
P4,hm_p4_1_threshold,0.003002191078871506,equal-count-bin estimate of Var(E[AUC|parameter])/Var(AUC),ordinary independent uniform Monte Carlo; not Sobol/Saltelli,10000
P4,hm_p4_2_scale,0.0012619314329523662,equal-count-bin estimate of Var(E[AUC|parameter])/Var(AUC),ordinary independent uniform Monte Carlo; not Sobol/Saltelli,10000
P4,hm_p4_2_threshold,0.0014868826118979855,equal-count-bin estimate of Var(E[AUC|parameter])/Var(AUC),ordinary independent uniform Monte Carlo; not Sobol/Saltelli,10000
P4,hp_e2_1_scale,0.004482987590611554,equal-count-bin estimate of Var(E[AUC|parameter])/Var(AUC),ordinary independent uniform Monte Carlo; not Sobol/Saltelli,10000
P4,hp_e2_1_threshold,0.014461730880258029,equal-count-bin estimate of Var(E[AUC|parameter])/Var(AUC),ordinary independent uniform Monte Carlo; not Sobol/Saltelli,10000
P4,gnrh_clearance,0.0021533359150403505,equal-count-bin estimate of Var(E[AUC|parameter])/Var(AUC),ordinary independent uniform Monte Carlo; not Sobol/Saltelli,10000
P4,fsh_syn_scale,0.003599038636627801,equal-count-bin estimate of Var(E[AUC|parameter])/Var(AUC),ordinary independent uniform Monte Carlo; not Sobol/Saltelli,10000
P4,hm_ih_2_threshold,0.006334120502589609,equal-count-bin estimate of Var(E[AUC|parameter])/Var(AUC),ordinary independent uniform Monte Carlo; not Sobol/Saltelli,10000
P4,hp_p4_fsh_scale,0.004486233727947004,equal-count-bin estimate of Var(E[AUC|parameter])/Var(AUC),ordinary independent uniform Monte Carlo; not Sobol/Saltelli,10000
P4,hp_p4_fsh_threshold,0.0020122478212576413,equal-count-bin estimate of Var(E[AUC|parameter])/Var(AUC),ordinary independent uniform Monte Carlo; not Sobol/Saltelli,10000
P4,hm_e2_fsh_scale,0.004405919090038086,equal-count-bin estimate of Var(E[AUC|parameter])/Var(AUC),ordinary independent uniform Monte Carlo; not Sobol/Saltelli,10000
P4,hm_e2_fsh_threshold,0.002093685130981959,equal-count-bin estimate of Var(E[AUC|parameter])/Var(AUC),ordinary independent uniform Monte Carlo; not Sobol/Saltelli,10000
P4,hp_gnrh_fsh_scale,0.0014577550370515019,equal-count-bin estimate of Var(E[AUC|parameter])/Var(AUC),ordinary independent uniform Monte Carlo; not Sobol/Saltelli,10000
P4,hp_gnrh_fsh_threshold,0.0021270516436082995,equal-count-bin estimate of Var(E[AUC|parameter])/Var(AUC),ordinary independent uniform Monte Carlo; not Sobol/Saltelli,10000
P4,fsh_clearance,0.009138540488194102,equal-count-bin estimate of Var(E[AUC|parameter])/Var(AUC),ordinary independent uniform Monte Carlo; not Sobol/Saltelli,10000
P4,fsh_basal_release,0.011872674078095315,equal-count-bin estimate of Var(E[AUC|parameter])/Var(AUC),ordinary independent uniform Monte Carlo; not Sobol/Saltelli,10000
P4,hp_e2_lh_scale,0.001680102839547886,equal-count-bin estimate of Var(E[AUC|parameter])/Var(AUC),ordinary independent uniform Monte Carlo; not Sobol/Saltelli,10000
P4,hp_e2_lh_threshold,0.0027316030597181826,equal-count-bin estimate of Var(E[AUC|parameter])/Var(AUC),ordinary independent uniform Monte Carlo; not Sobol/Saltelli,10000
P4,hm_p4_lh_scale,0.0032766932029537586,equal-count-bin estimate of Var(E[AUC|parameter])/Var(AUC),ordinary independent uniform Monte Carlo; not Sobol/Saltelli,10000
P4,hm_p4_lh_threshold,0.00273436885816234,equal-count-bin estimate of Var(E[AUC|parameter])/Var(AUC),ordinary independent uniform Monte Carlo; not Sobol/Saltelli,10000
P4,hp_gnrh_lh_scale,0.0030189749113221816,equal-count-bin estimate of Var(E[AUC|parameter])/Var(AUC),ordinary independent uniform Monte Carlo; not Sobol/Saltelli,10000
P4,hp_gnrh_lh_threshold,0.007122013768448253,equal-count-bin estimate of Var(E[AUC|parameter])/Var(AUC),ordinary independent uniform Monte Carlo; not Sobol/Saltelli,10000
P4,lh_basal_release,0.0017507586723260003,equal-count-bin estimate of Var(E[AUC|parameter])/Var(AUC),ordinary independent uniform Monte Carlo; not Sobol/Saltelli,10000
P4,lh_clearance,0.004396264587077932,equal-count-bin estimate of Var(E[AUC|parameter])/Var(AUC),ordinary independent uniform Monte Carlo; not Sobol/Saltelli,10000
P4,hp_fsh_follicle_scale,0.0322520672645847,equal-count-bin estimate of Var(E[AUC|parameter])/Var(AUC),ordinary independent uniform Monte Carlo; not Sobol/Saltelli,10000
P4,hp_fsh_follicle_threshold,0.0015853868821280599,equal-count-bin estimate of Var(E[AUC|parameter])/Var(AUC),ordinary independent uniform Monte Carlo; not Sobol/Saltelli,10000
P4,hm_follicle_threshold,0.016487259365875646,equal-count-bin estimate of Var(E[AUC|parameter])/Var(AUC),ordinary independent uniform Monte Carlo; not Sobol/Saltelli,10000
P4,hp_p4_follicle_scale,0.021146613023348755,equal-count-bin estimate of Var(E[AUC|parameter])/Var(AUC),ordinary independent uniform Monte Carlo; not Sobol/Saltelli,10000
P4,hp_p4_follicle_threshold,0.02140864420602033,equal-count-bin estimate of Var(E[AUC|parameter])/Var(AUC),ordinary independent uniform Monte Carlo; not Sobol/Saltelli,10000
P4,hp_lh_follicle_scale,0.0019952320858556446,equal-count-bin estimate of Var(E[AUC|parameter])/Var(AUC),ordinary independent uniform Monte Carlo; not Sobol/Saltelli,10000
P4,hp_lh_follicle_threshold,0.003034677729148345,equal-count-bin estimate of Var(E[AUC|parameter])/Var(AUC),ordinary independent uniform Monte Carlo; not Sobol/Saltelli,10000
P4,hp_enz_pg_scale,0.002597250083799829,equal-count-bin estimate of Var(E[AUC|parameter])/Var(AUC),ordinary independent uniform Monte Carlo; not Sobol/Saltelli,10000
P4,hp_enz_pg_threshold,0.001139644567552533,equal-count-bin estimate of Var(E[AUC|parameter])/Var(AUC),ordinary independent uniform Monte Carlo; not Sobol/Saltelli,10000
P4,hp_oxt_pg_threshold,0.009217132977879976,equal-count-bin estimate of Var(E[AUC|parameter])/Var(AUC),ordinary independent uniform Monte Carlo; not Sobol/Saltelli,10000
P4,pg_clearance,0.0026130224103346803,equal-count-bin estimate of Var(E[AUC|parameter])/Var(AUC),ordinary independent uniform Monte Carlo; not Sobol/Saltelli,10000
P4,cl_formation_scale,0.055103314988518864,equal-count-bin estimate of Var(E[AUC|parameter])/Var(AUC),ordinary independent uniform Monte Carlo; not Sobol/Saltelli,10000
P4,hp_cl_self_scale,0.0349365834953726,equal-count-bin estimate of Var(E[AUC|parameter])/Var(AUC),ordinary independent uniform Monte Carlo; not Sobol/Saltelli,10000
P4,hp_cl_self_threshold,0.0019286051302883059,equal-count-bin estimate of Var(E[AUC|parameter])/Var(AUC),ordinary independent uniform Monte Carlo; not Sobol/Saltelli,10000
P4,hp_iof_scale,0.0015149545174319434,equal-count-bin estimate of Var(E[AUC|parameter])/Var(AUC),ordinary independent uniform Monte Carlo; not Sobol/Saltelli,10000
P4,hp_iof_threshold,0.0035643887172812365,equal-count-bin estimate of Var(E[AUC|parameter])/Var(AUC),ordinary independent uniform Monte Carlo; not Sobol/Saltelli,10000
P4,cl_to_p4_scale,0.08220253388791317,equal-count-bin estimate of Var(E[AUC|parameter])/Var(AUC),ordinary independent uniform Monte Carlo; not Sobol/Saltelli,10000
P4,p4_clearance,0.048098289310508524,equal-count-bin estimate of Var(E[AUC|parameter])/Var(AUC),ordinary independent uniform Monte Carlo; not Sobol/Saltelli,10000
P4,p4_baseline,0.01149776268525212,equal-count-bin estimate of Var(E[AUC|parameter])/Var(AUC),ordinary independent uniform Monte Carlo; not Sobol/Saltelli,10000
P4,follicle_to_e2_scale,0.030653113153951694,equal-count-bin estimate of Var(E[AUC|parameter])/Var(AUC),ordinary independent uniform Monte Carlo; not Sobol/Saltelli,10000
P4,e2_clearance,0.01020711512396742,equal-count-bin estimate of Var(E[AUC|parameter])/Var(AUC),ordinary independent uniform Monte Carlo; not Sobol/Saltelli,10000
P4,follicle_to_inhibin_scale,0.006812644563593742,equal-count-bin estimate of Var(E[AUC|parameter])/Var(AUC),ordinary independent uniform Monte Carlo; not Sobol/Saltelli,10000
P4,inhibin_clearance,0.10144730206621384,equal-count-bin estimate of Var(E[AUC|parameter])/Var(AUC),ordinary independent uniform Monte Carlo; not Sobol/Saltelli,10000
P4,hp_p4_enz_scale,0.0026140706538960437,equal-count-bin estimate of Var(E[AUC|parameter])/Var(AUC),ordinary independent uniform Monte Carlo; not Sobol/Saltelli,10000
P4,hp_p4_enz_threshold,0.0016765110154067266,equal-count-bin estimate of Var(E[AUC|parameter])/Var(AUC),ordinary independent uniform Monte Carlo; not Sobol/Saltelli,10000
P4,enz_clearance,0.0029736153115664313,equal-count-bin estimate of Var(E[AUC|parameter])/Var(AUC),ordinary independent uniform Monte Carlo; not Sobol/Saltelli,10000
P4,hp_e2_oxt_scale,0.008661119631463397,equal-count-bin estimate of Var(E[AUC|parameter])/Var(AUC),ordinary independent uniform Monte Carlo; not Sobol/Saltelli,10000
P4,hp_e2_oxt_threshold,0.008027522880039911,equal-count-bin estimate of Var(E[AUC|parameter])/Var(AUC),ordinary independent uniform Monte Carlo; not Sobol/Saltelli,10000
P4,oxt_clearance,0.0037636088646529468,equal-count-bin estimate of Var(E[AUC|parameter])/Var(AUC),ordinary independent uniform Monte Carlo; not Sobol/Saltelli,10000
P4,lactation_oxt_scale,0.001409653851658446,equal-count-bin estimate of Var(E[AUC|parameter])/Var(AUC),ordinary independent uniform Monte Carlo; not Sobol/Saltelli,10000
P4,fat_mobilization_storage_threshold,0.0025013333411939664,equal-count-bin estimate of Var(E[AUC|parameter])/Var(AUC),ordinary independent uniform Monte Carlo; not Sobol/Saltelli,10000
P4,lactation_oxt_decay,0.0010372419984050459,equal-count-bin estimate of Var(E[AUC|parameter])/Var(AUC),ordinary independent uniform Monte Carlo; not Sobol/Saltelli,10000
P4,hp_pg_iof_scale,0.0019132916114369134,equal-count-bin estimate of Var(E[AUC|parameter])/Var(AUC),ordinary independent uniform Monte Carlo; not Sobol/Saltelli,10000
P4,hp_pg_iof_threshold,0.002429335133288895,equal-count-bin estimate of Var(E[AUC|parameter])/Var(AUC),ordinary independent uniform Monte Carlo; not Sobol/Saltelli,10000
P4,hp_cl_iof_threshold,0.002664482076789207,equal-count-bin estimate of Var(E[AUC|parameter])/Var(AUC),ordinary independent uniform Monte Carlo; not Sobol/Saltelli,10000
P4,iof_clearance,0.011432144384424395,equal-count-bin estimate of Var(E[AUC|parameter])/Var(AUC),ordinary independent uniform Monte Carlo; not Sobol/Saltelli,10000
P4,hm_p4_igf_scale,0.0026385364009311155,equal-count-bin estimate of Var(E[AUC|parameter])/Var(AUC),ordinary independent uniform Monte Carlo; not Sobol/Saltelli,10000
P4,hm_p4_igf_threshold,0.0008002204655692792,equal-count-bin estimate of Var(E[AUC|parameter])/Var(AUC),ordinary independent uniform Monte Carlo; not Sobol/Saltelli,10000
P4,igf_clearance,0.00408495258614719,equal-count-bin estimate of Var(E[AUC|parameter])/Var(AUC),ordinary independent uniform Monte Carlo; not Sobol/Saltelli,10000
P4,igf_basal_release,0.002422733374999716,equal-count-bin estimate of Var(E[AUC|parameter])/Var(AUC),ordinary independent uniform Monte Carlo; not Sobol/Saltelli,10000
P4,igf_lh_sensitivity_scale,0.001887943575605295,equal-count-bin estimate of Var(E[AUC|parameter])/Var(AUC),ordinary independent uniform Monte Carlo; not Sobol/Saltelli,10000
P4,igf_lh_sensitivity_threshold,0.0017439817852648633,equal-count-bin estimate of Var(E[AUC|parameter])/Var(AUC),ordinary independent uniform Monte Carlo; not Sobol/Saltelli,10000
P4,insulin_fsh_scale,0.004803263650723064,equal-count-bin estimate of Var(E[AUC|parameter])/Var(AUC),ordinary independent uniform Monte Carlo; not Sobol/Saltelli,10000
P4,insulin_fsh_threshold,0.005658457557849888,equal-count-bin estimate of Var(E[AUC|parameter])/Var(AUC),ordinary independent uniform Monte Carlo; not Sobol/Saltelli,10000
P4,insulin_lh_scale,0.003101622947054184,equal-count-bin estimate of Var(E[AUC|parameter])/Var(AUC),ordinary independent uniform Monte Carlo; not Sobol/Saltelli,10000
P4,insulin_lh_threshold,0.005010311082082654,equal-count-bin estimate of Var(E[AUC|parameter])/Var(AUC),ordinary independent uniform Monte Carlo; not Sobol/Saltelli,10000
P4,insulin_igf_scale,0.0030190481858156527,equal-count-bin estimate of Var(E[AUC|parameter])/Var(AUC),ordinary independent uniform Monte Carlo; not Sobol/Saltelli,10000
P4,insulin_igf_threshold,0.0007726729710957195,equal-count-bin estimate of Var(E[AUC|parameter])/Var(AUC),ordinary independent uniform Monte Carlo; not Sobol/Saltelli,10000
P4,feed_direct_blood_fraction,0.0014970788573838332,equal-count-bin estimate of Var(E[AUC|parameter])/Var(AUC),ordinary independent uniform Monte Carlo; not Sobol/Saltelli,10000
P4,fat_to_liver_max,0.0010295622056376097,equal-count-bin estimate of Var(E[AUC|parameter])/Var(AUC),ordinary independent uniform Monte Carlo; not Sobol/Saltelli,10000
P4,storage_to_liver_threshold,0.001594221583888417,equal-count-bin estimate of Var(E[AUC|parameter])/Var(AUC),ordinary independent uniform Monte Carlo; not Sobol/Saltelli,10000
P4,storage_to_liver_max,0.0017841850348263419,equal-count-bin estimate of Var(E[AUC|parameter])/Var(AUC),ordinary independent uniform Monte Carlo; not Sobol/Saltelli,10000
P4,milk_storage_threshold,0.0019681786185313014,equal-count-bin estimate of Var(E[AUC|parameter])/Var(AUC),ordinary independent uniform Monte Carlo; not Sobol/Saltelli,10000
P4,liver_to_storage_max,0.0018882413921535715,equal-count-bin estimate of Var(E[AUC|parameter])/Var(AUC),ordinary independent uniform Monte Carlo; not Sobol/Saltelli,10000
P4,blood_to_liver_glucose_threshold,0.0024486946972329796,equal-count-bin estimate of Var(E[AUC|parameter])/Var(AUC),ordinary independent uniform Monte Carlo; not Sobol/Saltelli,10000
P4,glucagon_secretion_max,0.0012032944507996018,equal-count-bin estimate of Var(E[AUC|parameter])/Var(AUC),ordinary independent uniform Monte Carlo; not Sobol/Saltelli,10000
P4,glucagon_clearance,0.002238412994933629,equal-count-bin estimate of Var(E[AUC|parameter])/Var(AUC),ordinary independent uniform Monte Carlo; not Sobol/Saltelli,10000
P4,glucagon_glucose_threshold,0.0027908011247496666,equal-count-bin estimate of Var(E[AUC|parameter])/Var(AUC),ordinary independent uniform Monte Carlo; not Sobol/Saltelli,10000
P4,hepatic_glucose_release,0.0021249983644865502,equal-count-bin estimate of Var(E[AUC|parameter])/Var(AUC),ordinary independent uniform Monte Carlo; not Sobol/Saltelli,10000
P4,blood_to_liver_max,0.0022021603819147046,equal-count-bin estimate of Var(E[AUC|parameter])/Var(AUC),ordinary independent uniform Monte Carlo; not Sobol/Saltelli,10000
P4,milk_fat_threshold,0.001945552445180404,equal-count-bin estimate of Var(E[AUC|parameter])/Var(AUC),ordinary independent uniform Monte Carlo; not Sobol/Saltelli,10000
P4,storage_fat_threshold,0.0017806081248228826,equal-count-bin estimate of Var(E[AUC|parameter])/Var(AUC),ordinary independent uniform Monte Carlo; not Sobol/Saltelli,10000
P4,insulin_glucose_threshold,0.06299239700231143,equal-count-bin estimate of Var(E[AUC|parameter])/Var(AUC),ordinary independent uniform Monte Carlo; not Sobol/Saltelli,10000
P4,blood_usage_glucose_threshold,0.01699609650674982,equal-count-bin estimate of Var(E[AUC|parameter])/Var(AUC),ordinary independent uniform Monte Carlo; not Sobol/Saltelli,10000
P4,blood_usage_max,0.0019535925292721618,equal-count-bin estimate of Var(E[AUC|parameter])/Var(AUC),ordinary independent uniform Monte Carlo; not Sobol/Saltelli,10000
P4,liver_usage_rate,0.002709920724834689,equal-count-bin estimate of Var(E[AUC|parameter])/Var(AUC),ordinary independent uniform Monte Carlo; not Sobol/Saltelli,10000
P4,milk_glucose_requirement,0.0015092986635491365,equal-count-bin estimate of Var(E[AUC|parameter])/Var(AUC),ordinary independent uniform Monte Carlo; not Sobol/Saltelli,10000
P4,insulin_secretion_max,0.002829439829924099,equal-count-bin estimate of Var(E[AUC|parameter])/Var(AUC),ordinary independent uniform Monte Carlo; not Sobol/Saltelli,10000
P4,insulin_clearance,0.0020020004009915254,equal-count-bin estimate of Var(E[AUC|parameter])/Var(AUC),ordinary independent uniform Monte Carlo; not Sobol/Saltelli,10000
P4,fat_glucose_transfer_threshold,0.002344721010460764,equal-count-bin estimate of Var(E[AUC|parameter])/Var(AUC),ordinary independent uniform Monte Carlo; not Sobol/Saltelli,10000
E2,gnrh_hypo_max,0.000984129793597209,equal-count-bin estimate of Var(E[AUC|parameter])/Var(AUC),ordinary independent uniform Monte Carlo; not Sobol/Saltelli,10000
E2,gnrh_syn,0.0044505849200254695,equal-count-bin estimate of Var(E[AUC|parameter])/Var(AUC),ordinary independent uniform Monte Carlo; not Sobol/Saltelli,10000
E2,gnrh_release_scale,0.0022044998960803284,equal-count-bin estimate of Var(E[AUC|parameter])/Var(AUC),ordinary independent uniform Monte Carlo; not Sobol/Saltelli,10000
E2,hm_e2_1_threshold,0.0019711964496064212,equal-count-bin estimate of Var(E[AUC|parameter])/Var(AUC),ordinary independent uniform Monte Carlo; not Sobol/Saltelli,10000
E2,hm_p4_1_threshold,0.0023750494571341545,equal-count-bin estimate of Var(E[AUC|parameter])/Var(AUC),ordinary independent uniform Monte Carlo; not Sobol/Saltelli,10000
E2,hm_p4_2_scale,0.0021724331366572,equal-count-bin estimate of Var(E[AUC|parameter])/Var(AUC),ordinary independent uniform Monte Carlo; not Sobol/Saltelli,10000
E2,hm_p4_2_threshold,0.001120968847937647,equal-count-bin estimate of Var(E[AUC|parameter])/Var(AUC),ordinary independent uniform Monte Carlo; not Sobol/Saltelli,10000
E2,hp_e2_1_scale,0.009273177735044626,equal-count-bin estimate of Var(E[AUC|parameter])/Var(AUC),ordinary independent uniform Monte Carlo; not Sobol/Saltelli,10000
E2,hp_e2_1_threshold,0.0081317346738264,equal-count-bin estimate of Var(E[AUC|parameter])/Var(AUC),ordinary independent uniform Monte Carlo; not Sobol/Saltelli,10000
E2,gnrh_clearance,0.002042674298389457,equal-count-bin estimate of Var(E[AUC|parameter])/Var(AUC),ordinary independent uniform Monte Carlo; not Sobol/Saltelli,10000
E2,fsh_syn_scale,0.001137765842243061,equal-count-bin estimate of Var(E[AUC|parameter])/Var(AUC),ordinary independent uniform Monte Carlo; not Sobol/Saltelli,10000
E2,hm_ih_2_threshold,0.0022968369681158523,equal-count-bin estimate of Var(E[AUC|parameter])/Var(AUC),ordinary independent uniform Monte Carlo; not Sobol/Saltelli,10000
E2,hp_p4_fsh_scale,0.0033636796554953746,equal-count-bin estimate of Var(E[AUC|parameter])/Var(AUC),ordinary independent uniform Monte Carlo; not Sobol/Saltelli,10000
E2,hp_p4_fsh_threshold,0.00130237174116491,equal-count-bin estimate of Var(E[AUC|parameter])/Var(AUC),ordinary independent uniform Monte Carlo; not Sobol/Saltelli,10000
E2,hm_e2_fsh_scale,0.0009469007757686093,equal-count-bin estimate of Var(E[AUC|parameter])/Var(AUC),ordinary independent uniform Monte Carlo; not Sobol/Saltelli,10000
E2,hm_e2_fsh_threshold,0.0016205315067430413,equal-count-bin estimate of Var(E[AUC|parameter])/Var(AUC),ordinary independent uniform Monte Carlo; not Sobol/Saltelli,10000
E2,hp_gnrh_fsh_scale,0.0011006493732060357,equal-count-bin estimate of Var(E[AUC|parameter])/Var(AUC),ordinary independent uniform Monte Carlo; not Sobol/Saltelli,10000
E2,hp_gnrh_fsh_threshold,0.0015100271344449193,equal-count-bin estimate of Var(E[AUC|parameter])/Var(AUC),ordinary independent uniform Monte Carlo; not Sobol/Saltelli,10000
E2,fsh_clearance,0.0025462091535889265,equal-count-bin estimate of Var(E[AUC|parameter])/Var(AUC),ordinary independent uniform Monte Carlo; not Sobol/Saltelli,10000
E2,fsh_basal_release,0.0030531033112752783,equal-count-bin estimate of Var(E[AUC|parameter])/Var(AUC),ordinary independent uniform Monte Carlo; not Sobol/Saltelli,10000
E2,hp_e2_lh_scale,0.003149354749952168,equal-count-bin estimate of Var(E[AUC|parameter])/Var(AUC),ordinary independent uniform Monte Carlo; not Sobol/Saltelli,10000
E2,hp_e2_lh_threshold,0.0030394769260850903,equal-count-bin estimate of Var(E[AUC|parameter])/Var(AUC),ordinary independent uniform Monte Carlo; not Sobol/Saltelli,10000
E2,hm_p4_lh_scale,0.0025261145468914808,equal-count-bin estimate of Var(E[AUC|parameter])/Var(AUC),ordinary independent uniform Monte Carlo; not Sobol/Saltelli,10000
E2,hm_p4_lh_threshold,0.004349497754138766,equal-count-bin estimate of Var(E[AUC|parameter])/Var(AUC),ordinary independent uniform Monte Carlo; not Sobol/Saltelli,10000
E2,hp_gnrh_lh_scale,0.0020842447688644333,equal-count-bin estimate of Var(E[AUC|parameter])/Var(AUC),ordinary independent uniform Monte Carlo; not Sobol/Saltelli,10000
E2,hp_gnrh_lh_threshold,0.004743876124807565,equal-count-bin estimate of Var(E[AUC|parameter])/Var(AUC),ordinary independent uniform Monte Carlo; not Sobol/Saltelli,10000
E2,lh_basal_release,0.0015259712960784032,equal-count-bin estimate of Var(E[AUC|parameter])/Var(AUC),ordinary independent uniform Monte Carlo; not Sobol/Saltelli,10000
E2,lh_clearance,0.003325574491811764,equal-count-bin estimate of Var(E[AUC|parameter])/Var(AUC),ordinary independent uniform Monte Carlo; not Sobol/Saltelli,10000
E2,hp_fsh_follicle_scale,0.008045098263355916,equal-count-bin estimate of Var(E[AUC|parameter])/Var(AUC),ordinary independent uniform Monte Carlo; not Sobol/Saltelli,10000
E2,hp_fsh_follicle_threshold,0.0024251166720735996,equal-count-bin estimate of Var(E[AUC|parameter])/Var(AUC),ordinary independent uniform Monte Carlo; not Sobol/Saltelli,10000
E2,hm_follicle_threshold,0.002132916858103318,equal-count-bin estimate of Var(E[AUC|parameter])/Var(AUC),ordinary independent uniform Monte Carlo; not Sobol/Saltelli,10000
E2,hp_p4_follicle_scale,0.0023013575377409906,equal-count-bin estimate of Var(E[AUC|parameter])/Var(AUC),ordinary independent uniform Monte Carlo; not Sobol/Saltelli,10000
E2,hp_p4_follicle_threshold,0.005424775916975625,equal-count-bin estimate of Var(E[AUC|parameter])/Var(AUC),ordinary independent uniform Monte Carlo; not Sobol/Saltelli,10000
E2,hp_lh_follicle_scale,0.004965591206986939,equal-count-bin estimate of Var(E[AUC|parameter])/Var(AUC),ordinary independent uniform Monte Carlo; not Sobol/Saltelli,10000
E2,hp_lh_follicle_threshold,0.0021115838644027852,equal-count-bin estimate of Var(E[AUC|parameter])/Var(AUC),ordinary independent uniform Monte Carlo; not Sobol/Saltelli,10000
E2,hp_enz_pg_scale,0.002310896264483835,equal-count-bin estimate of Var(E[AUC|parameter])/Var(AUC),ordinary independent uniform Monte Carlo; not Sobol/Saltelli,10000
E2,hp_enz_pg_threshold,0.0013204859109411725,equal-count-bin estimate of Var(E[AUC|parameter])/Var(AUC),ordinary independent uniform Monte Carlo; not Sobol/Saltelli,10000
E2,hp_oxt_pg_threshold,0.002756642257395458,equal-count-bin estimate of Var(E[AUC|parameter])/Var(AUC),ordinary independent uniform Monte Carlo; not Sobol/Saltelli,10000
E2,pg_clearance,0.0025449983016388633,equal-count-bin estimate of Var(E[AUC|parameter])/Var(AUC),ordinary independent uniform Monte Carlo; not Sobol/Saltelli,10000
E2,cl_formation_scale,0.0007365488222789377,equal-count-bin estimate of Var(E[AUC|parameter])/Var(AUC),ordinary independent uniform Monte Carlo; not Sobol/Saltelli,10000
E2,hp_cl_self_scale,0.0024390379128134162,equal-count-bin estimate of Var(E[AUC|parameter])/Var(AUC),ordinary independent uniform Monte Carlo; not Sobol/Saltelli,10000
E2,hp_cl_self_threshold,0.0012540833500172116,equal-count-bin estimate of Var(E[AUC|parameter])/Var(AUC),ordinary independent uniform Monte Carlo; not Sobol/Saltelli,10000
E2,hp_iof_scale,0.0015511900313351463,equal-count-bin estimate of Var(E[AUC|parameter])/Var(AUC),ordinary independent uniform Monte Carlo; not Sobol/Saltelli,10000
E2,hp_iof_threshold,0.001725668339160921,equal-count-bin estimate of Var(E[AUC|parameter])/Var(AUC),ordinary independent uniform Monte Carlo; not Sobol/Saltelli,10000
E2,cl_to_p4_scale,0.0015179385298923,equal-count-bin estimate of Var(E[AUC|parameter])/Var(AUC),ordinary independent uniform Monte Carlo; not Sobol/Saltelli,10000
E2,p4_clearance,0.001655872701574011,equal-count-bin estimate of Var(E[AUC|parameter])/Var(AUC),ordinary independent uniform Monte Carlo; not Sobol/Saltelli,10000
E2,p4_baseline,0.0013279700385911224,equal-count-bin estimate of Var(E[AUC|parameter])/Var(AUC),ordinary independent uniform Monte Carlo; not Sobol/Saltelli,10000
E2,follicle_to_e2_scale,0.003586995996628739,equal-count-bin estimate of Var(E[AUC|parameter])/Var(AUC),ordinary independent uniform Monte Carlo; not Sobol/Saltelli,10000
E2,e2_clearance,0.011234847769498799,equal-count-bin estimate of Var(E[AUC|parameter])/Var(AUC),ordinary independent uniform Monte Carlo; not Sobol/Saltelli,10000
E2,follicle_to_inhibin_scale,0.001147439286025021,equal-count-bin estimate of Var(E[AUC|parameter])/Var(AUC),ordinary independent uniform Monte Carlo; not Sobol/Saltelli,10000
E2,inhibin_clearance,0.006376497879810987,equal-count-bin estimate of Var(E[AUC|parameter])/Var(AUC),ordinary independent uniform Monte Carlo; not Sobol/Saltelli,10000
E2,hp_p4_enz_scale,0.0020505907002747632,equal-count-bin estimate of Var(E[AUC|parameter])/Var(AUC),ordinary independent uniform Monte Carlo; not Sobol/Saltelli,10000
E2,hp_p4_enz_threshold,0.0022585802691217054,equal-count-bin estimate of Var(E[AUC|parameter])/Var(AUC),ordinary independent uniform Monte Carlo; not Sobol/Saltelli,10000
E2,enz_clearance,0.0033612960851816887,equal-count-bin estimate of Var(E[AUC|parameter])/Var(AUC),ordinary independent uniform Monte Carlo; not Sobol/Saltelli,10000
E2,hp_e2_oxt_scale,0.004764714124329447,equal-count-bin estimate of Var(E[AUC|parameter])/Var(AUC),ordinary independent uniform Monte Carlo; not Sobol/Saltelli,10000
E2,hp_e2_oxt_threshold,0.0025148024515642938,equal-count-bin estimate of Var(E[AUC|parameter])/Var(AUC),ordinary independent uniform Monte Carlo; not Sobol/Saltelli,10000
E2,oxt_clearance,0.001258736297276481,equal-count-bin estimate of Var(E[AUC|parameter])/Var(AUC),ordinary independent uniform Monte Carlo; not Sobol/Saltelli,10000
E2,lactation_oxt_scale,0.001974412464134283,equal-count-bin estimate of Var(E[AUC|parameter])/Var(AUC),ordinary independent uniform Monte Carlo; not Sobol/Saltelli,10000
E2,fat_mobilization_storage_threshold,0.0013410521625838495,equal-count-bin estimate of Var(E[AUC|parameter])/Var(AUC),ordinary independent uniform Monte Carlo; not Sobol/Saltelli,10000
E2,lactation_oxt_decay,0.0009233776105443663,equal-count-bin estimate of Var(E[AUC|parameter])/Var(AUC),ordinary independent uniform Monte Carlo; not Sobol/Saltelli,10000
E2,hp_pg_iof_scale,0.0012263406728187402,equal-count-bin estimate of Var(E[AUC|parameter])/Var(AUC),ordinary independent uniform Monte Carlo; not Sobol/Saltelli,10000
E2,hp_pg_iof_threshold,0.002004766745593476,equal-count-bin estimate of Var(E[AUC|parameter])/Var(AUC),ordinary independent uniform Monte Carlo; not Sobol/Saltelli,10000
E2,hp_cl_iof_threshold,0.00311850848541887,equal-count-bin estimate of Var(E[AUC|parameter])/Var(AUC),ordinary independent uniform Monte Carlo; not Sobol/Saltelli,10000
E2,iof_clearance,0.0014858793660564708,equal-count-bin estimate of Var(E[AUC|parameter])/Var(AUC),ordinary independent uniform Monte Carlo; not Sobol/Saltelli,10000
E2,hm_p4_igf_scale,0.0028764865961699274,equal-count-bin estimate of Var(E[AUC|parameter])/Var(AUC),ordinary independent uniform Monte Carlo; not Sobol/Saltelli,10000
E2,hm_p4_igf_threshold,0.0019093119041117958,equal-count-bin estimate of Var(E[AUC|parameter])/Var(AUC),ordinary independent uniform Monte Carlo; not Sobol/Saltelli,10000
E2,igf_clearance,0.00593811012130118,equal-count-bin estimate of Var(E[AUC|parameter])/Var(AUC),ordinary independent uniform Monte Carlo; not Sobol/Saltelli,10000
E2,igf_basal_release,0.0028943469099382084,equal-count-bin estimate of Var(E[AUC|parameter])/Var(AUC),ordinary independent uniform Monte Carlo; not Sobol/Saltelli,10000
E2,igf_lh_sensitivity_scale,0.006767347383716175,equal-count-bin estimate of Var(E[AUC|parameter])/Var(AUC),ordinary independent uniform Monte Carlo; not Sobol/Saltelli,10000
E2,igf_lh_sensitivity_threshold,0.007585370275057696,equal-count-bin estimate of Var(E[AUC|parameter])/Var(AUC),ordinary independent uniform Monte Carlo; not Sobol/Saltelli,10000
E2,insulin_fsh_scale,0.002017342645742413,equal-count-bin estimate of Var(E[AUC|parameter])/Var(AUC),ordinary independent uniform Monte Carlo; not Sobol/Saltelli,10000
E2,insulin_fsh_threshold,0.001768665328753139,equal-count-bin estimate of Var(E[AUC|parameter])/Var(AUC),ordinary independent uniform Monte Carlo; not Sobol/Saltelli,10000
E2,insulin_lh_scale,0.009486105563859436,equal-count-bin estimate of Var(E[AUC|parameter])/Var(AUC),ordinary independent uniform Monte Carlo; not Sobol/Saltelli,10000
E2,insulin_lh_threshold,0.016580319471501515,equal-count-bin estimate of Var(E[AUC|parameter])/Var(AUC),ordinary independent uniform Monte Carlo; not Sobol/Saltelli,10000
E2,insulin_igf_scale,0.004257662408302774,equal-count-bin estimate of Var(E[AUC|parameter])/Var(AUC),ordinary independent uniform Monte Carlo; not Sobol/Saltelli,10000
E2,insulin_igf_threshold,0.0013691933433751682,equal-count-bin estimate of Var(E[AUC|parameter])/Var(AUC),ordinary independent uniform Monte Carlo; not Sobol/Saltelli,10000
E2,feed_direct_blood_fraction,0.0022438902338903634,equal-count-bin estimate of Var(E[AUC|parameter])/Var(AUC),ordinary independent uniform Monte Carlo; not Sobol/Saltelli,10000
E2,fat_to_liver_max,0.0021858854380641347,equal-count-bin estimate of Var(E[AUC|parameter])/Var(AUC),ordinary independent uniform Monte Carlo; not Sobol/Saltelli,10000
E2,storage_to_liver_threshold,0.0012006266632121837,equal-count-bin estimate of Var(E[AUC|parameter])/Var(AUC),ordinary independent uniform Monte Carlo; not Sobol/Saltelli,10000
E2,storage_to_liver_max,0.002269899565910889,equal-count-bin estimate of Var(E[AUC|parameter])/Var(AUC),ordinary independent uniform Monte Carlo; not Sobol/Saltelli,10000
E2,milk_storage_threshold,0.0019450439812687631,equal-count-bin estimate of Var(E[AUC|parameter])/Var(AUC),ordinary independent uniform Monte Carlo; not Sobol/Saltelli,10000
E2,liver_to_storage_max,0.002156645880457945,equal-count-bin estimate of Var(E[AUC|parameter])/Var(AUC),ordinary independent uniform Monte Carlo; not Sobol/Saltelli,10000
E2,blood_to_liver_glucose_threshold,0.020820179668523696,equal-count-bin estimate of Var(E[AUC|parameter])/Var(AUC),ordinary independent uniform Monte Carlo; not Sobol/Saltelli,10000
E2,glucagon_secretion_max,0.0051243905388083655,equal-count-bin estimate of Var(E[AUC|parameter])/Var(AUC),ordinary independent uniform Monte Carlo; not Sobol/Saltelli,10000
E2,glucagon_clearance,0.006275443801318394,equal-count-bin estimate of Var(E[AUC|parameter])/Var(AUC),ordinary independent uniform Monte Carlo; not Sobol/Saltelli,10000
E2,glucagon_glucose_threshold,0.004885392809584065,equal-count-bin estimate of Var(E[AUC|parameter])/Var(AUC),ordinary independent uniform Monte Carlo; not Sobol/Saltelli,10000
E2,hepatic_glucose_release,0.006133269577854356,equal-count-bin estimate of Var(E[AUC|parameter])/Var(AUC),ordinary independent uniform Monte Carlo; not Sobol/Saltelli,10000
E2,blood_to_liver_max,0.00174321087115026,equal-count-bin estimate of Var(E[AUC|parameter])/Var(AUC),ordinary independent uniform Monte Carlo; not Sobol/Saltelli,10000
E2,milk_fat_threshold,0.001550236051939052,equal-count-bin estimate of Var(E[AUC|parameter])/Var(AUC),ordinary independent uniform Monte Carlo; not Sobol/Saltelli,10000
E2,storage_fat_threshold,0.0025163956211404002,equal-count-bin estimate of Var(E[AUC|parameter])/Var(AUC),ordinary independent uniform Monte Carlo; not Sobol/Saltelli,10000
E2,insulin_glucose_threshold,0.5085281619162774,equal-count-bin estimate of Var(E[AUC|parameter])/Var(AUC),ordinary independent uniform Monte Carlo; not Sobol/Saltelli,10000
E2,blood_usage_glucose_threshold,0.22021065805601392,equal-count-bin estimate of Var(E[AUC|parameter])/Var(AUC),ordinary independent uniform Monte Carlo; not Sobol/Saltelli,10000
E2,blood_usage_max,0.00719356576033514,equal-count-bin estimate of Var(E[AUC|parameter])/Var(AUC),ordinary independent uniform Monte Carlo; not Sobol/Saltelli,10000
E2,liver_usage_rate,0.00361582434646241,equal-count-bin estimate of Var(E[AUC|parameter])/Var(AUC),ordinary independent uniform Monte Carlo; not Sobol/Saltelli,10000
E2,milk_glucose_requirement,0.0008688982878702869,equal-count-bin estimate of Var(E[AUC|parameter])/Var(AUC),ordinary independent uniform Monte Carlo; not Sobol/Saltelli,10000
E2,insulin_secretion_max,0.011239545033942904,equal-count-bin estimate of Var(E[AUC|parameter])/Var(AUC),ordinary independent uniform Monte Carlo; not Sobol/Saltelli,10000
E2,insulin_clearance,0.013450792478889993,equal-count-bin estimate of Var(E[AUC|parameter])/Var(AUC),ordinary independent uniform Monte Carlo; not Sobol/Saltelli,10000
E2,fat_glucose_transfer_threshold,0.002784382165267864,equal-count-bin estimate of Var(E[AUC|parameter])/Var(AUC),ordinary independent uniform Monte Carlo; not Sobol/Saltelli,10000
INH,gnrh_hypo_max,0.0014984731575291305,equal-count-bin estimate of Var(E[AUC|parameter])/Var(AUC),ordinary independent uniform Monte Carlo; not Sobol/Saltelli,10000
INH,gnrh_syn,0.008031890645783803,equal-count-bin estimate of Var(E[AUC|parameter])/Var(AUC),ordinary independent uniform Monte Carlo; not Sobol/Saltelli,10000
INH,gnrh_release_scale,0.0018089093196682513,equal-count-bin estimate of Var(E[AUC|parameter])/Var(AUC),ordinary independent uniform Monte Carlo; not Sobol/Saltelli,10000
INH,hm_e2_1_threshold,0.0011802787484105363,equal-count-bin estimate of Var(E[AUC|parameter])/Var(AUC),ordinary independent uniform Monte Carlo; not Sobol/Saltelli,10000
INH,hm_p4_1_threshold,0.001984840196034819,equal-count-bin estimate of Var(E[AUC|parameter])/Var(AUC),ordinary independent uniform Monte Carlo; not Sobol/Saltelli,10000
INH,hm_p4_2_scale,0.0018399976168068353,equal-count-bin estimate of Var(E[AUC|parameter])/Var(AUC),ordinary independent uniform Monte Carlo; not Sobol/Saltelli,10000
INH,hm_p4_2_threshold,0.001889179451273236,equal-count-bin estimate of Var(E[AUC|parameter])/Var(AUC),ordinary independent uniform Monte Carlo; not Sobol/Saltelli,10000
INH,hp_e2_1_scale,0.014119579570773875,equal-count-bin estimate of Var(E[AUC|parameter])/Var(AUC),ordinary independent uniform Monte Carlo; not Sobol/Saltelli,10000
INH,hp_e2_1_threshold,0.01424291352728473,equal-count-bin estimate of Var(E[AUC|parameter])/Var(AUC),ordinary independent uniform Monte Carlo; not Sobol/Saltelli,10000
INH,gnrh_clearance,0.0028765695041294216,equal-count-bin estimate of Var(E[AUC|parameter])/Var(AUC),ordinary independent uniform Monte Carlo; not Sobol/Saltelli,10000
INH,fsh_syn_scale,0.0065165136873319525,equal-count-bin estimate of Var(E[AUC|parameter])/Var(AUC),ordinary independent uniform Monte Carlo; not Sobol/Saltelli,10000
INH,hm_ih_2_threshold,0.016924172332886577,equal-count-bin estimate of Var(E[AUC|parameter])/Var(AUC),ordinary independent uniform Monte Carlo; not Sobol/Saltelli,10000
INH,hp_p4_fsh_scale,0.0025741921291416964,equal-count-bin estimate of Var(E[AUC|parameter])/Var(AUC),ordinary independent uniform Monte Carlo; not Sobol/Saltelli,10000
INH,hp_p4_fsh_threshold,0.0015082313651395042,equal-count-bin estimate of Var(E[AUC|parameter])/Var(AUC),ordinary independent uniform Monte Carlo; not Sobol/Saltelli,10000
INH,hm_e2_fsh_scale,0.0019220801876536256,equal-count-bin estimate of Var(E[AUC|parameter])/Var(AUC),ordinary independent uniform Monte Carlo; not Sobol/Saltelli,10000
INH,hm_e2_fsh_threshold,0.0014048264765427034,equal-count-bin estimate of Var(E[AUC|parameter])/Var(AUC),ordinary independent uniform Monte Carlo; not Sobol/Saltelli,10000
INH,hp_gnrh_fsh_scale,0.0011668782068943078,equal-count-bin estimate of Var(E[AUC|parameter])/Var(AUC),ordinary independent uniform Monte Carlo; not Sobol/Saltelli,10000
INH,hp_gnrh_fsh_threshold,0.0012130000614557622,equal-count-bin estimate of Var(E[AUC|parameter])/Var(AUC),ordinary independent uniform Monte Carlo; not Sobol/Saltelli,10000
INH,fsh_clearance,0.0021152383099730344,equal-count-bin estimate of Var(E[AUC|parameter])/Var(AUC),ordinary independent uniform Monte Carlo; not Sobol/Saltelli,10000
INH,fsh_basal_release,0.00418348617790801,equal-count-bin estimate of Var(E[AUC|parameter])/Var(AUC),ordinary independent uniform Monte Carlo; not Sobol/Saltelli,10000
INH,hp_e2_lh_scale,0.002998145574947114,equal-count-bin estimate of Var(E[AUC|parameter])/Var(AUC),ordinary independent uniform Monte Carlo; not Sobol/Saltelli,10000
INH,hp_e2_lh_threshold,0.0047231310737647645,equal-count-bin estimate of Var(E[AUC|parameter])/Var(AUC),ordinary independent uniform Monte Carlo; not Sobol/Saltelli,10000
INH,hm_p4_lh_scale,0.003865489736314131,equal-count-bin estimate of Var(E[AUC|parameter])/Var(AUC),ordinary independent uniform Monte Carlo; not Sobol/Saltelli,10000
INH,hm_p4_lh_threshold,0.006714661780268228,equal-count-bin estimate of Var(E[AUC|parameter])/Var(AUC),ordinary independent uniform Monte Carlo; not Sobol/Saltelli,10000
INH,hp_gnrh_lh_scale,0.0032864544583118406,equal-count-bin estimate of Var(E[AUC|parameter])/Var(AUC),ordinary independent uniform Monte Carlo; not Sobol/Saltelli,10000
INH,hp_gnrh_lh_threshold,0.008565603597734017,equal-count-bin estimate of Var(E[AUC|parameter])/Var(AUC),ordinary independent uniform Monte Carlo; not Sobol/Saltelli,10000
INH,lh_basal_release,0.0019695545783246973,equal-count-bin estimate of Var(E[AUC|parameter])/Var(AUC),ordinary independent uniform Monte Carlo; not Sobol/Saltelli,10000
INH,lh_clearance,0.004222483169784791,equal-count-bin estimate of Var(E[AUC|parameter])/Var(AUC),ordinary independent uniform Monte Carlo; not Sobol/Saltelli,10000
INH,hp_fsh_follicle_scale,0.02456085014206712,equal-count-bin estimate of Var(E[AUC|parameter])/Var(AUC),ordinary independent uniform Monte Carlo; not Sobol/Saltelli,10000
INH,hp_fsh_follicle_threshold,0.006990712738892947,equal-count-bin estimate of Var(E[AUC|parameter])/Var(AUC),ordinary independent uniform Monte Carlo; not Sobol/Saltelli,10000
INH,hm_follicle_threshold,0.0018227476140889362,equal-count-bin estimate of Var(E[AUC|parameter])/Var(AUC),ordinary independent uniform Monte Carlo; not Sobol/Saltelli,10000
INH,hp_p4_follicle_scale,0.017237414709353558,equal-count-bin estimate of Var(E[AUC|parameter])/Var(AUC),ordinary independent uniform Monte Carlo; not Sobol/Saltelli,10000
INH,hp_p4_follicle_threshold,0.014942026954126157,equal-count-bin estimate of Var(E[AUC|parameter])/Var(AUC),ordinary independent uniform Monte Carlo; not Sobol/Saltelli,10000
INH,hp_lh_follicle_scale,0.006312055180743604,equal-count-bin estimate of Var(E[AUC|parameter])/Var(AUC),ordinary independent uniform Monte Carlo; not Sobol/Saltelli,10000
INH,hp_lh_follicle_threshold,0.0017951156511932648,equal-count-bin estimate of Var(E[AUC|parameter])/Var(AUC),ordinary independent uniform Monte Carlo; not Sobol/Saltelli,10000
INH,hp_enz_pg_scale,0.0026355140136868405,equal-count-bin estimate of Var(E[AUC|parameter])/Var(AUC),ordinary independent uniform Monte Carlo; not Sobol/Saltelli,10000
INH,hp_enz_pg_threshold,0.0015760840224726428,equal-count-bin estimate of Var(E[AUC|parameter])/Var(AUC),ordinary independent uniform Monte Carlo; not Sobol/Saltelli,10000
INH,hp_oxt_pg_threshold,0.0018102163757547157,equal-count-bin estimate of Var(E[AUC|parameter])/Var(AUC),ordinary independent uniform Monte Carlo; not Sobol/Saltelli,10000
INH,pg_clearance,0.002263053961136555,equal-count-bin estimate of Var(E[AUC|parameter])/Var(AUC),ordinary independent uniform Monte Carlo; not Sobol/Saltelli,10000
INH,cl_formation_scale,0.0011496782033950156,equal-count-bin estimate of Var(E[AUC|parameter])/Var(AUC),ordinary independent uniform Monte Carlo; not Sobol/Saltelli,10000
INH,hp_cl_self_scale,0.0024049409797825814,equal-count-bin estimate of Var(E[AUC|parameter])/Var(AUC),ordinary independent uniform Monte Carlo; not Sobol/Saltelli,10000
INH,hp_cl_self_threshold,0.0011930469077008577,equal-count-bin estimate of Var(E[AUC|parameter])/Var(AUC),ordinary independent uniform Monte Carlo; not Sobol/Saltelli,10000
INH,hp_iof_scale,0.0010986459082916007,equal-count-bin estimate of Var(E[AUC|parameter])/Var(AUC),ordinary independent uniform Monte Carlo; not Sobol/Saltelli,10000
INH,hp_iof_threshold,0.0019691687321138954,equal-count-bin estimate of Var(E[AUC|parameter])/Var(AUC),ordinary independent uniform Monte Carlo; not Sobol/Saltelli,10000
INH,cl_to_p4_scale,0.0013152514133142593,equal-count-bin estimate of Var(E[AUC|parameter])/Var(AUC),ordinary independent uniform Monte Carlo; not Sobol/Saltelli,10000
INH,p4_clearance,0.002483166339210196,equal-count-bin estimate of Var(E[AUC|parameter])/Var(AUC),ordinary independent uniform Monte Carlo; not Sobol/Saltelli,10000
INH,p4_baseline,0.002050781810838596,equal-count-bin estimate of Var(E[AUC|parameter])/Var(AUC),ordinary independent uniform Monte Carlo; not Sobol/Saltelli,10000
INH,follicle_to_e2_scale,0.03156470449927353,equal-count-bin estimate of Var(E[AUC|parameter])/Var(AUC),ordinary independent uniform Monte Carlo; not Sobol/Saltelli,10000
INH,e2_clearance,0.009612375153368675,equal-count-bin estimate of Var(E[AUC|parameter])/Var(AUC),ordinary independent uniform Monte Carlo; not Sobol/Saltelli,10000
INH,follicle_to_inhibin_scale,0.07349262196857247,equal-count-bin estimate of Var(E[AUC|parameter])/Var(AUC),ordinary independent uniform Monte Carlo; not Sobol/Saltelli,10000
INH,inhibin_clearance,0.0027612967761032944,equal-count-bin estimate of Var(E[AUC|parameter])/Var(AUC),ordinary independent uniform Monte Carlo; not Sobol/Saltelli,10000
INH,hp_p4_enz_scale,0.0026183332993773402,equal-count-bin estimate of Var(E[AUC|parameter])/Var(AUC),ordinary independent uniform Monte Carlo; not Sobol/Saltelli,10000
INH,hp_p4_enz_threshold,0.0015023669342539667,equal-count-bin estimate of Var(E[AUC|parameter])/Var(AUC),ordinary independent uniform Monte Carlo; not Sobol/Saltelli,10000
INH,enz_clearance,0.0028223932400500756,equal-count-bin estimate of Var(E[AUC|parameter])/Var(AUC),ordinary independent uniform Monte Carlo; not Sobol/Saltelli,10000
INH,hp_e2_oxt_scale,0.003191458122498309,equal-count-bin estimate of Var(E[AUC|parameter])/Var(AUC),ordinary independent uniform Monte Carlo; not Sobol/Saltelli,10000
INH,hp_e2_oxt_threshold,0.00153693208408783,equal-count-bin estimate of Var(E[AUC|parameter])/Var(AUC),ordinary independent uniform Monte Carlo; not Sobol/Saltelli,10000
INH,oxt_clearance,0.001016919426983551,equal-count-bin estimate of Var(E[AUC|parameter])/Var(AUC),ordinary independent uniform Monte Carlo; not Sobol/Saltelli,10000
INH,lactation_oxt_scale,0.0020434966679378076,equal-count-bin estimate of Var(E[AUC|parameter])/Var(AUC),ordinary independent uniform Monte Carlo; not Sobol/Saltelli,10000
INH,fat_mobilization_storage_threshold,0.0010644676042595813,equal-count-bin estimate of Var(E[AUC|parameter])/Var(AUC),ordinary independent uniform Monte Carlo; not Sobol/Saltelli,10000
INH,lactation_oxt_decay,0.0012565153031599684,equal-count-bin estimate of Var(E[AUC|parameter])/Var(AUC),ordinary independent uniform Monte Carlo; not Sobol/Saltelli,10000
INH,hp_pg_iof_scale,0.0010314570905485688,equal-count-bin estimate of Var(E[AUC|parameter])/Var(AUC),ordinary independent uniform Monte Carlo; not Sobol/Saltelli,10000
INH,hp_pg_iof_threshold,0.0019080988064862716,equal-count-bin estimate of Var(E[AUC|parameter])/Var(AUC),ordinary independent uniform Monte Carlo; not Sobol/Saltelli,10000
INH,hp_cl_iof_threshold,0.0035346981033860573,equal-count-bin estimate of Var(E[AUC|parameter])/Var(AUC),ordinary independent uniform Monte Carlo; not Sobol/Saltelli,10000
INH,iof_clearance,0.0008527617594709442,equal-count-bin estimate of Var(E[AUC|parameter])/Var(AUC),ordinary independent uniform Monte Carlo; not Sobol/Saltelli,10000
INH,hm_p4_igf_scale,0.0052513377522613635,equal-count-bin estimate of Var(E[AUC|parameter])/Var(AUC),ordinary independent uniform Monte Carlo; not Sobol/Saltelli,10000
INH,hm_p4_igf_threshold,0.0026179442203009065,equal-count-bin estimate of Var(E[AUC|parameter])/Var(AUC),ordinary independent uniform Monte Carlo; not Sobol/Saltelli,10000
INH,igf_clearance,0.009235489218545997,equal-count-bin estimate of Var(E[AUC|parameter])/Var(AUC),ordinary independent uniform Monte Carlo; not Sobol/Saltelli,10000
INH,igf_basal_release,0.002449277994925748,equal-count-bin estimate of Var(E[AUC|parameter])/Var(AUC),ordinary independent uniform Monte Carlo; not Sobol/Saltelli,10000
INH,igf_lh_sensitivity_scale,0.008703988004982125,equal-count-bin estimate of Var(E[AUC|parameter])/Var(AUC),ordinary independent uniform Monte Carlo; not Sobol/Saltelli,10000
INH,igf_lh_sensitivity_threshold,0.009583854266034723,equal-count-bin estimate of Var(E[AUC|parameter])/Var(AUC),ordinary independent uniform Monte Carlo; not Sobol/Saltelli,10000
INH,insulin_fsh_scale,0.005205238953923511,equal-count-bin estimate of Var(E[AUC|parameter])/Var(AUC),ordinary independent uniform Monte Carlo; not Sobol/Saltelli,10000
INH,insulin_fsh_threshold,0.007546249342976744,equal-count-bin estimate of Var(E[AUC|parameter])/Var(AUC),ordinary independent uniform Monte Carlo; not Sobol/Saltelli,10000
INH,insulin_lh_scale,0.013769326760473762,equal-count-bin estimate of Var(E[AUC|parameter])/Var(AUC),ordinary independent uniform Monte Carlo; not Sobol/Saltelli,10000
INH,insulin_lh_threshold,0.027431962297929484,equal-count-bin estimate of Var(E[AUC|parameter])/Var(AUC),ordinary independent uniform Monte Carlo; not Sobol/Saltelli,10000
INH,insulin_igf_scale,0.005332947181578645,equal-count-bin estimate of Var(E[AUC|parameter])/Var(AUC),ordinary independent uniform Monte Carlo; not Sobol/Saltelli,10000
INH,insulin_igf_threshold,0.0011390411822120097,equal-count-bin estimate of Var(E[AUC|parameter])/Var(AUC),ordinary independent uniform Monte Carlo; not Sobol/Saltelli,10000
INH,feed_direct_blood_fraction,0.0015322059116750903,equal-count-bin estimate of Var(E[AUC|parameter])/Var(AUC),ordinary independent uniform Monte Carlo; not Sobol/Saltelli,10000
INH,fat_to_liver_max,0.0028786237059095,equal-count-bin estimate of Var(E[AUC|parameter])/Var(AUC),ordinary independent uniform Monte Carlo; not Sobol/Saltelli,10000
INH,storage_to_liver_threshold,0.0016344227269229797,equal-count-bin estimate of Var(E[AUC|parameter])/Var(AUC),ordinary independent uniform Monte Carlo; not Sobol/Saltelli,10000
INH,storage_to_liver_max,0.0025684280335590078,equal-count-bin estimate of Var(E[AUC|parameter])/Var(AUC),ordinary independent uniform Monte Carlo; not Sobol/Saltelli,10000
INH,milk_storage_threshold,0.001093168755747002,equal-count-bin estimate of Var(E[AUC|parameter])/Var(AUC),ordinary independent uniform Monte Carlo; not Sobol/Saltelli,10000
INH,liver_to_storage_max,0.002475069827591314,equal-count-bin estimate of Var(E[AUC|parameter])/Var(AUC),ordinary independent uniform Monte Carlo; not Sobol/Saltelli,10000
INH,blood_to_liver_glucose_threshold,0.0131983327810288,equal-count-bin estimate of Var(E[AUC|parameter])/Var(AUC),ordinary independent uniform Monte Carlo; not Sobol/Saltelli,10000
INH,glucagon_secretion_max,0.005151998935833066,equal-count-bin estimate of Var(E[AUC|parameter])/Var(AUC),ordinary independent uniform Monte Carlo; not Sobol/Saltelli,10000
INH,glucagon_clearance,0.005169531486540901,equal-count-bin estimate of Var(E[AUC|parameter])/Var(AUC),ordinary independent uniform Monte Carlo; not Sobol/Saltelli,10000
INH,glucagon_glucose_threshold,0.004616017336449407,equal-count-bin estimate of Var(E[AUC|parameter])/Var(AUC),ordinary independent uniform Monte Carlo; not Sobol/Saltelli,10000
INH,hepatic_glucose_release,0.004012408343057888,equal-count-bin estimate of Var(E[AUC|parameter])/Var(AUC),ordinary independent uniform Monte Carlo; not Sobol/Saltelli,10000
INH,blood_to_liver_max,0.0016397645679222036,equal-count-bin estimate of Var(E[AUC|parameter])/Var(AUC),ordinary independent uniform Monte Carlo; not Sobol/Saltelli,10000
INH,milk_fat_threshold,0.0017928538533905666,equal-count-bin estimate of Var(E[AUC|parameter])/Var(AUC),ordinary independent uniform Monte Carlo; not Sobol/Saltelli,10000
INH,storage_fat_threshold,0.002294642512207787,equal-count-bin estimate of Var(E[AUC|parameter])/Var(AUC),ordinary independent uniform Monte Carlo; not Sobol/Saltelli,10000
INH,insulin_glucose_threshold,0.3445017569889007,equal-count-bin estimate of Var(E[AUC|parameter])/Var(AUC),ordinary independent uniform Monte Carlo; not Sobol/Saltelli,10000
INH,blood_usage_glucose_threshold,0.14655760170751048,equal-count-bin estimate of Var(E[AUC|parameter])/Var(AUC),ordinary independent uniform Monte Carlo; not Sobol/Saltelli,10000
INH,blood_usage_max,0.005689023044399628,equal-count-bin estimate of Var(E[AUC|parameter])/Var(AUC),ordinary independent uniform Monte Carlo; not Sobol/Saltelli,10000
INH,liver_usage_rate,0.0027875699605546017,equal-count-bin estimate of Var(E[AUC|parameter])/Var(AUC),ordinary independent uniform Monte Carlo; not Sobol/Saltelli,10000
INH,milk_glucose_requirement,0.0012201958792846905,equal-count-bin estimate of Var(E[AUC|parameter])/Var(AUC),ordinary independent uniform Monte Carlo; not Sobol/Saltelli,10000
INH,insulin_secretion_max,0.008408998643598108,equal-count-bin estimate of Var(E[AUC|parameter])/Var(AUC),ordinary independent uniform Monte Carlo; not Sobol/Saltelli,10000
INH,insulin_clearance,0.009431400699188582,equal-count-bin estimate of Var(E[AUC|parameter])/Var(AUC),ordinary independent uniform Monte Carlo; not Sobol/Saltelli,10000
INH,fat_glucose_transfer_threshold,0.0025368264048384595,equal-count-bin estimate of Var(E[AUC|parameter])/Var(AUC),ordinary independent uniform Monte Carlo; not Sobol/Saltelli,10000
IGF1,gnrh_hypo_max,0.0015878925058161403,equal-count-bin estimate of Var(E[AUC|parameter])/Var(AUC),ordinary independent uniform Monte Carlo; not Sobol/Saltelli,10000
IGF1,gnrh_syn,0.0018166330654594905,equal-count-bin estimate of Var(E[AUC|parameter])/Var(AUC),ordinary independent uniform Monte Carlo; not Sobol/Saltelli,10000
IGF1,gnrh_release_scale,0.0024732280938052627,equal-count-bin estimate of Var(E[AUC|parameter])/Var(AUC),ordinary independent uniform Monte Carlo; not Sobol/Saltelli,10000
IGF1,hm_e2_1_threshold,0.0009682236493006203,equal-count-bin estimate of Var(E[AUC|parameter])/Var(AUC),ordinary independent uniform Monte Carlo; not Sobol/Saltelli,10000
IGF1,hm_p4_1_threshold,0.0023418373670128154,equal-count-bin estimate of Var(E[AUC|parameter])/Var(AUC),ordinary independent uniform Monte Carlo; not Sobol/Saltelli,10000
IGF1,hm_p4_2_scale,0.0017024980119209054,equal-count-bin estimate of Var(E[AUC|parameter])/Var(AUC),ordinary independent uniform Monte Carlo; not Sobol/Saltelli,10000
IGF1,hm_p4_2_threshold,0.0012383207028990964,equal-count-bin estimate of Var(E[AUC|parameter])/Var(AUC),ordinary independent uniform Monte Carlo; not Sobol/Saltelli,10000
IGF1,hp_e2_1_scale,0.0026554458727978563,equal-count-bin estimate of Var(E[AUC|parameter])/Var(AUC),ordinary independent uniform Monte Carlo; not Sobol/Saltelli,10000
IGF1,hp_e2_1_threshold,0.0029410538786112236,equal-count-bin estimate of Var(E[AUC|parameter])/Var(AUC),ordinary independent uniform Monte Carlo; not Sobol/Saltelli,10000
IGF1,gnrh_clearance,0.0019594152377887734,equal-count-bin estimate of Var(E[AUC|parameter])/Var(AUC),ordinary independent uniform Monte Carlo; not Sobol/Saltelli,10000
IGF1,fsh_syn_scale,0.0019008130264763874,equal-count-bin estimate of Var(E[AUC|parameter])/Var(AUC),ordinary independent uniform Monte Carlo; not Sobol/Saltelli,10000
IGF1,hm_ih_2_threshold,0.0028381845451072646,equal-count-bin estimate of Var(E[AUC|parameter])/Var(AUC),ordinary independent uniform Monte Carlo; not Sobol/Saltelli,10000
IGF1,hp_p4_fsh_scale,0.002129917814136038,equal-count-bin estimate of Var(E[AUC|parameter])/Var(AUC),ordinary independent uniform Monte Carlo; not Sobol/Saltelli,10000
IGF1,hp_p4_fsh_threshold,0.0022799510132759265,equal-count-bin estimate of Var(E[AUC|parameter])/Var(AUC),ordinary independent uniform Monte Carlo; not Sobol/Saltelli,10000
IGF1,hm_e2_fsh_scale,0.001422925891936279,equal-count-bin estimate of Var(E[AUC|parameter])/Var(AUC),ordinary independent uniform Monte Carlo; not Sobol/Saltelli,10000
IGF1,hm_e2_fsh_threshold,0.00206311415975812,equal-count-bin estimate of Var(E[AUC|parameter])/Var(AUC),ordinary independent uniform Monte Carlo; not Sobol/Saltelli,10000
IGF1,hp_gnrh_fsh_scale,0.0011000249409102937,equal-count-bin estimate of Var(E[AUC|parameter])/Var(AUC),ordinary independent uniform Monte Carlo; not Sobol/Saltelli,10000
IGF1,hp_gnrh_fsh_threshold,0.0020789943775867637,equal-count-bin estimate of Var(E[AUC|parameter])/Var(AUC),ordinary independent uniform Monte Carlo; not Sobol/Saltelli,10000
IGF1,fsh_clearance,0.002452668631246681,equal-count-bin estimate of Var(E[AUC|parameter])/Var(AUC),ordinary independent uniform Monte Carlo; not Sobol/Saltelli,10000
IGF1,fsh_basal_release,0.0023841764197059284,equal-count-bin estimate of Var(E[AUC|parameter])/Var(AUC),ordinary independent uniform Monte Carlo; not Sobol/Saltelli,10000
IGF1,hp_e2_lh_scale,0.002245770156147439,equal-count-bin estimate of Var(E[AUC|parameter])/Var(AUC),ordinary independent uniform Monte Carlo; not Sobol/Saltelli,10000
IGF1,hp_e2_lh_threshold,0.0015228427274992795,equal-count-bin estimate of Var(E[AUC|parameter])/Var(AUC),ordinary independent uniform Monte Carlo; not Sobol/Saltelli,10000
IGF1,hm_p4_lh_scale,0.0031370615423249185,equal-count-bin estimate of Var(E[AUC|parameter])/Var(AUC),ordinary independent uniform Monte Carlo; not Sobol/Saltelli,10000
IGF1,hm_p4_lh_threshold,0.0021567215850522275,equal-count-bin estimate of Var(E[AUC|parameter])/Var(AUC),ordinary independent uniform Monte Carlo; not Sobol/Saltelli,10000
IGF1,hp_gnrh_lh_scale,0.0018180541104450669,equal-count-bin estimate of Var(E[AUC|parameter])/Var(AUC),ordinary independent uniform Monte Carlo; not Sobol/Saltelli,10000
IGF1,hp_gnrh_lh_threshold,0.0018742811051157186,equal-count-bin estimate of Var(E[AUC|parameter])/Var(AUC),ordinary independent uniform Monte Carlo; not Sobol/Saltelli,10000
IGF1,lh_basal_release,0.0015962927446494884,equal-count-bin estimate of Var(E[AUC|parameter])/Var(AUC),ordinary independent uniform Monte Carlo; not Sobol/Saltelli,10000
IGF1,lh_clearance,0.0021553538775019774,equal-count-bin estimate of Var(E[AUC|parameter])/Var(AUC),ordinary independent uniform Monte Carlo; not Sobol/Saltelli,10000
IGF1,hp_fsh_follicle_scale,0.002685401189589314,equal-count-bin estimate of Var(E[AUC|parameter])/Var(AUC),ordinary independent uniform Monte Carlo; not Sobol/Saltelli,10000
IGF1,hp_fsh_follicle_threshold,0.003741599488590385,equal-count-bin estimate of Var(E[AUC|parameter])/Var(AUC),ordinary independent uniform Monte Carlo; not Sobol/Saltelli,10000
IGF1,hm_follicle_threshold,0.0016196295765461273,equal-count-bin estimate of Var(E[AUC|parameter])/Var(AUC),ordinary independent uniform Monte Carlo; not Sobol/Saltelli,10000
IGF1,hp_p4_follicle_scale,0.004400707837342178,equal-count-bin estimate of Var(E[AUC|parameter])/Var(AUC),ordinary independent uniform Monte Carlo; not Sobol/Saltelli,10000
IGF1,hp_p4_follicle_threshold,0.00247009680629093,equal-count-bin estimate of Var(E[AUC|parameter])/Var(AUC),ordinary independent uniform Monte Carlo; not Sobol/Saltelli,10000
IGF1,hp_lh_follicle_scale,0.0018920424877678622,equal-count-bin estimate of Var(E[AUC|parameter])/Var(AUC),ordinary independent uniform Monte Carlo; not Sobol/Saltelli,10000
IGF1,hp_lh_follicle_threshold,0.002517213800384931,equal-count-bin estimate of Var(E[AUC|parameter])/Var(AUC),ordinary independent uniform Monte Carlo; not Sobol/Saltelli,10000
IGF1,hp_enz_pg_scale,0.0017842324316183547,equal-count-bin estimate of Var(E[AUC|parameter])/Var(AUC),ordinary independent uniform Monte Carlo; not Sobol/Saltelli,10000
IGF1,hp_enz_pg_threshold,0.0012538024807013303,equal-count-bin estimate of Var(E[AUC|parameter])/Var(AUC),ordinary independent uniform Monte Carlo; not Sobol/Saltelli,10000
IGF1,hp_oxt_pg_threshold,0.008550180664315938,equal-count-bin estimate of Var(E[AUC|parameter])/Var(AUC),ordinary independent uniform Monte Carlo; not Sobol/Saltelli,10000
IGF1,pg_clearance,0.0023061798705343133,equal-count-bin estimate of Var(E[AUC|parameter])/Var(AUC),ordinary independent uniform Monte Carlo; not Sobol/Saltelli,10000
IGF1,cl_formation_scale,0.005205733983098047,equal-count-bin estimate of Var(E[AUC|parameter])/Var(AUC),ordinary independent uniform Monte Carlo; not Sobol/Saltelli,10000
IGF1,hp_cl_self_scale,0.0052113097435288296,equal-count-bin estimate of Var(E[AUC|parameter])/Var(AUC),ordinary independent uniform Monte Carlo; not Sobol/Saltelli,10000
IGF1,hp_cl_self_threshold,0.0020809202370174517,equal-count-bin estimate of Var(E[AUC|parameter])/Var(AUC),ordinary independent uniform Monte Carlo; not Sobol/Saltelli,10000
IGF1,hp_iof_scale,0.0016351323773715393,equal-count-bin estimate of Var(E[AUC|parameter])/Var(AUC),ordinary independent uniform Monte Carlo; not Sobol/Saltelli,10000
IGF1,hp_iof_threshold,0.0024187401507910385,equal-count-bin estimate of Var(E[AUC|parameter])/Var(AUC),ordinary independent uniform Monte Carlo; not Sobol/Saltelli,10000
IGF1,cl_to_p4_scale,0.007943322430624313,equal-count-bin estimate of Var(E[AUC|parameter])/Var(AUC),ordinary independent uniform Monte Carlo; not Sobol/Saltelli,10000
IGF1,p4_clearance,0.004286680312178189,equal-count-bin estimate of Var(E[AUC|parameter])/Var(AUC),ordinary independent uniform Monte Carlo; not Sobol/Saltelli,10000
IGF1,p4_baseline,0.0024617601503379013,equal-count-bin estimate of Var(E[AUC|parameter])/Var(AUC),ordinary independent uniform Monte Carlo; not Sobol/Saltelli,10000
IGF1,follicle_to_e2_scale,0.005755824400619487,equal-count-bin estimate of Var(E[AUC|parameter])/Var(AUC),ordinary independent uniform Monte Carlo; not Sobol/Saltelli,10000
IGF1,e2_clearance,0.002136306632971414,equal-count-bin estimate of Var(E[AUC|parameter])/Var(AUC),ordinary independent uniform Monte Carlo; not Sobol/Saltelli,10000
IGF1,follicle_to_inhibin_scale,0.002477368425588483,equal-count-bin estimate of Var(E[AUC|parameter])/Var(AUC),ordinary independent uniform Monte Carlo; not Sobol/Saltelli,10000
IGF1,inhibin_clearance,0.01288576739631161,equal-count-bin estimate of Var(E[AUC|parameter])/Var(AUC),ordinary independent uniform Monte Carlo; not Sobol/Saltelli,10000
IGF1,hp_p4_enz_scale,0.002140854979004722,equal-count-bin estimate of Var(E[AUC|parameter])/Var(AUC),ordinary independent uniform Monte Carlo; not Sobol/Saltelli,10000
IGF1,hp_p4_enz_threshold,0.0014179300071048841,equal-count-bin estimate of Var(E[AUC|parameter])/Var(AUC),ordinary independent uniform Monte Carlo; not Sobol/Saltelli,10000
IGF1,enz_clearance,0.002920796605525954,equal-count-bin estimate of Var(E[AUC|parameter])/Var(AUC),ordinary independent uniform Monte Carlo; not Sobol/Saltelli,10000
IGF1,hp_e2_oxt_scale,0.00807119458509021,equal-count-bin estimate of Var(E[AUC|parameter])/Var(AUC),ordinary independent uniform Monte Carlo; not Sobol/Saltelli,10000
IGF1,hp_e2_oxt_threshold,0.005999225943788678,equal-count-bin estimate of Var(E[AUC|parameter])/Var(AUC),ordinary independent uniform Monte Carlo; not Sobol/Saltelli,10000
IGF1,oxt_clearance,0.0030297923965229108,equal-count-bin estimate of Var(E[AUC|parameter])/Var(AUC),ordinary independent uniform Monte Carlo; not Sobol/Saltelli,10000
IGF1,lactation_oxt_scale,0.001503623098158396,equal-count-bin estimate of Var(E[AUC|parameter])/Var(AUC),ordinary independent uniform Monte Carlo; not Sobol/Saltelli,10000
IGF1,fat_mobilization_storage_threshold,0.0013396656199504088,equal-count-bin estimate of Var(E[AUC|parameter])/Var(AUC),ordinary independent uniform Monte Carlo; not Sobol/Saltelli,10000
IGF1,lactation_oxt_decay,0.0014080106683303968,equal-count-bin estimate of Var(E[AUC|parameter])/Var(AUC),ordinary independent uniform Monte Carlo; not Sobol/Saltelli,10000
IGF1,hp_pg_iof_scale,0.0014654223371728281,equal-count-bin estimate of Var(E[AUC|parameter])/Var(AUC),ordinary independent uniform Monte Carlo; not Sobol/Saltelli,10000
IGF1,hp_pg_iof_threshold,0.0014868783798783068,equal-count-bin estimate of Var(E[AUC|parameter])/Var(AUC),ordinary independent uniform Monte Carlo; not Sobol/Saltelli,10000
IGF1,hp_cl_iof_threshold,0.0012313318185708901,equal-count-bin estimate of Var(E[AUC|parameter])/Var(AUC),ordinary independent uniform Monte Carlo; not Sobol/Saltelli,10000
IGF1,iof_clearance,0.0027362479723755033,equal-count-bin estimate of Var(E[AUC|parameter])/Var(AUC),ordinary independent uniform Monte Carlo; not Sobol/Saltelli,10000
IGF1,hm_p4_igf_scale,0.03286946264831095,equal-count-bin estimate of Var(E[AUC|parameter])/Var(AUC),ordinary independent uniform Monte Carlo; not Sobol/Saltelli,10000
IGF1,hm_p4_igf_threshold,0.0132353250057109,equal-count-bin estimate of Var(E[AUC|parameter])/Var(AUC),ordinary independent uniform Monte Carlo; not Sobol/Saltelli,10000
IGF1,igf_clearance,0.3463050699928838,equal-count-bin estimate of Var(E[AUC|parameter])/Var(AUC),ordinary independent uniform Monte Carlo; not Sobol/Saltelli,10000
IGF1,igf_basal_release,0.1896849139599108,equal-count-bin estimate of Var(E[AUC|parameter])/Var(AUC),ordinary independent uniform Monte Carlo; not Sobol/Saltelli,10000
IGF1,igf_lh_sensitivity_scale,0.00209041038882476,equal-count-bin estimate of Var(E[AUC|parameter])/Var(AUC),ordinary independent uniform Monte Carlo; not Sobol/Saltelli,10000
IGF1,igf_lh_sensitivity_threshold,0.0009502223087986868,equal-count-bin estimate of Var(E[AUC|parameter])/Var(AUC),ordinary independent uniform Monte Carlo; not Sobol/Saltelli,10000
IGF1,insulin_fsh_scale,0.005762540036577435,equal-count-bin estimate of Var(E[AUC|parameter])/Var(AUC),ordinary independent uniform Monte Carlo; not Sobol/Saltelli,10000
IGF1,insulin_fsh_threshold,0.003683367820702604,equal-count-bin estimate of Var(E[AUC|parameter])/Var(AUC),ordinary independent uniform Monte Carlo; not Sobol/Saltelli,10000
IGF1,insulin_lh_scale,0.0026117133155747767,equal-count-bin estimate of Var(E[AUC|parameter])/Var(AUC),ordinary independent uniform Monte Carlo; not Sobol/Saltelli,10000
IGF1,insulin_lh_threshold,0.0026020136439149017,equal-count-bin estimate of Var(E[AUC|parameter])/Var(AUC),ordinary independent uniform Monte Carlo; not Sobol/Saltelli,10000
IGF1,insulin_igf_scale,0.03334202999632649,equal-count-bin estimate of Var(E[AUC|parameter])/Var(AUC),ordinary independent uniform Monte Carlo; not Sobol/Saltelli,10000
IGF1,insulin_igf_threshold,0.008931824654294535,equal-count-bin estimate of Var(E[AUC|parameter])/Var(AUC),ordinary independent uniform Monte Carlo; not Sobol/Saltelli,10000
IGF1,feed_direct_blood_fraction,0.001402585921310097,equal-count-bin estimate of Var(E[AUC|parameter])/Var(AUC),ordinary independent uniform Monte Carlo; not Sobol/Saltelli,10000
IGF1,fat_to_liver_max,0.0021618413917472486,equal-count-bin estimate of Var(E[AUC|parameter])/Var(AUC),ordinary independent uniform Monte Carlo; not Sobol/Saltelli,10000
IGF1,storage_to_liver_threshold,0.0008262303086077551,equal-count-bin estimate of Var(E[AUC|parameter])/Var(AUC),ordinary independent uniform Monte Carlo; not Sobol/Saltelli,10000
IGF1,storage_to_liver_max,0.002116025317610394,equal-count-bin estimate of Var(E[AUC|parameter])/Var(AUC),ordinary independent uniform Monte Carlo; not Sobol/Saltelli,10000
IGF1,milk_storage_threshold,0.0009368814298797374,equal-count-bin estimate of Var(E[AUC|parameter])/Var(AUC),ordinary independent uniform Monte Carlo; not Sobol/Saltelli,10000
IGF1,liver_to_storage_max,0.0012197422305481012,equal-count-bin estimate of Var(E[AUC|parameter])/Var(AUC),ordinary independent uniform Monte Carlo; not Sobol/Saltelli,10000
IGF1,blood_to_liver_glucose_threshold,0.01069927089910218,equal-count-bin estimate of Var(E[AUC|parameter])/Var(AUC),ordinary independent uniform Monte Carlo; not Sobol/Saltelli,10000
IGF1,glucagon_secretion_max,0.00219297333158155,equal-count-bin estimate of Var(E[AUC|parameter])/Var(AUC),ordinary independent uniform Monte Carlo; not Sobol/Saltelli,10000
IGF1,glucagon_clearance,0.0025322526290851013,equal-count-bin estimate of Var(E[AUC|parameter])/Var(AUC),ordinary independent uniform Monte Carlo; not Sobol/Saltelli,10000
IGF1,glucagon_glucose_threshold,0.0031129172260715627,equal-count-bin estimate of Var(E[AUC|parameter])/Var(AUC),ordinary independent uniform Monte Carlo; not Sobol/Saltelli,10000
IGF1,hepatic_glucose_release,0.005091283365771528,equal-count-bin estimate of Var(E[AUC|parameter])/Var(AUC),ordinary independent uniform Monte Carlo; not Sobol/Saltelli,10000
IGF1,blood_to_liver_max,0.002397165866612371,equal-count-bin estimate of Var(E[AUC|parameter])/Var(AUC),ordinary independent uniform Monte Carlo; not Sobol/Saltelli,10000
IGF1,milk_fat_threshold,0.0011540791409436586,equal-count-bin estimate of Var(E[AUC|parameter])/Var(AUC),ordinary independent uniform Monte Carlo; not Sobol/Saltelli,10000
IGF1,storage_fat_threshold,0.002822796225653583,equal-count-bin estimate of Var(E[AUC|parameter])/Var(AUC),ordinary independent uniform Monte Carlo; not Sobol/Saltelli,10000
IGF1,insulin_glucose_threshold,0.18858704561835854,equal-count-bin estimate of Var(E[AUC|parameter])/Var(AUC),ordinary independent uniform Monte Carlo; not Sobol/Saltelli,10000
IGF1,blood_usage_glucose_threshold,0.09064517657741186,equal-count-bin estimate of Var(E[AUC|parameter])/Var(AUC),ordinary independent uniform Monte Carlo; not Sobol/Saltelli,10000
IGF1,blood_usage_max,0.005477295332085205,equal-count-bin estimate of Var(E[AUC|parameter])/Var(AUC),ordinary independent uniform Monte Carlo; not Sobol/Saltelli,10000
IGF1,liver_usage_rate,0.0026129522231288704,equal-count-bin estimate of Var(E[AUC|parameter])/Var(AUC),ordinary independent uniform Monte Carlo; not Sobol/Saltelli,10000
IGF1,milk_glucose_requirement,0.0015329176864564574,equal-count-bin estimate of Var(E[AUC|parameter])/Var(AUC),ordinary independent uniform Monte Carlo; not Sobol/Saltelli,10000
IGF1,insulin_secretion_max,0.004268829786827596,equal-count-bin estimate of Var(E[AUC|parameter])/Var(AUC),ordinary independent uniform Monte Carlo; not Sobol/Saltelli,10000
IGF1,insulin_clearance,0.006424118358078458,equal-count-bin estimate of Var(E[AUC|parameter])/Var(AUC),ordinary independent uniform Monte Carlo; not Sobol/Saltelli,10000
IGF1,fat_glucose_transfer_threshold,0.0018565169635165895,equal-count-bin estimate of Var(E[AUC|parameter])/Var(AUC),ordinary independent uniform Monte Carlo; not Sobol/Saltelli,10000
Insulin,gnrh_hypo_max,0.0011848701812636143,equal-count-bin estimate of Var(E[AUC|parameter])/Var(AUC),ordinary independent uniform Monte Carlo; not Sobol/Saltelli,10000
Insulin,gnrh_syn,0.002106128028985388,equal-count-bin estimate of Var(E[AUC|parameter])/Var(AUC),ordinary independent uniform Monte Carlo; not Sobol/Saltelli,10000
Insulin,gnrh_release_scale,0.003239067503870163,equal-count-bin estimate of Var(E[AUC|parameter])/Var(AUC),ordinary independent uniform Monte Carlo; not Sobol/Saltelli,10000
Insulin,hm_e2_1_threshold,0.0014495460450978143,equal-count-bin estimate of Var(E[AUC|parameter])/Var(AUC),ordinary independent uniform Monte Carlo; not Sobol/Saltelli,10000
Insulin,hm_p4_1_threshold,0.002542215715730289,equal-count-bin estimate of Var(E[AUC|parameter])/Var(AUC),ordinary independent uniform Monte Carlo; not Sobol/Saltelli,10000
Insulin,hm_p4_2_scale,0.002173930925594101,equal-count-bin estimate of Var(E[AUC|parameter])/Var(AUC),ordinary independent uniform Monte Carlo; not Sobol/Saltelli,10000
Insulin,hm_p4_2_threshold,0.0015401806602192993,equal-count-bin estimate of Var(E[AUC|parameter])/Var(AUC),ordinary independent uniform Monte Carlo; not Sobol/Saltelli,10000
Insulin,hp_e2_1_scale,0.0019489810485809952,equal-count-bin estimate of Var(E[AUC|parameter])/Var(AUC),ordinary independent uniform Monte Carlo; not Sobol/Saltelli,10000
Insulin,hp_e2_1_threshold,0.001802221825274374,equal-count-bin estimate of Var(E[AUC|parameter])/Var(AUC),ordinary independent uniform Monte Carlo; not Sobol/Saltelli,10000
Insulin,gnrh_clearance,0.0015839262439287282,equal-count-bin estimate of Var(E[AUC|parameter])/Var(AUC),ordinary independent uniform Monte Carlo; not Sobol/Saltelli,10000
Insulin,fsh_syn_scale,0.0014523341196545911,equal-count-bin estimate of Var(E[AUC|parameter])/Var(AUC),ordinary independent uniform Monte Carlo; not Sobol/Saltelli,10000
Insulin,hm_ih_2_threshold,0.0027413678166427606,equal-count-bin estimate of Var(E[AUC|parameter])/Var(AUC),ordinary independent uniform Monte Carlo; not Sobol/Saltelli,10000
Insulin,hp_p4_fsh_scale,0.0023455802954876802,equal-count-bin estimate of Var(E[AUC|parameter])/Var(AUC),ordinary independent uniform Monte Carlo; not Sobol/Saltelli,10000
Insulin,hp_p4_fsh_threshold,0.0016414471392511279,equal-count-bin estimate of Var(E[AUC|parameter])/Var(AUC),ordinary independent uniform Monte Carlo; not Sobol/Saltelli,10000
Insulin,hm_e2_fsh_scale,0.0015636571671791535,equal-count-bin estimate of Var(E[AUC|parameter])/Var(AUC),ordinary independent uniform Monte Carlo; not Sobol/Saltelli,10000
Insulin,hm_e2_fsh_threshold,0.0016034098484002917,equal-count-bin estimate of Var(E[AUC|parameter])/Var(AUC),ordinary independent uniform Monte Carlo; not Sobol/Saltelli,10000
Insulin,hp_gnrh_fsh_scale,0.0016003093333961853,equal-count-bin estimate of Var(E[AUC|parameter])/Var(AUC),ordinary independent uniform Monte Carlo; not Sobol/Saltelli,10000
Insulin,hp_gnrh_fsh_threshold,0.002315638073508,equal-count-bin estimate of Var(E[AUC|parameter])/Var(AUC),ordinary independent uniform Monte Carlo; not Sobol/Saltelli,10000
Insulin,fsh_clearance,0.0020769285472501684,equal-count-bin estimate of Var(E[AUC|parameter])/Var(AUC),ordinary independent uniform Monte Carlo; not Sobol/Saltelli,10000
Insulin,fsh_basal_release,0.00185703599204249,equal-count-bin estimate of Var(E[AUC|parameter])/Var(AUC),ordinary independent uniform Monte Carlo; not Sobol/Saltelli,10000
Insulin,hp_e2_lh_scale,0.003199587627676607,equal-count-bin estimate of Var(E[AUC|parameter])/Var(AUC),ordinary independent uniform Monte Carlo; not Sobol/Saltelli,10000
Insulin,hp_e2_lh_threshold,0.0020046367138343234,equal-count-bin estimate of Var(E[AUC|parameter])/Var(AUC),ordinary independent uniform Monte Carlo; not Sobol/Saltelli,10000
Insulin,hm_p4_lh_scale,0.0012289593382588013,equal-count-bin estimate of Var(E[AUC|parameter])/Var(AUC),ordinary independent uniform Monte Carlo; not Sobol/Saltelli,10000
Insulin,hm_p4_lh_threshold,0.002330213565948912,equal-count-bin estimate of Var(E[AUC|parameter])/Var(AUC),ordinary independent uniform Monte Carlo; not Sobol/Saltelli,10000
Insulin,hp_gnrh_lh_scale,0.001798075278938589,equal-count-bin estimate of Var(E[AUC|parameter])/Var(AUC),ordinary independent uniform Monte Carlo; not Sobol/Saltelli,10000
Insulin,hp_gnrh_lh_threshold,0.0017959245498497293,equal-count-bin estimate of Var(E[AUC|parameter])/Var(AUC),ordinary independent uniform Monte Carlo; not Sobol/Saltelli,10000
Insulin,lh_basal_release,0.0015432352181346666,equal-count-bin estimate of Var(E[AUC|parameter])/Var(AUC),ordinary independent uniform Monte Carlo; not Sobol/Saltelli,10000
Insulin,lh_clearance,0.0027267813941459244,equal-count-bin estimate of Var(E[AUC|parameter])/Var(AUC),ordinary independent uniform Monte Carlo; not Sobol/Saltelli,10000
Insulin,hp_fsh_follicle_scale,0.0027763920931208118,equal-count-bin estimate of Var(E[AUC|parameter])/Var(AUC),ordinary independent uniform Monte Carlo; not Sobol/Saltelli,10000
Insulin,hp_fsh_follicle_threshold,0.002101159985303666,equal-count-bin estimate of Var(E[AUC|parameter])/Var(AUC),ordinary independent uniform Monte Carlo; not Sobol/Saltelli,10000
Insulin,hm_follicle_threshold,0.0010159444815307647,equal-count-bin estimate of Var(E[AUC|parameter])/Var(AUC),ordinary independent uniform Monte Carlo; not Sobol/Saltelli,10000
Insulin,hp_p4_follicle_scale,0.0021359421189543677,equal-count-bin estimate of Var(E[AUC|parameter])/Var(AUC),ordinary independent uniform Monte Carlo; not Sobol/Saltelli,10000
Insulin,hp_p4_follicle_threshold,0.002136254436043513,equal-count-bin estimate of Var(E[AUC|parameter])/Var(AUC),ordinary independent uniform Monte Carlo; not Sobol/Saltelli,10000
Insulin,hp_lh_follicle_scale,0.00203199270145195,equal-count-bin estimate of Var(E[AUC|parameter])/Var(AUC),ordinary independent uniform Monte Carlo; not Sobol/Saltelli,10000
Insulin,hp_lh_follicle_threshold,0.0023462571475308305,equal-count-bin estimate of Var(E[AUC|parameter])/Var(AUC),ordinary independent uniform Monte Carlo; not Sobol/Saltelli,10000
Insulin,hp_enz_pg_scale,0.0029220550546148446,equal-count-bin estimate of Var(E[AUC|parameter])/Var(AUC),ordinary independent uniform Monte Carlo; not Sobol/Saltelli,10000
Insulin,hp_enz_pg_threshold,0.0008509467214488822,equal-count-bin estimate of Var(E[AUC|parameter])/Var(AUC),ordinary independent uniform Monte Carlo; not Sobol/Saltelli,10000
Insulin,hp_oxt_pg_threshold,0.0015537863659865652,equal-count-bin estimate of Var(E[AUC|parameter])/Var(AUC),ordinary independent uniform Monte Carlo; not Sobol/Saltelli,10000
Insulin,pg_clearance,0.0030920994421013053,equal-count-bin estimate of Var(E[AUC|parameter])/Var(AUC),ordinary independent uniform Monte Carlo; not Sobol/Saltelli,10000
Insulin,cl_formation_scale,0.0012994214776748312,equal-count-bin estimate of Var(E[AUC|parameter])/Var(AUC),ordinary independent uniform Monte Carlo; not Sobol/Saltelli,10000
Insulin,hp_cl_self_scale,0.0024986298490141845,equal-count-bin estimate of Var(E[AUC|parameter])/Var(AUC),ordinary independent uniform Monte Carlo; not Sobol/Saltelli,10000
Insulin,hp_cl_self_threshold,0.0008829198033330787,equal-count-bin estimate of Var(E[AUC|parameter])/Var(AUC),ordinary independent uniform Monte Carlo; not Sobol/Saltelli,10000
Insulin,hp_iof_scale,0.001576049510421164,equal-count-bin estimate of Var(E[AUC|parameter])/Var(AUC),ordinary independent uniform Monte Carlo; not Sobol/Saltelli,10000
Insulin,hp_iof_threshold,0.001454499247556597,equal-count-bin estimate of Var(E[AUC|parameter])/Var(AUC),ordinary independent uniform Monte Carlo; not Sobol/Saltelli,10000
Insulin,cl_to_p4_scale,0.0026933768636374232,equal-count-bin estimate of Var(E[AUC|parameter])/Var(AUC),ordinary independent uniform Monte Carlo; not Sobol/Saltelli,10000
Insulin,p4_clearance,0.002401729495956541,equal-count-bin estimate of Var(E[AUC|parameter])/Var(AUC),ordinary independent uniform Monte Carlo; not Sobol/Saltelli,10000
Insulin,p4_baseline,0.0016889336946721955,equal-count-bin estimate of Var(E[AUC|parameter])/Var(AUC),ordinary independent uniform Monte Carlo; not Sobol/Saltelli,10000
Insulin,follicle_to_e2_scale,0.001418066060014457,equal-count-bin estimate of Var(E[AUC|parameter])/Var(AUC),ordinary independent uniform Monte Carlo; not Sobol/Saltelli,10000
Insulin,e2_clearance,0.001133588764058713,equal-count-bin estimate of Var(E[AUC|parameter])/Var(AUC),ordinary independent uniform Monte Carlo; not Sobol/Saltelli,10000
Insulin,follicle_to_inhibin_scale,0.0009258423198148553,equal-count-bin estimate of Var(E[AUC|parameter])/Var(AUC),ordinary independent uniform Monte Carlo; not Sobol/Saltelli,10000
Insulin,inhibin_clearance,0.0024669509376540034,equal-count-bin estimate of Var(E[AUC|parameter])/Var(AUC),ordinary independent uniform Monte Carlo; not Sobol/Saltelli,10000
Insulin,hp_p4_enz_scale,0.0018048084078720137,equal-count-bin estimate of Var(E[AUC|parameter])/Var(AUC),ordinary independent uniform Monte Carlo; not Sobol/Saltelli,10000
Insulin,hp_p4_enz_threshold,0.002764525163368573,equal-count-bin estimate of Var(E[AUC|parameter])/Var(AUC),ordinary independent uniform Monte Carlo; not Sobol/Saltelli,10000
Insulin,enz_clearance,0.003649424093961916,equal-count-bin estimate of Var(E[AUC|parameter])/Var(AUC),ordinary independent uniform Monte Carlo; not Sobol/Saltelli,10000
Insulin,hp_e2_oxt_scale,0.003446981115616154,equal-count-bin estimate of Var(E[AUC|parameter])/Var(AUC),ordinary independent uniform Monte Carlo; not Sobol/Saltelli,10000
Insulin,hp_e2_oxt_threshold,0.002212849585474916,equal-count-bin estimate of Var(E[AUC|parameter])/Var(AUC),ordinary independent uniform Monte Carlo; not Sobol/Saltelli,10000
Insulin,oxt_clearance,0.0013380912867509754,equal-count-bin estimate of Var(E[AUC|parameter])/Var(AUC),ordinary independent uniform Monte Carlo; not Sobol/Saltelli,10000
Insulin,lactation_oxt_scale,0.001606097605308625,equal-count-bin estimate of Var(E[AUC|parameter])/Var(AUC),ordinary independent uniform Monte Carlo; not Sobol/Saltelli,10000
Insulin,fat_mobilization_storage_threshold,0.0016555467308963082,equal-count-bin estimate of Var(E[AUC|parameter])/Var(AUC),ordinary independent uniform Monte Carlo; not Sobol/Saltelli,10000
Insulin,lactation_oxt_decay,0.0010463559764496845,equal-count-bin estimate of Var(E[AUC|parameter])/Var(AUC),ordinary independent uniform Monte Carlo; not Sobol/Saltelli,10000
Insulin,hp_pg_iof_scale,0.0010363285187844574,equal-count-bin estimate of Var(E[AUC|parameter])/Var(AUC),ordinary independent uniform Monte Carlo; not Sobol/Saltelli,10000
Insulin,hp_pg_iof_threshold,0.0015750341289342304,equal-count-bin estimate of Var(E[AUC|parameter])/Var(AUC),ordinary independent uniform Monte Carlo; not Sobol/Saltelli,10000
Insulin,hp_cl_iof_threshold,0.0026670900946021247,equal-count-bin estimate of Var(E[AUC|parameter])/Var(AUC),ordinary independent uniform Monte Carlo; not Sobol/Saltelli,10000
Insulin,iof_clearance,0.0013376436787519823,equal-count-bin estimate of Var(E[AUC|parameter])/Var(AUC),ordinary independent uniform Monte Carlo; not Sobol/Saltelli,10000
Insulin,hm_p4_igf_scale,0.0012192306650773924,equal-count-bin estimate of Var(E[AUC|parameter])/Var(AUC),ordinary independent uniform Monte Carlo; not Sobol/Saltelli,10000
Insulin,hm_p4_igf_threshold,0.0020048649855028073,equal-count-bin estimate of Var(E[AUC|parameter])/Var(AUC),ordinary independent uniform Monte Carlo; not Sobol/Saltelli,10000
Insulin,igf_clearance,0.0015859081001380294,equal-count-bin estimate of Var(E[AUC|parameter])/Var(AUC),ordinary independent uniform Monte Carlo; not Sobol/Saltelli,10000
Insulin,igf_basal_release,0.0014106765899171286,equal-count-bin estimate of Var(E[AUC|parameter])/Var(AUC),ordinary independent uniform Monte Carlo; not Sobol/Saltelli,10000
Insulin,igf_lh_sensitivity_scale,0.001487801185345449,equal-count-bin estimate of Var(E[AUC|parameter])/Var(AUC),ordinary independent uniform Monte Carlo; not Sobol/Saltelli,10000
Insulin,igf_lh_sensitivity_threshold,0.001304841924375976,equal-count-bin estimate of Var(E[AUC|parameter])/Var(AUC),ordinary independent uniform Monte Carlo; not Sobol/Saltelli,10000
Insulin,insulin_fsh_scale,0.001783415837970413,equal-count-bin estimate of Var(E[AUC|parameter])/Var(AUC),ordinary independent uniform Monte Carlo; not Sobol/Saltelli,10000
Insulin,insulin_fsh_threshold,0.002221911365624576,equal-count-bin estimate of Var(E[AUC|parameter])/Var(AUC),ordinary independent uniform Monte Carlo; not Sobol/Saltelli,10000
Insulin,insulin_lh_scale,0.0019771568613827554,equal-count-bin estimate of Var(E[AUC|parameter])/Var(AUC),ordinary independent uniform Monte Carlo; not Sobol/Saltelli,10000
Insulin,insulin_lh_threshold,0.0019943373003551454,equal-count-bin estimate of Var(E[AUC|parameter])/Var(AUC),ordinary independent uniform Monte Carlo; not Sobol/Saltelli,10000
Insulin,insulin_igf_scale,0.0027888291842659376,equal-count-bin estimate of Var(E[AUC|parameter])/Var(AUC),ordinary independent uniform Monte Carlo; not Sobol/Saltelli,10000
Insulin,insulin_igf_threshold,0.002131734797450003,equal-count-bin estimate of Var(E[AUC|parameter])/Var(AUC),ordinary independent uniform Monte Carlo; not Sobol/Saltelli,10000
Insulin,feed_direct_blood_fraction,0.0023780037124867775,equal-count-bin estimate of Var(E[AUC|parameter])/Var(AUC),ordinary independent uniform Monte Carlo; not Sobol/Saltelli,10000
Insulin,fat_to_liver_max,0.0020043388086249106,equal-count-bin estimate of Var(E[AUC|parameter])/Var(AUC),ordinary independent uniform Monte Carlo; not Sobol/Saltelli,10000
Insulin,storage_to_liver_threshold,0.001148333265757799,equal-count-bin estimate of Var(E[AUC|parameter])/Var(AUC),ordinary independent uniform Monte Carlo; not Sobol/Saltelli,10000
Insulin,storage_to_liver_max,0.002772794306583694,equal-count-bin estimate of Var(E[AUC|parameter])/Var(AUC),ordinary independent uniform Monte Carlo; not Sobol/Saltelli,10000
Insulin,milk_storage_threshold,0.0023242856596939997,equal-count-bin estimate of Var(E[AUC|parameter])/Var(AUC),ordinary independent uniform Monte Carlo; not Sobol/Saltelli,10000
Insulin,liver_to_storage_max,0.0015347466211707399,equal-count-bin estimate of Var(E[AUC|parameter])/Var(AUC),ordinary independent uniform Monte Carlo; not Sobol/Saltelli,10000
Insulin,blood_to_liver_glucose_threshold,0.027329599113523825,equal-count-bin estimate of Var(E[AUC|parameter])/Var(AUC),ordinary independent uniform Monte Carlo; not Sobol/Saltelli,10000
Insulin,glucagon_secretion_max,0.005403711282446797,equal-count-bin estimate of Var(E[AUC|parameter])/Var(AUC),ordinary independent uniform Monte Carlo; not Sobol/Saltelli,10000
Insulin,glucagon_clearance,0.007338205223487275,equal-count-bin estimate of Var(E[AUC|parameter])/Var(AUC),ordinary independent uniform Monte Carlo; not Sobol/Saltelli,10000
Insulin,glucagon_glucose_threshold,0.006705852497175851,equal-count-bin estimate of Var(E[AUC|parameter])/Var(AUC),ordinary independent uniform Monte Carlo; not Sobol/Saltelli,10000
Insulin,hepatic_glucose_release,0.008597739207266947,equal-count-bin estimate of Var(E[AUC|parameter])/Var(AUC),ordinary independent uniform Monte Carlo; not Sobol/Saltelli,10000
Insulin,blood_to_liver_max,0.0017095532073929864,equal-count-bin estimate of Var(E[AUC|parameter])/Var(AUC),ordinary independent uniform Monte Carlo; not Sobol/Saltelli,10000
Insulin,milk_fat_threshold,0.0013305348479754318,equal-count-bin estimate of Var(E[AUC|parameter])/Var(AUC),ordinary independent uniform Monte Carlo; not Sobol/Saltelli,10000
Insulin,storage_fat_threshold,0.0034506979216871484,equal-count-bin estimate of Var(E[AUC|parameter])/Var(AUC),ordinary independent uniform Monte Carlo; not Sobol/Saltelli,10000
Insulin,insulin_glucose_threshold,0.6007783730092318,equal-count-bin estimate of Var(E[AUC|parameter])/Var(AUC),ordinary independent uniform Monte Carlo; not Sobol/Saltelli,10000
Insulin,blood_usage_glucose_threshold,0.2933028756117539,equal-count-bin estimate of Var(E[AUC|parameter])/Var(AUC),ordinary independent uniform Monte Carlo; not Sobol/Saltelli,10000
Insulin,blood_usage_max,0.009421434169369329,equal-count-bin estimate of Var(E[AUC|parameter])/Var(AUC),ordinary independent uniform Monte Carlo; not Sobol/Saltelli,10000
Insulin,liver_usage_rate,0.005695384787933935,equal-count-bin estimate of Var(E[AUC|parameter])/Var(AUC),ordinary independent uniform Monte Carlo; not Sobol/Saltelli,10000
Insulin,milk_glucose_requirement,0.0010041358501893434,equal-count-bin estimate of Var(E[AUC|parameter])/Var(AUC),ordinary independent uniform Monte Carlo; not Sobol/Saltelli,10000
Insulin,insulin_secretion_max,0.014574285986999837,equal-count-bin estimate of Var(E[AUC|parameter])/Var(AUC),ordinary independent uniform Monte Carlo; not Sobol/Saltelli,10000
Insulin,insulin_clearance,0.019913508628520843,equal-count-bin estimate of Var(E[AUC|parameter])/Var(AUC),ordinary independent uniform Monte Carlo; not Sobol/Saltelli,10000
Insulin,fat_glucose_transfer_threshold,0.0021811262683513436,equal-count-bin estimate of Var(E[AUC|parameter])/Var(AUC),ordinary independent uniform Monte Carlo; not Sobol/Saltelli,10000
Glucose,gnrh_hypo_max,0.002650861685024261,equal-count-bin estimate of Var(E[AUC|parameter])/Var(AUC),ordinary independent uniform Monte Carlo; not Sobol/Saltelli,10000
Glucose,gnrh_syn,0.002738199416736153,equal-count-bin estimate of Var(E[AUC|parameter])/Var(AUC),ordinary independent uniform Monte Carlo; not Sobol/Saltelli,10000
Glucose,gnrh_release_scale,0.002383151171541922,equal-count-bin estimate of Var(E[AUC|parameter])/Var(AUC),ordinary independent uniform Monte Carlo; not Sobol/Saltelli,10000
Glucose,hm_e2_1_threshold,0.0016293906515469222,equal-count-bin estimate of Var(E[AUC|parameter])/Var(AUC),ordinary independent uniform Monte Carlo; not Sobol/Saltelli,10000
Glucose,hm_p4_1_threshold,0.0017340923932618116,equal-count-bin estimate of Var(E[AUC|parameter])/Var(AUC),ordinary independent uniform Monte Carlo; not Sobol/Saltelli,10000
Glucose,hm_p4_2_scale,0.0014350437731203377,equal-count-bin estimate of Var(E[AUC|parameter])/Var(AUC),ordinary independent uniform Monte Carlo; not Sobol/Saltelli,10000
Glucose,hm_p4_2_threshold,0.002266347973269668,equal-count-bin estimate of Var(E[AUC|parameter])/Var(AUC),ordinary independent uniform Monte Carlo; not Sobol/Saltelli,10000
Glucose,hp_e2_1_scale,0.001384586478343464,equal-count-bin estimate of Var(E[AUC|parameter])/Var(AUC),ordinary independent uniform Monte Carlo; not Sobol/Saltelli,10000
Glucose,hp_e2_1_threshold,0.001539698701636358,equal-count-bin estimate of Var(E[AUC|parameter])/Var(AUC),ordinary independent uniform Monte Carlo; not Sobol/Saltelli,10000
Glucose,gnrh_clearance,0.0014732598286265202,equal-count-bin estimate of Var(E[AUC|parameter])/Var(AUC),ordinary independent uniform Monte Carlo; not Sobol/Saltelli,10000
Glucose,fsh_syn_scale,0.0024498158205967973,equal-count-bin estimate of Var(E[AUC|parameter])/Var(AUC),ordinary independent uniform Monte Carlo; not Sobol/Saltelli,10000
Glucose,hm_ih_2_threshold,0.0013350263506544352,equal-count-bin estimate of Var(E[AUC|parameter])/Var(AUC),ordinary independent uniform Monte Carlo; not Sobol/Saltelli,10000
Glucose,hp_p4_fsh_scale,0.0017351608384859887,equal-count-bin estimate of Var(E[AUC|parameter])/Var(AUC),ordinary independent uniform Monte Carlo; not Sobol/Saltelli,10000
Glucose,hp_p4_fsh_threshold,0.0015956508593556985,equal-count-bin estimate of Var(E[AUC|parameter])/Var(AUC),ordinary independent uniform Monte Carlo; not Sobol/Saltelli,10000
Glucose,hm_e2_fsh_scale,0.001964743441916218,equal-count-bin estimate of Var(E[AUC|parameter])/Var(AUC),ordinary independent uniform Monte Carlo; not Sobol/Saltelli,10000
Glucose,hm_e2_fsh_threshold,0.0022602662330947756,equal-count-bin estimate of Var(E[AUC|parameter])/Var(AUC),ordinary independent uniform Monte Carlo; not Sobol/Saltelli,10000
Glucose,hp_gnrh_fsh_scale,0.0017724139688604535,equal-count-bin estimate of Var(E[AUC|parameter])/Var(AUC),ordinary independent uniform Monte Carlo; not Sobol/Saltelli,10000
Glucose,hp_gnrh_fsh_threshold,0.0036268850735053024,equal-count-bin estimate of Var(E[AUC|parameter])/Var(AUC),ordinary independent uniform Monte Carlo; not Sobol/Saltelli,10000
Glucose,fsh_clearance,0.0008136928883502697,equal-count-bin estimate of Var(E[AUC|parameter])/Var(AUC),ordinary independent uniform Monte Carlo; not Sobol/Saltelli,10000
Glucose,fsh_basal_release,0.0012371393635071052,equal-count-bin estimate of Var(E[AUC|parameter])/Var(AUC),ordinary independent uniform Monte Carlo; not Sobol/Saltelli,10000
Glucose,hp_e2_lh_scale,0.0018664125449287486,equal-count-bin estimate of Var(E[AUC|parameter])/Var(AUC),ordinary independent uniform Monte Carlo; not Sobol/Saltelli,10000
Glucose,hp_e2_lh_threshold,0.0016098317058817523,equal-count-bin estimate of Var(E[AUC|parameter])/Var(AUC),ordinary independent uniform Monte Carlo; not Sobol/Saltelli,10000
Glucose,hm_p4_lh_scale,0.0015788716426668693,equal-count-bin estimate of Var(E[AUC|parameter])/Var(AUC),ordinary independent uniform Monte Carlo; not Sobol/Saltelli,10000
Glucose,hm_p4_lh_threshold,0.0015404958264294835,equal-count-bin estimate of Var(E[AUC|parameter])/Var(AUC),ordinary independent uniform Monte Carlo; not Sobol/Saltelli,10000
Glucose,hp_gnrh_lh_scale,0.002309126438610496,equal-count-bin estimate of Var(E[AUC|parameter])/Var(AUC),ordinary independent uniform Monte Carlo; not Sobol/Saltelli,10000
Glucose,hp_gnrh_lh_threshold,0.0013941184913370762,equal-count-bin estimate of Var(E[AUC|parameter])/Var(AUC),ordinary independent uniform Monte Carlo; not Sobol/Saltelli,10000
Glucose,lh_basal_release,0.0016718983345445286,equal-count-bin estimate of Var(E[AUC|parameter])/Var(AUC),ordinary independent uniform Monte Carlo; not Sobol/Saltelli,10000
Glucose,lh_clearance,0.0014872197113611702,equal-count-bin estimate of Var(E[AUC|parameter])/Var(AUC),ordinary independent uniform Monte Carlo; not Sobol/Saltelli,10000
Glucose,hp_fsh_follicle_scale,0.001199155870210007,equal-count-bin estimate of Var(E[AUC|parameter])/Var(AUC),ordinary independent uniform Monte Carlo; not Sobol/Saltelli,10000
Glucose,hp_fsh_follicle_threshold,0.0016999808822154806,equal-count-bin estimate of Var(E[AUC|parameter])/Var(AUC),ordinary independent uniform Monte Carlo; not Sobol/Saltelli,10000
Glucose,hm_follicle_threshold,0.002042598389015705,equal-count-bin estimate of Var(E[AUC|parameter])/Var(AUC),ordinary independent uniform Monte Carlo; not Sobol/Saltelli,10000
Glucose,hp_p4_follicle_scale,0.002564246857231554,equal-count-bin estimate of Var(E[AUC|parameter])/Var(AUC),ordinary independent uniform Monte Carlo; not Sobol/Saltelli,10000
Glucose,hp_p4_follicle_threshold,0.0014941030253002453,equal-count-bin estimate of Var(E[AUC|parameter])/Var(AUC),ordinary independent uniform Monte Carlo; not Sobol/Saltelli,10000
Glucose,hp_lh_follicle_scale,0.0018389861977851868,equal-count-bin estimate of Var(E[AUC|parameter])/Var(AUC),ordinary independent uniform Monte Carlo; not Sobol/Saltelli,10000
Glucose,hp_lh_follicle_threshold,0.0009729848512196918,equal-count-bin estimate of Var(E[AUC|parameter])/Var(AUC),ordinary independent uniform Monte Carlo; not Sobol/Saltelli,10000
Glucose,hp_enz_pg_scale,0.0013724681797081936,equal-count-bin estimate of Var(E[AUC|parameter])/Var(AUC),ordinary independent uniform Monte Carlo; not Sobol/Saltelli,10000
Glucose,hp_enz_pg_threshold,0.002296414707351756,equal-count-bin estimate of Var(E[AUC|parameter])/Var(AUC),ordinary independent uniform Monte Carlo; not Sobol/Saltelli,10000
Glucose,hp_oxt_pg_threshold,0.003395582968453475,equal-count-bin estimate of Var(E[AUC|parameter])/Var(AUC),ordinary independent uniform Monte Carlo; not Sobol/Saltelli,10000
Glucose,pg_clearance,0.002923208232492743,equal-count-bin estimate of Var(E[AUC|parameter])/Var(AUC),ordinary independent uniform Monte Carlo; not Sobol/Saltelli,10000
Glucose,cl_formation_scale,0.0006605567722620311,equal-count-bin estimate of Var(E[AUC|parameter])/Var(AUC),ordinary independent uniform Monte Carlo; not Sobol/Saltelli,10000
Glucose,hp_cl_self_scale,0.001383973055805749,equal-count-bin estimate of Var(E[AUC|parameter])/Var(AUC),ordinary independent uniform Monte Carlo; not Sobol/Saltelli,10000
Glucose,hp_cl_self_threshold,0.0018526006729942899,equal-count-bin estimate of Var(E[AUC|parameter])/Var(AUC),ordinary independent uniform Monte Carlo; not Sobol/Saltelli,10000
Glucose,hp_iof_scale,0.0008157645262023487,equal-count-bin estimate of Var(E[AUC|parameter])/Var(AUC),ordinary independent uniform Monte Carlo; not Sobol/Saltelli,10000
Glucose,hp_iof_threshold,0.001193473152498159,equal-count-bin estimate of Var(E[AUC|parameter])/Var(AUC),ordinary independent uniform Monte Carlo; not Sobol/Saltelli,10000
Glucose,cl_to_p4_scale,0.0016567829693375873,equal-count-bin estimate of Var(E[AUC|parameter])/Var(AUC),ordinary independent uniform Monte Carlo; not Sobol/Saltelli,10000
Glucose,p4_clearance,0.0014636599077904758,equal-count-bin estimate of Var(E[AUC|parameter])/Var(AUC),ordinary independent uniform Monte Carlo; not Sobol/Saltelli,10000
Glucose,p4_baseline,0.002420374577131302,equal-count-bin estimate of Var(E[AUC|parameter])/Var(AUC),ordinary independent uniform Monte Carlo; not Sobol/Saltelli,10000
Glucose,follicle_to_e2_scale,0.003042805681729554,equal-count-bin estimate of Var(E[AUC|parameter])/Var(AUC),ordinary independent uniform Monte Carlo; not Sobol/Saltelli,10000
Glucose,e2_clearance,0.0023702404584919064,equal-count-bin estimate of Var(E[AUC|parameter])/Var(AUC),ordinary independent uniform Monte Carlo; not Sobol/Saltelli,10000
Glucose,follicle_to_inhibin_scale,0.0020902329508937266,equal-count-bin estimate of Var(E[AUC|parameter])/Var(AUC),ordinary independent uniform Monte Carlo; not Sobol/Saltelli,10000
Glucose,inhibin_clearance,0.0017300722520988102,equal-count-bin estimate of Var(E[AUC|parameter])/Var(AUC),ordinary independent uniform Monte Carlo; not Sobol/Saltelli,10000
Glucose,hp_p4_enz_scale,0.0008054967373611984,equal-count-bin estimate of Var(E[AUC|parameter])/Var(AUC),ordinary independent uniform Monte Carlo; not Sobol/Saltelli,10000
Glucose,hp_p4_enz_threshold,0.0017045353768717138,equal-count-bin estimate of Var(E[AUC|parameter])/Var(AUC),ordinary independent uniform Monte Carlo; not Sobol/Saltelli,10000
Glucose,enz_clearance,0.0028714194455658386,equal-count-bin estimate of Var(E[AUC|parameter])/Var(AUC),ordinary independent uniform Monte Carlo; not Sobol/Saltelli,10000
Glucose,hp_e2_oxt_scale,0.0031206560051969057,equal-count-bin estimate of Var(E[AUC|parameter])/Var(AUC),ordinary independent uniform Monte Carlo; not Sobol/Saltelli,10000
Glucose,hp_e2_oxt_threshold,0.0014627229482234968,equal-count-bin estimate of Var(E[AUC|parameter])/Var(AUC),ordinary independent uniform Monte Carlo; not Sobol/Saltelli,10000
Glucose,oxt_clearance,0.002031290250572554,equal-count-bin estimate of Var(E[AUC|parameter])/Var(AUC),ordinary independent uniform Monte Carlo; not Sobol/Saltelli,10000
Glucose,lactation_oxt_scale,0.0014634612921821594,equal-count-bin estimate of Var(E[AUC|parameter])/Var(AUC),ordinary independent uniform Monte Carlo; not Sobol/Saltelli,10000
Glucose,fat_mobilization_storage_threshold,0.0010484895276051368,equal-count-bin estimate of Var(E[AUC|parameter])/Var(AUC),ordinary independent uniform Monte Carlo; not Sobol/Saltelli,10000
Glucose,lactation_oxt_decay,0.0009174767748730988,equal-count-bin estimate of Var(E[AUC|parameter])/Var(AUC),ordinary independent uniform Monte Carlo; not Sobol/Saltelli,10000
Glucose,hp_pg_iof_scale,0.001600983361280189,equal-count-bin estimate of Var(E[AUC|parameter])/Var(AUC),ordinary independent uniform Monte Carlo; not Sobol/Saltelli,10000
Glucose,hp_pg_iof_threshold,0.001928277006440646,equal-count-bin estimate of Var(E[AUC|parameter])/Var(AUC),ordinary independent uniform Monte Carlo; not Sobol/Saltelli,10000
Glucose,hp_cl_iof_threshold,0.0016006674404707548,equal-count-bin estimate of Var(E[AUC|parameter])/Var(AUC),ordinary independent uniform Monte Carlo; not Sobol/Saltelli,10000
Glucose,iof_clearance,0.0009629300992666071,equal-count-bin estimate of Var(E[AUC|parameter])/Var(AUC),ordinary independent uniform Monte Carlo; not Sobol/Saltelli,10000
Glucose,hm_p4_igf_scale,0.0008427377269142997,equal-count-bin estimate of Var(E[AUC|parameter])/Var(AUC),ordinary independent uniform Monte Carlo; not Sobol/Saltelli,10000
Glucose,hm_p4_igf_threshold,0.0019501689764264262,equal-count-bin estimate of Var(E[AUC|parameter])/Var(AUC),ordinary independent uniform Monte Carlo; not Sobol/Saltelli,10000
Glucose,igf_clearance,0.00228225458060077,equal-count-bin estimate of Var(E[AUC|parameter])/Var(AUC),ordinary independent uniform Monte Carlo; not Sobol/Saltelli,10000
Glucose,igf_basal_release,0.0024872266885328314,equal-count-bin estimate of Var(E[AUC|parameter])/Var(AUC),ordinary independent uniform Monte Carlo; not Sobol/Saltelli,10000
Glucose,igf_lh_sensitivity_scale,0.0018307279467184,equal-count-bin estimate of Var(E[AUC|parameter])/Var(AUC),ordinary independent uniform Monte Carlo; not Sobol/Saltelli,10000
Glucose,igf_lh_sensitivity_threshold,0.0019236422512841547,equal-count-bin estimate of Var(E[AUC|parameter])/Var(AUC),ordinary independent uniform Monte Carlo; not Sobol/Saltelli,10000
Glucose,insulin_fsh_scale,0.002597145696279103,equal-count-bin estimate of Var(E[AUC|parameter])/Var(AUC),ordinary independent uniform Monte Carlo; not Sobol/Saltelli,10000
Glucose,insulin_fsh_threshold,0.0014073572513747321,equal-count-bin estimate of Var(E[AUC|parameter])/Var(AUC),ordinary independent uniform Monte Carlo; not Sobol/Saltelli,10000
Glucose,insulin_lh_scale,0.0024373127889218034,equal-count-bin estimate of Var(E[AUC|parameter])/Var(AUC),ordinary independent uniform Monte Carlo; not Sobol/Saltelli,10000
Glucose,insulin_lh_threshold,0.0021094085879435013,equal-count-bin estimate of Var(E[AUC|parameter])/Var(AUC),ordinary independent uniform Monte Carlo; not Sobol/Saltelli,10000
Glucose,insulin_igf_scale,0.0015624827136020041,equal-count-bin estimate of Var(E[AUC|parameter])/Var(AUC),ordinary independent uniform Monte Carlo; not Sobol/Saltelli,10000
Glucose,insulin_igf_threshold,0.0011323238461360637,equal-count-bin estimate of Var(E[AUC|parameter])/Var(AUC),ordinary independent uniform Monte Carlo; not Sobol/Saltelli,10000
Glucose,feed_direct_blood_fraction,0.0027013214355475668,equal-count-bin estimate of Var(E[AUC|parameter])/Var(AUC),ordinary independent uniform Monte Carlo; not Sobol/Saltelli,10000
Glucose,fat_to_liver_max,0.0014999229955047165,equal-count-bin estimate of Var(E[AUC|parameter])/Var(AUC),ordinary independent uniform Monte Carlo; not Sobol/Saltelli,10000
Glucose,storage_to_liver_threshold,0.001730095888901685,equal-count-bin estimate of Var(E[AUC|parameter])/Var(AUC),ordinary independent uniform Monte Carlo; not Sobol/Saltelli,10000
Glucose,storage_to_liver_max,0.0022103207068678776,equal-count-bin estimate of Var(E[AUC|parameter])/Var(AUC),ordinary independent uniform Monte Carlo; not Sobol/Saltelli,10000
Glucose,milk_storage_threshold,0.0020672594603838614,equal-count-bin estimate of Var(E[AUC|parameter])/Var(AUC),ordinary independent uniform Monte Carlo; not Sobol/Saltelli,10000
Glucose,liver_to_storage_max,0.0020750481705453312,equal-count-bin estimate of Var(E[AUC|parameter])/Var(AUC),ordinary independent uniform Monte Carlo; not Sobol/Saltelli,10000
Glucose,blood_to_liver_glucose_threshold,0.06279702609146683,equal-count-bin estimate of Var(E[AUC|parameter])/Var(AUC),ordinary independent uniform Monte Carlo; not Sobol/Saltelli,10000
Glucose,glucagon_secretion_max,0.013611241462838654,equal-count-bin estimate of Var(E[AUC|parameter])/Var(AUC),ordinary independent uniform Monte Carlo; not Sobol/Saltelli,10000
Glucose,glucagon_clearance,0.016674405008091947,equal-count-bin estimate of Var(E[AUC|parameter])/Var(AUC),ordinary independent uniform Monte Carlo; not Sobol/Saltelli,10000
Glucose,glucagon_glucose_threshold,0.015126931410235623,equal-count-bin estimate of Var(E[AUC|parameter])/Var(AUC),ordinary independent uniform Monte Carlo; not Sobol/Saltelli,10000
Glucose,hepatic_glucose_release,0.012124858695507645,equal-count-bin estimate of Var(E[AUC|parameter])/Var(AUC),ordinary independent uniform Monte Carlo; not Sobol/Saltelli,10000
Glucose,blood_to_liver_max,0.00793203043908978,equal-count-bin estimate of Var(E[AUC|parameter])/Var(AUC),ordinary independent uniform Monte Carlo; not Sobol/Saltelli,10000
Glucose,milk_fat_threshold,0.00161966766637778,equal-count-bin estimate of Var(E[AUC|parameter])/Var(AUC),ordinary independent uniform Monte Carlo; not Sobol/Saltelli,10000
Glucose,storage_fat_threshold,0.0019665076756032085,equal-count-bin estimate of Var(E[AUC|parameter])/Var(AUC),ordinary independent uniform Monte Carlo; not Sobol/Saltelli,10000
Glucose,insulin_glucose_threshold,0.1977154273691857,equal-count-bin estimate of Var(E[AUC|parameter])/Var(AUC),ordinary independent uniform Monte Carlo; not Sobol/Saltelli,10000
Glucose,blood_usage_glucose_threshold,0.659250717614733,equal-count-bin estimate of Var(E[AUC|parameter])/Var(AUC),ordinary independent uniform Monte Carlo; not Sobol/Saltelli,10000
Glucose,blood_usage_max,0.02205020970555008,equal-count-bin estimate of Var(E[AUC|parameter])/Var(AUC),ordinary independent uniform Monte Carlo; not Sobol/Saltelli,10000
Glucose,liver_usage_rate,0.018584445199564044,equal-count-bin estimate of Var(E[AUC|parameter])/Var(AUC),ordinary independent uniform Monte Carlo; not Sobol/Saltelli,10000
Glucose,milk_glucose_requirement,0.0017286297048954337,equal-count-bin estimate of Var(E[AUC|parameter])/Var(AUC),ordinary independent uniform Monte Carlo; not Sobol/Saltelli,10000
Glucose,insulin_secretion_max,0.009869198022319236,equal-count-bin estimate of Var(E[AUC|parameter])/Var(AUC),ordinary independent uniform Monte Carlo; not Sobol/Saltelli,10000
Glucose,insulin_clearance,0.00781277722285795,equal-count-bin estimate of Var(E[AUC|parameter])/Var(AUC),ordinary independent uniform Monte Carlo; not Sobol/Saltelli,10000
Glucose,fat_glucose_transfer_threshold,0.0017423809803071494,equal-count-bin estimate of Var(E[AUC|parameter])/Var(AUC),ordinary independent uniform Monte Carlo; not Sobol/Saltelli,10000
